geometry_id,protocol,split,is_ood,geometry_family,beta1,beta2,n_vertices,n_tetrahedra,min_clearance,quality_min,quality_mean,relative_path
PA_test_iid_0000_b11,A,test_iid,0,A,1,1,2437,10287,0.11659808563588253,0.4713010787963867,0.8605378866195679,protocol_A/test_iid/PA_test_iid_0000_b11
PA_test_iid_0001_b11,A,test_iid,0,A,1,1,2460,10442,0.10264573739118754,0.49372634291648865,0.8601374626159668,protocol_A/test_iid/PA_test_iid_0001_b11
PA_test_iid_0002_b11,A,test_iid,0,A,1,1,2551,10945,0.10296046495547581,0.460580050945282,0.8605738282203674,protocol_A/test_iid/PA_test_iid_0002_b11
PA_test_iid_0003_b11,A,test_iid,0,A,1,1,2422,10019,0.11956935236129895,0.4407939612865448,0.8554647564888,protocol_A/test_iid/PA_test_iid_0003_b11
PA_test_iid_0004_b11,A,test_iid,0,A,1,1,2422,10332,0.15918608049097088,0.47583091259002686,0.8635768890380859,protocol_A/test_iid/PA_test_iid_0004_b11
PA_test_iid_0005_b11,A,test_iid,0,A,1,1,2412,10209,0.13502988175066677,0.3801436126232147,0.8616945743560791,protocol_A/test_iid/PA_test_iid_0005_b11
PA_test_iid_0006_b11,A,test_iid,0,A,1,1,2534,10834,0.12320741565839177,0.5428717136383057,0.8630342483520508,protocol_A/test_iid/PA_test_iid_0006_b11
PA_test_iid_0007_b11,A,test_iid,0,A,1,1,2395,10154,0.14067409052389354,0.4940868616104126,0.8602936863899231,protocol_A/test_iid/PA_test_iid_0007_b11
PA_test_iid_0008_b11,A,test_iid,0,A,1,1,2447,10486,0.17011286567400322,0.4161023199558258,0.8628593683242798,protocol_A/test_iid/PA_test_iid_0008_b11
PA_test_iid_0009_b11,A,test_iid,0,A,1,1,2473,10597,0.1276189712487794,0.44490835070610046,0.8637855052947998,protocol_A/test_iid/PA_test_iid_0009_b11
PA_test_iid_0010_b11,A,test_iid,0,A,1,1,2337,9806,0.1493555077329986,0.49979716539382935,0.8561711311340332,protocol_A/test_iid/PA_test_iid_0010_b11
PA_test_iid_0011_b11,A,test_iid,0,A,1,1,2561,10992,0.15849383899210315,0.4036259353160858,0.8625264167785645,protocol_A/test_iid/PA_test_iid_0011_b11
PA_test_iid_0012_b11,A,test_iid,0,A,1,1,2491,10518,0.1079987978117237,0.46762630343437195,0.8565513491630554,protocol_A/test_iid/PA_test_iid_0012_b11
PA_test_iid_0013_b11,A,test_iid,0,A,1,1,2473,10476,0.13846009553966562,0.4948660731315613,0.8617481589317322,protocol_A/test_iid/PA_test_iid_0013_b11
PA_test_iid_0014_b11,A,test_iid,0,A,1,1,2421,10227,0.1303242279038842,0.5196599960327148,0.8595352172851562,protocol_A/test_iid/PA_test_iid_0014_b11
PA_test_iid_0015_b11,A,test_iid,0,A,1,1,2423,10317,0.2006549640968573,0.5443472862243652,0.8627642393112183,protocol_A/test_iid/PA_test_iid_0015_b11
PA_test_iid_0016_b11,A,test_iid,0,A,1,1,2496,10735,0.2185162075609573,0.4467337727546692,0.8622105121612549,protocol_A/test_iid/PA_test_iid_0016_b11
PA_test_iid_0017_b11,A,test_iid,0,A,1,1,2478,10557,0.14275349094437356,0.46472471952438354,0.8611689209938049,protocol_A/test_iid/PA_test_iid_0017_b11
PA_test_iid_0018_b11,A,test_iid,0,A,1,1,2467,10555,0.1355117995761797,0.5177975296974182,0.8619632124900818,protocol_A/test_iid/PA_test_iid_0018_b11
PA_test_iid_0019_b11,A,test_iid,0,A,1,1,2489,10627,0.1352040019162475,0.47551819682121277,0.8638062477111816,protocol_A/test_iid/PA_test_iid_0019_b11
PA_test_iid_0020_b11,A,test_iid,0,A,1,1,2392,10153,0.14623489830685582,0.45975369215011597,0.8597080111503601,protocol_A/test_iid/PA_test_iid_0020_b11
PA_test_iid_0021_b11,A,test_iid,0,A,1,1,2584,11023,0.1095951847127577,0.45883598923683167,0.8591400384902954,protocol_A/test_iid/PA_test_iid_0021_b11
PA_test_iid_0022_b11,A,test_iid,0,A,1,1,2428,10230,0.12457228400802348,0.5064767599105835,0.8620499968528748,protocol_A/test_iid/PA_test_iid_0022_b11
PA_test_iid_0023_b11,A,test_iid,0,A,1,1,2592,11130,0.1933040603271931,0.4673691689968109,0.8614169359207153,protocol_A/test_iid/PA_test_iid_0023_b11
PA_test_iid_0024_b11,A,test_iid,0,A,1,1,2578,11072,0.1983368675349418,0.487737238407135,0.8637584447860718,protocol_A/test_iid/PA_test_iid_0024_b11
PA_test_iid_0025_b11,A,test_iid,0,A,1,1,2284,9556,0.10853742679100892,0.5550501942634583,0.862407386302948,protocol_A/test_iid/PA_test_iid_0025_b11
PA_test_iid_0026_b11,A,test_iid,0,A,1,1,2464,10500,0.1594719311974216,0.4658968150615692,0.8627854585647583,protocol_A/test_iid/PA_test_iid_0026_b11
PA_test_iid_0027_b11,A,test_iid,0,A,1,1,2583,11096,0.1400902132155491,0.5256441831588745,0.8650018572807312,protocol_A/test_iid/PA_test_iid_0027_b11
PA_test_iid_0028_b11,A,test_iid,0,A,1,1,2598,11187,0.1067448835802865,0.4334271252155304,0.8612720966339111,protocol_A/test_iid/PA_test_iid_0028_b11
PA_test_iid_0029_b11,A,test_iid,0,A,1,1,2467,10421,0.10328069560782495,0.4594736695289612,0.8568189144134521,protocol_A/test_iid/PA_test_iid_0029_b11
PA_test_iid_0030_b11,A,test_iid,0,A,1,1,2443,10405,0.12393863286432108,0.5094267725944519,0.8612582683563232,protocol_A/test_iid/PA_test_iid_0030_b11
PA_test_iid_0031_b11,A,test_iid,0,A,1,1,2484,10588,0.13138770394603044,0.4420509934425354,0.8636451959609985,protocol_A/test_iid/PA_test_iid_0031_b11
PA_test_iid_0032_b11,A,test_iid,0,A,1,1,2401,10207,0.16861429487066987,0.37807783484458923,0.8591580986976624,protocol_A/test_iid/PA_test_iid_0032_b11
PA_test_iid_0033_b11,A,test_iid,0,A,1,1,2520,10656,0.15407107587409205,0.5523925423622131,0.8631452322006226,protocol_A/test_iid/PA_test_iid_0033_b11
PA_test_iid_0034_b11,A,test_iid,0,A,1,1,2408,10265,0.11314711810450491,0.46975335478782654,0.8586620688438416,protocol_A/test_iid/PA_test_iid_0034_b11
PA_test_iid_0035_b11,A,test_iid,0,A,1,1,2504,10849,0.2270108052975996,0.4981141984462738,0.8649356365203857,protocol_A/test_iid/PA_test_iid_0035_b11
PA_test_iid_0036_b11,A,test_iid,0,A,1,1,2492,10623,0.10402932899777481,0.5557971000671387,0.8616188168525696,protocol_A/test_iid/PA_test_iid_0036_b11
PA_test_iid_0037_b11,A,test_iid,0,A,1,1,2517,10823,0.15799252879429962,0.4950745105743408,0.8658708333969116,protocol_A/test_iid/PA_test_iid_0037_b11
PA_test_iid_0038_b11,A,test_iid,0,A,1,1,2510,10750,0.1142429410419378,0.46120524406433105,0.8637111186981201,protocol_A/test_iid/PA_test_iid_0038_b11
PA_test_iid_0039_b11,A,test_iid,0,A,1,1,2452,10439,0.11410124454897169,0.4353925287723541,0.8600172400474548,protocol_A/test_iid/PA_test_iid_0039_b11
PA_test_iid_0040_b11,A,test_iid,0,A,1,1,2554,11088,0.16522810074532568,0.4771537482738495,0.8639662861824036,protocol_A/test_iid/PA_test_iid_0040_b11
PA_test_iid_0041_b11,A,test_iid,0,A,1,1,2566,10922,0.1719074092758164,0.5531615614891052,0.861445426940918,protocol_A/test_iid/PA_test_iid_0041_b11
PA_test_iid_0042_b11,A,test_iid,0,A,1,1,2460,10401,0.10659655869101348,0.4831867516040802,0.8612889647483826,protocol_A/test_iid/PA_test_iid_0042_b11
PA_test_iid_0043_b11,A,test_iid,0,A,1,1,2538,10880,0.10885492905616473,0.4086917042732239,0.8626344799995422,protocol_A/test_iid/PA_test_iid_0043_b11
PA_test_iid_0044_b11,A,test_iid,0,A,1,1,2598,11263,0.1696342177208497,0.5167723298072815,0.8664012551307678,protocol_A/test_iid/PA_test_iid_0044_b11
PA_test_iid_0045_b11,A,test_iid,0,A,1,1,2626,11218,0.1330696939660825,0.44454750418663025,0.8623181581497192,protocol_A/test_iid/PA_test_iid_0045_b11
PA_test_iid_0046_b11,A,test_iid,0,A,1,1,2405,10112,0.1675538111977966,0.5249800086021423,0.8601062893867493,protocol_A/test_iid/PA_test_iid_0046_b11
PA_test_iid_0047_b11,A,test_iid,0,A,1,1,2428,10312,0.14606515442785858,0.5321663022041321,0.8618913292884827,protocol_A/test_iid/PA_test_iid_0047_b11
PA_test_iid_0048_b11,A,test_iid,0,A,1,1,2594,11131,0.10014686044111033,0.48709386587142944,0.8616746664047241,protocol_A/test_iid/PA_test_iid_0048_b11
PA_test_iid_0049_b11,A,test_iid,0,A,1,1,2593,11246,0.1626617268684762,0.4436909854412079,0.8651580214500427,protocol_A/test_iid/PA_test_iid_0049_b11
PA_test_iid_0050_b11,A,test_iid,0,A,1,1,2539,10858,0.16372117233124717,0.47097867727279663,0.8626611828804016,protocol_A/test_iid/PA_test_iid_0050_b11
PA_test_iid_0051_b11,A,test_iid,0,A,1,1,2610,11257,0.18558350732507722,0.4906298816204071,0.8637089133262634,protocol_A/test_iid/PA_test_iid_0051_b11
PA_test_iid_0052_b11,A,test_iid,0,A,1,1,2591,11200,0.1631839327736317,0.36222726106643677,0.8636912107467651,protocol_A/test_iid/PA_test_iid_0052_b11
PA_test_iid_0053_b11,A,test_iid,0,A,1,1,2458,10484,0.11876637242523255,0.532871425151825,0.8637350797653198,protocol_A/test_iid/PA_test_iid_0053_b11
PA_test_iid_0054_b11,A,test_iid,0,A,1,1,2528,10826,0.1464256659160455,0.5339393615722656,0.8614203929901123,protocol_A/test_iid/PA_test_iid_0054_b11
PA_test_iid_0055_b11,A,test_iid,0,A,1,1,2518,10889,0.20390735241927527,0.45006561279296875,0.8620498776435852,protocol_A/test_iid/PA_test_iid_0055_b11
PA_test_iid_0056_b11,A,test_iid,0,A,1,1,2361,10005,0.1278485561058749,0.44358718395233154,0.8648431897163391,protocol_A/test_iid/PA_test_iid_0056_b11
PA_test_iid_0057_b11,A,test_iid,0,A,1,1,2461,10467,0.11671087393684351,0.5370498895645142,0.8600417971611023,protocol_A/test_iid/PA_test_iid_0057_b11
PA_test_iid_0058_b11,A,test_iid,0,A,1,1,2523,10847,0.2129734853292661,0.5475975871086121,0.8624182939529419,protocol_A/test_iid/PA_test_iid_0058_b11
PA_test_iid_0059_b11,A,test_iid,0,A,1,1,2536,10883,0.12978726219943215,0.5416850447654724,0.8656671643257141,protocol_A/test_iid/PA_test_iid_0059_b11
PA_test_iid_0060_b11,A,test_iid,0,A,1,1,2577,11209,0.21600063794705399,0.5444117784500122,0.8646356463432312,protocol_A/test_iid/PA_test_iid_0060_b11
PA_test_iid_0061_b11,A,test_iid,0,A,1,1,2495,10730,0.10633358360082786,0.4536481201648712,0.8624846935272217,protocol_A/test_iid/PA_test_iid_0061_b11
PA_test_iid_0062_b11,A,test_iid,0,A,1,1,2503,10632,0.1636899749096705,0.4943322539329529,0.8607237339019775,protocol_A/test_iid/PA_test_iid_0062_b11
PA_test_iid_0063_b11,A,test_iid,0,A,1,1,2440,10374,0.1649389218760887,0.4785650968551636,0.861646294593811,protocol_A/test_iid/PA_test_iid_0063_b11
PA_test_iid_0064_b11,A,test_iid,0,A,1,1,2449,10350,0.11275262892577362,0.4727225601673126,0.8572379946708679,protocol_A/test_iid/PA_test_iid_0064_b11
PA_test_iid_0065_b11,A,test_iid,0,A,1,1,2545,11044,0.18390037008724847,0.5085670948028564,0.863530158996582,protocol_A/test_iid/PA_test_iid_0065_b11
PA_test_iid_0066_b11,A,test_iid,0,A,1,1,2599,11206,0.16701398601036924,0.5541205406188965,0.8671799302101135,protocol_A/test_iid/PA_test_iid_0066_b11
PA_test_iid_0067_b11,A,test_iid,0,A,1,1,2416,10165,0.11031274308032835,0.5439438819885254,0.8584909439086914,protocol_A/test_iid/PA_test_iid_0067_b11
PA_test_iid_0068_b11,A,test_iid,0,A,1,1,2562,11026,0.10420212423647504,0.5484997034072876,0.8616425395011902,protocol_A/test_iid/PA_test_iid_0068_b11
PA_test_iid_0069_b11,A,test_iid,0,A,1,1,2443,10320,0.11931357315774829,0.5295922756195068,0.8593374490737915,protocol_A/test_iid/PA_test_iid_0069_b11
PA_test_iid_0070_b11,A,test_iid,0,A,1,1,2623,11297,0.10885576898724247,0.460555762052536,0.861745297908783,protocol_A/test_iid/PA_test_iid_0070_b11
PA_test_iid_0071_b11,A,test_iid,0,A,1,1,2538,10969,0.2376045231211551,0.5571509599685669,0.8613649606704712,protocol_A/test_iid/PA_test_iid_0071_b11
PA_test_iid_0072_b11,A,test_iid,0,A,1,1,2592,11188,0.12753113390912799,0.4662967324256897,0.863506019115448,protocol_A/test_iid/PA_test_iid_0072_b11
PA_test_iid_0073_b11,A,test_iid,0,A,1,1,2490,10701,0.14698390621489255,0.4847845435142517,0.8640978336334229,protocol_A/test_iid/PA_test_iid_0073_b11
PA_test_iid_0074_b11,A,test_iid,0,A,1,1,2482,10590,0.1168800549922622,0.4673928916454315,0.8624396920204163,protocol_A/test_iid/PA_test_iid_0074_b11
PA_test_iid_0075_b11,A,test_iid,0,A,1,1,2433,10278,0.10121993182785008,0.46357762813568115,0.8600958585739136,protocol_A/test_iid/PA_test_iid_0075_b11
PA_test_iid_0076_b11,A,test_iid,0,A,1,1,2542,10823,0.24118268445353352,0.5464227199554443,0.8614844083786011,protocol_A/test_iid/PA_test_iid_0076_b11
PA_test_iid_0077_b11,A,test_iid,0,A,1,1,2536,10900,0.1531928882742804,0.5475519895553589,0.8650768995285034,protocol_A/test_iid/PA_test_iid_0077_b11
PA_test_iid_0078_b11,A,test_iid,0,A,1,1,2551,10924,0.1021923022751888,0.5173030495643616,0.8620761632919312,protocol_A/test_iid/PA_test_iid_0078_b11
PA_test_iid_0079_b11,A,test_iid,0,A,1,1,2504,10677,0.1476509360899757,0.5395230054855347,0.8623218536376953,protocol_A/test_iid/PA_test_iid_0079_b11
PA_test_iid_0080_b11,A,test_iid,0,A,1,1,2530,10867,0.14092256776730283,0.49743255972862244,0.8657631278038025,protocol_A/test_iid/PA_test_iid_0080_b11
PA_test_iid_0081_b11,A,test_iid,0,A,1,1,2538,10916,0.20458307714801416,0.5580194592475891,0.8644574880599976,protocol_A/test_iid/PA_test_iid_0081_b11
PA_test_iid_0082_b11,A,test_iid,0,A,1,1,2530,10865,0.1381360493026782,0.538634717464447,0.863933801651001,protocol_A/test_iid/PA_test_iid_0082_b11
PA_test_iid_0083_b11,A,test_iid,0,A,1,1,2427,10446,0.17096073551748964,0.4668588638305664,0.8603000640869141,protocol_A/test_iid/PA_test_iid_0083_b11
PA_test_iid_0084_b11,A,test_iid,0,A,1,1,2414,10335,0.1366383943629665,0.5414836406707764,0.8608924150466919,protocol_A/test_iid/PA_test_iid_0084_b11
PA_test_iid_0085_b11,A,test_iid,0,A,1,1,2522,10795,0.2096252375011286,0.4739658832550049,0.8634023070335388,protocol_A/test_iid/PA_test_iid_0085_b11
PA_test_iid_0086_b11,A,test_iid,0,A,1,1,2541,10988,0.16136039279219305,0.5309125781059265,0.86517733335495,protocol_A/test_iid/PA_test_iid_0086_b11
PA_test_iid_0087_b11,A,test_iid,0,A,1,1,2405,10063,0.14572330680495552,0.38788968324661255,0.8601515293121338,protocol_A/test_iid/PA_test_iid_0087_b11
PA_test_iid_0088_b11,A,test_iid,0,A,1,1,2532,10861,0.14624248629717532,0.5344740748405457,0.8654267191886902,protocol_A/test_iid/PA_test_iid_0088_b11
PA_test_iid_0089_b11,A,test_iid,0,A,1,1,2613,11301,0.12578481821027565,0.48175048828125,0.8601970672607422,protocol_A/test_iid/PA_test_iid_0089_b11
PA_test_iid_0090_b11,A,test_iid,0,A,1,1,2567,11105,0.1500117223269113,0.5522665977478027,0.8638007044792175,protocol_A/test_iid/PA_test_iid_0090_b11
PA_test_iid_0091_b11,A,test_iid,0,A,1,1,2580,11106,0.12857738551760212,0.5408128499984741,0.863505482673645,protocol_A/test_iid/PA_test_iid_0091_b11
PA_test_iid_0092_b11,A,test_iid,0,A,1,1,2407,10122,0.13872514950322737,0.5429911017417908,0.8620314598083496,protocol_A/test_iid/PA_test_iid_0092_b11
PA_test_iid_0093_b11,A,test_iid,0,A,1,1,2383,9924,0.11588519199437694,0.4225230813026428,0.857761561870575,protocol_A/test_iid/PA_test_iid_0093_b11
PA_test_iid_0094_b11,A,test_iid,0,A,1,1,2452,10451,0.17012692335738147,0.4688555896282196,0.8637223243713379,protocol_A/test_iid/PA_test_iid_0094_b11
PA_test_iid_0095_b11,A,test_iid,0,A,1,1,2481,10496,0.12585326738588726,0.46743741631507874,0.8600159883499146,protocol_A/test_iid/PA_test_iid_0095_b11
PA_test_iid_0096_b11,A,test_iid,0,A,1,1,2360,9878,0.13208449447675616,0.46211057901382446,0.8592658638954163,protocol_A/test_iid/PA_test_iid_0096_b11
PA_test_iid_0097_b11,A,test_iid,0,A,1,1,2621,11329,0.14674259346448287,0.49174320697784424,0.8609098792076111,protocol_A/test_iid/PA_test_iid_0097_b11
PA_test_iid_0098_b11,A,test_iid,0,A,1,1,2536,10907,0.15971996679589295,0.525039553642273,0.8610366582870483,protocol_A/test_iid/PA_test_iid_0098_b11
PA_test_iid_0099_b11,A,test_iid,0,A,1,1,2554,10963,0.1130265407491749,0.5176072120666504,0.8610485196113586,protocol_A/test_iid/PA_test_iid_0099_b11
PA_test_iid_0100_b11,A,test_iid,0,A,1,1,2519,10672,0.11958346102019463,0.4786619246006012,0.8599690794944763,protocol_A/test_iid/PA_test_iid_0100_b11
PA_test_iid_0101_b11,A,test_iid,0,A,1,1,2490,10485,0.10614079061611553,0.5292207598686218,0.8618249297142029,protocol_A/test_iid/PA_test_iid_0101_b11
PA_test_iid_0102_b11,A,test_iid,0,A,1,1,2616,11304,0.27185022735455094,0.46036165952682495,0.8621875643730164,protocol_A/test_iid/PA_test_iid_0102_b11
PA_test_iid_0103_b11,A,test_iid,0,A,1,1,2645,11380,0.1356652955235058,0.5166200995445251,0.862442672252655,protocol_A/test_iid/PA_test_iid_0103_b11
PA_test_iid_0104_b11,A,test_iid,0,A,1,1,2430,10179,0.12958023383314657,0.4536697566509247,0.8566876649856567,protocol_A/test_iid/PA_test_iid_0104_b11
PA_test_iid_0105_b11,A,test_iid,0,A,1,1,2387,10080,0.13859423136682858,0.5260655879974365,0.8595495820045471,protocol_A/test_iid/PA_test_iid_0105_b11
PA_test_iid_0106_b11,A,test_iid,0,A,1,1,2415,10103,0.11274574159765456,0.4542505741119385,0.8600890040397644,protocol_A/test_iid/PA_test_iid_0106_b11
PA_test_iid_0107_b11,A,test_iid,0,A,1,1,2559,11141,0.1727066634177848,0.5095245838165283,0.8632358312606812,protocol_A/test_iid/PA_test_iid_0107_b11
PA_test_iid_0108_b11,A,test_iid,0,A,1,1,2405,10150,0.10642235060819177,0.49719899892807007,0.856975257396698,protocol_A/test_iid/PA_test_iid_0108_b11
PA_test_iid_0109_b11,A,test_iid,0,A,1,1,2454,10612,0.20952305219475334,0.5208566784858704,0.8644359707832336,protocol_A/test_iid/PA_test_iid_0109_b11
PA_test_iid_0110_b11,A,test_iid,0,A,1,1,2590,11134,0.1265601281961812,0.45072832703590393,0.862834632396698,protocol_A/test_iid/PA_test_iid_0110_b11
PA_test_iid_0111_b11,A,test_iid,0,A,1,1,2504,10581,0.1453155084392601,0.531926155090332,0.8613210916519165,protocol_A/test_iid/PA_test_iid_0111_b11
PA_test_iid_0112_b11,A,test_iid,0,A,1,1,2457,10461,0.10307302180518235,0.46617427468299866,0.8628323078155518,protocol_A/test_iid/PA_test_iid_0112_b11
PA_test_iid_0113_b11,A,test_iid,0,A,1,1,2636,11339,0.1000490815604974,0.3835318088531494,0.861178457736969,protocol_A/test_iid/PA_test_iid_0113_b11
PA_test_iid_0114_b11,A,test_iid,0,A,1,1,2599,11260,0.2407988807006033,0.4926515817642212,0.8666207194328308,protocol_A/test_iid/PA_test_iid_0114_b11
PA_test_iid_0115_b11,A,test_iid,0,A,1,1,2454,10440,0.1095748091936456,0.44401928782463074,0.8600713014602661,protocol_A/test_iid/PA_test_iid_0115_b11
PA_test_iid_0116_b11,A,test_iid,0,A,1,1,2486,10583,0.15270365132130345,0.48068156838417053,0.8633483648300171,protocol_A/test_iid/PA_test_iid_0116_b11
PA_test_iid_0117_b11,A,test_iid,0,A,1,1,2501,10736,0.1230977300927937,0.4500398337841034,0.8640764355659485,protocol_A/test_iid/PA_test_iid_0117_b11
PA_test_iid_0118_b11,A,test_iid,0,A,1,1,2564,11074,0.10340416640544815,0.5489550232887268,0.8615933060646057,protocol_A/test_iid/PA_test_iid_0118_b11
PA_test_iid_0119_b11,A,test_iid,0,A,1,1,2452,10464,0.15313809849997925,0.5185005068778992,0.8643762469291687,protocol_A/test_iid/PA_test_iid_0119_b11
PA_test_iid_0120_b11,A,test_iid,0,A,1,1,2441,10306,0.10207004917282905,0.3913492262363434,0.8612441420555115,protocol_A/test_iid/PA_test_iid_0120_b11
PA_test_iid_0121_b11,A,test_iid,0,A,1,1,2339,9780,0.10789062533055636,0.5090135931968689,0.8582260012626648,protocol_A/test_iid/PA_test_iid_0121_b11
PA_test_iid_0122_b11,A,test_iid,0,A,1,1,2458,10556,0.1526367855377904,0.46449634432792664,0.8597823977470398,protocol_A/test_iid/PA_test_iid_0122_b11
PA_test_iid_0123_b11,A,test_iid,0,A,1,1,2517,10768,0.15576784395076085,0.43009498715400696,0.8624706268310547,protocol_A/test_iid/PA_test_iid_0123_b11
PA_test_iid_0124_b11,A,test_iid,0,A,1,1,2477,10353,0.13920578035348657,0.5346795916557312,0.8580361008644104,protocol_A/test_iid/PA_test_iid_0124_b11
PA_test_iid_0125_b11,A,test_iid,0,A,1,1,2569,10922,0.11325606519991066,0.4971100389957428,0.861929178237915,protocol_A/test_iid/PA_test_iid_0125_b11
PA_test_iid_0126_b11,A,test_iid,0,A,1,1,2624,11278,0.13781224104348588,0.4447344243526459,0.8641374707221985,protocol_A/test_iid/PA_test_iid_0126_b11
PA_test_iid_0127_b11,A,test_iid,0,A,1,1,2411,10204,0.13191182081777608,0.4593433439731598,0.8591792583465576,protocol_A/test_iid/PA_test_iid_0127_b11
PA_test_iid_0128_b11,A,test_iid,0,A,1,1,2540,10846,0.16087045441253917,0.36218181252479553,0.8603337407112122,protocol_A/test_iid/PA_test_iid_0128_b11
PA_test_iid_0129_b11,A,test_iid,0,A,1,1,2377,9879,0.1269038803414739,0.514517068862915,0.8605731725692749,protocol_A/test_iid/PA_test_iid_0129_b11
PA_test_iid_0130_b11,A,test_iid,0,A,1,1,2368,10090,0.1821125419611542,0.3250623345375061,0.8567911386489868,protocol_A/test_iid/PA_test_iid_0130_b11
PA_test_iid_0131_b11,A,test_iid,0,A,1,1,2591,11103,0.12414227143810094,0.5311991572380066,0.8639863729476929,protocol_A/test_iid/PA_test_iid_0131_b11
PA_test_iid_0132_b11,A,test_iid,0,A,1,1,2441,10477,0.1331904921345425,0.5653896331787109,0.8631554245948792,protocol_A/test_iid/PA_test_iid_0132_b11
PA_test_iid_0133_b11,A,test_iid,0,A,1,1,2377,9987,0.11492404437045023,0.5496451258659363,0.8610799312591553,protocol_A/test_iid/PA_test_iid_0133_b11
PA_test_iid_0134_b11,A,test_iid,0,A,1,1,2574,11121,0.16560693058280868,0.5310524106025696,0.8623948693275452,protocol_A/test_iid/PA_test_iid_0134_b11
PA_test_iid_0135_b11,A,test_iid,0,A,1,1,2640,11343,0.10121570786068634,0.5368360877037048,0.8612907528877258,protocol_A/test_iid/PA_test_iid_0135_b11
PA_test_iid_0136_b11,A,test_iid,0,A,1,1,2437,10388,0.16586492842866613,0.5652612447738647,0.8622980117797852,protocol_A/test_iid/PA_test_iid_0136_b11
PA_test_iid_0137_b11,A,test_iid,0,A,1,1,2512,10799,0.24083503897574407,0.5409965515136719,0.8617616295814514,protocol_A/test_iid/PA_test_iid_0137_b11
PA_test_iid_0138_b11,A,test_iid,0,A,1,1,2515,10820,0.10815836714945812,0.4767819046974182,0.8644556403160095,protocol_A/test_iid/PA_test_iid_0138_b11
PA_test_iid_0139_b11,A,test_iid,0,A,1,1,2416,10268,0.13447358590738104,0.48814815282821655,0.863838791847229,protocol_A/test_iid/PA_test_iid_0139_b11
PA_test_iid_0140_b11,A,test_iid,0,A,1,1,2562,11036,0.18576694315578285,0.506146252155304,0.8614784479141235,protocol_A/test_iid/PA_test_iid_0140_b11
PA_test_iid_0141_b11,A,test_iid,0,A,1,1,2531,10867,0.21788800614184733,0.5231187343597412,0.8621841073036194,protocol_A/test_iid/PA_test_iid_0141_b11
PA_test_iid_0142_b11,A,test_iid,0,A,1,1,2546,10942,0.23668205805613174,0.559418797492981,0.8632248640060425,protocol_A/test_iid/PA_test_iid_0142_b11
PA_test_iid_0143_b11,A,test_iid,0,A,1,1,2447,10401,0.14370937310795287,0.5230464339256287,0.8644962310791016,protocol_A/test_iid/PA_test_iid_0143_b11
PA_test_iid_0144_b11,A,test_iid,0,A,1,1,2439,10257,0.10241015045470578,0.4419858157634735,0.8618952035903931,protocol_A/test_iid/PA_test_iid_0144_b11
PA_test_iid_0145_b11,A,test_iid,0,A,1,1,2501,10822,0.21060693491171711,0.4228542149066925,0.8642910122871399,protocol_A/test_iid/PA_test_iid_0145_b11
PA_test_iid_0146_b11,A,test_iid,0,A,1,1,2512,10802,0.13981366851538635,0.4288799464702606,0.8622164726257324,protocol_A/test_iid/PA_test_iid_0146_b11
PA_test_iid_0147_b11,A,test_iid,0,A,1,1,2561,10948,0.2102761366647882,0.4665369689464569,0.8637118935585022,protocol_A/test_iid/PA_test_iid_0147_b11
PA_test_iid_0148_b11,A,test_iid,0,A,1,1,2495,10690,0.23232202815203762,0.5499359965324402,0.8620568513870239,protocol_A/test_iid/PA_test_iid_0148_b11
PA_test_iid_0149_b11,A,test_iid,0,A,1,1,2458,10558,0.17653171152548902,0.4800046682357788,0.8639126420021057,protocol_A/test_iid/PA_test_iid_0149_b11
PA_test_iid_0150_b11,A,test_iid,0,A,1,1,2398,10053,0.12205436930964922,0.4706454277038574,0.8594726324081421,protocol_A/test_iid/PA_test_iid_0150_b11
PA_test_iid_0151_b11,A,test_iid,0,A,1,1,2617,11055,0.11056809400003523,0.4473515748977661,0.8595435619354248,protocol_A/test_iid/PA_test_iid_0151_b11
PA_test_iid_0152_b11,A,test_iid,0,A,1,1,2513,10762,0.1478210809988929,0.5558961033821106,0.8637887835502625,protocol_A/test_iid/PA_test_iid_0152_b11
PA_test_iid_0153_b11,A,test_iid,0,A,1,1,2422,10172,0.10154359615055435,0.44783148169517517,0.8571025729179382,protocol_A/test_iid/PA_test_iid_0153_b11
PA_test_iid_0154_b11,A,test_iid,0,A,1,1,2547,10969,0.10995341854458357,0.490842342376709,0.8648788928985596,protocol_A/test_iid/PA_test_iid_0154_b11
PA_test_iid_0155_b11,A,test_iid,0,A,1,1,2386,10034,0.12441320810913445,0.502941906452179,0.8571865558624268,protocol_A/test_iid/PA_test_iid_0155_b11
PA_test_iid_0156_b11,A,test_iid,0,A,1,1,2599,11113,0.19142527390493375,0.5377309322357178,0.8657899498939514,protocol_A/test_iid/PA_test_iid_0156_b11
PA_test_iid_0157_b11,A,test_iid,0,A,1,1,2491,10516,0.13291879827184638,0.5230090022087097,0.8609205484390259,protocol_A/test_iid/PA_test_iid_0157_b11
PA_test_iid_0158_b11,A,test_iid,0,A,1,1,2524,10677,0.16351178609505088,0.5289106965065002,0.8603060841560364,protocol_A/test_iid/PA_test_iid_0158_b11
PA_test_iid_0159_b11,A,test_iid,0,A,1,1,2561,10953,0.10454887804337118,0.4989388883113861,0.8628338575363159,protocol_A/test_iid/PA_test_iid_0159_b11
PA_test_iid_0160_b11,A,test_iid,0,A,1,1,2475,10558,0.11683479226563412,0.4647069573402405,0.8634586334228516,protocol_A/test_iid/PA_test_iid_0160_b11
PA_test_iid_0161_b11,A,test_iid,0,A,1,1,2537,10968,0.1415555130282608,0.49897605180740356,0.8640641570091248,protocol_A/test_iid/PA_test_iid_0161_b11
PA_test_iid_0162_b11,A,test_iid,0,A,1,1,2435,10292,0.11134907643956582,0.4111279845237732,0.8583075404167175,protocol_A/test_iid/PA_test_iid_0162_b11
PA_test_iid_0163_b11,A,test_iid,0,A,1,1,2524,10789,0.15668226672946622,0.4699374735355377,0.8603935837745667,protocol_A/test_iid/PA_test_iid_0163_b11
PA_test_iid_0164_b11,A,test_iid,0,A,1,1,2444,10208,0.1045792632600425,0.461760938167572,0.858968198299408,protocol_A/test_iid/PA_test_iid_0164_b11
PA_test_iid_0165_b11,A,test_iid,0,A,1,1,2436,10413,0.15060142436929563,0.5725099444389343,0.8646511435508728,protocol_A/test_iid/PA_test_iid_0165_b11
PA_test_iid_0166_b11,A,test_iid,0,A,1,1,2564,11077,0.19294146653901667,0.48536258935928345,0.860720157623291,protocol_A/test_iid/PA_test_iid_0166_b11
PA_test_iid_0167_b11,A,test_iid,0,A,1,1,2549,10920,0.18863650568840185,0.5339614152908325,0.8614717721939087,protocol_A/test_iid/PA_test_iid_0167_b11
PA_test_iid_0168_b11,A,test_iid,0,A,1,1,2355,9914,0.10707156764462675,0.46292734146118164,0.8603400588035583,protocol_A/test_iid/PA_test_iid_0168_b11
PA_test_iid_0169_b11,A,test_iid,0,A,1,1,2476,10573,0.13649597532364988,0.5001378059387207,0.8629487156867981,protocol_A/test_iid/PA_test_iid_0169_b11
PA_test_iid_0170_b11,A,test_iid,0,A,1,1,2521,10794,0.23517650880708096,0.4930106997489929,0.8627396821975708,protocol_A/test_iid/PA_test_iid_0170_b11
PA_test_iid_0171_b11,A,test_iid,0,A,1,1,2609,11135,0.10313190854441309,0.3907150328159332,0.8617841005325317,protocol_A/test_iid/PA_test_iid_0171_b11
PA_test_iid_0172_b11,A,test_iid,0,A,1,1,2279,9465,0.11175463917061476,0.5219289660453796,0.8564004302024841,protocol_A/test_iid/PA_test_iid_0172_b11
PA_test_iid_0173_b11,A,test_iid,0,A,1,1,2593,11070,0.19043367507251496,0.5132263898849487,0.8628991842269897,protocol_A/test_iid/PA_test_iid_0173_b11
PA_test_iid_0174_b11,A,test_iid,0,A,1,1,2536,10927,0.22357599830463842,0.5192871689796448,0.861197292804718,protocol_A/test_iid/PA_test_iid_0174_b11
PA_test_iid_0175_b11,A,test_iid,0,A,1,1,2388,10119,0.22567159954149635,0.49847978353500366,0.8600770831108093,protocol_A/test_iid/PA_test_iid_0175_b11
PA_test_iid_0176_b11,A,test_iid,0,A,1,1,2509,10730,0.14261737625389556,0.48915308713912964,0.8643462657928467,protocol_A/test_iid/PA_test_iid_0176_b11
PA_test_iid_0177_b11,A,test_iid,0,A,1,1,2463,10464,0.1005859950680371,0.4114462733268738,0.8620006442070007,protocol_A/test_iid/PA_test_iid_0177_b11
PA_test_iid_0178_b11,A,test_iid,0,A,1,1,2476,10529,0.11151101426240773,0.45302340388298035,0.8602390289306641,protocol_A/test_iid/PA_test_iid_0178_b11
PA_test_iid_0179_b11,A,test_iid,0,A,1,1,2456,10385,0.10252843964650815,0.38971197605133057,0.8602511286735535,protocol_A/test_iid/PA_test_iid_0179_b11
PA_test_iid_0180_b11,A,test_iid,0,A,1,1,2561,10914,0.11954828631726236,0.45329561829566956,0.8620566725730896,protocol_A/test_iid/PA_test_iid_0180_b11
PA_test_iid_0181_b11,A,test_iid,0,A,1,1,2432,10387,0.14045307687328956,0.5123093128204346,0.8624981045722961,protocol_A/test_iid/PA_test_iid_0181_b11
PA_test_iid_0182_b11,A,test_iid,0,A,1,1,2448,10384,0.19994970171111015,0.5492814183235168,0.8609952926635742,protocol_A/test_iid/PA_test_iid_0182_b11
PA_test_iid_0183_b11,A,test_iid,0,A,1,1,2517,10764,0.14971919559864202,0.4693271219730377,0.862331748008728,protocol_A/test_iid/PA_test_iid_0183_b11
PA_test_iid_0184_b11,A,test_iid,0,A,1,1,2662,11419,0.10260331466487566,0.4353955388069153,0.862072765827179,protocol_A/test_iid/PA_test_iid_0184_b11
PA_test_iid_0185_b11,A,test_iid,0,A,1,1,2639,11356,0.24953650659338272,0.44203677773475647,0.8630934357643127,protocol_A/test_iid/PA_test_iid_0185_b11
PA_test_iid_0186_b11,A,test_iid,0,A,1,1,2544,10946,0.12302754238890132,0.50798499584198,0.8640042543411255,protocol_A/test_iid/PA_test_iid_0186_b11
PA_test_iid_0187_b11,A,test_iid,0,A,1,1,2525,10906,0.13177306571647585,0.5247207880020142,0.8632776737213135,protocol_A/test_iid/PA_test_iid_0187_b11
PA_test_iid_0188_b11,A,test_iid,0,A,1,1,2352,9908,0.12130049671896345,0.548146665096283,0.8608735799789429,protocol_A/test_iid/PA_test_iid_0188_b11
PA_test_iid_0189_b11,A,test_iid,0,A,1,1,2521,10725,0.103320264015964,0.4266487658023834,0.8619969487190247,protocol_A/test_iid/PA_test_iid_0189_b11
PA_test_iid_0190_b11,A,test_iid,0,A,1,1,2652,11440,0.10190405324591482,0.4797845184803009,0.8630454540252686,protocol_A/test_iid/PA_test_iid_0190_b11
PA_test_iid_0191_b11,A,test_iid,0,A,1,1,2549,10985,0.15248567866296892,0.4807911217212677,0.8582422137260437,protocol_A/test_iid/PA_test_iid_0191_b11
PA_test_iid_0192_b11,A,test_iid,0,A,1,1,2477,10510,0.10957459936953315,0.48747172951698303,0.856992244720459,protocol_A/test_iid/PA_test_iid_0192_b11
PA_test_iid_0193_b11,A,test_iid,0,A,1,1,2541,10926,0.17690271212486827,0.4614673852920532,0.8630048036575317,protocol_A/test_iid/PA_test_iid_0193_b11
PA_test_iid_0194_b11,A,test_iid,0,A,1,1,2538,10961,0.2152687604357413,0.4201819896697998,0.8652810454368591,protocol_A/test_iid/PA_test_iid_0194_b11
PA_test_iid_0195_b11,A,test_iid,0,A,1,1,2587,11139,0.11115892827836282,0.4592621922492981,0.8608708381652832,protocol_A/test_iid/PA_test_iid_0195_b11
PA_test_iid_0196_b11,A,test_iid,0,A,1,1,2555,10874,0.10683824048845823,0.3985375463962555,0.8631343245506287,protocol_A/test_iid/PA_test_iid_0196_b11
PA_test_iid_0197_b11,A,test_iid,0,A,1,1,2518,10864,0.14395690136668166,0.5238173007965088,0.8622980117797852,protocol_A/test_iid/PA_test_iid_0197_b11
PA_test_iid_0198_b11,A,test_iid,0,A,1,1,2521,10621,0.14833690214746376,0.5661385655403137,0.8638730049133301,protocol_A/test_iid/PA_test_iid_0198_b11
PA_test_iid_0199_b11,A,test_iid,0,A,1,1,2442,10293,0.10505987558089389,0.5345473885536194,0.8595064878463745,protocol_A/test_iid/PA_test_iid_0199_b11
PA_test_ood_0000_b11,A,test_ood,1,B,1,1,2590,10899,0.1238977077415879,0.4790239632129669,0.8584313988685608,protocol_A/test_ood/PA_test_ood_0000_b11
PA_test_ood_0001_b11,A,test_ood,1,B,1,1,2525,10833,0.11775365882003416,0.4152415990829468,0.8602384328842163,protocol_A/test_ood/PA_test_ood_0001_b11
PA_test_ood_0002_b11,A,test_ood,1,B,1,1,2506,10663,0.12272524307319746,0.4780429005622864,0.8578605651855469,protocol_A/test_ood/PA_test_ood_0002_b11
PA_test_ood_0003_b11,A,test_ood,1,B,1,1,2634,11283,0.13680430117660108,0.5603543519973755,0.861374020576477,protocol_A/test_ood/PA_test_ood_0003_b11
PA_test_ood_0004_b11,A,test_ood,1,B,1,1,2615,11185,0.15137896395390002,0.5169514417648315,0.8613714575767517,protocol_A/test_ood/PA_test_ood_0004_b11
PA_test_ood_0005_b11,A,test_ood,1,B,1,1,2632,11308,0.10233643401770529,0.4570617079734802,0.8617950081825256,protocol_A/test_ood/PA_test_ood_0005_b11
PA_test_ood_0006_b11,A,test_ood,1,B,1,1,2546,10767,0.10166968486144126,0.4713505506515503,0.8595933318138123,protocol_A/test_ood/PA_test_ood_0006_b11
PA_test_ood_0007_b11,A,test_ood,1,B,1,1,2669,11524,0.09999999999999998,0.49087026715278625,0.8617157936096191,protocol_A/test_ood/PA_test_ood_0007_b11
PA_test_ood_0008_b11,A,test_ood,1,B,1,1,2533,10777,0.17012695215598356,0.5718929767608643,0.8582800030708313,protocol_A/test_ood/PA_test_ood_0008_b11
PA_test_ood_0009_b11,A,test_ood,1,B,1,1,2426,10252,0.11060624216084676,0.49242883920669556,0.8575212955474854,protocol_A/test_ood/PA_test_ood_0009_b11
PA_test_ood_0010_b11,A,test_ood,1,B,1,1,2420,10138,0.10472737623193976,0.5005868673324585,0.8572700619697571,protocol_A/test_ood/PA_test_ood_0010_b11
PA_test_ood_0011_b11,A,test_ood,1,B,1,1,2546,10790,0.1,0.528965413570404,0.8599786758422852,protocol_A/test_ood/PA_test_ood_0011_b11
PA_test_ood_0012_b11,A,test_ood,1,B,1,1,2639,11341,0.10299835826711862,0.5134634971618652,0.8639394044876099,protocol_A/test_ood/PA_test_ood_0012_b11
PA_test_ood_0013_b11,A,test_ood,1,B,1,1,2497,10621,0.10850602777341196,0.4087448716163635,0.8578099012374878,protocol_A/test_ood/PA_test_ood_0013_b11
PA_test_ood_0014_b11,A,test_ood,1,B,1,1,2667,11414,0.12911846006334715,0.5221753120422363,0.862557590007782,protocol_A/test_ood/PA_test_ood_0014_b11
PA_test_ood_0015_b11,A,test_ood,1,B,1,1,2494,10566,0.11774195658918858,0.5471650958061218,0.8616830110549927,protocol_A/test_ood/PA_test_ood_0015_b11
PA_test_ood_0016_b11,A,test_ood,1,B,1,1,2702,11473,0.1,0.4856886565685272,0.862127959728241,protocol_A/test_ood/PA_test_ood_0016_b11
PA_test_ood_0017_b11,A,test_ood,1,B,1,1,2644,11301,0.1,0.43440309166908264,0.8581602573394775,protocol_A/test_ood/PA_test_ood_0017_b11
PA_test_ood_0018_b11,A,test_ood,1,B,1,1,2603,11177,0.09999999999999994,0.47960537672042847,0.8636212348937988,protocol_A/test_ood/PA_test_ood_0018_b11
PA_test_ood_0019_b11,A,test_ood,1,B,1,1,2681,11549,0.23529247495353145,0.5442233681678772,0.860281229019165,protocol_A/test_ood/PA_test_ood_0019_b11
PA_test_ood_0020_b11,A,test_ood,1,B,1,1,2521,10773,0.15922336881984417,0.48547956347465515,0.8644297122955322,protocol_A/test_ood/PA_test_ood_0020_b11
PA_test_ood_0021_b11,A,test_ood,1,B,1,1,2485,10480,0.1,0.509489119052887,0.8584096431732178,protocol_A/test_ood/PA_test_ood_0021_b11
PA_test_ood_0022_b11,A,test_ood,1,B,1,1,2540,10949,0.17863598328836044,0.5052936673164368,0.8617312908172607,protocol_A/test_ood/PA_test_ood_0022_b11
PA_test_ood_0023_b11,A,test_ood,1,B,1,1,2480,10441,0.10192580598379292,0.4259965419769287,0.8572350144386292,protocol_A/test_ood/PA_test_ood_0023_b11
PA_test_ood_0024_b11,A,test_ood,1,B,1,1,2559,10984,0.09999999999999995,0.4646447002887726,0.8597976565361023,protocol_A/test_ood/PA_test_ood_0024_b11
PA_test_ood_0025_b11,A,test_ood,1,B,1,1,2591,11052,0.12073420679560282,0.513836145401001,0.8629496097564697,protocol_A/test_ood/PA_test_ood_0025_b11
PA_test_ood_0026_b11,A,test_ood,1,B,1,1,2549,10922,0.10657950057291649,0.4559217393398285,0.8623940348625183,protocol_A/test_ood/PA_test_ood_0026_b11
PA_test_ood_0027_b11,A,test_ood,1,B,1,1,2534,10821,0.14753405119173252,0.4863637089729309,0.8622128963470459,protocol_A/test_ood/PA_test_ood_0027_b11
PA_test_ood_0028_b11,A,test_ood,1,B,1,1,2590,11060,0.157056048080958,0.5619692206382751,0.8617488741874695,protocol_A/test_ood/PA_test_ood_0028_b11
PA_test_ood_0029_b11,A,test_ood,1,B,1,1,2587,11014,0.1209002967796696,0.4269697964191437,0.8585423231124878,protocol_A/test_ood/PA_test_ood_0029_b11
PA_test_ood_0030_b11,A,test_ood,1,B,1,1,2596,11135,0.12010147033115717,0.47700199484825134,0.8606263995170593,protocol_A/test_ood/PA_test_ood_0030_b11
PA_test_ood_0031_b11,A,test_ood,1,B,1,1,2560,10949,0.1100530581133671,0.5342276692390442,0.8615865111351013,protocol_A/test_ood/PA_test_ood_0031_b11
PA_test_ood_0032_b11,A,test_ood,1,B,1,1,2646,11368,0.10025990957850253,0.4710884988307953,0.8604498505592346,protocol_A/test_ood/PA_test_ood_0032_b11
PA_test_ood_0033_b11,A,test_ood,1,B,1,1,2523,10705,0.1,0.438027560710907,0.8584827184677124,protocol_A/test_ood/PA_test_ood_0033_b11
PA_test_ood_0034_b11,A,test_ood,1,B,1,1,2602,11148,0.15597924091377405,0.5606269836425781,0.8622925877571106,protocol_A/test_ood/PA_test_ood_0034_b11
PA_test_ood_0035_b11,A,test_ood,1,B,1,1,2568,10958,0.10000000000000007,0.47951993346214294,0.861436665058136,protocol_A/test_ood/PA_test_ood_0035_b11
PA_test_ood_0036_b11,A,test_ood,1,B,1,1,2533,10769,0.09999999999999999,0.4058912694454193,0.861631453037262,protocol_A/test_ood/PA_test_ood_0036_b11
PA_test_ood_0037_b11,A,test_ood,1,B,1,1,2419,10123,0.10363112699007873,0.44157618284225464,0.8556855916976929,protocol_A/test_ood/PA_test_ood_0037_b11
PA_test_ood_0038_b11,A,test_ood,1,B,1,1,2515,10750,0.12907093582468154,0.5099501609802246,0.8640624284744263,protocol_A/test_ood/PA_test_ood_0038_b11
PA_test_ood_0039_b11,A,test_ood,1,B,1,1,2586,11057,0.16638493944660931,0.45475101470947266,0.863811194896698,protocol_A/test_ood/PA_test_ood_0039_b11
PA_test_ood_0040_b11,A,test_ood,1,B,1,1,2615,11188,0.15485758761822455,0.40399816632270813,0.8600542545318604,protocol_A/test_ood/PA_test_ood_0040_b11
PA_test_ood_0041_b11,A,test_ood,1,B,1,1,2678,11465,0.10000000000000007,0.510861873626709,0.8598746657371521,protocol_A/test_ood/PA_test_ood_0041_b11
PA_test_ood_0042_b11,A,test_ood,1,B,1,1,2578,10982,0.1,0.45744311809539795,0.8604667782783508,protocol_A/test_ood/PA_test_ood_0042_b11
PA_test_ood_0043_b11,A,test_ood,1,B,1,1,2536,10823,0.1019820590252153,0.4556282162666321,0.861369252204895,protocol_A/test_ood/PA_test_ood_0043_b11
PA_test_ood_0044_b11,A,test_ood,1,B,1,1,2462,10490,0.12917107970275565,0.49696871638298035,0.8615229725837708,protocol_A/test_ood/PA_test_ood_0044_b11
PA_test_ood_0045_b11,A,test_ood,1,B,1,1,2592,11154,0.20452521151828398,0.5107911825180054,0.8637951612472534,protocol_A/test_ood/PA_test_ood_0045_b11
PA_test_ood_0046_b11,A,test_ood,1,B,1,1,2555,10940,0.10000000000000006,0.4633565843105316,0.8620219230651855,protocol_A/test_ood/PA_test_ood_0046_b11
PA_test_ood_0047_b11,A,test_ood,1,B,1,1,2644,11318,0.2114107940150399,0.44597506523132324,0.8621845841407776,protocol_A/test_ood/PA_test_ood_0047_b11
PA_test_ood_0048_b11,A,test_ood,1,B,1,1,2624,11307,0.1859193343216658,0.5436123609542847,0.8619607090950012,protocol_A/test_ood/PA_test_ood_0048_b11
PA_test_ood_0049_b11,A,test_ood,1,B,1,1,2508,10758,0.13378818051838623,0.5229027271270752,0.861778736114502,protocol_A/test_ood/PA_test_ood_0049_b11
PA_test_ood_0050_b11,A,test_ood,1,B,1,1,2621,11298,0.11051403745580271,0.45131897926330566,0.8645151257514954,protocol_A/test_ood/PA_test_ood_0050_b11
PA_test_ood_0051_b11,A,test_ood,1,B,1,1,2514,10679,0.1,0.4321557879447937,0.8594522476196289,protocol_A/test_ood/PA_test_ood_0051_b11
PA_test_ood_0052_b11,A,test_ood,1,B,1,1,2590,11083,0.1089380691204144,0.5429093241691589,0.8595373034477234,protocol_A/test_ood/PA_test_ood_0052_b11
PA_test_ood_0053_b11,A,test_ood,1,B,1,1,2536,10731,0.1431017624840436,0.510054349899292,0.8624292612075806,protocol_A/test_ood/PA_test_ood_0053_b11
PA_test_ood_0054_b11,A,test_ood,1,B,1,1,2555,10927,0.17662761610572886,0.4460250437259674,0.8603825569152832,protocol_A/test_ood/PA_test_ood_0054_b11
PA_test_ood_0055_b11,A,test_ood,1,B,1,1,2561,11069,0.12101325241340424,0.5620213747024536,0.8635125756263733,protocol_A/test_ood/PA_test_ood_0055_b11
PA_test_ood_0056_b11,A,test_ood,1,B,1,1,2553,10910,0.11375152633432448,0.46076446771621704,0.8618155717849731,protocol_A/test_ood/PA_test_ood_0056_b11
PA_test_ood_0057_b11,A,test_ood,1,B,1,1,2610,11242,0.13280618027994723,0.48706933856010437,0.8617368936538696,protocol_A/test_ood/PA_test_ood_0057_b11
PA_test_ood_0058_b11,A,test_ood,1,B,1,1,2585,11114,0.11569703707548154,0.5446704626083374,0.8658366203308105,protocol_A/test_ood/PA_test_ood_0058_b11
PA_test_ood_0059_b11,A,test_ood,1,B,1,1,2613,11202,0.15892936264999444,0.4937487840652466,0.8627901673316956,protocol_A/test_ood/PA_test_ood_0059_b11
PA_test_ood_0060_b11,A,test_ood,1,B,1,1,2530,10706,0.1124983515472644,0.49299514293670654,0.8588579893112183,protocol_A/test_ood/PA_test_ood_0060_b11
PA_test_ood_0061_b11,A,test_ood,1,B,1,1,2577,10991,0.1329699336894854,0.4934862554073334,0.8616200685501099,protocol_A/test_ood/PA_test_ood_0061_b11
PA_test_ood_0062_b11,A,test_ood,1,B,1,1,2706,11607,0.1,0.46776238083839417,0.858303427696228,protocol_A/test_ood/PA_test_ood_0062_b11
PA_test_ood_0063_b11,A,test_ood,1,B,1,1,2541,10809,0.1,0.49727052450180054,0.8629913926124573,protocol_A/test_ood/PA_test_ood_0063_b11
PA_test_ood_0064_b11,A,test_ood,1,B,1,1,2450,10401,0.1,0.4923545718193054,0.8600109219551086,protocol_A/test_ood/PA_test_ood_0064_b11
PA_test_ood_0065_b11,A,test_ood,1,B,1,1,2495,10618,0.10258765454376645,0.4439446032047272,0.8599740862846375,protocol_A/test_ood/PA_test_ood_0065_b11
PA_test_ood_0066_b11,A,test_ood,1,B,1,1,2567,11004,0.11798095044050971,0.30788788199424744,0.8631877303123474,protocol_A/test_ood/PA_test_ood_0066_b11
PA_test_ood_0067_b11,A,test_ood,1,B,1,1,2584,11075,0.10000000000000006,0.44892263412475586,0.8588004112243652,protocol_A/test_ood/PA_test_ood_0067_b11
PA_test_ood_0068_b11,A,test_ood,1,B,1,1,2644,11407,0.10185654680064266,0.4463948607444763,0.8603243231773376,protocol_A/test_ood/PA_test_ood_0068_b11
PA_test_ood_0069_b11,A,test_ood,1,B,1,1,2590,11115,0.10898343315980022,0.4775036573410034,0.8632382154464722,protocol_A/test_ood/PA_test_ood_0069_b11
PA_test_ood_0070_b11,A,test_ood,1,B,1,1,2539,10925,0.19809849508141136,0.4200999140739441,0.861624002456665,protocol_A/test_ood/PA_test_ood_0070_b11
PA_test_ood_0071_b11,A,test_ood,1,B,1,1,2564,10788,0.11349986813784071,0.502379834651947,0.8593717217445374,protocol_A/test_ood/PA_test_ood_0071_b11
PA_test_ood_0072_b11,A,test_ood,1,B,1,1,2658,11508,0.17813774083290346,0.4180296063423157,0.8653253316879272,protocol_A/test_ood/PA_test_ood_0072_b11
PA_test_ood_0073_b11,A,test_ood,1,B,1,1,2508,10687,0.10000000000000003,0.5165737867355347,0.8606961369514465,protocol_A/test_ood/PA_test_ood_0073_b11
PA_test_ood_0074_b11,A,test_ood,1,B,1,1,2505,10669,0.10129647860664615,0.46106478571891785,0.860931396484375,protocol_A/test_ood/PA_test_ood_0074_b11
PA_test_ood_0075_b11,A,test_ood,1,B,1,1,2549,10737,0.1,0.47793635725975037,0.8591691851615906,protocol_A/test_ood/PA_test_ood_0075_b11
PA_test_ood_0076_b11,A,test_ood,1,B,1,1,2585,11081,0.16154469504504826,0.5446723103523254,0.8611325025558472,protocol_A/test_ood/PA_test_ood_0076_b11
PA_test_ood_0077_b11,A,test_ood,1,B,1,1,2589,11090,0.1147247429801985,0.5422376394271851,0.8614271879196167,protocol_A/test_ood/PA_test_ood_0077_b11
PA_test_ood_0078_b11,A,test_ood,1,B,1,1,2622,11276,0.20985426676307345,0.45568057894706726,0.860057532787323,protocol_A/test_ood/PA_test_ood_0078_b11
PA_test_ood_0079_b11,A,test_ood,1,B,1,1,2463,10400,0.13235490328088687,0.5322373509407043,0.8603100776672363,protocol_A/test_ood/PA_test_ood_0079_b11
PA_test_ood_0080_b11,A,test_ood,1,B,1,1,2564,10977,0.15347625721257058,0.487958163022995,0.8616867661476135,protocol_A/test_ood/PA_test_ood_0080_b11
PA_test_ood_0081_b11,A,test_ood,1,B,1,1,2591,11170,0.13229844146321385,0.43329668045043945,0.8604332208633423,protocol_A/test_ood/PA_test_ood_0081_b11
PA_test_ood_0082_b11,A,test_ood,1,B,1,1,2664,11413,0.13333835823466525,0.42643266916275024,0.8643711805343628,protocol_A/test_ood/PA_test_ood_0082_b11
PA_test_ood_0083_b11,A,test_ood,1,B,1,1,2611,11252,0.09999999999999999,0.46720176935195923,0.8613008856773376,protocol_A/test_ood/PA_test_ood_0083_b11
PA_test_ood_0084_b11,A,test_ood,1,B,1,1,2633,11400,0.13400111279691157,0.4217166304588318,0.8624629974365234,protocol_A/test_ood/PA_test_ood_0084_b11
PA_test_ood_0085_b11,A,test_ood,1,B,1,1,2567,10884,0.10643300076208659,0.49740391969680786,0.8599591255187988,protocol_A/test_ood/PA_test_ood_0085_b11
PA_test_ood_0086_b11,A,test_ood,1,B,1,1,2547,10961,0.11347777070299758,0.40906229615211487,0.859018087387085,protocol_A/test_ood/PA_test_ood_0086_b11
PA_test_ood_0087_b11,A,test_ood,1,B,1,1,2557,10981,0.16012756086661634,0.5581461191177368,0.8625636696815491,protocol_A/test_ood/PA_test_ood_0087_b11
PA_test_ood_0088_b11,A,test_ood,1,B,1,1,2570,11083,0.1621266024344377,0.5404508113861084,0.8649075627326965,protocol_A/test_ood/PA_test_ood_0088_b11
PA_test_ood_0089_b11,A,test_ood,1,B,1,1,2489,10598,0.1,0.49065303802490234,0.8598887920379639,protocol_A/test_ood/PA_test_ood_0089_b11
PA_test_ood_0090_b11,A,test_ood,1,B,1,1,2576,10991,0.1,0.43459194898605347,0.8608558773994446,protocol_A/test_ood/PA_test_ood_0090_b11
PA_test_ood_0091_b11,A,test_ood,1,B,1,1,2547,10951,0.10000000000000005,0.427520215511322,0.863377034664154,protocol_A/test_ood/PA_test_ood_0091_b11
PA_test_ood_0092_b11,A,test_ood,1,B,1,1,2597,11117,0.16436526023788053,0.47117871046066284,0.8605718016624451,protocol_A/test_ood/PA_test_ood_0092_b11
PA_test_ood_0093_b11,A,test_ood,1,B,1,1,2520,10816,0.10932210846676857,0.4105795919895172,0.8625412583351135,protocol_A/test_ood/PA_test_ood_0093_b11
PA_test_ood_0094_b11,A,test_ood,1,B,1,1,2672,11430,0.19086220959460887,0.537661075592041,0.8600223064422607,protocol_A/test_ood/PA_test_ood_0094_b11
PA_test_ood_0095_b11,A,test_ood,1,B,1,1,2640,11421,0.15143469250966338,0.4389486014842987,0.8603578209877014,protocol_A/test_ood/PA_test_ood_0095_b11
PA_test_ood_0096_b11,A,test_ood,1,B,1,1,2516,10844,0.17853932181744037,0.5558023452758789,0.8649218678474426,protocol_A/test_ood/PA_test_ood_0096_b11
PA_test_ood_0097_b11,A,test_ood,1,B,1,1,2562,11029,0.11461600895633933,0.4928484857082367,0.863818883895874,protocol_A/test_ood/PA_test_ood_0097_b11
PA_test_ood_0098_b11,A,test_ood,1,B,1,1,2516,10857,0.17338518372337028,0.4820963740348816,0.8634153604507446,protocol_A/test_ood/PA_test_ood_0098_b11
PA_test_ood_0099_b11,A,test_ood,1,B,1,1,2447,10388,0.15654764609269284,0.4834827780723572,0.8607712984085083,protocol_A/test_ood/PA_test_ood_0099_b11
PA_test_ood_0100_b11,A,test_ood,1,B,1,1,2432,10159,0.12745256086136333,0.536098837852478,0.8574808835983276,protocol_A/test_ood/PA_test_ood_0100_b11
PA_test_ood_0101_b11,A,test_ood,1,B,1,1,2567,11015,0.11158904321328281,0.41093987226486206,0.8623912930488586,protocol_A/test_ood/PA_test_ood_0101_b11
PA_test_ood_0102_b11,A,test_ood,1,B,1,1,2539,10880,0.1366632875925166,0.4058869779109955,0.8626538515090942,protocol_A/test_ood/PA_test_ood_0102_b11
PA_test_ood_0103_b11,A,test_ood,1,B,1,1,2567,11002,0.10332611668395034,0.3306756019592285,0.8618130087852478,protocol_A/test_ood/PA_test_ood_0103_b11
PA_test_ood_0104_b11,A,test_ood,1,B,1,1,2556,10988,0.10000000000000003,0.42145615816116333,0.8622181415557861,protocol_A/test_ood/PA_test_ood_0104_b11
PA_test_ood_0105_b11,A,test_ood,1,B,1,1,2539,10794,0.10000000000000002,0.4667125642299652,0.8598201274871826,protocol_A/test_ood/PA_test_ood_0105_b11
PA_test_ood_0106_b11,A,test_ood,1,B,1,1,2575,10993,0.12008667451750792,0.41663771867752075,0.8601105809211731,protocol_A/test_ood/PA_test_ood_0106_b11
PA_test_ood_0107_b11,A,test_ood,1,B,1,1,2572,11011,0.19992709999225933,0.4643288552761078,0.8625909090042114,protocol_A/test_ood/PA_test_ood_0107_b11
PA_test_ood_0108_b11,A,test_ood,1,B,1,1,2615,11182,0.10119615624498218,0.5288561582565308,0.8611664772033691,protocol_A/test_ood/PA_test_ood_0108_b11
PA_test_ood_0109_b11,A,test_ood,1,B,1,1,2618,11236,0.15408281275071836,0.4974627196788788,0.8614944815635681,protocol_A/test_ood/PA_test_ood_0109_b11
PA_test_ood_0110_b11,A,test_ood,1,B,1,1,2528,10879,0.20951733599688913,0.4946025311946869,0.8609676361083984,protocol_A/test_ood/PA_test_ood_0110_b11
PA_test_ood_0111_b11,A,test_ood,1,B,1,1,2575,10937,0.11962951092256877,0.45296698808670044,0.858005940914154,protocol_A/test_ood/PA_test_ood_0111_b11
PA_test_ood_0112_b11,A,test_ood,1,B,1,1,2521,10795,0.25661736981393535,0.4581315219402313,0.8619190454483032,protocol_A/test_ood/PA_test_ood_0112_b11
PA_test_ood_0113_b11,A,test_ood,1,B,1,1,2640,11373,0.14807089465184367,0.46873414516448975,0.8621947169303894,protocol_A/test_ood/PA_test_ood_0113_b11
PA_test_ood_0114_b11,A,test_ood,1,B,1,1,2533,10721,0.1,0.4445120692253113,0.8572066426277161,protocol_A/test_ood/PA_test_ood_0114_b11
PA_test_ood_0115_b11,A,test_ood,1,B,1,1,2555,10863,0.1034588751692225,0.4406393766403198,0.8591793775558472,protocol_A/test_ood/PA_test_ood_0115_b11
PA_test_ood_0116_b11,A,test_ood,1,B,1,1,2618,11227,0.11111533436373494,0.5130014419555664,0.8633036017417908,protocol_A/test_ood/PA_test_ood_0116_b11
PA_test_ood_0117_b11,A,test_ood,1,B,1,1,2579,11052,0.1653697484520612,0.4697962999343872,0.8568804860115051,protocol_A/test_ood/PA_test_ood_0117_b11
PA_test_ood_0118_b11,A,test_ood,1,B,1,1,2577,10926,0.10000000000000012,0.45257553458213806,0.8600748181343079,protocol_A/test_ood/PA_test_ood_0118_b11
PA_test_ood_0119_b11,A,test_ood,1,B,1,1,2599,11212,0.15011960669071975,0.5630606412887573,0.8621079921722412,protocol_A/test_ood/PA_test_ood_0119_b11
PA_test_ood_0120_b11,A,test_ood,1,B,1,1,2536,10879,0.1398681269279279,0.36017006635665894,0.862614631652832,protocol_A/test_ood/PA_test_ood_0120_b11
PA_test_ood_0121_b11,A,test_ood,1,B,1,1,2591,11113,0.1553016827385402,0.5139788389205933,0.8602700233459473,protocol_A/test_ood/PA_test_ood_0121_b11
PA_test_ood_0122_b11,A,test_ood,1,B,1,1,2582,11182,0.1,0.4682141840457916,0.8629450798034668,protocol_A/test_ood/PA_test_ood_0122_b11
PA_test_ood_0123_b11,A,test_ood,1,B,1,1,2609,11269,0.11130930619631074,0.4867493510246277,0.8610501289367676,protocol_A/test_ood/PA_test_ood_0123_b11
PA_test_ood_0124_b11,A,test_ood,1,B,1,1,2595,11061,0.11469741810765316,0.5482105016708374,0.862179160118103,protocol_A/test_ood/PA_test_ood_0124_b11
PA_test_ood_0125_b11,A,test_ood,1,B,1,1,2528,10821,0.12173476603036588,0.5291807651519775,0.8628653287887573,protocol_A/test_ood/PA_test_ood_0125_b11
PA_test_ood_0126_b11,A,test_ood,1,B,1,1,2508,10810,0.10705494088476131,0.5352922081947327,0.8619855046272278,protocol_A/test_ood/PA_test_ood_0126_b11
PA_test_ood_0127_b11,A,test_ood,1,B,1,1,2678,11591,0.1081601613739494,0.4635830223560333,0.8605563640594482,protocol_A/test_ood/PA_test_ood_0127_b11
PA_test_ood_0128_b11,A,test_ood,1,B,1,1,2503,10592,0.1323249288704122,0.5016725063323975,0.8603270649909973,protocol_A/test_ood/PA_test_ood_0128_b11
PA_test_ood_0129_b11,A,test_ood,1,B,1,1,2631,11372,0.1357453822103691,0.4373205304145813,0.861396849155426,protocol_A/test_ood/PA_test_ood_0129_b11
PA_test_ood_0130_b11,A,test_ood,1,B,1,1,2542,10711,0.10289431218573497,0.3536798059940338,0.8593629598617554,protocol_A/test_ood/PA_test_ood_0130_b11
PA_test_ood_0131_b11,A,test_ood,1,B,1,1,2565,10945,0.1447207641192279,0.44319120049476624,0.8621460199356079,protocol_A/test_ood/PA_test_ood_0131_b11
PA_test_ood_0132_b11,A,test_ood,1,B,1,1,2574,11114,0.10399306088120933,0.409395694732666,0.8623749613761902,protocol_A/test_ood/PA_test_ood_0132_b11
PA_test_ood_0133_b11,A,test_ood,1,B,1,1,2480,10461,0.10368362866183889,0.43488654494285583,0.8585940003395081,protocol_A/test_ood/PA_test_ood_0133_b11
PA_test_ood_0134_b11,A,test_ood,1,B,1,1,2363,9833,0.09999999999999995,0.4710617661476135,0.8576619029045105,protocol_A/test_ood/PA_test_ood_0134_b11
PA_test_ood_0135_b11,A,test_ood,1,B,1,1,2481,10569,0.10600040513315936,0.5166815519332886,0.8621492981910706,protocol_A/test_ood/PA_test_ood_0135_b11
PA_test_ood_0136_b11,A,test_ood,1,B,1,1,2564,10924,0.13191559541612577,0.5502361059188843,0.86259925365448,protocol_A/test_ood/PA_test_ood_0136_b11
PA_test_ood_0137_b11,A,test_ood,1,B,1,1,2660,11433,0.1,0.478278249502182,0.8600811958312988,protocol_A/test_ood/PA_test_ood_0137_b11
PA_test_ood_0138_b11,A,test_ood,1,B,1,1,2551,10901,0.11888743708280156,0.337222695350647,0.8602989912033081,protocol_A/test_ood/PA_test_ood_0138_b11
PA_test_ood_0139_b11,A,test_ood,1,B,1,1,2517,10720,0.10623798571486519,0.52112877368927,0.8585046529769897,protocol_A/test_ood/PA_test_ood_0139_b11
PA_test_ood_0140_b11,A,test_ood,1,B,1,1,2604,11114,0.11083783592412239,0.4196885824203491,0.8603916168212891,protocol_A/test_ood/PA_test_ood_0140_b11
PA_test_ood_0141_b11,A,test_ood,1,B,1,1,2492,10705,0.11196591125115143,0.4919392764568329,0.8599247932434082,protocol_A/test_ood/PA_test_ood_0141_b11
PA_test_ood_0142_b11,A,test_ood,1,B,1,1,2593,11146,0.10760186671126867,0.4776622951030731,0.862895667552948,protocol_A/test_ood/PA_test_ood_0142_b11
PA_test_ood_0143_b11,A,test_ood,1,B,1,1,2524,10749,0.12329592383182389,0.48505327105522156,0.8612518310546875,protocol_A/test_ood/PA_test_ood_0143_b11
PA_test_ood_0144_b11,A,test_ood,1,B,1,1,2604,11204,0.13310022569771895,0.46559250354766846,0.8621508479118347,protocol_A/test_ood/PA_test_ood_0144_b11
PA_test_ood_0145_b11,A,test_ood,1,B,1,1,2535,10872,0.16720318480567353,0.4542175531387329,0.8629354238510132,protocol_A/test_ood/PA_test_ood_0145_b11
PA_test_ood_0146_b11,A,test_ood,1,B,1,1,2555,10979,0.16212418299130638,0.4481021463871002,0.8652271032333374,protocol_A/test_ood/PA_test_ood_0146_b11
PA_test_ood_0147_b11,A,test_ood,1,B,1,1,2638,11355,0.11906832446859132,0.4205526113510132,0.8594782948493958,protocol_A/test_ood/PA_test_ood_0147_b11
PA_test_ood_0148_b11,A,test_ood,1,B,1,1,2570,10963,0.1258129881790951,0.48249101638793945,0.8612858057022095,protocol_A/test_ood/PA_test_ood_0148_b11
PA_test_ood_0149_b11,A,test_ood,1,B,1,1,2581,10998,0.12331297202710387,0.4862379729747772,0.863847553730011,protocol_A/test_ood/PA_test_ood_0149_b11
PA_test_ood_0150_b11,A,test_ood,1,B,1,1,2556,10897,0.17458501117976552,0.43741440773010254,0.8627387881278992,protocol_A/test_ood/PA_test_ood_0150_b11
PA_test_ood_0151_b11,A,test_ood,1,B,1,1,2583,11106,0.1871415387980224,0.3966815173625946,0.8593350648880005,protocol_A/test_ood/PA_test_ood_0151_b11
PA_test_ood_0152_b11,A,test_ood,1,B,1,1,2480,10445,0.1,0.45071345567703247,0.8581350445747375,protocol_A/test_ood/PA_test_ood_0152_b11
PA_test_ood_0153_b11,A,test_ood,1,B,1,1,2597,11100,0.10000000000000006,0.4899553656578064,0.8608125448226929,protocol_A/test_ood/PA_test_ood_0153_b11
PA_test_ood_0154_b11,A,test_ood,1,B,1,1,2591,10985,0.10000000000000003,0.5284265279769897,0.8597865104675293,protocol_A/test_ood/PA_test_ood_0154_b11
PA_test_ood_0155_b11,A,test_ood,1,B,1,1,2477,10459,0.1,0.5303975343704224,0.8576513528823853,protocol_A/test_ood/PA_test_ood_0155_b11
PA_test_ood_0156_b11,A,test_ood,1,B,1,1,2529,10828,0.10120877038796769,0.42731788754463196,0.8633021712303162,protocol_A/test_ood/PA_test_ood_0156_b11
PA_test_ood_0157_b11,A,test_ood,1,B,1,1,2549,10796,0.111427820638623,0.5363875031471252,0.8599432706832886,protocol_A/test_ood/PA_test_ood_0157_b11
PA_test_ood_0158_b11,A,test_ood,1,B,1,1,2535,10861,0.14160278243404928,0.3969663977622986,0.8617494702339172,protocol_A/test_ood/PA_test_ood_0158_b11
PA_test_ood_0159_b11,A,test_ood,1,B,1,1,2573,10906,0.10000000000000002,0.45166295766830444,0.8604676127433777,protocol_A/test_ood/PA_test_ood_0159_b11
PA_test_ood_0160_b11,A,test_ood,1,B,1,1,2562,10957,0.15559202188636068,0.5374060273170471,0.8616739511489868,protocol_A/test_ood/PA_test_ood_0160_b11
PA_test_ood_0161_b11,A,test_ood,1,B,1,1,2511,10691,0.14919526541263717,0.4613637328147888,0.8628870248794556,protocol_A/test_ood/PA_test_ood_0161_b11
PA_test_ood_0162_b11,A,test_ood,1,B,1,1,2567,10912,0.10000000000000002,0.47175702452659607,0.8629027009010315,protocol_A/test_ood/PA_test_ood_0162_b11
PA_test_ood_0163_b11,A,test_ood,1,B,1,1,2555,10858,0.10669038113940019,0.44048169255256653,0.8570841550827026,protocol_A/test_ood/PA_test_ood_0163_b11
PA_test_ood_0164_b11,A,test_ood,1,B,1,1,2518,10783,0.13359542154964132,0.5416141748428345,0.8615483045578003,protocol_A/test_ood/PA_test_ood_0164_b11
PA_test_ood_0165_b11,A,test_ood,1,B,1,1,2588,11019,0.10000000000000012,0.5080258846282959,0.860399067401886,protocol_A/test_ood/PA_test_ood_0165_b11
PA_test_ood_0166_b11,A,test_ood,1,B,1,1,2600,11213,0.2139223936755672,0.4878934323787689,0.8625046610832214,protocol_A/test_ood/PA_test_ood_0166_b11
PA_test_ood_0167_b11,A,test_ood,1,B,1,1,2625,11347,0.14050344847437668,0.39130932092666626,0.8617469072341919,protocol_A/test_ood/PA_test_ood_0167_b11
PA_test_ood_0168_b11,A,test_ood,1,B,1,1,2635,11340,0.1304479127124677,0.48928576707839966,0.8620222210884094,protocol_A/test_ood/PA_test_ood_0168_b11
PA_test_ood_0169_b11,A,test_ood,1,B,1,1,2634,11237,0.10000000000000003,0.5208360552787781,0.8583912253379822,protocol_A/test_ood/PA_test_ood_0169_b11
PA_test_ood_0170_b11,A,test_ood,1,B,1,1,2628,11298,0.11149687377514092,0.4342218041419983,0.862799882888794,protocol_A/test_ood/PA_test_ood_0170_b11
PA_test_ood_0171_b11,A,test_ood,1,B,1,1,2660,11417,0.12154801641563007,0.5300744771957397,0.8621863722801208,protocol_A/test_ood/PA_test_ood_0171_b11
PA_test_ood_0172_b11,A,test_ood,1,B,1,1,2581,11068,0.16689913963656972,0.5451555848121643,0.8633666634559631,protocol_A/test_ood/PA_test_ood_0172_b11
PA_test_ood_0173_b11,A,test_ood,1,B,1,1,2599,11207,0.10941319814181141,0.5373386144638062,0.8623774647712708,protocol_A/test_ood/PA_test_ood_0173_b11
PA_test_ood_0174_b11,A,test_ood,1,B,1,1,2616,11305,0.18747578755464686,0.5174059271812439,0.8611083626747131,protocol_A/test_ood/PA_test_ood_0174_b11
PA_test_ood_0175_b11,A,test_ood,1,B,1,1,2589,11137,0.11790218390150989,0.45780742168426514,0.8624593019485474,protocol_A/test_ood/PA_test_ood_0175_b11
PA_test_ood_0176_b11,A,test_ood,1,B,1,1,2531,10775,0.1534649557118068,0.4652281701564789,0.860978901386261,protocol_A/test_ood/PA_test_ood_0176_b11
PA_test_ood_0177_b11,A,test_ood,1,B,1,1,2627,11415,0.16947366098265285,0.513340950012207,0.8630493879318237,protocol_A/test_ood/PA_test_ood_0177_b11
PA_test_ood_0178_b11,A,test_ood,1,B,1,1,2429,10123,0.1,0.45103615522384644,0.8554514050483704,protocol_A/test_ood/PA_test_ood_0178_b11
PA_test_ood_0179_b11,A,test_ood,1,B,1,1,2503,10674,0.10241376000611357,0.48843705654144287,0.8611325025558472,protocol_A/test_ood/PA_test_ood_0179_b11
PA_test_ood_0180_b11,A,test_ood,1,B,1,1,2498,10729,0.1011407014426135,0.47975561022758484,0.8632506728172302,protocol_A/test_ood/PA_test_ood_0180_b11
PA_test_ood_0181_b11,A,test_ood,1,B,1,1,2576,11082,0.10000000000000003,0.44474703073501587,0.86347496509552,protocol_A/test_ood/PA_test_ood_0181_b11
PA_test_ood_0182_b11,A,test_ood,1,B,1,1,2572,11085,0.11946587902500522,0.4403652250766754,0.8636253476142883,protocol_A/test_ood/PA_test_ood_0182_b11
PA_test_ood_0183_b11,A,test_ood,1,B,1,1,2563,10913,0.10589531196414749,0.4426804780960083,0.8609447479248047,protocol_A/test_ood/PA_test_ood_0183_b11
PA_test_ood_0184_b11,A,test_ood,1,B,1,1,2506,10695,0.11764848181750195,0.40298283100128174,0.8625677227973938,protocol_A/test_ood/PA_test_ood_0184_b11
PA_test_ood_0185_b11,A,test_ood,1,B,1,1,2611,11223,0.11787393561634049,0.45514893531799316,0.8599421381950378,protocol_A/test_ood/PA_test_ood_0185_b11
PA_test_ood_0186_b11,A,test_ood,1,B,1,1,2607,11209,0.1,0.49514153599739075,0.8604783415794373,protocol_A/test_ood/PA_test_ood_0186_b11
PA_test_ood_0187_b11,A,test_ood,1,B,1,1,2620,11355,0.14388449213866494,0.36719369888305664,0.862899661064148,protocol_A/test_ood/PA_test_ood_0187_b11
PA_test_ood_0188_b11,A,test_ood,1,B,1,1,2544,10903,0.10000000000000005,0.4708101153373718,0.8611168265342712,protocol_A/test_ood/PA_test_ood_0188_b11
PA_test_ood_0189_b11,A,test_ood,1,B,1,1,2539,10743,0.1426198311523508,0.49530476331710815,0.8602814674377441,protocol_A/test_ood/PA_test_ood_0189_b11
PA_test_ood_0190_b11,A,test_ood,1,B,1,1,2649,11394,0.10000000000000002,0.45508015155792236,0.8615449666976929,protocol_A/test_ood/PA_test_ood_0190_b11
PA_test_ood_0191_b11,A,test_ood,1,B,1,1,2490,10521,0.11608332940852453,0.43811678886413574,0.8603509068489075,protocol_A/test_ood/PA_test_ood_0191_b11
PA_test_ood_0192_b11,A,test_ood,1,B,1,1,2514,10703,0.11535383831982471,0.44679996371269226,0.8603087663650513,protocol_A/test_ood/PA_test_ood_0192_b11
PA_test_ood_0193_b11,A,test_ood,1,B,1,1,2607,11283,0.17102171780260042,0.4564395546913147,0.8651565909385681,protocol_A/test_ood/PA_test_ood_0193_b11
PA_test_ood_0194_b11,A,test_ood,1,B,1,1,2653,11359,0.10000000000000003,0.4519040286540985,0.8615741729736328,protocol_A/test_ood/PA_test_ood_0194_b11
PA_test_ood_0195_b11,A,test_ood,1,B,1,1,2622,11273,0.11306721155378613,0.43591201305389404,0.8618078827857971,protocol_A/test_ood/PA_test_ood_0195_b11
PA_test_ood_0196_b11,A,test_ood,1,B,1,1,2507,10602,0.12468329677303405,0.45694512128829956,0.8599808812141418,protocol_A/test_ood/PA_test_ood_0196_b11
PA_test_ood_0197_b11,A,test_ood,1,B,1,1,2565,10919,0.10534623884328866,0.41076117753982544,0.8635028600692749,protocol_A/test_ood/PA_test_ood_0197_b11
PA_test_ood_0198_b11,A,test_ood,1,B,1,1,2514,10754,0.09999999999999994,0.41711458563804626,0.8655925393104553,protocol_A/test_ood/PA_test_ood_0198_b11
PA_test_ood_0199_b11,A,test_ood,1,B,1,1,2649,11365,0.11332276542293326,0.39826443791389465,0.8624022006988525,protocol_A/test_ood/PA_test_ood_0199_b11
PA_train_0000_b11,A,train,0,A,1,1,2610,11153,0.11832762598655758,0.46648460626602173,0.8575499057769775,protocol_A/train/PA_train_0000_b11
PA_train_0001_b11,A,train,0,A,1,1,2472,10563,0.20289403329555342,0.5110589265823364,0.8664798140525818,protocol_A/train/PA_train_0001_b11
PA_train_0002_b11,A,train,0,A,1,1,2539,10998,0.21809860710633672,0.4289810061454773,0.8631595373153687,protocol_A/train/PA_train_0002_b11
PA_train_0003_b11,A,train,0,A,1,1,2542,10813,0.15753252465890044,0.49337849020957947,0.8575945496559143,protocol_A/train/PA_train_0003_b11
PA_train_0004_b11,A,train,0,A,1,1,2541,10941,0.19813529803534213,0.5348138213157654,0.8626536130905151,protocol_A/train/PA_train_0004_b11
PA_train_0005_b11,A,train,0,A,1,1,2534,10899,0.18502036569523317,0.431392103433609,0.8634299039840698,protocol_A/train/PA_train_0005_b11
PA_train_0006_b11,A,train,0,A,1,1,2517,10758,0.13418092651144797,0.5413162708282471,0.8630160093307495,protocol_A/train/PA_train_0006_b11
PA_train_0007_b11,A,train,0,A,1,1,2522,10654,0.10644262776129104,0.5484207272529602,0.8635661602020264,protocol_A/train/PA_train_0007_b11
PA_train_0008_b11,A,train,0,A,1,1,2518,10703,0.17559233448525416,0.42758435010910034,0.8606054782867432,protocol_A/train/PA_train_0008_b11
PA_train_0009_b11,A,train,0,A,1,1,2568,10992,0.12793597698521847,0.5462268590927124,0.859535813331604,protocol_A/train/PA_train_0009_b11
PA_train_0010_b11,A,train,0,A,1,1,2585,11176,0.12925771945363324,0.40023213624954224,0.8624696731567383,protocol_A/train/PA_train_0010_b11
PA_train_0011_b11,A,train,0,A,1,1,2403,10136,0.18130614515338078,0.39038005471229553,0.8607150912284851,protocol_A/train/PA_train_0011_b11
PA_train_0012_b11,A,train,0,A,1,1,2572,10917,0.11775964119965193,0.5241823196411133,0.8594600558280945,protocol_A/train/PA_train_0012_b11
PA_train_0013_b11,A,train,0,A,1,1,2513,10673,0.13495502569582002,0.5368881225585938,0.8625324368476868,protocol_A/train/PA_train_0013_b11
PA_train_0014_b11,A,train,0,A,1,1,2418,10217,0.14888497787739866,0.3651261031627655,0.861526370048523,protocol_A/train/PA_train_0014_b11
PA_train_0015_b11,A,train,0,A,1,1,2530,10889,0.1625739506140314,0.5151566863059998,0.8640424013137817,protocol_A/train/PA_train_0015_b11
PA_train_0016_b11,A,train,0,A,1,1,2431,10206,0.11521881389710009,0.4072689712047577,0.8589149713516235,protocol_A/train/PA_train_0016_b11
PA_train_0017_b11,A,train,0,A,1,1,2511,10861,0.10218957953147566,0.4035208523273468,0.8632911443710327,protocol_A/train/PA_train_0017_b11
PA_train_0018_b11,A,train,0,A,1,1,2329,9787,0.14215955460460986,0.5087547302246094,0.857584536075592,protocol_A/train/PA_train_0018_b11
PA_train_0019_b11,A,train,0,A,1,1,2575,11093,0.11699261025852578,0.43041396141052246,0.8624711632728577,protocol_A/train/PA_train_0019_b11
PA_train_0020_b11,A,train,0,A,1,1,2448,10369,0.11097701319127727,0.4466967284679413,0.8593874573707581,protocol_A/train/PA_train_0020_b11
PA_train_0021_b11,A,train,0,A,1,1,2433,10220,0.11965430014439796,0.517257034778595,0.8559798002243042,protocol_A/train/PA_train_0021_b11
PA_train_0022_b11,A,train,0,A,1,1,2591,11200,0.20306097110846985,0.45482492446899414,0.8634069561958313,protocol_A/train/PA_train_0022_b11
PA_train_0023_b11,A,train,0,A,1,1,2588,11099,0.12650430566511045,0.5681427121162415,0.8657892346382141,protocol_A/train/PA_train_0023_b11
PA_train_0024_b11,A,train,0,A,1,1,2533,10925,0.20119052552417926,0.47702255845069885,0.8616542816162109,protocol_A/train/PA_train_0024_b11
PA_train_0025_b11,A,train,0,A,1,1,2446,10347,0.1149670018603314,0.4638647139072418,0.858957052230835,protocol_A/train/PA_train_0025_b11
PA_train_0026_b11,A,train,0,A,1,1,2437,10252,0.11269467148599532,0.4956728518009186,0.8610121607780457,protocol_A/train/PA_train_0026_b11
PA_train_0027_b11,A,train,0,A,1,1,2437,10233,0.13112487184084687,0.5556411147117615,0.8597036600112915,protocol_A/train/PA_train_0027_b11
PA_train_0028_b11,A,train,0,A,1,1,2584,11041,0.1314172866618547,0.5612033605575562,0.8607862591743469,protocol_A/train/PA_train_0028_b11
PA_train_0029_b11,A,train,0,A,1,1,2521,10857,0.2717071552117761,0.5368265509605408,0.8616636395454407,protocol_A/train/PA_train_0029_b11
PA_train_0030_b11,A,train,0,A,1,1,2419,10369,0.11963790731545412,0.4444601535797119,0.8626537919044495,protocol_A/train/PA_train_0030_b11
PA_train_0031_b11,A,train,0,A,1,1,2616,11242,0.16991420341694397,0.5382946729660034,0.8631609678268433,protocol_A/train/PA_train_0031_b11
PA_train_0032_b11,A,train,0,A,1,1,2468,10396,0.117212440580026,0.42542481422424316,0.8562914729118347,protocol_A/train/PA_train_0032_b11
PA_train_0033_b11,A,train,0,A,1,1,2461,10503,0.14852759999370582,0.5340256094932556,0.8610812425613403,protocol_A/train/PA_train_0033_b11
PA_train_0034_b11,A,train,0,A,1,1,2418,10187,0.16034366077090562,0.5158648490905762,0.8597656488418579,protocol_A/train/PA_train_0034_b11
PA_train_0035_b11,A,train,0,A,1,1,2572,11056,0.1706121706888418,0.5160781741142273,0.8627157807350159,protocol_A/train/PA_train_0035_b11
PA_train_0036_b11,A,train,0,A,1,1,2336,9819,0.11038997236653754,0.4170420169830322,0.8584190011024475,protocol_A/train/PA_train_0036_b11
PA_train_0037_b11,A,train,0,A,1,1,2498,10710,0.1495309629889466,0.530921995639801,0.8613773584365845,protocol_A/train/PA_train_0037_b11
PA_train_0038_b11,A,train,0,A,1,1,2494,10619,0.21431100312516815,0.4899556338787079,0.8591887950897217,protocol_A/train/PA_train_0038_b11
PA_train_0039_b11,A,train,0,A,1,1,2538,10874,0.15359974228920334,0.5531300902366638,0.8621180653572083,protocol_A/train/PA_train_0039_b11
PA_train_0040_b11,A,train,0,A,1,1,2524,10665,0.11418665844858338,0.4388039708137512,0.8567723035812378,protocol_A/train/PA_train_0040_b11
PA_train_0041_b11,A,train,0,A,1,1,2536,10968,0.1472040014959421,0.37535330653190613,0.8642199039459229,protocol_A/train/PA_train_0041_b11
PA_train_0042_b11,A,train,0,A,1,1,2548,10964,0.11971506828296163,0.5334439873695374,0.8625571131706238,protocol_A/train/PA_train_0042_b11
PA_train_0043_b11,A,train,0,A,1,1,2465,10485,0.1363533409611703,0.47199755907058716,0.8623070120811462,protocol_A/train/PA_train_0043_b11
PA_train_0044_b11,A,train,0,A,1,1,2341,9849,0.125107192067335,0.5358217358589172,0.8618542551994324,protocol_A/train/PA_train_0044_b11
PA_train_0045_b11,A,train,0,A,1,1,2596,11130,0.12790508564540576,0.4195091128349304,0.8636227250099182,protocol_A/train/PA_train_0045_b11
PA_train_0046_b11,A,train,0,A,1,1,2539,10931,0.1619271924232792,0.5116825103759766,0.8622798323631287,protocol_A/train/PA_train_0046_b11
PA_train_0047_b11,A,train,0,A,1,1,2537,10900,0.14363910403279476,0.5607503652572632,0.8632246255874634,protocol_A/train/PA_train_0047_b11
PA_train_0048_b11,A,train,0,A,1,1,2523,10752,0.10733538642560267,0.5350157022476196,0.8614062070846558,protocol_A/train/PA_train_0048_b11
PA_train_0049_b11,A,train,0,A,1,1,2380,10085,0.1355376783114832,0.5521873235702515,0.8612369298934937,protocol_A/train/PA_train_0049_b11
PA_train_0050_b11,A,train,0,A,1,1,2517,10808,0.10976351901304277,0.4720202386379242,0.8654165267944336,protocol_A/train/PA_train_0050_b11
PA_train_0051_b11,A,train,0,A,1,1,2562,11011,0.20545033325384057,0.4342541992664337,0.8627830147743225,protocol_A/train/PA_train_0051_b11
PA_train_0052_b11,A,train,0,A,1,1,2381,9985,0.1044284774115124,0.5083284974098206,0.8575113415718079,protocol_A/train/PA_train_0052_b11
PA_train_0053_b11,A,train,0,A,1,1,2540,10924,0.10233578062683382,0.4519514739513397,0.8637768626213074,protocol_A/train/PA_train_0053_b11
PA_train_0054_b11,A,train,0,A,1,1,2510,10753,0.15938158738693298,0.5698051452636719,0.8626741170883179,protocol_A/train/PA_train_0054_b11
PA_train_0055_b11,A,train,0,A,1,1,2410,10227,0.13646563792594676,0.5172586441040039,0.86216801404953,protocol_A/train/PA_train_0055_b11
PA_train_0056_b11,A,train,0,A,1,1,2541,10908,0.16514840667067163,0.5628234148025513,0.8659957051277161,protocol_A/train/PA_train_0056_b11
PA_train_0057_b11,A,train,0,A,1,1,2490,10620,0.10370531440433417,0.5040475726127625,0.8593853712081909,protocol_A/train/PA_train_0057_b11
PA_train_0058_b11,A,train,0,A,1,1,2545,11004,0.18740739358531133,0.514326274394989,0.8649232983589172,protocol_A/train/PA_train_0058_b11
PA_train_0059_b11,A,train,0,A,1,1,2437,10562,0.23004198226604355,0.44650352001190186,0.8661232590675354,protocol_A/train/PA_train_0059_b11
PA_train_0060_b11,A,train,0,A,1,1,2608,11243,0.20304495782275414,0.5239760875701904,0.8613187670707703,protocol_A/train/PA_train_0060_b11
PA_train_0061_b11,A,train,0,A,1,1,2487,10600,0.13435254660046989,0.560675323009491,0.8623823523521423,protocol_A/train/PA_train_0061_b11
PA_train_0062_b11,A,train,0,A,1,1,2500,10730,0.20560037093687875,0.4594232141971588,0.8634350895881653,protocol_A/train/PA_train_0062_b11
PA_train_0063_b11,A,train,0,A,1,1,2507,10700,0.12439442918963722,0.4580722451210022,0.8608558773994446,protocol_A/train/PA_train_0063_b11
PA_train_0064_b11,A,train,0,A,1,1,2459,10486,0.1298486408299511,0.49131566286087036,0.8625058531761169,protocol_A/train/PA_train_0064_b11
PA_train_0065_b11,A,train,0,A,1,1,2464,10490,0.1382312356952896,0.43020695447921753,0.8621996641159058,protocol_A/train/PA_train_0065_b11
PA_train_0066_b11,A,train,0,A,1,1,2511,10766,0.15916098067260515,0.47767043113708496,0.8617434501647949,protocol_A/train/PA_train_0066_b11
PA_train_0067_b11,A,train,0,A,1,1,2527,10881,0.22642471038343798,0.48040440678596497,0.8633334040641785,protocol_A/train/PA_train_0067_b11
PA_train_0068_b11,A,train,0,A,1,1,2546,11032,0.22920617189783082,0.43751096725463867,0.8644693493843079,protocol_A/train/PA_train_0068_b11
PA_train_0069_b11,A,train,0,A,1,1,2488,10660,0.10719985914332464,0.484060674905777,0.8601951003074646,protocol_A/train/PA_train_0069_b11
PA_train_0070_b11,A,train,0,A,1,1,2493,10588,0.1411953789084106,0.5305945873260498,0.8593862652778625,protocol_A/train/PA_train_0070_b11
PA_train_0071_b11,A,train,0,A,1,1,2615,11206,0.1039485860822256,0.5375158190727234,0.8624454140663147,protocol_A/train/PA_train_0071_b11
PA_train_0072_b11,A,train,0,A,1,1,2546,10968,0.16672053926032196,0.42182520031929016,0.8596180081367493,protocol_A/train/PA_train_0072_b11
PA_train_0073_b11,A,train,0,A,1,1,2530,10919,0.20722028673904175,0.5281254649162292,0.8628425002098083,protocol_A/train/PA_train_0073_b11
PA_train_0074_b11,A,train,0,A,1,1,2524,10858,0.15281599297441034,0.5623679757118225,0.8630760312080383,protocol_A/train/PA_train_0074_b11
PA_train_0075_b11,A,train,0,A,1,1,2516,10655,0.10050209538507893,0.4823788106441498,0.858788251876831,protocol_A/train/PA_train_0075_b11
PA_train_0076_b11,A,train,0,A,1,1,2556,11096,0.23162446299392736,0.49289512634277344,0.8661442399024963,protocol_A/train/PA_train_0076_b11
PA_train_0077_b11,A,train,0,A,1,1,2569,10946,0.16903980823174275,0.5607554912567139,0.8646572232246399,protocol_A/train/PA_train_0077_b11
PA_train_0078_b11,A,train,0,A,1,1,2520,10811,0.11763663265103838,0.48742422461509705,0.864867627620697,protocol_A/train/PA_train_0078_b11
PA_train_0079_b11,A,train,0,A,1,1,2341,9807,0.11510389032761023,0.510135293006897,0.8586847186088562,protocol_A/train/PA_train_0079_b11
PA_train_0080_b11,A,train,0,A,1,1,2541,10955,0.24343026382398544,0.5454621911048889,0.8643398880958557,protocol_A/train/PA_train_0080_b11
PA_train_0081_b11,A,train,0,A,1,1,2463,10568,0.20034903238669682,0.5250692963600159,0.8622202277183533,protocol_A/train/PA_train_0081_b11
PA_train_0082_b11,A,train,0,A,1,1,2564,11142,0.20824556199975722,0.5058847665786743,0.8628079295158386,protocol_A/train/PA_train_0082_b11
PA_train_0083_b11,A,train,0,A,1,1,2492,10514,0.1403533615744247,0.49204668402671814,0.8625848293304443,protocol_A/train/PA_train_0083_b11
PA_train_0084_b11,A,train,0,A,1,1,2440,10348,0.14101481173649394,0.5260574817657471,0.8602038025856018,protocol_A/train/PA_train_0084_b11
PA_train_0085_b11,A,train,0,A,1,1,2408,10131,0.11133773986006137,0.4460095167160034,0.8588374853134155,protocol_A/train/PA_train_0085_b11
PA_train_0086_b11,A,train,0,A,1,1,2471,10449,0.16201459018240053,0.4504566490650177,0.8598811030387878,protocol_A/train/PA_train_0086_b11
PA_train_0087_b11,A,train,0,A,1,1,2493,10689,0.25077810892431607,0.5091444253921509,0.865327775478363,protocol_A/train/PA_train_0087_b11
PA_train_0088_b11,A,train,0,A,1,1,2540,10892,0.10397501866512956,0.5091027617454529,0.8615671396255493,protocol_A/train/PA_train_0088_b11
PA_train_0089_b11,A,train,0,A,1,1,2414,10121,0.12329224336431902,0.4705810546875,0.8592604398727417,protocol_A/train/PA_train_0089_b11
PA_train_0090_b11,A,train,0,A,1,1,2478,10454,0.1466625521438898,0.4216254651546478,0.860443651676178,protocol_A/train/PA_train_0090_b11
PA_train_0091_b11,A,train,0,A,1,1,2500,10725,0.19149784749945617,0.523056149482727,0.8637694120407104,protocol_A/train/PA_train_0091_b11
PA_train_0092_b11,A,train,0,A,1,1,2504,10713,0.12222945995649909,0.42239609360694885,0.8611674904823303,protocol_A/train/PA_train_0092_b11
PA_train_0093_b11,A,train,0,A,1,1,2502,10688,0.14021496070072487,0.4914228916168213,0.8612726926803589,protocol_A/train/PA_train_0093_b11
PA_train_0094_b11,A,train,0,A,1,1,2446,10453,0.19809947681453755,0.48691827058792114,0.8588802218437195,protocol_A/train/PA_train_0094_b11
PA_train_0095_b11,A,train,0,A,1,1,2401,10112,0.11368222081584112,0.42890864610671997,0.8588808178901672,protocol_A/train/PA_train_0095_b11
PA_train_0096_b11,A,train,0,A,1,1,2387,10111,0.1807589489536957,0.525514543056488,0.8607195615768433,protocol_A/train/PA_train_0096_b11
PA_train_0097_b11,A,train,0,A,1,1,2487,10699,0.17864680614559697,0.5261011123657227,0.8626551032066345,protocol_A/train/PA_train_0097_b11
PA_train_0098_b11,A,train,0,A,1,1,2517,10754,0.15479096451531107,0.550418496131897,0.8625500798225403,protocol_A/train/PA_train_0098_b11
PA_train_0099_b11,A,train,0,A,1,1,2470,10496,0.10226777534954806,0.5229569673538208,0.8605968356132507,protocol_A/train/PA_train_0099_b11
PA_train_0100_b11,A,train,0,A,1,1,2504,10735,0.14833333302584123,0.5278564095497131,0.8656821250915527,protocol_A/train/PA_train_0100_b11
PA_train_0101_b11,A,train,0,A,1,1,2327,9750,0.16441745811847766,0.43787750601768494,0.8572668433189392,protocol_A/train/PA_train_0101_b11
PA_train_0102_b11,A,train,0,A,1,1,2488,10774,0.21853658998305076,0.4821920096874237,0.8650726675987244,protocol_A/train/PA_train_0102_b11
PA_train_0103_b11,A,train,0,A,1,1,2624,11295,0.12553789585197306,0.4606979191303253,0.861966609954834,protocol_A/train/PA_train_0103_b11
PA_train_0104_b11,A,train,0,A,1,1,2608,11346,0.143448221510008,0.5022498965263367,0.8644786477088928,protocol_A/train/PA_train_0104_b11
PA_train_0105_b11,A,train,0,A,1,1,2578,11076,0.12766646320930458,0.5011781454086304,0.8659204840660095,protocol_A/train/PA_train_0105_b11
PA_train_0106_b11,A,train,0,A,1,1,2566,11041,0.15117027081021228,0.5314592719078064,0.8625812530517578,protocol_A/train/PA_train_0106_b11
PA_train_0107_b11,A,train,0,A,1,1,2583,11188,0.14845745194671317,0.44843342900276184,0.8632481098175049,protocol_A/train/PA_train_0107_b11
PA_train_0108_b11,A,train,0,A,1,1,2396,10206,0.11268519556178418,0.42146214842796326,0.8620995283126831,protocol_A/train/PA_train_0108_b11
PA_train_0109_b11,A,train,0,A,1,1,2430,10213,0.12510957442297266,0.4549488425254822,0.8565318584442139,protocol_A/train/PA_train_0109_b11
PA_train_0110_b11,A,train,0,A,1,1,2511,10859,0.2180928459138927,0.4081188440322876,0.8606401681900024,protocol_A/train/PA_train_0110_b11
PA_train_0111_b11,A,train,0,A,1,1,2444,10446,0.1970195441827705,0.510176420211792,0.8609699010848999,protocol_A/train/PA_train_0111_b11
PA_train_0112_b11,A,train,0,A,1,1,2406,10072,0.12704824610171792,0.49234381318092346,0.8578264117240906,protocol_A/train/PA_train_0112_b11
PA_train_0113_b11,A,train,0,A,1,1,2441,10306,0.18103584960355634,0.5230201482772827,0.8589365482330322,protocol_A/train/PA_train_0113_b11
PA_train_0114_b11,A,train,0,A,1,1,2402,10154,0.1515428292496397,0.5107114315032959,0.8597573041915894,protocol_A/train/PA_train_0114_b11
PA_train_0115_b11,A,train,0,A,1,1,2551,10779,0.10860292005825978,0.5075315237045288,0.858607292175293,protocol_A/train/PA_train_0115_b11
PA_train_0116_b11,A,train,0,A,1,1,2500,10784,0.16910531214959093,0.5539852380752563,0.8627638816833496,protocol_A/train/PA_train_0116_b11
PA_train_0117_b11,A,train,0,A,1,1,2537,10789,0.10519047768020778,0.45838040113449097,0.8608654141426086,protocol_A/train/PA_train_0117_b11
PA_train_0118_b11,A,train,0,A,1,1,2432,10252,0.11786135290423276,0.45596060156822205,0.859580397605896,protocol_A/train/PA_train_0118_b11
PA_train_0119_b11,A,train,0,A,1,1,2405,10130,0.13120879840716246,0.49328967928886414,0.8624725937843323,protocol_A/train/PA_train_0119_b11
PA_train_0120_b11,A,train,0,A,1,1,2575,11040,0.26585577060170856,0.5639916062355042,0.8650001287460327,protocol_A/train/PA_train_0120_b11
PA_train_0121_b11,A,train,0,A,1,1,2454,10475,0.1482981349289717,0.3986097276210785,0.86322420835495,protocol_A/train/PA_train_0121_b11
PA_train_0122_b11,A,train,0,A,1,1,2422,10336,0.18735758060574376,0.5090068578720093,0.8634535670280457,protocol_A/train/PA_train_0122_b11
PA_train_0123_b11,A,train,0,A,1,1,2568,11113,0.17335792927439575,0.42651990056037903,0.8640007972717285,protocol_A/train/PA_train_0123_b11
PA_train_0124_b11,A,train,0,A,1,1,2476,10496,0.10405326841326346,0.5151969790458679,0.8595485091209412,protocol_A/train/PA_train_0124_b11
PA_train_0125_b11,A,train,0,A,1,1,2641,11375,0.254817978134253,0.4629379212856293,0.8626210689544678,protocol_A/train/PA_train_0125_b11
PA_train_0126_b11,A,train,0,A,1,1,2474,10693,0.16757224076676827,0.443001925945282,0.86342853307724,protocol_A/train/PA_train_0126_b11
PA_train_0127_b11,A,train,0,A,1,1,2644,11433,0.12935200494668414,0.47413936257362366,0.8653436899185181,protocol_A/train/PA_train_0127_b11
PA_train_0128_b11,A,train,0,A,1,1,2578,10978,0.1937743861919955,0.5111300349235535,0.8620669841766357,protocol_A/train/PA_train_0128_b11
PA_train_0129_b11,A,train,0,A,1,1,2421,10184,0.10510173497460418,0.4656738340854645,0.8578310608863831,protocol_A/train/PA_train_0129_b11
PA_train_0130_b11,A,train,0,A,1,1,2515,10825,0.1407179486320987,0.43901050090789795,0.8613476753234863,protocol_A/train/PA_train_0130_b11
PA_train_0131_b11,A,train,0,A,1,1,2420,10293,0.10380112120437165,0.43451327085494995,0.859049379825592,protocol_A/train/PA_train_0131_b11
PA_train_0132_b11,A,train,0,A,1,1,2586,11097,0.13095059482468252,0.5538920760154724,0.8621439933776855,protocol_A/train/PA_train_0132_b11
PA_train_0133_b11,A,train,0,A,1,1,2480,10586,0.11869663276526059,0.44192227721214294,0.8639219999313354,protocol_A/train/PA_train_0133_b11
PA_train_0134_b11,A,train,0,A,1,1,2498,10771,0.17006724420756625,0.5192891359329224,0.8613387942314148,protocol_A/train/PA_train_0134_b11
PA_train_0135_b11,A,train,0,A,1,1,2485,10540,0.1275343243720737,0.4746192991733551,0.8625961542129517,protocol_A/train/PA_train_0135_b11
PA_train_0136_b11,A,train,0,A,1,1,2560,11119,0.20428389515218975,0.4586549401283264,0.8643748164176941,protocol_A/train/PA_train_0136_b11
PA_train_0137_b11,A,train,0,A,1,1,2476,10570,0.17690945868899435,0.5171511173248291,0.8582193851470947,protocol_A/train/PA_train_0137_b11
PA_train_0138_b11,A,train,0,A,1,1,2537,10825,0.26240555553005385,0.5410612225532532,0.8656678795814514,protocol_A/train/PA_train_0138_b11
PA_train_0139_b11,A,train,0,A,1,1,2323,9756,0.11285401574402007,0.5325101613998413,0.8601553440093994,protocol_A/train/PA_train_0139_b11
PA_train_0140_b11,A,train,0,A,1,1,2396,10133,0.15588980414983628,0.4284985661506653,0.8625282645225525,protocol_A/train/PA_train_0140_b11
PA_train_0141_b11,A,train,0,A,1,1,2599,11078,0.11736064667841989,0.41547611355781555,0.8642680644989014,protocol_A/train/PA_train_0141_b11
PA_train_0142_b11,A,train,0,A,1,1,2451,10331,0.13350449022664013,0.47791242599487305,0.8605603575706482,protocol_A/train/PA_train_0142_b11
PA_train_0143_b11,A,train,0,A,1,1,2393,10089,0.15180348114120631,0.5363373160362244,0.8604928851127625,protocol_A/train/PA_train_0143_b11
PA_train_0144_b11,A,train,0,A,1,1,2336,9761,0.12098097926636855,0.4952022135257721,0.8568994402885437,protocol_A/train/PA_train_0144_b11
PA_train_0145_b11,A,train,0,A,1,1,2558,10893,0.1643617464870023,0.5343306660652161,0.8636894226074219,protocol_A/train/PA_train_0145_b11
PA_train_0146_b11,A,train,0,A,1,1,2657,11387,0.10695776318382483,0.4499712884426117,0.8601991534233093,protocol_A/train/PA_train_0146_b11
PA_train_0147_b11,A,train,0,A,1,1,2468,10498,0.12243260334053441,0.5495396852493286,0.8643928170204163,protocol_A/train/PA_train_0147_b11
PA_train_0148_b11,A,train,0,A,1,1,2410,10187,0.18580632229913138,0.5177280306816101,0.8602108359336853,protocol_A/train/PA_train_0148_b11
PA_train_0149_b11,A,train,0,A,1,1,2534,10926,0.27409153051533197,0.43977242708206177,0.8644070625305176,protocol_A/train/PA_train_0149_b11
PA_train_0150_b11,A,train,0,A,1,1,2516,10671,0.12968183522782684,0.5269205570220947,0.8614703416824341,protocol_A/train/PA_train_0150_b11
PA_train_0151_b11,A,train,0,A,1,1,2482,10733,0.20218455202611174,0.4201296269893646,0.8629074096679688,protocol_A/train/PA_train_0151_b11
PA_train_0152_b11,A,train,0,A,1,1,2599,11173,0.20398009908564496,0.46280115842819214,0.8621094226837158,protocol_A/train/PA_train_0152_b11
PA_train_0153_b11,A,train,0,A,1,1,2481,10620,0.2549738918381045,0.4196777045726776,0.864438533782959,protocol_A/train/PA_train_0153_b11
PA_train_0154_b11,A,train,0,A,1,1,2553,10918,0.19325934612464926,0.4997604191303253,0.8615646362304688,protocol_A/train/PA_train_0154_b11
PA_train_0155_b11,A,train,0,A,1,1,2551,10970,0.1541592841156807,0.4580713212490082,0.860213041305542,protocol_A/train/PA_train_0155_b11
PA_train_0156_b11,A,train,0,A,1,1,2520,10765,0.17594516284851436,0.5209911465644836,0.8632948398590088,protocol_A/train/PA_train_0156_b11
PA_train_0157_b11,A,train,0,A,1,1,2540,10873,0.1132651408082043,0.5577760338783264,0.8608640432357788,protocol_A/train/PA_train_0157_b11
PA_train_0158_b11,A,train,0,A,1,1,2422,10383,0.16996144757701748,0.4757893979549408,0.8619564771652222,protocol_A/train/PA_train_0158_b11
PA_train_0159_b11,A,train,0,A,1,1,2583,11188,0.18268598395642385,0.5049217939376831,0.8627634644508362,protocol_A/train/PA_train_0159_b11
PA_train_0160_b11,A,train,0,A,1,1,2436,10388,0.15312512398353392,0.5623819828033447,0.8589425683021545,protocol_A/train/PA_train_0160_b11
PA_train_0161_b11,A,train,0,A,1,1,2489,10579,0.17747111193941673,0.5349787473678589,0.8618437647819519,protocol_A/train/PA_train_0161_b11
PA_train_0162_b11,A,train,0,A,1,1,2492,10623,0.15572068039076353,0.45353808999061584,0.8604465126991272,protocol_A/train/PA_train_0162_b11
PA_train_0163_b11,A,train,0,A,1,1,2369,9881,0.1457242542670811,0.5485884547233582,0.860483705997467,protocol_A/train/PA_train_0163_b11
PA_train_0164_b11,A,train,0,A,1,1,2374,10004,0.12752330168386833,0.45611801743507385,0.8575380444526672,protocol_A/train/PA_train_0164_b11
PA_train_0165_b11,A,train,0,A,1,1,2514,10696,0.10134012864089426,0.4588162302970886,0.8648353219032288,protocol_A/train/PA_train_0165_b11
PA_train_0166_b11,A,train,0,A,1,1,2378,9910,0.1012903099660406,0.5333662033081055,0.8560211658477783,protocol_A/train/PA_train_0166_b11
PA_train_0167_b11,A,train,0,A,1,1,2355,9948,0.11016002022842439,0.44781678915023804,0.8576706051826477,protocol_A/train/PA_train_0167_b11
PA_train_0168_b11,A,train,0,A,1,1,2501,10777,0.22475140409444083,0.42397406697273254,0.8621094226837158,protocol_A/train/PA_train_0168_b11
PA_train_0169_b11,A,train,0,A,1,1,2415,10224,0.152328003717704,0.39596685767173767,0.859281599521637,protocol_A/train/PA_train_0169_b11
PA_train_0170_b11,A,train,0,A,1,1,2515,10741,0.15096446897862362,0.47142651677131653,0.8628932237625122,protocol_A/train/PA_train_0170_b11
PA_train_0171_b11,A,train,0,A,1,1,2534,10857,0.21038289538841148,0.4289672076702118,0.8646866083145142,protocol_A/train/PA_train_0171_b11
PA_train_0172_b11,A,train,0,A,1,1,2562,10996,0.16580300554227445,0.5347047448158264,0.8661551475524902,protocol_A/train/PA_train_0172_b11
PA_train_0173_b11,A,train,0,A,1,1,2570,11047,0.1425786821427859,0.49612751603126526,0.8615171313285828,protocol_A/train/PA_train_0173_b11
PA_train_0174_b11,A,train,0,A,1,1,2370,10010,0.1395246741233642,0.45036235451698303,0.862559974193573,protocol_A/train/PA_train_0174_b11
PA_train_0175_b11,A,train,0,A,1,1,2453,10366,0.12472311337131248,0.5238046050071716,0.8634760975837708,protocol_A/train/PA_train_0175_b11
PA_train_0176_b11,A,train,0,A,1,1,2433,10273,0.10432899619073545,0.4716375172138214,0.8620301485061646,protocol_A/train/PA_train_0176_b11
PA_train_0177_b11,A,train,0,A,1,1,2474,10456,0.1346439977103692,0.4683738946914673,0.863088846206665,protocol_A/train/PA_train_0177_b11
PA_train_0178_b11,A,train,0,A,1,1,2473,10601,0.10207773600184172,0.49660786986351013,0.8620359897613525,protocol_A/train/PA_train_0178_b11
PA_train_0179_b11,A,train,0,A,1,1,2588,11144,0.14939888653222613,0.5520797371864319,0.8645860552787781,protocol_A/train/PA_train_0179_b11
PA_train_0180_b11,A,train,0,A,1,1,2423,10311,0.14239911793213905,0.4368847906589508,0.8599663972854614,protocol_A/train/PA_train_0180_b11
PA_train_0181_b11,A,train,0,A,1,1,2523,10710,0.12157814492079314,0.4202011525630951,0.8607388138771057,protocol_A/train/PA_train_0181_b11
PA_train_0182_b11,A,train,0,A,1,1,2445,10349,0.11190526954212043,0.4568626582622528,0.860355794429779,protocol_A/train/PA_train_0182_b11
PA_train_0183_b11,A,train,0,A,1,1,2431,10323,0.17637482171682428,0.5144176483154297,0.8584693074226379,protocol_A/train/PA_train_0183_b11
PA_train_0184_b11,A,train,0,A,1,1,2538,10762,0.11154906120022304,0.4786990284919739,0.8609190583229065,protocol_A/train/PA_train_0184_b11
PA_train_0185_b11,A,train,0,A,1,1,2597,11144,0.10138623444062991,0.4609938859939575,0.8617594242095947,protocol_A/train/PA_train_0185_b11
PA_train_0186_b11,A,train,0,A,1,1,2408,10082,0.10356523273386789,0.5546873807907104,0.8594191670417786,protocol_A/train/PA_train_0186_b11
PA_train_0187_b11,A,train,0,A,1,1,2524,10841,0.22477019194892842,0.4383600652217865,0.8645746111869812,protocol_A/train/PA_train_0187_b11
PA_train_0188_b11,A,train,0,A,1,1,2433,10328,0.1745583067601125,0.5855348706245422,0.861032247543335,protocol_A/train/PA_train_0188_b11
PA_train_0189_b11,A,train,0,A,1,1,2529,10985,0.20190430216571034,0.4988851249217987,0.8634268045425415,protocol_A/train/PA_train_0189_b11
PA_train_0190_b11,A,train,0,A,1,1,2524,10927,0.18792714537571115,0.5209245681762695,0.8648630380630493,protocol_A/train/PA_train_0190_b11
PA_train_0191_b11,A,train,0,A,1,1,2468,10597,0.182039884992253,0.49625828862190247,0.8627699613571167,protocol_A/train/PA_train_0191_b11
PA_train_0192_b11,A,train,0,A,1,1,2436,10274,0.11903116918340827,0.45295020937919617,0.8612085580825806,protocol_A/train/PA_train_0192_b11
PA_train_0193_b11,A,train,0,A,1,1,2435,10327,0.10433126437262234,0.518602192401886,0.8618648648262024,protocol_A/train/PA_train_0193_b11
PA_train_0194_b11,A,train,0,A,1,1,2525,10650,0.11353519040793539,0.4213603138923645,0.859054446220398,protocol_A/train/PA_train_0194_b11
PA_train_0195_b11,A,train,0,A,1,1,2539,10793,0.1853701256562451,0.5105928778648376,0.8593568801879883,protocol_A/train/PA_train_0195_b11
PA_train_0196_b11,A,train,0,A,1,1,2534,10727,0.12684839379622895,0.4258265793323517,0.8607924580574036,protocol_A/train/PA_train_0196_b11
PA_train_0197_b11,A,train,0,A,1,1,2510,10606,0.11761967269293178,0.4557575583457947,0.8620363473892212,protocol_A/train/PA_train_0197_b11
PA_train_0198_b11,A,train,0,A,1,1,2611,11250,0.11648520248928435,0.5076858401298523,0.8628146052360535,protocol_A/train/PA_train_0198_b11
PA_train_0199_b11,A,train,0,A,1,1,2369,9935,0.13400543210042287,0.457790732383728,0.8634838461875916,protocol_A/train/PA_train_0199_b11
PA_train_0200_b11,A,train,0,A,1,1,2501,10653,0.13973474087183568,0.562565803527832,0.8643321394920349,protocol_A/train/PA_train_0200_b11
PA_train_0201_b11,A,train,0,A,1,1,2484,10621,0.11674569450046021,0.467288613319397,0.859549343585968,protocol_A/train/PA_train_0201_b11
PA_train_0202_b11,A,train,0,A,1,1,2472,10347,0.1146794027157027,0.43755173683166504,0.8573691844940186,protocol_A/train/PA_train_0202_b11
PA_train_0203_b11,A,train,0,A,1,1,2484,10614,0.17250472037315073,0.4713975191116333,0.8628109097480774,protocol_A/train/PA_train_0203_b11
PA_train_0204_b11,A,train,0,A,1,1,2480,10632,0.28339198165825463,0.4986591935157776,0.8654323816299438,protocol_A/train/PA_train_0204_b11
PA_train_0205_b11,A,train,0,A,1,1,2392,10229,0.16996498982586866,0.34455445408821106,0.8625629544258118,protocol_A/train/PA_train_0205_b11
PA_train_0206_b11,A,train,0,A,1,1,2570,10925,0.10930664357614511,0.4795253276824951,0.8611143231391907,protocol_A/train/PA_train_0206_b11
PA_train_0207_b11,A,train,0,A,1,1,2462,10509,0.2393728739994783,0.46950697898864746,0.8631628751754761,protocol_A/train/PA_train_0207_b11
PA_train_0208_b11,A,train,0,A,1,1,2585,11155,0.16522199108691768,0.5167372226715088,0.8622708916664124,protocol_A/train/PA_train_0208_b11
PA_train_0209_b11,A,train,0,A,1,1,2336,9822,0.10265071636244938,0.49643221497535706,0.8594647645950317,protocol_A/train/PA_train_0209_b11
PA_train_0210_b11,A,train,0,A,1,1,2421,10193,0.11394983472519946,0.4646872282028198,0.8581042289733887,protocol_A/train/PA_train_0210_b11
PA_train_0211_b11,A,train,0,A,1,1,2476,10649,0.2892639925784911,0.495925635099411,0.8620766401290894,protocol_A/train/PA_train_0211_b11
PA_train_0212_b11,A,train,0,A,1,1,2536,10931,0.12080369152486475,0.4404163360595703,0.8626341819763184,protocol_A/train/PA_train_0212_b11
PA_train_0213_b11,A,train,0,A,1,1,2483,10656,0.1786019727952254,0.4468193054199219,0.8612544536590576,protocol_A/train/PA_train_0213_b11
PA_train_0214_b11,A,train,0,A,1,1,2536,10874,0.1222912397874334,0.489226371049881,0.8593394160270691,protocol_A/train/PA_train_0214_b11
PA_train_0215_b11,A,train,0,A,1,1,2484,10713,0.14962933833126266,0.523045539855957,0.8638770580291748,protocol_A/train/PA_train_0215_b11
PA_train_0216_b11,A,train,0,A,1,1,2537,10932,0.16733381705646055,0.4329463541507721,0.8616011142730713,protocol_A/train/PA_train_0216_b11
PA_train_0217_b11,A,train,0,A,1,1,2534,10992,0.10869652752522758,0.44592663645744324,0.8637887239456177,protocol_A/train/PA_train_0217_b11
PA_train_0218_b11,A,train,0,A,1,1,2417,10118,0.1290568124032571,0.4808270037174225,0.8565725088119507,protocol_A/train/PA_train_0218_b11
PA_train_0219_b11,A,train,0,A,1,1,2488,10616,0.11649170458635011,0.43509984016418457,0.8618239760398865,protocol_A/train/PA_train_0219_b11
PA_train_0220_b11,A,train,0,A,1,1,2614,11301,0.19822074345112017,0.5430055856704712,0.8628544807434082,protocol_A/train/PA_train_0220_b11
PA_train_0221_b11,A,train,0,A,1,1,2372,9916,0.15796234821246952,0.4460195302963257,0.8587298393249512,protocol_A/train/PA_train_0221_b11
PA_train_0222_b11,A,train,0,A,1,1,2484,10606,0.1309695015797871,0.4484140872955322,0.861289918422699,protocol_A/train/PA_train_0222_b11
PA_train_0223_b11,A,train,0,A,1,1,2379,10020,0.12098616508029605,0.5061346292495728,0.8594381809234619,protocol_A/train/PA_train_0223_b11
PA_train_0224_b11,A,train,0,A,1,1,2473,10441,0.12146912451817793,0.37993794679641724,0.8586217164993286,protocol_A/train/PA_train_0224_b11
PA_train_0225_b11,A,train,0,A,1,1,2505,10901,0.1947167457068941,0.3790770173072815,0.8636378645896912,protocol_A/train/PA_train_0225_b11
PA_train_0226_b11,A,train,0,A,1,1,2498,10623,0.1790598685510918,0.4979093074798584,0.8619941473007202,protocol_A/train/PA_train_0226_b11
PA_train_0227_b11,A,train,0,A,1,1,2495,10704,0.11124987517706689,0.4497663974761963,0.8644651174545288,protocol_A/train/PA_train_0227_b11
PA_train_0228_b11,A,train,0,A,1,1,2517,10901,0.19518353046812267,0.493713915348053,0.8646904230117798,protocol_A/train/PA_train_0228_b11
PA_train_0229_b11,A,train,0,A,1,1,2587,11098,0.16288932384993274,0.5196848511695862,0.8620364665985107,protocol_A/train/PA_train_0229_b11
PA_train_0230_b11,A,train,0,A,1,1,2508,10668,0.13169410062713116,0.4616631269454956,0.8631932139396667,protocol_A/train/PA_train_0230_b11
PA_train_0231_b11,A,train,0,A,1,1,2588,11141,0.23612189859902014,0.5323221683502197,0.8634414076805115,protocol_A/train/PA_train_0231_b11
PA_train_0232_b11,A,train,0,A,1,1,2531,10827,0.23221430313647745,0.4183179438114166,0.8631106615066528,protocol_A/train/PA_train_0232_b11
PA_train_0233_b11,A,train,0,A,1,1,2486,10718,0.1728723465523923,0.5023415684700012,0.8630346655845642,protocol_A/train/PA_train_0233_b11
PA_train_0234_b11,A,train,0,A,1,1,2400,10138,0.11143449062141997,0.5190293192863464,0.8612993955612183,protocol_A/train/PA_train_0234_b11
PA_train_0235_b11,A,train,0,A,1,1,2492,10710,0.16953046789087423,0.33365389704704285,0.8580308556556702,protocol_A/train/PA_train_0235_b11
PA_train_0236_b11,A,train,0,A,1,1,2350,9853,0.11505068507265381,0.3973730802536011,0.8581444025039673,protocol_A/train/PA_train_0236_b11
PA_train_0237_b11,A,train,0,A,1,1,2523,10872,0.14512350158696558,0.48801976442337036,0.8630078434944153,protocol_A/train/PA_train_0237_b11
PA_train_0238_b11,A,train,0,A,1,1,2487,10676,0.10637333751593556,0.5003622770309448,0.86052405834198,protocol_A/train/PA_train_0238_b11
PA_train_0239_b11,A,train,0,A,1,1,2523,10800,0.19681144447334226,0.5460374355316162,0.8651750683784485,protocol_A/train/PA_train_0239_b11
PA_train_0240_b11,A,train,0,A,1,1,2550,11000,0.19441510630016162,0.4216146767139435,0.8629497289657593,protocol_A/train/PA_train_0240_b11
PA_train_0241_b11,A,train,0,A,1,1,2584,11152,0.24815224369450894,0.4905158281326294,0.8630017042160034,protocol_A/train/PA_train_0241_b11
PA_train_0242_b11,A,train,0,A,1,1,2526,10887,0.20701292466432827,0.5620844960212708,0.8656520247459412,protocol_A/train/PA_train_0242_b11
PA_train_0243_b11,A,train,0,A,1,1,2499,10494,0.10665595023781127,0.47186991572380066,0.8595129251480103,protocol_A/train/PA_train_0243_b11
PA_train_0244_b11,A,train,0,A,1,1,2552,10966,0.14502111212307633,0.48576459288597107,0.8609282970428467,protocol_A/train/PA_train_0244_b11
PA_train_0245_b11,A,train,0,A,1,1,2546,10898,0.13465301067424146,0.52386873960495,0.8635374307632446,protocol_A/train/PA_train_0245_b11
PA_train_0246_b11,A,train,0,A,1,1,2456,10518,0.21255256431279637,0.4709140658378601,0.8650136590003967,protocol_A/train/PA_train_0246_b11
PA_train_0247_b11,A,train,0,A,1,1,2419,10355,0.22286243860522975,0.3687758147716522,0.8600388169288635,protocol_A/train/PA_train_0247_b11
PA_train_0248_b11,A,train,0,A,1,1,2424,10319,0.1524373143407168,0.5417114496231079,0.8621798753738403,protocol_A/train/PA_train_0248_b11
PA_train_0249_b11,A,train,0,A,1,1,2592,11123,0.17268840869524368,0.5346567630767822,0.8632261157035828,protocol_A/train/PA_train_0249_b11
PA_train_0250_b11,A,train,0,A,1,1,2541,10872,0.11540166069299845,0.4100901484489441,0.8586874604225159,protocol_A/train/PA_train_0250_b11
PA_train_0251_b11,A,train,0,A,1,1,2426,10187,0.11078486511072494,0.44311046600341797,0.8626096248626709,protocol_A/train/PA_train_0251_b11
PA_train_0252_b11,A,train,0,A,1,1,2433,10339,0.11143077531525433,0.477273166179657,0.8603234887123108,protocol_A/train/PA_train_0252_b11
PA_train_0253_b11,A,train,0,A,1,1,2514,10749,0.14887345197546561,0.4739699363708496,0.8651206493377686,protocol_A/train/PA_train_0253_b11
PA_train_0254_b11,A,train,0,A,1,1,2463,10470,0.10819829915491103,0.45526930689811707,0.8596791625022888,protocol_A/train/PA_train_0254_b11
PA_train_0255_b11,A,train,0,A,1,1,2500,10772,0.13635273800872166,0.5299438834190369,0.864547073841095,protocol_A/train/PA_train_0255_b11
PA_train_0256_b11,A,train,0,A,1,1,2586,11155,0.17569600284585227,0.4639257490634918,0.8629003167152405,protocol_A/train/PA_train_0256_b11
PA_train_0257_b11,A,train,0,A,1,1,2506,10728,0.16871689251580874,0.42344310879707336,0.8633632659912109,protocol_A/train/PA_train_0257_b11
PA_train_0258_b11,A,train,0,A,1,1,2469,10431,0.11791348048917577,0.4374619126319885,0.858881413936615,protocol_A/train/PA_train_0258_b11
PA_train_0259_b11,A,train,0,A,1,1,2553,10929,0.1024161808066619,0.47930192947387695,0.863703727722168,protocol_A/train/PA_train_0259_b11
PA_train_0260_b11,A,train,0,A,1,1,2514,10772,0.15030858311030776,0.47423577308654785,0.8642783164978027,protocol_A/train/PA_train_0260_b11
PA_train_0261_b11,A,train,0,A,1,1,2515,10671,0.16899157721525263,0.5247088670730591,0.8643290996551514,protocol_A/train/PA_train_0261_b11
PA_train_0262_b11,A,train,0,A,1,1,2572,11096,0.20812393906647064,0.4889361560344696,0.8646816611289978,protocol_A/train/PA_train_0262_b11
PA_train_0263_b11,A,train,0,A,1,1,2360,9897,0.11346907009964738,0.36494699120521545,0.8578677773475647,protocol_A/train/PA_train_0263_b11
PA_train_0264_b11,A,train,0,A,1,1,2624,11247,0.10021365929575182,0.4713613986968994,0.8613537549972534,protocol_A/train/PA_train_0264_b11
PA_train_0265_b11,A,train,0,A,1,1,2538,10968,0.16232620945727652,0.4741207957267761,0.862334668636322,protocol_A/train/PA_train_0265_b11
PA_train_0266_b11,A,train,0,A,1,1,2459,10464,0.11193699798572737,0.4413490295410156,0.8598194122314453,protocol_A/train/PA_train_0266_b11
PA_train_0267_b11,A,train,0,A,1,1,2545,10904,0.14365070656494455,0.4405607283115387,0.8613466024398804,protocol_A/train/PA_train_0267_b11
PA_train_0268_b11,A,train,0,A,1,1,2494,10608,0.1317747603554176,0.44712966680526733,0.8628859519958496,protocol_A/train/PA_train_0268_b11
PA_train_0269_b11,A,train,0,A,1,1,2511,10770,0.17790402882279477,0.4493515193462372,0.8634798526763916,protocol_A/train/PA_train_0269_b11
PA_train_0270_b11,A,train,0,A,1,1,2557,11037,0.1752755515992134,0.5576431155204773,0.864668071269989,protocol_A/train/PA_train_0270_b11
PA_train_0271_b11,A,train,0,A,1,1,2600,11184,0.1559543907390055,0.5167027711868286,0.8623535633087158,protocol_A/train/PA_train_0271_b11
PA_train_0272_b11,A,train,0,A,1,1,2464,10509,0.17760854944548676,0.48541343212127686,0.8581372499465942,protocol_A/train/PA_train_0272_b11
PA_train_0273_b11,A,train,0,A,1,1,2481,10571,0.15653280218975657,0.5440102219581604,0.863176703453064,protocol_A/train/PA_train_0273_b11
PA_train_0274_b11,A,train,0,A,1,1,2565,10981,0.13140167720222817,0.5168749094009399,0.859076738357544,protocol_A/train/PA_train_0274_b11
PA_train_0275_b11,A,train,0,A,1,1,2539,10796,0.14805738317194914,0.5090427398681641,0.8626918196678162,protocol_A/train/PA_train_0275_b11
PA_train_0276_b11,A,train,0,A,1,1,2485,10695,0.20861727369664285,0.5106415152549744,0.8603248000144958,protocol_A/train/PA_train_0276_b11
PA_train_0277_b11,A,train,0,A,1,1,2533,10592,0.10550487821680153,0.44602668285369873,0.8600868582725525,protocol_A/train/PA_train_0277_b11
PA_train_0278_b11,A,train,0,A,1,1,2475,10665,0.23137080928505097,0.4334610402584076,0.8676581382751465,protocol_A/train/PA_train_0278_b11
PA_train_0279_b11,A,train,0,A,1,1,2559,10897,0.11987115550365374,0.5456664562225342,0.8630936145782471,protocol_A/train/PA_train_0279_b11
PA_train_0280_b11,A,train,0,A,1,1,2566,11024,0.10877318753795179,0.5218038558959961,0.8625034093856812,protocol_A/train/PA_train_0280_b11
PA_train_0281_b11,A,train,0,A,1,1,2538,10780,0.18168352049406505,0.5122637748718262,0.8600677251815796,protocol_A/train/PA_train_0281_b11
PA_train_0282_b11,A,train,0,A,1,1,2547,10920,0.13733063406219273,0.4424331784248352,0.8639172911643982,protocol_A/train/PA_train_0282_b11
PA_train_0283_b11,A,train,0,A,1,1,2462,10511,0.11661739237541932,0.4752003848552704,0.8622093796730042,protocol_A/train/PA_train_0283_b11
PA_train_0284_b11,A,train,0,A,1,1,2404,10214,0.11519634905471551,0.5237942934036255,0.8607708215713501,protocol_A/train/PA_train_0284_b11
PA_train_0285_b11,A,train,0,A,1,1,2585,11086,0.10008913019122648,0.5041759014129639,0.8645728826522827,protocol_A/train/PA_train_0285_b11
PA_train_0286_b11,A,train,0,A,1,1,2465,10443,0.12648344612098616,0.5586140155792236,0.86423659324646,protocol_A/train/PA_train_0286_b11
PA_train_0287_b11,A,train,0,A,1,1,2467,10457,0.10438565044390351,0.5123627781867981,0.8613297939300537,protocol_A/train/PA_train_0287_b11
PA_train_0288_b11,A,train,0,A,1,1,2518,10729,0.17233502837589482,0.47042587399482727,0.8610523343086243,protocol_A/train/PA_train_0288_b11
PA_train_0289_b11,A,train,0,A,1,1,2379,9956,0.11422321935828889,0.5162191987037659,0.8581308722496033,protocol_A/train/PA_train_0289_b11
PA_train_0290_b11,A,train,0,A,1,1,2402,10220,0.2808359763686934,0.43781012296676636,0.8611411452293396,protocol_A/train/PA_train_0290_b11
PA_train_0291_b11,A,train,0,A,1,1,2558,11012,0.20597097974129439,0.47728580236434937,0.8611794710159302,protocol_A/train/PA_train_0291_b11
PA_train_0292_b11,A,train,0,A,1,1,2568,11043,0.1899006884983359,0.44077131152153015,0.8618310689926147,protocol_A/train/PA_train_0292_b11
PA_train_0293_b11,A,train,0,A,1,1,2377,10031,0.11576634256866922,0.432879775762558,0.8566464185714722,protocol_A/train/PA_train_0293_b11
PA_train_0294_b11,A,train,0,A,1,1,2505,10804,0.1598722985742242,0.4253305196762085,0.8660357594490051,protocol_A/train/PA_train_0294_b11
PA_train_0295_b11,A,train,0,A,1,1,2564,11022,0.14339627461831148,0.5282157063484192,0.8603528141975403,protocol_A/train/PA_train_0295_b11
PA_train_0296_b11,A,train,0,A,1,1,2487,10734,0.1821823719135393,0.4792780876159668,0.8599329590797424,protocol_A/train/PA_train_0296_b11
PA_train_0297_b11,A,train,0,A,1,1,2507,10660,0.1519363635834617,0.45037785172462463,0.8599252104759216,protocol_A/train/PA_train_0297_b11
PA_train_0298_b11,A,train,0,A,1,1,2372,10023,0.10237601994574916,0.4309886693954468,0.860375165939331,protocol_A/train/PA_train_0298_b11
PA_train_0299_b11,A,train,0,A,1,1,2465,10446,0.10034158769143184,0.5715346932411194,0.8612992167472839,protocol_A/train/PA_train_0299_b11
PA_train_0300_b11,A,train,0,A,1,1,2484,10719,0.13202474561594024,0.43964460492134094,0.8636073470115662,protocol_A/train/PA_train_0300_b11
PA_train_0301_b11,A,train,0,A,1,1,2585,11168,0.17127433615643323,0.5427151322364807,0.8628920316696167,protocol_A/train/PA_train_0301_b11
PA_train_0302_b11,A,train,0,A,1,1,2446,10346,0.11794271781429747,0.3343988060951233,0.8607679009437561,protocol_A/train/PA_train_0302_b11
PA_train_0303_b11,A,train,0,A,1,1,2577,10942,0.11646584741609681,0.37785983085632324,0.8601667881011963,protocol_A/train/PA_train_0303_b11
PA_train_0304_b11,A,train,0,A,1,1,2624,11336,0.12180859497112419,0.4095228314399719,0.8622674942016602,protocol_A/train/PA_train_0304_b11
PA_train_0305_b11,A,train,0,A,1,1,2511,10748,0.10055684017863298,0.4910312294960022,0.8616325259208679,protocol_A/train/PA_train_0305_b11
PA_train_0306_b11,A,train,0,A,1,1,2535,10890,0.14028172118054696,0.5473931431770325,0.8651970624923706,protocol_A/train/PA_train_0306_b11
PA_train_0307_b11,A,train,0,A,1,1,2537,10877,0.1054656526994204,0.4721297025680542,0.861998975276947,protocol_A/train/PA_train_0307_b11
PA_train_0308_b11,A,train,0,A,1,1,2519,10829,0.19365686014071357,0.5173155069351196,0.8609737157821655,protocol_A/train/PA_train_0308_b11
PA_train_0309_b11,A,train,0,A,1,1,2609,11218,0.17747051747275977,0.5669980049133301,0.864456832408905,protocol_A/train/PA_train_0309_b11
PA_train_0310_b11,A,train,0,A,1,1,2546,11003,0.18995117525836824,0.49732741713523865,0.8603962063789368,protocol_A/train/PA_train_0310_b11
PA_train_0311_b11,A,train,0,A,1,1,2481,10547,0.11094003546891118,0.4576771557331085,0.8603940606117249,protocol_A/train/PA_train_0311_b11
PA_train_0312_b11,A,train,0,A,1,1,2489,10660,0.21278738544254677,0.48655980825424194,0.8590009808540344,protocol_A/train/PA_train_0312_b11
PA_train_0313_b11,A,train,0,A,1,1,2560,11018,0.14855989685027884,0.37950170040130615,0.8618654012680054,protocol_A/train/PA_train_0313_b11
PA_train_0314_b11,A,train,0,A,1,1,2518,10935,0.2612562794016843,0.42998138070106506,0.8642154932022095,protocol_A/train/PA_train_0314_b11
PA_train_0315_b11,A,train,0,A,1,1,2587,11223,0.25007945270469945,0.54677814245224,0.863324761390686,protocol_A/train/PA_train_0315_b11
PA_train_0316_b11,A,train,0,A,1,1,2500,10685,0.1209941861800444,0.5473138093948364,0.8616710305213928,protocol_A/train/PA_train_0316_b11
PA_train_0317_b11,A,train,0,A,1,1,2521,10853,0.15800397673970215,0.5270695090293884,0.8621672987937927,protocol_A/train/PA_train_0317_b11
PA_train_0318_b11,A,train,0,A,1,1,2441,10342,0.12269031409310094,0.47363436222076416,0.8602558970451355,protocol_A/train/PA_train_0318_b11
PA_train_0319_b11,A,train,0,A,1,1,2380,10026,0.14661943880867473,0.5487915873527527,0.8601664900779724,protocol_A/train/PA_train_0319_b11
PA_train_0320_b11,A,train,0,A,1,1,2374,10019,0.1815150482876326,0.5405766367912292,0.8583472371101379,protocol_A/train/PA_train_0320_b11
PA_train_0321_b11,A,train,0,A,1,1,2542,10978,0.10088086778103686,0.5093551278114319,0.8630568981170654,protocol_A/train/PA_train_0321_b11
PA_train_0322_b11,A,train,0,A,1,1,2514,10837,0.14212300108405895,0.5442658066749573,0.8657746911048889,protocol_A/train/PA_train_0322_b11
PA_train_0323_b11,A,train,0,A,1,1,2439,10339,0.10056839735009371,0.4574311077594757,0.8602184057235718,protocol_A/train/PA_train_0323_b11
PA_train_0324_b11,A,train,0,A,1,1,2425,10350,0.18805873864094258,0.48169779777526855,0.8601638674736023,protocol_A/train/PA_train_0324_b11
PA_train_0325_b11,A,train,0,A,1,1,2489,10678,0.11145671796465043,0.3793331980705261,0.8619419932365417,protocol_A/train/PA_train_0325_b11
PA_train_0326_b11,A,train,0,A,1,1,2627,11287,0.11541882271072401,0.46783411502838135,0.8637081384658813,protocol_A/train/PA_train_0326_b11
PA_train_0327_b11,A,train,0,A,1,1,2336,9828,0.17226194360972372,0.4935404062271118,0.8596355319023132,protocol_A/train/PA_train_0327_b11
PA_train_0328_b11,A,train,0,A,1,1,2582,11137,0.22564535815344947,0.4410761594772339,0.863747239112854,protocol_A/train/PA_train_0328_b11
PA_train_0329_b11,A,train,0,A,1,1,2529,10786,0.15724479831791793,0.4657629728317261,0.8628852367401123,protocol_A/train/PA_train_0329_b11
PA_train_0330_b11,A,train,0,A,1,1,2579,11065,0.1639712493511854,0.4708171784877777,0.8647514581680298,protocol_A/train/PA_train_0330_b11
PA_train_0331_b11,A,train,0,A,1,1,2387,10142,0.16378458366901216,0.5357784628868103,0.8636887669563293,protocol_A/train/PA_train_0331_b11
PA_train_0332_b11,A,train,0,A,1,1,2472,10627,0.15103386556412432,0.42583197355270386,0.8615961074829102,protocol_A/train/PA_train_0332_b11
PA_train_0333_b11,A,train,0,A,1,1,2439,10335,0.13797061026357327,0.5141507387161255,0.8621891140937805,protocol_A/train/PA_train_0333_b11
PA_train_0334_b11,A,train,0,A,1,1,2540,10836,0.17566222858699845,0.5651074051856995,0.8638706207275391,protocol_A/train/PA_train_0334_b11
PA_train_0335_b11,A,train,0,A,1,1,2449,10378,0.14029633670269764,0.45045435428619385,0.8595423102378845,protocol_A/train/PA_train_0335_b11
PA_train_0336_b11,A,train,0,A,1,1,2464,10581,0.16062024034757333,0.547213077545166,0.8636314868927002,protocol_A/train/PA_train_0336_b11
PA_train_0337_b11,A,train,0,A,1,1,2634,11332,0.13104255917191604,0.49512168765068054,0.8627963066101074,protocol_A/train/PA_train_0337_b11
PA_train_0338_b11,A,train,0,A,1,1,2387,10099,0.15118994643515027,0.5202630758285522,0.8609834909439087,protocol_A/train/PA_train_0338_b11
PA_train_0339_b11,A,train,0,A,1,1,2628,11326,0.12077635008192952,0.46988698840141296,0.8630853295326233,protocol_A/train/PA_train_0339_b11
PA_train_0340_b11,A,train,0,A,1,1,2425,10351,0.1599681046735672,0.4749278128147125,0.8605511784553528,protocol_A/train/PA_train_0340_b11
PA_train_0341_b11,A,train,0,A,1,1,2439,10286,0.11440886045151241,0.5170754790306091,0.8598011136054993,protocol_A/train/PA_train_0341_b11
PA_train_0342_b11,A,train,0,A,1,1,2543,10965,0.1991542481572086,0.5506569147109985,0.8655169010162354,protocol_A/train/PA_train_0342_b11
PA_train_0343_b11,A,train,0,A,1,1,2522,10848,0.22454706431977142,0.5180050730705261,0.8623610138893127,protocol_A/train/PA_train_0343_b11
PA_train_0344_b11,A,train,0,A,1,1,2453,10577,0.2186438257580559,0.42900213599205017,0.8622727394104004,protocol_A/train/PA_train_0344_b11
PA_train_0345_b11,A,train,0,A,1,1,2492,10632,0.14595029332208187,0.5530996322631836,0.8626633882522583,protocol_A/train/PA_train_0345_b11
PA_train_0346_b11,A,train,0,A,1,1,2446,10430,0.10144640858180443,0.5085625052452087,0.8565521240234375,protocol_A/train/PA_train_0346_b11
PA_train_0347_b11,A,train,0,A,1,1,2467,10587,0.22116803516490632,0.4578059911727905,0.8629215359687805,protocol_A/train/PA_train_0347_b11
PA_train_0348_b11,A,train,0,A,1,1,2600,11138,0.12441260430651341,0.5054633617401123,0.8604480028152466,protocol_A/train/PA_train_0348_b11
PA_train_0349_b11,A,train,0,A,1,1,2437,10194,0.11086530894978447,0.4523315727710724,0.8611424565315247,protocol_A/train/PA_train_0349_b11
PA_train_0350_b11,A,train,0,A,1,1,2609,11275,0.25374230614867516,0.5469861030578613,0.8635954856872559,protocol_A/train/PA_train_0350_b11
PA_train_0351_b11,A,train,0,A,1,1,2411,10329,0.16442188529030738,0.5522584319114685,0.8634276986122131,protocol_A/train/PA_train_0351_b11
PA_train_0352_b11,A,train,0,A,1,1,2415,10299,0.1392859916164458,0.464765340089798,0.861616313457489,protocol_A/train/PA_train_0352_b11
PA_train_0353_b11,A,train,0,A,1,1,2402,10195,0.11568554279708332,0.5631759762763977,0.859427273273468,protocol_A/train/PA_train_0353_b11
PA_train_0354_b11,A,train,0,A,1,1,2451,10344,0.1276508230122964,0.38646164536476135,0.8579806685447693,protocol_A/train/PA_train_0354_b11
PA_train_0355_b11,A,train,0,A,1,1,2504,10588,0.13052653239097345,0.4632103443145752,0.8552643656730652,protocol_A/train/PA_train_0355_b11
PA_train_0356_b11,A,train,0,A,1,1,2511,10786,0.1016019785415723,0.44592803716659546,0.8606699705123901,protocol_A/train/PA_train_0356_b11
PA_train_0357_b11,A,train,0,A,1,1,2535,10888,0.11709294955716554,0.4676867723464966,0.8611335754394531,protocol_A/train/PA_train_0357_b11
PA_train_0358_b11,A,train,0,A,1,1,2677,11511,0.10781930779427434,0.520927369594574,0.8625142574310303,protocol_A/train/PA_train_0358_b11
PA_train_0359_b11,A,train,0,A,1,1,2383,10135,0.2016606558845222,0.5350059866905212,0.8637025356292725,protocol_A/train/PA_train_0359_b11
PA_train_0360_b11,A,train,0,A,1,1,2338,9733,0.1028868424392938,0.529636800289154,0.8569340705871582,protocol_A/train/PA_train_0360_b11
PA_train_0361_b11,A,train,0,A,1,1,2534,10805,0.12451334682201584,0.5571107864379883,0.8619360327720642,protocol_A/train/PA_train_0361_b11
PA_train_0362_b11,A,train,0,A,1,1,2404,10037,0.10010938786766377,0.4764390289783478,0.8554316759109497,protocol_A/train/PA_train_0362_b11
PA_train_0363_b11,A,train,0,A,1,1,2584,11077,0.12761274356895252,0.4397124648094177,0.8628839254379272,protocol_A/train/PA_train_0363_b11
PA_train_0364_b11,A,train,0,A,1,1,2568,11046,0.13866135335299198,0.4197596609592438,0.8628087043762207,protocol_A/train/PA_train_0364_b11
PA_train_0365_b11,A,train,0,A,1,1,2348,9750,0.12484441416680775,0.47706717252731323,0.8556057810783386,protocol_A/train/PA_train_0365_b11
PA_train_0366_b11,A,train,0,A,1,1,2619,11306,0.14117359552407588,0.5434020757675171,0.8626826405525208,protocol_A/train/PA_train_0366_b11
PA_train_0367_b11,A,train,0,A,1,1,2488,10632,0.14748640594019014,0.4355681240558624,0.8634141683578491,protocol_A/train/PA_train_0367_b11
PA_train_0368_b11,A,train,0,A,1,1,2518,10843,0.21430383033628816,0.5473125576972961,0.8608913421630859,protocol_A/train/PA_train_0368_b11
PA_train_0369_b11,A,train,0,A,1,1,2538,10875,0.10800808801796408,0.5265047550201416,0.863750696182251,protocol_A/train/PA_train_0369_b11
PA_train_0370_b11,A,train,0,A,1,1,2480,10566,0.14260233956246562,0.43786540627479553,0.8613163232803345,protocol_A/train/PA_train_0370_b11
PA_train_0371_b11,A,train,0,A,1,1,2462,10440,0.12845114597399498,0.43116891384124756,0.8641490340232849,protocol_A/train/PA_train_0371_b11
PA_train_0372_b11,A,train,0,A,1,1,2582,11146,0.1668576325541226,0.4638896584510803,0.8652634024620056,protocol_A/train/PA_train_0372_b11
PA_train_0373_b11,A,train,0,A,1,1,2507,10704,0.11768041393422382,0.5225523710250854,0.862170934677124,protocol_A/train/PA_train_0373_b11
PA_train_0374_b11,A,train,0,A,1,1,2490,10571,0.13300999092859458,0.5076576471328735,0.8597469925880432,protocol_A/train/PA_train_0374_b11
PA_train_0375_b11,A,train,0,A,1,1,2522,10759,0.11812776113622392,0.48578768968582153,0.8618927597999573,protocol_A/train/PA_train_0375_b11
PA_train_0376_b11,A,train,0,A,1,1,2595,11161,0.10067655115384444,0.4856952130794525,0.8642430901527405,protocol_A/train/PA_train_0376_b11
PA_train_0377_b11,A,train,0,A,1,1,2443,10417,0.11521113481404233,0.510075032711029,0.8642200231552124,protocol_A/train/PA_train_0377_b11
PA_train_0378_b11,A,train,0,A,1,1,2495,10678,0.10456211826499015,0.5079540014266968,0.8599912524223328,protocol_A/train/PA_train_0378_b11
PA_train_0379_b11,A,train,0,A,1,1,2497,10636,0.13065138536359594,0.5546751618385315,0.8624861836433411,protocol_A/train/PA_train_0379_b11
PA_train_0380_b11,A,train,0,A,1,1,2574,11021,0.2363171793483769,0.4635551869869232,0.8636780381202698,protocol_A/train/PA_train_0380_b11
PA_train_0381_b11,A,train,0,A,1,1,2357,9928,0.14282766604095842,0.4346129894256592,0.8558431267738342,protocol_A/train/PA_train_0381_b11
PA_train_0382_b11,A,train,0,A,1,1,2389,10063,0.10477605966646453,0.4935804605484009,0.8584600687026978,protocol_A/train/PA_train_0382_b11
PA_train_0383_b11,A,train,0,A,1,1,2323,9572,0.10448954988867276,0.3694392740726471,0.8540388345718384,protocol_A/train/PA_train_0383_b11
PA_train_0384_b11,A,train,0,A,1,1,2376,9941,0.1024820070003573,0.43184491991996765,0.857601523399353,protocol_A/train/PA_train_0384_b11
PA_train_0385_b11,A,train,0,A,1,1,2426,10317,0.13726449179706152,0.4775412380695343,0.8607446551322937,protocol_A/train/PA_train_0385_b11
PA_train_0386_b11,A,train,0,A,1,1,2486,10473,0.1025649617034244,0.465808629989624,0.8614597916603088,protocol_A/train/PA_train_0386_b11
PA_train_0387_b11,A,train,0,A,1,1,2442,10369,0.14714766686008332,0.5561455488204956,0.8613559007644653,protocol_A/train/PA_train_0387_b11
PA_train_0388_b11,A,train,0,A,1,1,2533,10851,0.140381698168093,0.4643726348876953,0.8629648089408875,protocol_A/train/PA_train_0388_b11
PA_train_0389_b11,A,train,0,A,1,1,2489,10671,0.11972077050748521,0.5025538802146912,0.8631002306938171,protocol_A/train/PA_train_0389_b11
PA_train_0390_b11,A,train,0,A,1,1,2491,10513,0.13688449880655656,0.4609292149543762,0.8577914237976074,protocol_A/train/PA_train_0390_b11
PA_train_0391_b11,A,train,0,A,1,1,2450,10497,0.19024358758254512,0.4449469745159149,0.8634735345840454,protocol_A/train/PA_train_0391_b11
PA_train_0392_b11,A,train,0,A,1,1,2537,11004,0.14252672045763964,0.4446920156478882,0.8640244007110596,protocol_A/train/PA_train_0392_b11
PA_train_0393_b11,A,train,0,A,1,1,2592,11089,0.10049485535858962,0.41738516092300415,0.8625263571739197,protocol_A/train/PA_train_0393_b11
PA_train_0394_b11,A,train,0,A,1,1,2368,10004,0.167634741552717,0.5600301623344421,0.8600665330886841,protocol_A/train/PA_train_0394_b11
PA_train_0395_b11,A,train,0,A,1,1,2524,10898,0.11680034209473902,0.481218159198761,0.8640727400779724,protocol_A/train/PA_train_0395_b11
PA_train_0396_b11,A,train,0,A,1,1,2542,10977,0.1840018336435132,0.4280243217945099,0.8618149161338806,protocol_A/train/PA_train_0396_b11
PA_train_0397_b11,A,train,0,A,1,1,2528,10868,0.15058881546393116,0.4677065908908844,0.8641807436943054,protocol_A/train/PA_train_0397_b11
PA_train_0398_b11,A,train,0,A,1,1,2560,11034,0.1873704292941007,0.3882243037223816,0.8673754930496216,protocol_A/train/PA_train_0398_b11
PA_train_0399_b11,A,train,0,A,1,1,2490,10696,0.21468342125097944,0.5478118062019348,0.8630508184432983,protocol_A/train/PA_train_0399_b11
PA_train_0400_b11,A,train,0,A,1,1,2536,10863,0.20747578951023776,0.5054055452346802,0.8665082454681396,protocol_A/train/PA_train_0400_b11
PA_train_0401_b11,A,train,0,A,1,1,2508,10806,0.1985369267399547,0.5093666911125183,0.8656736016273499,protocol_A/train/PA_train_0401_b11
PA_train_0402_b11,A,train,0,A,1,1,2370,10051,0.20104566485340136,0.5542314052581787,0.8614616394042969,protocol_A/train/PA_train_0402_b11
PA_train_0403_b11,A,train,0,A,1,1,2558,10972,0.14640927640645282,0.5503301620483398,0.8605961203575134,protocol_A/train/PA_train_0403_b11
PA_train_0404_b11,A,train,0,A,1,1,2506,10697,0.12568025885107237,0.5113239884376526,0.8644025325775146,protocol_A/train/PA_train_0404_b11
PA_train_0405_b11,A,train,0,A,1,1,2613,11160,0.15040267919238814,0.5718897581100464,0.8614166975021362,protocol_A/train/PA_train_0405_b11
PA_train_0406_b11,A,train,0,A,1,1,2581,11124,0.20426967395463289,0.5575266480445862,0.862641453742981,protocol_A/train/PA_train_0406_b11
PA_train_0407_b11,A,train,0,A,1,1,2540,10832,0.113178244714116,0.4558087885379791,0.8642140626907349,protocol_A/train/PA_train_0407_b11
PA_train_0408_b11,A,train,0,A,1,1,2532,10847,0.14860855309311516,0.5600695610046387,0.8593462109565735,protocol_A/train/PA_train_0408_b11
PA_train_0409_b11,A,train,0,A,1,1,2555,10976,0.11119083648729866,0.4161261022090912,0.8641736507415771,protocol_A/train/PA_train_0409_b11
PA_train_0410_b11,A,train,0,A,1,1,2429,10378,0.17738892742687618,0.46666356921195984,0.8639864325523376,protocol_A/train/PA_train_0410_b11
PA_train_0411_b11,A,train,0,A,1,1,2451,10331,0.1077498808014215,0.4190574884414673,0.8594958782196045,protocol_A/train/PA_train_0411_b11
PA_train_0412_b11,A,train,0,A,1,1,2492,10655,0.22314483442416036,0.5466609597206116,0.8621933460235596,protocol_A/train/PA_train_0412_b11
PA_train_0413_b11,A,train,0,A,1,1,2539,10935,0.2013850982123413,0.5143183469772339,0.8627544045448303,protocol_A/train/PA_train_0413_b11
PA_train_0414_b11,A,train,0,A,1,1,2601,11174,0.15298196568815164,0.5397528409957886,0.865016758441925,protocol_A/train/PA_train_0414_b11
PA_train_0415_b11,A,train,0,A,1,1,2662,11434,0.19929603611713959,0.5490330457687378,0.862537145614624,protocol_A/train/PA_train_0415_b11
PA_train_0416_b11,A,train,0,A,1,1,2556,10972,0.21059859977177664,0.5332852005958557,0.8629636764526367,protocol_A/train/PA_train_0416_b11
PA_train_0417_b11,A,train,0,A,1,1,2433,10244,0.10380400846005675,0.45824214816093445,0.856499433517456,protocol_A/train/PA_train_0417_b11
PA_train_0418_b11,A,train,0,A,1,1,2567,10931,0.15692091485375054,0.4343065619468689,0.8589204549789429,protocol_A/train/PA_train_0418_b11
PA_train_0419_b11,A,train,0,A,1,1,2377,10038,0.150770627606806,0.4803960621356964,0.860480010509491,protocol_A/train/PA_train_0419_b11
PA_train_0420_b11,A,train,0,A,1,1,2526,10837,0.1608466360479891,0.5118034482002258,0.864527702331543,protocol_A/train/PA_train_0420_b11
PA_train_0421_b11,A,train,0,A,1,1,2413,10191,0.16480645994742868,0.5204217433929443,0.8614178895950317,protocol_A/train/PA_train_0421_b11
PA_train_0422_b11,A,train,0,A,1,1,2530,10937,0.21787967222470953,0.4805736541748047,0.8626409769058228,protocol_A/train/PA_train_0422_b11
PA_train_0423_b11,A,train,0,A,1,1,2555,11014,0.18005267572129136,0.39577919244766235,0.8624165654182434,protocol_A/train/PA_train_0423_b11
PA_train_0424_b11,A,train,0,A,1,1,2537,10866,0.17200644947625326,0.5017032027244568,0.8612301349639893,protocol_A/train/PA_train_0424_b11
PA_train_0425_b11,A,train,0,A,1,1,2573,10995,0.10559955772886981,0.4374195337295532,0.8580732941627502,protocol_A/train/PA_train_0425_b11
PA_train_0426_b11,A,train,0,A,1,1,2390,10073,0.1262933307754809,0.4370113015174866,0.8606147766113281,protocol_A/train/PA_train_0426_b11
PA_train_0427_b11,A,train,0,A,1,1,2600,11224,0.13994572348025983,0.4386267364025116,0.8630755543708801,protocol_A/train/PA_train_0427_b11
PA_train_0428_b11,A,train,0,A,1,1,2462,10443,0.13839869140683433,0.515861988067627,0.8618911504745483,protocol_A/train/PA_train_0428_b11
PA_train_0429_b11,A,train,0,A,1,1,2429,10317,0.11970460475866694,0.5173046588897705,0.8620725870132446,protocol_A/train/PA_train_0429_b11
PA_train_0430_b11,A,train,0,A,1,1,2515,10577,0.1142269220421652,0.46176618337631226,0.8598654270172119,protocol_A/train/PA_train_0430_b11
PA_train_0431_b11,A,train,0,A,1,1,2478,10478,0.14096390527051453,0.5237933397293091,0.8611395955085754,protocol_A/train/PA_train_0431_b11
PA_train_0432_b11,A,train,0,A,1,1,2495,10822,0.25314997391999833,0.5414504408836365,0.8626583218574524,protocol_A/train/PA_train_0432_b11
PA_train_0433_b11,A,train,0,A,1,1,2484,10593,0.15023237522231828,0.5334376096725464,0.8620192408561707,protocol_A/train/PA_train_0433_b11
PA_train_0434_b11,A,train,0,A,1,1,2426,10284,0.17490106951136644,0.49141156673431396,0.8624982237815857,protocol_A/train/PA_train_0434_b11
PA_train_0435_b11,A,train,0,A,1,1,2517,10853,0.11695992600041119,0.537651777267456,0.8666673898696899,protocol_A/train/PA_train_0435_b11
PA_train_0436_b11,A,train,0,A,1,1,2393,10145,0.12251397529492807,0.5340246558189392,0.8608916997909546,protocol_A/train/PA_train_0436_b11
PA_train_0437_b11,A,train,0,A,1,1,2412,10191,0.11446900495838759,0.45246759057044983,0.8615158200263977,protocol_A/train/PA_train_0437_b11
PA_train_0438_b11,A,train,0,A,1,1,2446,10529,0.13437823819801145,0.43140479922294617,0.8623186945915222,protocol_A/train/PA_train_0438_b11
PA_train_0439_b11,A,train,0,A,1,1,2569,11135,0.17646275849506718,0.4672112464904785,0.8647927045822144,protocol_A/train/PA_train_0439_b11
PA_train_0440_b11,A,train,0,A,1,1,2542,10922,0.1567953095209536,0.5427651405334473,0.8622220754623413,protocol_A/train/PA_train_0440_b11
PA_train_0441_b11,A,train,0,A,1,1,2419,10326,0.14239414874108167,0.3397212028503418,0.8636003136634827,protocol_A/train/PA_train_0441_b11
PA_train_0442_b11,A,train,0,A,1,1,2479,10611,0.14040058351630802,0.3854687511920929,0.8617725372314453,protocol_A/train/PA_train_0442_b11
PA_train_0443_b11,A,train,0,A,1,1,2573,11031,0.2124012265045852,0.5525573492050171,0.8630040884017944,protocol_A/train/PA_train_0443_b11
PA_train_0444_b11,A,train,0,A,1,1,2546,10767,0.13204985075882458,0.42252761125564575,0.8596917390823364,protocol_A/train/PA_train_0444_b11
PA_train_0445_b11,A,train,0,A,1,1,2496,10655,0.2084569679155873,0.5041665434837341,0.8624154925346375,protocol_A/train/PA_train_0445_b11
PA_train_0446_b11,A,train,0,A,1,1,2612,11384,0.15538874791627333,0.5430833101272583,0.865017831325531,protocol_A/train/PA_train_0446_b11
PA_train_0447_b11,A,train,0,A,1,1,2571,10858,0.10363394962833203,0.44066306948661804,0.860556960105896,protocol_A/train/PA_train_0447_b11
PA_train_0448_b11,A,train,0,A,1,1,2561,11031,0.18469758420934612,0.545985758304596,0.8629422783851624,protocol_A/train/PA_train_0448_b11
PA_train_0449_b11,A,train,0,A,1,1,2523,10808,0.24198964944949997,0.5216727256774902,0.8648679852485657,protocol_A/train/PA_train_0449_b11
PA_train_0450_b11,A,train,0,A,1,1,2427,10347,0.1656966119596056,0.5388100147247314,0.8650376796722412,protocol_A/train/PA_train_0450_b11
PA_train_0451_b11,A,train,0,A,1,1,2561,10992,0.10182334059091927,0.4821928143501282,0.8590582013130188,protocol_A/train/PA_train_0451_b11
PA_train_0452_b11,A,train,0,A,1,1,2426,10335,0.20924170781465498,0.5240737199783325,0.8589062094688416,protocol_A/train/PA_train_0452_b11
PA_train_0453_b11,A,train,0,A,1,1,2518,10863,0.17306363873749495,0.5691028833389282,0.8633319735527039,protocol_A/train/PA_train_0453_b11
PA_train_0454_b11,A,train,0,A,1,1,2430,10182,0.11429478505807283,0.44751834869384766,0.8584844470024109,protocol_A/train/PA_train_0454_b11
PA_train_0455_b11,A,train,0,A,1,1,2501,10711,0.13609538320553832,0.46681639552116394,0.8615370988845825,protocol_A/train/PA_train_0455_b11
PA_train_0456_b11,A,train,0,A,1,1,2383,10015,0.138284183270797,0.5232818126678467,0.8596440553665161,protocol_A/train/PA_train_0456_b11
PA_train_0457_b11,A,train,0,A,1,1,2393,10081,0.11431249670836899,0.4433155357837677,0.8584741950035095,protocol_A/train/PA_train_0457_b11
PA_train_0458_b11,A,train,0,A,1,1,2548,10864,0.11538671595078753,0.4250130355358124,0.8609795570373535,protocol_A/train/PA_train_0458_b11
PA_train_0459_b11,A,train,0,A,1,1,2494,10688,0.26636267567758504,0.5148251056671143,0.8644289374351501,protocol_A/train/PA_train_0459_b11
PA_train_0460_b11,A,train,0,A,1,1,2605,11128,0.1069825293558152,0.4815392792224884,0.8594520688056946,protocol_A/train/PA_train_0460_b11
PA_train_0461_b11,A,train,0,A,1,1,2565,10966,0.12480653217179842,0.48269084095954895,0.8611437678337097,protocol_A/train/PA_train_0461_b11
PA_train_0462_b11,A,train,0,A,1,1,2467,10434,0.13733168581203697,0.5232546925544739,0.8604881167411804,protocol_A/train/PA_train_0462_b11
PA_train_0463_b11,A,train,0,A,1,1,2494,10702,0.13151437989545156,0.4787788689136505,0.864947497844696,protocol_A/train/PA_train_0463_b11
PA_train_0464_b11,A,train,0,A,1,1,2500,10651,0.10878818317787242,0.4696643650531769,0.8619621396064758,protocol_A/train/PA_train_0464_b11
PA_train_0465_b11,A,train,0,A,1,1,2666,11425,0.11005664712622643,0.4669434726238251,0.8610147833824158,protocol_A/train/PA_train_0465_b11
PA_train_0466_b11,A,train,0,A,1,1,2454,10460,0.11536549323248309,0.4668827950954437,0.8597720861434937,protocol_A/train/PA_train_0466_b11
PA_train_0467_b11,A,train,0,A,1,1,2491,10758,0.15053749952646836,0.5493078827857971,0.8644126653671265,protocol_A/train/PA_train_0467_b11
PA_train_0468_b11,A,train,0,A,1,1,2425,10366,0.1737368302864445,0.43428167700767517,0.8605625629425049,protocol_A/train/PA_train_0468_b11
PA_train_0469_b11,A,train,0,A,1,1,2678,11479,0.10133656898011884,0.44280943274497986,0.8622807264328003,protocol_A/train/PA_train_0469_b11
PA_train_0470_b11,A,train,0,A,1,1,2553,10855,0.11800969066772517,0.5457490086555481,0.8610449433326721,protocol_A/train/PA_train_0470_b11
PA_train_0471_b11,A,train,0,A,1,1,2648,11383,0.11006620527554745,0.4822274446487427,0.8620614409446716,protocol_A/train/PA_train_0471_b11
PA_train_0472_b11,A,train,0,A,1,1,2426,10285,0.13036349238839873,0.4746862053871155,0.8612192869186401,protocol_A/train/PA_train_0472_b11
PA_train_0473_b11,A,train,0,A,1,1,2496,10672,0.12218023641163644,0.4816405773162842,0.8636561632156372,protocol_A/train/PA_train_0473_b11
PA_train_0474_b11,A,train,0,A,1,1,2566,10976,0.12205251249717966,0.47585612535476685,0.8630764484405518,protocol_A/train/PA_train_0474_b11
PA_train_0475_b11,A,train,0,A,1,1,2615,11150,0.12098642014799577,0.4399942457675934,0.8611135482788086,protocol_A/train/PA_train_0475_b11
PA_train_0476_b11,A,train,0,A,1,1,2522,10804,0.12784018103598516,0.4868205785751343,0.8604714870452881,protocol_A/train/PA_train_0476_b11
PA_train_0477_b11,A,train,0,A,1,1,2580,11157,0.15158243939759683,0.5312383770942688,0.8642922043800354,protocol_A/train/PA_train_0477_b11
PA_train_0478_b11,A,train,0,A,1,1,2365,9911,0.10512978553945412,0.5018590688705444,0.8603722453117371,protocol_A/train/PA_train_0478_b11
PA_train_0479_b11,A,train,0,A,1,1,2486,10535,0.18945410700419296,0.48849618434906006,0.8602486848831177,protocol_A/train/PA_train_0479_b11
PA_train_0480_b11,A,train,0,A,1,1,2461,10349,0.13082911065790975,0.5066431760787964,0.8590575456619263,protocol_A/train/PA_train_0480_b11
PA_train_0481_b11,A,train,0,A,1,1,2607,11288,0.17266272070065472,0.48996424674987793,0.8646621704101562,protocol_A/train/PA_train_0481_b11
PA_train_0482_b11,A,train,0,A,1,1,2481,10620,0.20424892204523895,0.46354466676712036,0.8606426119804382,protocol_A/train/PA_train_0482_b11
PA_train_0483_b11,A,train,0,A,1,1,2536,10886,0.2130382964826728,0.5058475136756897,0.8624266982078552,protocol_A/train/PA_train_0483_b11
PA_train_0484_b11,A,train,0,A,1,1,2486,10628,0.16154288017083426,0.4555779695510864,0.8607637882232666,protocol_A/train/PA_train_0484_b11
PA_train_0485_b11,A,train,0,A,1,1,2482,10490,0.10077669397954098,0.5170350074768066,0.8618349432945251,protocol_A/train/PA_train_0485_b11
PA_train_0486_b11,A,train,0,A,1,1,2531,10936,0.2297242760914247,0.5471733808517456,0.8637336492538452,protocol_A/train/PA_train_0486_b11
PA_train_0487_b11,A,train,0,A,1,1,2459,10441,0.1409134588930062,0.3803313374519348,0.8630713820457458,protocol_A/train/PA_train_0487_b11
PA_train_0488_b11,A,train,0,A,1,1,2503,10566,0.11219390632486907,0.5025546550750732,0.8578676581382751,protocol_A/train/PA_train_0488_b11
PA_train_0489_b11,A,train,0,A,1,1,2545,10942,0.14136115319374176,0.539790153503418,0.8660814166069031,protocol_A/train/PA_train_0489_b11
PA_train_0490_b11,A,train,0,A,1,1,2510,10597,0.10554623885614997,0.45570138096809387,0.8598820567131042,protocol_A/train/PA_train_0490_b11
PA_train_0491_b11,A,train,0,A,1,1,2553,11064,0.20078006755407046,0.5089269876480103,0.8655396103858948,protocol_A/train/PA_train_0491_b11
PA_train_0492_b11,A,train,0,A,1,1,2485,10624,0.10100393783653375,0.4229677617549896,0.8610762357711792,protocol_A/train/PA_train_0492_b11
PA_train_0493_b11,A,train,0,A,1,1,2560,11024,0.17096140450257802,0.48249608278274536,0.8622925281524658,protocol_A/train/PA_train_0493_b11
PA_train_0494_b11,A,train,0,A,1,1,2412,10230,0.12204506248125677,0.5421496033668518,0.8596251010894775,protocol_A/train/PA_train_0494_b11
PA_train_0495_b11,A,train,0,A,1,1,2588,10933,0.11275280187696501,0.4745616912841797,0.8575167059898376,protocol_A/train/PA_train_0495_b11
PA_train_0496_b11,A,train,0,A,1,1,2425,10310,0.21213908926131209,0.4947047829627991,0.8613154292106628,protocol_A/train/PA_train_0496_b11
PA_train_0497_b11,A,train,0,A,1,1,2412,10179,0.10080040556878714,0.5269389152526855,0.8624491691589355,protocol_A/train/PA_train_0497_b11
PA_train_0498_b11,A,train,0,A,1,1,2352,9952,0.11492942058111438,0.3911861777305603,0.8616704940795898,protocol_A/train/PA_train_0498_b11
PA_train_0499_b11,A,train,0,A,1,1,2530,10834,0.1271498638982835,0.47551029920578003,0.862892746925354,protocol_A/train/PA_train_0499_b11
PA_train_0500_b11,A,train,0,A,1,1,2545,11008,0.1583984344528969,0.44469743967056274,0.862475574016571,protocol_A/train/PA_train_0500_b11
PA_train_0501_b11,A,train,0,A,1,1,2520,10797,0.1456042560484152,0.5452142953872681,0.8630225658416748,protocol_A/train/PA_train_0501_b11
PA_train_0502_b11,A,train,0,A,1,1,2534,10694,0.11019877874718234,0.380696564912796,0.8623875975608826,protocol_A/train/PA_train_0502_b11
PA_train_0503_b11,A,train,0,A,1,1,2458,10390,0.137705644350043,0.5287399291992188,0.8606495261192322,protocol_A/train/PA_train_0503_b11
PA_train_0504_b11,A,train,0,A,1,1,2417,10128,0.10125759072142335,0.45811840891838074,0.8571656942367554,protocol_A/train/PA_train_0504_b11
PA_train_0505_b11,A,train,0,A,1,1,2568,11067,0.15138999600516861,0.5297665596008301,0.8620508909225464,protocol_A/train/PA_train_0505_b11
PA_train_0506_b11,A,train,0,A,1,1,2494,10490,0.11217061147913171,0.40757080912590027,0.8549304008483887,protocol_A/train/PA_train_0506_b11
PA_train_0507_b11,A,train,0,A,1,1,2535,10949,0.19245295042073146,0.515620768070221,0.8628631234169006,protocol_A/train/PA_train_0507_b11
PA_train_0508_b11,A,train,0,A,1,1,2467,10609,0.14876655731228258,0.5514451265335083,0.8618029356002808,protocol_A/train/PA_train_0508_b11
PA_train_0509_b11,A,train,0,A,1,1,2353,9807,0.10162313154347023,0.4446922838687897,0.8582799434661865,protocol_A/train/PA_train_0509_b11
PA_train_0510_b11,A,train,0,A,1,1,2552,11059,0.21388093161747368,0.4165591597557068,0.863540530204773,protocol_A/train/PA_train_0510_b11
PA_train_0511_b11,A,train,0,A,1,1,2437,10384,0.1792859727264661,0.4776693880558014,0.8626728057861328,protocol_A/train/PA_train_0511_b11
PA_train_0512_b11,A,train,0,A,1,1,2528,10895,0.14163132794605343,0.4725176990032196,0.861979603767395,protocol_A/train/PA_train_0512_b11
PA_train_0513_b11,A,train,0,A,1,1,2409,10360,0.18081941856695888,0.43051156401634216,0.8612289428710938,protocol_A/train/PA_train_0513_b11
PA_train_0514_b11,A,train,0,A,1,1,2526,10827,0.10760057725230902,0.4103706479072571,0.8568222522735596,protocol_A/train/PA_train_0514_b11
PA_train_0515_b11,A,train,0,A,1,1,2484,10714,0.15821319735510686,0.5082182884216309,0.8623141050338745,protocol_A/train/PA_train_0515_b11
PA_train_0516_b11,A,train,0,A,1,1,2411,10192,0.1446750386434812,0.41891103982925415,0.8565912246704102,protocol_A/train/PA_train_0516_b11
PA_train_0517_b11,A,train,0,A,1,1,2459,10487,0.11413981269962944,0.4965590536594391,0.8575831651687622,protocol_A/train/PA_train_0517_b11
PA_train_0518_b11,A,train,0,A,1,1,2540,10800,0.10122494967162576,0.5332376956939697,0.8588398098945618,protocol_A/train/PA_train_0518_b11
PA_train_0519_b11,A,train,0,A,1,1,2472,10522,0.19879875047243162,0.47500079870224,0.8591209053993225,protocol_A/train/PA_train_0519_b11
PA_train_0520_b11,A,train,0,A,1,1,2369,10094,0.17563220946200575,0.45932671427726746,0.8590095043182373,protocol_A/train/PA_train_0520_b11
PA_train_0521_b11,A,train,0,A,1,1,2356,9854,0.13201101698162346,0.5376254916191101,0.859688937664032,protocol_A/train/PA_train_0521_b11
PA_train_0522_b11,A,train,0,A,1,1,2404,10084,0.10639844653518117,0.4769003093242645,0.8567460775375366,protocol_A/train/PA_train_0522_b11
PA_train_0523_b11,A,train,0,A,1,1,2541,10867,0.1801068372773306,0.5499913096427917,0.8626899123191833,protocol_A/train/PA_train_0523_b11
PA_train_0524_b11,A,train,0,A,1,1,2491,10768,0.1740204059170528,0.4631153345108032,0.8636415600776672,protocol_A/train/PA_train_0524_b11
PA_train_0525_b11,A,train,0,A,1,1,2361,9909,0.10331906002293599,0.5229423642158508,0.8546832799911499,protocol_A/train/PA_train_0525_b11
PA_train_0526_b11,A,train,0,A,1,1,2442,10387,0.11568318995973434,0.47105035185813904,0.8621354699134827,protocol_A/train/PA_train_0526_b11
PA_train_0527_b11,A,train,0,A,1,1,2400,10148,0.10381565470806112,0.425777792930603,0.8584222793579102,protocol_A/train/PA_train_0527_b11
PA_train_0528_b11,A,train,0,A,1,1,2579,11121,0.12501684978922034,0.5082790851593018,0.8641442060470581,protocol_A/train/PA_train_0528_b11
PA_train_0529_b11,A,train,0,A,1,1,2519,10604,0.11768097521093834,0.43260863423347473,0.859988272190094,protocol_A/train/PA_train_0529_b11
PA_train_0530_b11,A,train,0,A,1,1,2603,11201,0.10756425324233909,0.4596785604953766,0.8638174533843994,protocol_A/train/PA_train_0530_b11
PA_train_0531_b11,A,train,0,A,1,1,2630,11374,0.16755469269782555,0.47885939478874207,0.8655421137809753,protocol_A/train/PA_train_0531_b11
PA_train_0532_b11,A,train,0,A,1,1,2524,10843,0.16297683001525726,0.5243123769760132,0.8639029860496521,protocol_A/train/PA_train_0532_b11
PA_train_0533_b11,A,train,0,A,1,1,2631,11326,0.1032924354664211,0.46529459953308105,0.8631366491317749,protocol_A/train/PA_train_0533_b11
PA_train_0534_b11,A,train,0,A,1,1,2574,10998,0.15294075983258754,0.46854791045188904,0.8622867465019226,protocol_A/train/PA_train_0534_b11
PA_train_0535_b11,A,train,0,A,1,1,2444,10386,0.16308638600372297,0.48033663630485535,0.8621734380722046,protocol_A/train/PA_train_0535_b11
PA_train_0536_b11,A,train,0,A,1,1,2452,10399,0.10711458011057998,0.4757104218006134,0.8590031266212463,protocol_A/train/PA_train_0536_b11
PA_train_0537_b11,A,train,0,A,1,1,2496,10663,0.1855591255494926,0.4656316339969635,0.8616686463356018,protocol_A/train/PA_train_0537_b11
PA_train_0538_b11,A,train,0,A,1,1,2469,10637,0.1540931999575053,0.5415100455284119,0.8639113306999207,protocol_A/train/PA_train_0538_b11
PA_train_0539_b11,A,train,0,A,1,1,2469,10490,0.1733096667148315,0.49618059396743774,0.8613592982292175,protocol_A/train/PA_train_0539_b11
PA_train_0540_b11,A,train,0,A,1,1,2435,10423,0.16585922820257387,0.4151424765586853,0.8604361414909363,protocol_A/train/PA_train_0540_b11
PA_train_0541_b11,A,train,0,A,1,1,2415,10109,0.1106783363498427,0.4654111862182617,0.8569352030754089,protocol_A/train/PA_train_0541_b11
PA_train_0542_b11,A,train,0,A,1,1,2520,10864,0.12834042324541575,0.4939742982387543,0.8621583580970764,protocol_A/train/PA_train_0542_b11
PA_train_0543_b11,A,train,0,A,1,1,2426,10389,0.173312588932574,0.5327048301696777,0.8623294830322266,protocol_A/train/PA_train_0543_b11
PA_train_0544_b11,A,train,0,A,1,1,2520,10721,0.1623658445234219,0.4718494713306427,0.8611719012260437,protocol_A/train/PA_train_0544_b11
PA_train_0545_b11,A,train,0,A,1,1,2604,11132,0.10499318538707489,0.4894801676273346,0.8625079393386841,protocol_A/train/PA_train_0545_b11
PA_train_0546_b11,A,train,0,A,1,1,2473,10502,0.1204302414094165,0.41382530331611633,0.8615338206291199,protocol_A/train/PA_train_0546_b11
PA_train_0547_b11,A,train,0,A,1,1,2461,10356,0.1027231988733705,0.4686296284198761,0.8590914607048035,protocol_A/train/PA_train_0547_b11
PA_train_0548_b11,A,train,0,A,1,1,2587,11194,0.14968132816840057,0.46942245960235596,0.8645379543304443,protocol_A/train/PA_train_0548_b11
PA_train_0549_b11,A,train,0,A,1,1,2393,10130,0.12051019906609299,0.4922531545162201,0.8587771058082581,protocol_A/train/PA_train_0549_b11
PA_train_0550_b11,A,train,0,A,1,1,2414,10184,0.137959995663033,0.5625348687171936,0.8596497178077698,protocol_A/train/PA_train_0550_b11
PA_train_0551_b11,A,train,0,A,1,1,2381,9943,0.10775997540242876,0.5059306621551514,0.8588722348213196,protocol_A/train/PA_train_0551_b11
PA_train_0552_b11,A,train,0,A,1,1,2495,10642,0.1264905903013797,0.5042070746421814,0.863548755645752,protocol_A/train/PA_train_0552_b11
PA_train_0553_b11,A,train,0,A,1,1,2463,10287,0.10455752411154337,0.47997039556503296,0.8596352934837341,protocol_A/train/PA_train_0553_b11
PA_train_0554_b11,A,train,0,A,1,1,2497,10662,0.19558910606572114,0.49784690141677856,0.8640236854553223,protocol_A/train/PA_train_0554_b11
PA_train_0555_b11,A,train,0,A,1,1,2432,10239,0.1418890807582282,0.5045722723007202,0.860321044921875,protocol_A/train/PA_train_0555_b11
PA_train_0556_b11,A,train,0,A,1,1,2485,10675,0.20978330031431633,0.49461713433265686,0.8613024950027466,protocol_A/train/PA_train_0556_b11
PA_train_0557_b11,A,train,0,A,1,1,2580,11203,0.13485495279027856,0.5265117883682251,0.8620743155479431,protocol_A/train/PA_train_0557_b11
PA_train_0558_b11,A,train,0,A,1,1,2455,10426,0.13207951917664015,0.516770601272583,0.8616177439689636,protocol_A/train/PA_train_0558_b11
PA_train_0559_b11,A,train,0,A,1,1,2389,10105,0.1629821157544491,0.56504225730896,0.8621259927749634,protocol_A/train/PA_train_0559_b11
PA_train_0560_b11,A,train,0,A,1,1,2522,10896,0.1696868067972618,0.5209836959838867,0.8618030548095703,protocol_A/train/PA_train_0560_b11
PA_train_0561_b11,A,train,0,A,1,1,2435,10258,0.10715174104705502,0.4914550185203552,0.859424889087677,protocol_A/train/PA_train_0561_b11
PA_train_0562_b11,A,train,0,A,1,1,2570,11007,0.11590659237772688,0.4496431350708008,0.8620291948318481,protocol_A/train/PA_train_0562_b11
PA_train_0563_b11,A,train,0,A,1,1,2526,10704,0.11795135197315185,0.4525933563709259,0.862004280090332,protocol_A/train/PA_train_0563_b11
PA_train_0564_b11,A,train,0,A,1,1,2619,11269,0.12147530055961049,0.4494132399559021,0.8615224361419678,protocol_A/train/PA_train_0564_b11
PA_train_0565_b11,A,train,0,A,1,1,2438,10406,0.1547835242734505,0.5587123036384583,0.8595068454742432,protocol_A/train/PA_train_0565_b11
PA_train_0566_b11,A,train,0,A,1,1,2549,10931,0.1351810364340021,0.5212754011154175,0.8620041608810425,protocol_A/train/PA_train_0566_b11
PA_train_0567_b11,A,train,0,A,1,1,2558,11020,0.16688129142935423,0.4356837570667267,0.8640453219413757,protocol_A/train/PA_train_0567_b11
PA_train_0568_b11,A,train,0,A,1,1,2579,11171,0.1426701707978078,0.5604589581489563,0.862809419631958,protocol_A/train/PA_train_0568_b11
PA_train_0569_b11,A,train,0,A,1,1,2478,10586,0.13057571401109336,0.5653319358825684,0.8626026511192322,protocol_A/train/PA_train_0569_b11
PA_train_0570_b11,A,train,0,A,1,1,2555,10825,0.14588922763357232,0.45976051688194275,0.8614428639411926,protocol_A/train/PA_train_0570_b11
PA_train_0571_b11,A,train,0,A,1,1,2545,10810,0.10072550373814401,0.545704185962677,0.8601990938186646,protocol_A/train/PA_train_0571_b11
PA_train_0572_b11,A,train,0,A,1,1,2431,10259,0.14350244508584858,0.5649237036705017,0.8621350526809692,protocol_A/train/PA_train_0572_b11
PA_train_0573_b11,A,train,0,A,1,1,2397,10155,0.17771899586302048,0.4176087975502014,0.8599834442138672,protocol_A/train/PA_train_0573_b11
PA_train_0574_b11,A,train,0,A,1,1,2546,10798,0.10311568942210025,0.4601123332977295,0.8600367307662964,protocol_A/train/PA_train_0574_b11
PA_train_0575_b11,A,train,0,A,1,1,2620,11282,0.1131719378479495,0.43304967880249023,0.857582688331604,protocol_A/train/PA_train_0575_b11
PA_train_0576_b11,A,train,0,A,1,1,2494,10701,0.16898226797612287,0.5085024833679199,0.8635115027427673,protocol_A/train/PA_train_0576_b11
PA_train_0577_b11,A,train,0,A,1,1,2424,10297,0.17952852508302497,0.507050633430481,0.8613839149475098,protocol_A/train/PA_train_0577_b11
PA_train_0578_b11,A,train,0,A,1,1,2476,10523,0.15718564635652715,0.4842279851436615,0.8614931106567383,protocol_A/train/PA_train_0578_b11
PA_train_0579_b11,A,train,0,A,1,1,2619,11218,0.13509119081342863,0.4883553683757782,0.8628058433532715,protocol_A/train/PA_train_0579_b11
PA_train_0580_b11,A,train,0,A,1,1,2408,10126,0.10085112712801048,0.5367223620414734,0.859607994556427,protocol_A/train/PA_train_0580_b11
PA_train_0581_b11,A,train,0,A,1,1,2525,10889,0.14917600161337358,0.4413948953151703,0.8611928820610046,protocol_A/train/PA_train_0581_b11
PA_train_0582_b11,A,train,0,A,1,1,2554,11065,0.20358307751252752,0.4779287278652191,0.8617438077926636,protocol_A/train/PA_train_0582_b11
PA_train_0583_b11,A,train,0,A,1,1,2515,10669,0.11023892489109327,0.5378522872924805,0.8607304096221924,protocol_A/train/PA_train_0583_b11
PA_train_0584_b11,A,train,0,A,1,1,2449,10335,0.16369195147459742,0.5238714218139648,0.8600575923919678,protocol_A/train/PA_train_0584_b11
PA_train_0585_b11,A,train,0,A,1,1,2471,10627,0.2937210020389761,0.5328497290611267,0.8626753091812134,protocol_A/train/PA_train_0585_b11
PA_train_0586_b11,A,train,0,A,1,1,2530,10867,0.10751364963446144,0.5045912861824036,0.862331211566925,protocol_A/train/PA_train_0586_b11
PA_train_0587_b11,A,train,0,A,1,1,2566,10956,0.12525786525731442,0.4624495506286621,0.8610458970069885,protocol_A/train/PA_train_0587_b11
PA_train_0588_b11,A,train,0,A,1,1,2431,10421,0.1928370395659077,0.5513297915458679,0.8613286018371582,protocol_A/train/PA_train_0588_b11
PA_train_0589_b11,A,train,0,A,1,1,2501,10651,0.11077446953059553,0.5240451693534851,0.8609288334846497,protocol_A/train/PA_train_0589_b11
PA_train_0590_b11,A,train,0,A,1,1,2503,10715,0.1761109750212217,0.4655393958091736,0.8611893057823181,protocol_A/train/PA_train_0590_b11
PA_train_0591_b11,A,train,0,A,1,1,2402,10129,0.13757574235056563,0.5191667079925537,0.8597531318664551,protocol_A/train/PA_train_0591_b11
PA_train_0592_b11,A,train,0,A,1,1,2553,10950,0.1266223814613924,0.47990357875823975,0.8631443381309509,protocol_A/train/PA_train_0592_b11
PA_train_0593_b11,A,train,0,A,1,1,2629,11313,0.14384283068708711,0.5276268720626831,0.8613476157188416,protocol_A/train/PA_train_0593_b11
PA_train_0594_b11,A,train,0,A,1,1,2617,11308,0.2380292944011982,0.5445277094841003,0.8609257936477661,protocol_A/train/PA_train_0594_b11
PA_train_0595_b11,A,train,0,A,1,1,2383,10177,0.14443882324216076,0.49720993638038635,0.8623751997947693,protocol_A/train/PA_train_0595_b11
PA_train_0596_b11,A,train,0,A,1,1,2615,11252,0.10626560836450102,0.46765783429145813,0.862750768661499,protocol_A/train/PA_train_0596_b11
PA_train_0597_b11,A,train,0,A,1,1,2548,10928,0.16233744544190382,0.5399994254112244,0.8629398941993713,protocol_A/train/PA_train_0597_b11
PA_train_0598_b11,A,train,0,A,1,1,2526,10869,0.10036593599533356,0.44427692890167236,0.8652772307395935,protocol_A/train/PA_train_0598_b11
PA_train_0599_b11,A,train,0,A,1,1,2614,11268,0.13151079240876884,0.5114889144897461,0.8663340210914612,protocol_A/train/PA_train_0599_b11
PA_train_0600_b11,A,train,0,A,1,1,2462,10500,0.10660412680343305,0.5175928473472595,0.8612973690032959,protocol_A/train/PA_train_0600_b11
PA_train_0601_b11,A,train,0,A,1,1,2533,10896,0.1337627149495619,0.3628620207309723,0.86305832862854,protocol_A/train/PA_train_0601_b11
PA_train_0602_b11,A,train,0,A,1,1,2463,10550,0.14298890926777327,0.532936692237854,0.8652356863021851,protocol_A/train/PA_train_0602_b11
PA_train_0603_b11,A,train,0,A,1,1,2542,10901,0.128906283110211,0.42198842763900757,0.8631380796432495,protocol_A/train/PA_train_0603_b11
PA_train_0604_b11,A,train,0,A,1,1,2404,10158,0.2112308446863102,0.5119286775588989,0.8619617819786072,protocol_A/train/PA_train_0604_b11
PA_train_0605_b11,A,train,0,A,1,1,2477,10684,0.22977684602106802,0.5336997509002686,0.8621993660926819,protocol_A/train/PA_train_0605_b11
PA_train_0606_b11,A,train,0,A,1,1,2509,10767,0.15718734784374142,0.5144438743591309,0.862372636795044,protocol_A/train/PA_train_0606_b11
PA_train_0607_b11,A,train,0,A,1,1,2528,10801,0.10172158879386656,0.4742807149887085,0.8612735867500305,protocol_A/train/PA_train_0607_b11
PA_train_0608_b11,A,train,0,A,1,1,2561,10978,0.16997358130036827,0.5568603873252869,0.8661000728607178,protocol_A/train/PA_train_0608_b11
PA_train_0609_b11,A,train,0,A,1,1,2378,10041,0.14073260478637267,0.38947269320487976,0.8607380390167236,protocol_A/train/PA_train_0609_b11
PA_train_0610_b11,A,train,0,A,1,1,2488,10646,0.193123150928211,0.5252478122711182,0.864812433719635,protocol_A/train/PA_train_0610_b11
PA_train_0611_b11,A,train,0,A,1,1,2456,10496,0.17836028910638851,0.541490912437439,0.8627837300300598,protocol_A/train/PA_train_0611_b11
PA_train_0612_b11,A,train,0,A,1,1,2528,10769,0.14861370531858914,0.5536931157112122,0.8638123869895935,protocol_A/train/PA_train_0612_b11
PA_train_0613_b11,A,train,0,A,1,1,2567,11069,0.1627693876598434,0.38265353441238403,0.8613490462303162,protocol_A/train/PA_train_0613_b11
PA_train_0614_b11,A,train,0,A,1,1,2430,10362,0.16275477112166148,0.5390490293502808,0.8622600436210632,protocol_A/train/PA_train_0614_b11
PA_train_0615_b11,A,train,0,A,1,1,2539,10903,0.2138827634404566,0.5283170938491821,0.8619882464408875,protocol_A/train/PA_train_0615_b11
PA_train_0616_b11,A,train,0,A,1,1,2615,11239,0.11856907268069278,0.4241001605987549,0.8601574301719666,protocol_A/train/PA_train_0616_b11
PA_train_0617_b11,A,train,0,A,1,1,2443,10413,0.12821706876514463,0.5074970126152039,0.8592345118522644,protocol_A/train/PA_train_0617_b11
PA_train_0618_b11,A,train,0,A,1,1,2451,10387,0.16995986961187493,0.5187442898750305,0.8605979084968567,protocol_A/train/PA_train_0618_b11
PA_train_0619_b11,A,train,0,A,1,1,2530,10888,0.24033119065895614,0.5600301027297974,0.8634371161460876,protocol_A/train/PA_train_0619_b11
PA_train_0620_b11,A,train,0,A,1,1,2442,10319,0.18016797983946226,0.45316848158836365,0.8584675192832947,protocol_A/train/PA_train_0620_b11
PA_train_0621_b11,A,train,0,A,1,1,2403,10213,0.15578336134023907,0.5321205258369446,0.8605199456214905,protocol_A/train/PA_train_0621_b11
PA_train_0622_b11,A,train,0,A,1,1,2461,10380,0.11588169330083617,0.5154151320457458,0.858070969581604,protocol_A/train/PA_train_0622_b11
PA_train_0623_b11,A,train,0,A,1,1,2475,10622,0.16614655241357462,0.4989946782588959,0.8644950985908508,protocol_A/train/PA_train_0623_b11
PA_train_0624_b11,A,train,0,A,1,1,2603,11213,0.1735878637872662,0.4395870268344879,0.8633014559745789,protocol_A/train/PA_train_0624_b11
PA_train_0625_b11,A,train,0,A,1,1,2496,10738,0.23773133235030666,0.46221137046813965,0.8620277643203735,protocol_A/train/PA_train_0625_b11
PA_train_0626_b11,A,train,0,A,1,1,2532,10949,0.16515989267210343,0.5490990877151489,0.861463725566864,protocol_A/train/PA_train_0626_b11
PA_train_0627_b11,A,train,0,A,1,1,2456,10456,0.15954370246775243,0.4396468698978424,0.8593876361846924,protocol_A/train/PA_train_0627_b11
PA_train_0628_b11,A,train,0,A,1,1,2468,10536,0.10668225333604807,0.46260279417037964,0.8602011203765869,protocol_A/train/PA_train_0628_b11
PA_train_0629_b11,A,train,0,A,1,1,2550,11011,0.22792639992912062,0.5257632732391357,0.8635127544403076,protocol_A/train/PA_train_0629_b11
PA_train_0630_b11,A,train,0,A,1,1,2529,10751,0.13438346029576204,0.4442201554775238,0.8621971607208252,protocol_A/train/PA_train_0630_b11
PA_train_0631_b11,A,train,0,A,1,1,2393,9983,0.15212397636609068,0.3858471214771271,0.8569030165672302,protocol_A/train/PA_train_0631_b11
PA_train_0632_b11,A,train,0,A,1,1,2617,11215,0.10964624609854812,0.45127516984939575,0.8636090159416199,protocol_A/train/PA_train_0632_b11
PA_train_0633_b11,A,train,0,A,1,1,2501,10626,0.1384039334922611,0.49210867285728455,0.8606560230255127,protocol_A/train/PA_train_0633_b11
PA_train_0634_b11,A,train,0,A,1,1,2415,10332,0.18473629628453705,0.5149773359298706,0.8616920113563538,protocol_A/train/PA_train_0634_b11
PA_train_0635_b11,A,train,0,A,1,1,2386,10029,0.14117578882153686,0.46288546919822693,0.8604840040206909,protocol_A/train/PA_train_0635_b11
PA_train_0636_b11,A,train,0,A,1,1,2553,10973,0.17832112434405678,0.4768897294998169,0.862768292427063,protocol_A/train/PA_train_0636_b11
PA_train_0637_b11,A,train,0,A,1,1,2490,10618,0.13109538226860698,0.488800972700119,0.8618921637535095,protocol_A/train/PA_train_0637_b11
PA_train_0638_b11,A,train,0,A,1,1,2539,10815,0.11569419723988328,0.5551466941833496,0.8609598875045776,protocol_A/train/PA_train_0638_b11
PA_train_0639_b11,A,train,0,A,1,1,2544,10931,0.10268417178282091,0.4815466105937958,0.8624566793441772,protocol_A/train/PA_train_0639_b11
PA_train_0640_b11,A,train,0,A,1,1,2489,10490,0.10031442351301839,0.46288758516311646,0.8577316999435425,protocol_A/train/PA_train_0640_b11
PA_train_0641_b11,A,train,0,A,1,1,2417,10323,0.12874842124992297,0.515839159488678,0.8613725900650024,protocol_A/train/PA_train_0641_b11
PA_train_0642_b11,A,train,0,A,1,1,2261,9374,0.11456480456725043,0.38813185691833496,0.8549208045005798,protocol_A/train/PA_train_0642_b11
PA_train_0643_b11,A,train,0,A,1,1,2558,10981,0.14234309318265675,0.5598591566085815,0.8643448948860168,protocol_A/train/PA_train_0643_b11
PA_train_0644_b11,A,train,0,A,1,1,2430,10256,0.10287654492484813,0.42220374941825867,0.8585942983627319,protocol_A/train/PA_train_0644_b11
PA_train_0645_b11,A,train,0,A,1,1,2492,10732,0.23127266359986937,0.4448468089103699,0.8654159307479858,protocol_A/train/PA_train_0645_b11
PA_train_0646_b11,A,train,0,A,1,1,2529,10838,0.12615782300155734,0.5264260172843933,0.8636463284492493,protocol_A/train/PA_train_0646_b11
PA_train_0647_b11,A,train,0,A,1,1,2473,10569,0.21526851509421996,0.484201043844223,0.862412691116333,protocol_A/train/PA_train_0647_b11
PA_train_0648_b11,A,train,0,A,1,1,2386,10112,0.1815378759094527,0.49909523129463196,0.8581803441047668,protocol_A/train/PA_train_0648_b11
PA_train_0649_b11,A,train,0,A,1,1,2513,10776,0.1119159312512075,0.5457298159599304,0.8642513751983643,protocol_A/train/PA_train_0649_b11
PA_train_0650_b11,A,train,0,A,1,1,2420,10285,0.13773696973764415,0.5542107224464417,0.8616078495979309,protocol_A/train/PA_train_0650_b11
PA_train_0651_b11,A,train,0,A,1,1,2410,10054,0.10093169402444696,0.5227971076965332,0.8561204075813293,protocol_A/train/PA_train_0651_b11
PA_train_0652_b11,A,train,0,A,1,1,2481,10635,0.14656951283179903,0.4165725111961365,0.8610600829124451,protocol_A/train/PA_train_0652_b11
PA_train_0653_b11,A,train,0,A,1,1,2480,10589,0.10257281968245226,0.4563033878803253,0.8607165217399597,protocol_A/train/PA_train_0653_b11
PA_train_0654_b11,A,train,0,A,1,1,2412,10167,0.1199828753785567,0.4166610836982727,0.8600584864616394,protocol_A/train/PA_train_0654_b11
PA_train_0655_b11,A,train,0,A,1,1,2549,10907,0.1373938846173047,0.5021763443946838,0.8663462996482849,protocol_A/train/PA_train_0655_b11
PA_train_0656_b11,A,train,0,A,1,1,2532,10939,0.28991149464075133,0.5354100465774536,0.863698422908783,protocol_A/train/PA_train_0656_b11
PA_train_0657_b11,A,train,0,A,1,1,2585,11093,0.10559939433652618,0.512538731098175,0.8661948442459106,protocol_A/train/PA_train_0657_b11
PA_train_0658_b11,A,train,0,A,1,1,2437,10300,0.12224367239320588,0.4873046278953552,0.8608383536338806,protocol_A/train/PA_train_0658_b11
PA_train_0659_b11,A,train,0,A,1,1,2566,10974,0.1009827448242045,0.4623507261276245,0.8595055341720581,protocol_A/train/PA_train_0659_b11
PA_train_0660_b11,A,train,0,A,1,1,2412,10128,0.10043063082800069,0.5077672600746155,0.857153058052063,protocol_A/train/PA_train_0660_b11
PA_train_0661_b11,A,train,0,A,1,1,2496,10628,0.12496863158162427,0.4809238016605377,0.8604647517204285,protocol_A/train/PA_train_0661_b11
PA_train_0662_b11,A,train,0,A,1,1,2539,10994,0.17559817993974153,0.5341512560844421,0.8613078594207764,protocol_A/train/PA_train_0662_b11
PA_train_0663_b11,A,train,0,A,1,1,2456,10429,0.11244596020123604,0.5043628811836243,0.8592889308929443,protocol_A/train/PA_train_0663_b11
PA_train_0664_b11,A,train,0,A,1,1,2488,10514,0.10434838263780666,0.3791772723197937,0.8595439791679382,protocol_A/train/PA_train_0664_b11
PA_train_0665_b11,A,train,0,A,1,1,2387,10111,0.1366591388486043,0.4682371914386749,0.8610780835151672,protocol_A/train/PA_train_0665_b11
PA_train_0666_b11,A,train,0,A,1,1,2471,10444,0.1057602415442333,0.47414088249206543,0.8580099940299988,protocol_A/train/PA_train_0666_b11
PA_train_0667_b11,A,train,0,A,1,1,2447,10447,0.1893560852840489,0.48999905586242676,0.8606646060943604,protocol_A/train/PA_train_0667_b11
PA_train_0668_b11,A,train,0,A,1,1,2525,10826,0.1719457712473706,0.5268594026565552,0.8634901642799377,protocol_A/train/PA_train_0668_b11
PA_train_0669_b11,A,train,0,A,1,1,2508,10757,0.23938779199403076,0.5559529066085815,0.8649370670318604,protocol_A/train/PA_train_0669_b11
PA_train_0670_b11,A,train,0,A,1,1,2473,10677,0.15239549674574052,0.39090627431869507,0.8642258048057556,protocol_A/train/PA_train_0670_b11
PA_train_0671_b11,A,train,0,A,1,1,2566,11034,0.14155494748019204,0.42154425382614136,0.8644970655441284,protocol_A/train/PA_train_0671_b11
PA_train_0672_b11,A,train,0,A,1,1,2513,10680,0.13629833182581694,0.5482534170150757,0.861323893070221,protocol_A/train/PA_train_0672_b11
PA_train_0673_b11,A,train,0,A,1,1,2550,10972,0.12799324905084325,0.5009877681732178,0.8640074133872986,protocol_A/train/PA_train_0673_b11
PA_train_0674_b11,A,train,0,A,1,1,2315,9552,0.1064549030947477,0.46702566742897034,0.855068564414978,protocol_A/train/PA_train_0674_b11
PA_train_0675_b11,A,train,0,A,1,1,2556,10963,0.17365458430698327,0.5398561954498291,0.8633309602737427,protocol_A/train/PA_train_0675_b11
PA_train_0676_b11,A,train,0,A,1,1,2404,10197,0.12534454792564592,0.4140491187572479,0.859052836894989,protocol_A/train/PA_train_0676_b11
PA_train_0677_b11,A,train,0,A,1,1,2506,10718,0.1107924832426426,0.5272713303565979,0.8589203357696533,protocol_A/train/PA_train_0677_b11
PA_train_0678_b11,A,train,0,A,1,1,2360,9912,0.1020020103695108,0.4888104200363159,0.8583551049232483,protocol_A/train/PA_train_0678_b11
PA_train_0679_b11,A,train,0,A,1,1,2499,10660,0.14055033930827512,0.5126025676727295,0.8647308945655823,protocol_A/train/PA_train_0679_b11
PA_train_0680_b11,A,train,0,A,1,1,2573,11014,0.15804587727995784,0.4250917434692383,0.8615806698799133,protocol_A/train/PA_train_0680_b11
PA_train_0681_b11,A,train,0,A,1,1,2321,9681,0.12333517462815927,0.4865846037864685,0.8580102920532227,protocol_A/train/PA_train_0681_b11
PA_train_0682_b11,A,train,0,A,1,1,2514,10789,0.2396782254388565,0.5067896246910095,0.8639737963676453,protocol_A/train/PA_train_0682_b11
PA_train_0683_b11,A,train,0,A,1,1,2576,11070,0.10378624389920815,0.43192028999328613,0.8623749017715454,protocol_A/train/PA_train_0683_b11
PA_train_0684_b11,A,train,0,A,1,1,2356,9862,0.12353622737337716,0.480868935585022,0.8605812788009644,protocol_A/train/PA_train_0684_b11
PA_train_0685_b11,A,train,0,A,1,1,2593,11241,0.13002178631768435,0.4537104368209839,0.8636851906776428,protocol_A/train/PA_train_0685_b11
PA_train_0686_b11,A,train,0,A,1,1,2605,11200,0.11686214508014423,0.5154290795326233,0.8606848120689392,protocol_A/train/PA_train_0686_b11
PA_train_0687_b11,A,train,0,A,1,1,2488,10543,0.13142329197013689,0.5133400559425354,0.8605254292488098,protocol_A/train/PA_train_0687_b11
PA_train_0688_b11,A,train,0,A,1,1,2518,10733,0.13804645888145456,0.5435492396354675,0.8630322813987732,protocol_A/train/PA_train_0688_b11
PA_train_0689_b11,A,train,0,A,1,1,2563,11040,0.12362156134122637,0.5308318138122559,0.862473726272583,protocol_A/train/PA_train_0689_b11
PA_train_0690_b11,A,train,0,A,1,1,2485,10403,0.1157250919581691,0.47022783756256104,0.8578940629959106,protocol_A/train/PA_train_0690_b11
PA_train_0691_b11,A,train,0,A,1,1,2597,11198,0.10681226134575432,0.4130668044090271,0.8618443012237549,protocol_A/train/PA_train_0691_b11
PA_train_0692_b11,A,train,0,A,1,1,2413,10270,0.14033737028981044,0.4444733262062073,0.8593174815177917,protocol_A/train/PA_train_0692_b11
PA_train_0693_b11,A,train,0,A,1,1,2540,10812,0.12765090806737536,0.4155365824699402,0.8586530685424805,protocol_A/train/PA_train_0693_b11
PA_train_0694_b11,A,train,0,A,1,1,2550,10927,0.14614065835770815,0.5726593136787415,0.8620835542678833,protocol_A/train/PA_train_0694_b11
PA_train_0695_b11,A,train,0,A,1,1,2559,11005,0.15246421478142996,0.541274905204773,0.8613976240158081,protocol_A/train/PA_train_0695_b11
PA_train_0696_b11,A,train,0,A,1,1,2453,10476,0.10987509363032762,0.4020301103591919,0.86429762840271,protocol_A/train/PA_train_0696_b11
PA_train_0697_b11,A,train,0,A,1,1,2591,11030,0.1325162711591517,0.4943412244319916,0.8624706268310547,protocol_A/train/PA_train_0697_b11
PA_train_0698_b11,A,train,0,A,1,1,2570,11096,0.2005345066333052,0.48879721760749817,0.8627334833145142,protocol_A/train/PA_train_0698_b11
PA_train_0699_b11,A,train,0,A,1,1,2503,10736,0.10231221888395259,0.4879399836063385,0.863731861114502,protocol_A/train/PA_train_0699_b11
PA_train_0700_b11,A,train,0,A,1,1,2558,10987,0.10770561292230585,0.5319512486457825,0.8617172837257385,protocol_A/train/PA_train_0700_b11
PA_train_0701_b11,A,train,0,A,1,1,2426,10235,0.10584623198756138,0.4202359914779663,0.8568276166915894,protocol_A/train/PA_train_0701_b11
PA_train_0702_b11,A,train,0,A,1,1,2553,10952,0.11209029326171346,0.4895797669887543,0.8597025871276855,protocol_A/train/PA_train_0702_b11
PA_train_0703_b11,A,train,0,A,1,1,2301,9595,0.11440511667020378,0.43578219413757324,0.8567695617675781,protocol_A/train/PA_train_0703_b11
PA_train_0704_b11,A,train,0,A,1,1,2541,10768,0.11225744811202171,0.4624616503715515,0.859973132610321,protocol_A/train/PA_train_0704_b11
PA_train_0705_b11,A,train,0,A,1,1,2416,10293,0.16484296605616414,0.446656197309494,0.8584681749343872,protocol_A/train/PA_train_0705_b11
PA_train_0706_b11,A,train,0,A,1,1,2566,11022,0.16022284166853465,0.49104446172714233,0.864204466342926,protocol_A/train/PA_train_0706_b11
PA_train_0707_b11,A,train,0,A,1,1,2385,10086,0.13868975499789196,0.5270203351974487,0.8615624308586121,protocol_A/train/PA_train_0707_b11
PA_train_0708_b11,A,train,0,A,1,1,2491,10669,0.23518541956837938,0.5202662348747253,0.8621543049812317,protocol_A/train/PA_train_0708_b11
PA_train_0709_b11,A,train,0,A,1,1,2487,10618,0.10605225083672909,0.5013764500617981,0.8629109859466553,protocol_A/train/PA_train_0709_b11
PA_train_0710_b11,A,train,0,A,1,1,2566,10865,0.10596289295893621,0.5263117551803589,0.8591325879096985,protocol_A/train/PA_train_0710_b11
PA_train_0711_b11,A,train,0,A,1,1,2546,10903,0.11287776047920797,0.4554867446422577,0.8634285926818848,protocol_A/train/PA_train_0711_b11
PA_train_0712_b11,A,train,0,A,1,1,2540,10905,0.2520316236939725,0.5360365509986877,0.8619721531867981,protocol_A/train/PA_train_0712_b11
PA_train_0713_b11,A,train,0,A,1,1,2368,9945,0.13280670829855934,0.46216288208961487,0.8616867661476135,protocol_A/train/PA_train_0713_b11
PA_train_0714_b11,A,train,0,A,1,1,2541,10958,0.12848167247909031,0.4505525231361389,0.864242672920227,protocol_A/train/PA_train_0714_b11
PA_train_0715_b11,A,train,0,A,1,1,2425,10201,0.13372051180494934,0.5033776760101318,0.8611226677894592,protocol_A/train/PA_train_0715_b11
PA_train_0716_b11,A,train,0,A,1,1,2561,11008,0.24834664783148494,0.5363994836807251,0.8633444309234619,protocol_A/train/PA_train_0716_b11
PA_train_0717_b11,A,train,0,A,1,1,2586,11190,0.1401442856819325,0.529958188533783,0.8639935851097107,protocol_A/train/PA_train_0717_b11
PA_train_0718_b11,A,train,0,A,1,1,2549,10973,0.13057419367041243,0.4585845172405243,0.8614514470100403,protocol_A/train/PA_train_0718_b11
PA_train_0719_b11,A,train,0,A,1,1,2507,10715,0.15382726395906132,0.5088695287704468,0.8622400760650635,protocol_A/train/PA_train_0719_b11
PA_train_0720_b11,A,train,0,A,1,1,2536,10907,0.16059420251347709,0.481474369764328,0.8651047348976135,protocol_A/train/PA_train_0720_b11
PA_train_0721_b11,A,train,0,A,1,1,2487,10665,0.16079156767432234,0.44053199887275696,0.8620203733444214,protocol_A/train/PA_train_0721_b11
PA_train_0722_b11,A,train,0,A,1,1,2448,10426,0.14476186110700665,0.49226221442222595,0.8590793013572693,protocol_A/train/PA_train_0722_b11
PA_train_0723_b11,A,train,0,A,1,1,2517,10854,0.1267363889398092,0.5428963303565979,0.8639693856239319,protocol_A/train/PA_train_0723_b11
PA_train_0724_b11,A,train,0,A,1,1,2543,10944,0.18475356206733629,0.5353918671607971,0.8642574548721313,protocol_A/train/PA_train_0724_b11
PA_train_0725_b11,A,train,0,A,1,1,2509,10687,0.1438544861400601,0.5461939573287964,0.8601310849189758,protocol_A/train/PA_train_0725_b11
PA_train_0726_b11,A,train,0,A,1,1,2422,10320,0.12452316904620399,0.46359556913375854,0.8612316250801086,protocol_A/train/PA_train_0726_b11
PA_train_0727_b11,A,train,0,A,1,1,2441,10423,0.10660335796321893,0.5001240968704224,0.8613334894180298,protocol_A/train/PA_train_0727_b11
PA_train_0728_b11,A,train,0,A,1,1,2383,10020,0.113500935039377,0.5393696427345276,0.8580970764160156,protocol_A/train/PA_train_0728_b11
PA_train_0729_b11,A,train,0,A,1,1,2522,10765,0.18413557719331236,0.5540387034416199,0.8614132404327393,protocol_A/train/PA_train_0729_b11
PA_train_0730_b11,A,train,0,A,1,1,2438,10286,0.14763154340340479,0.5620636940002441,0.8629584312438965,protocol_A/train/PA_train_0730_b11
PA_train_0731_b11,A,train,0,A,1,1,2510,10716,0.18016599409202308,0.42841199040412903,0.8629621267318726,protocol_A/train/PA_train_0731_b11
PA_train_0732_b11,A,train,0,A,1,1,2428,10335,0.15568887624965708,0.4148311913013458,0.8614985942840576,protocol_A/train/PA_train_0732_b11
PA_train_0733_b11,A,train,0,A,1,1,2434,10315,0.10994359847514729,0.538197934627533,0.8625412583351135,protocol_A/train/PA_train_0733_b11
PA_train_0734_b11,A,train,0,A,1,1,2521,10907,0.19010902538735563,0.472624808549881,0.8636674880981445,protocol_A/train/PA_train_0734_b11
PA_train_0735_b11,A,train,0,A,1,1,2364,9872,0.10003184421931631,0.4652654230594635,0.856593132019043,protocol_A/train/PA_train_0735_b11
PA_train_0736_b11,A,train,0,A,1,1,2564,11019,0.11232691638761151,0.4422464370727539,0.8599037528038025,protocol_A/train/PA_train_0736_b11
PA_train_0737_b11,A,train,0,A,1,1,2468,10581,0.16977379731909203,0.5253876447677612,0.8613975048065186,protocol_A/train/PA_train_0737_b11
PA_train_0738_b11,A,train,0,A,1,1,2480,10685,0.15067656595576384,0.4448488652706146,0.8623369336128235,protocol_A/train/PA_train_0738_b11
PA_train_0739_b11,A,train,0,A,1,1,2562,11180,0.21559655196907365,0.4583529233932495,0.8655924797058105,protocol_A/train/PA_train_0739_b11
PA_train_0740_b11,A,train,0,A,1,1,2373,9908,0.11894462504643083,0.5020221471786499,0.8575645685195923,protocol_A/train/PA_train_0740_b11
PA_train_0741_b11,A,train,0,A,1,1,2448,10431,0.1423306705619611,0.5075787901878357,0.8644753098487854,protocol_A/train/PA_train_0741_b11
PA_train_0742_b11,A,train,0,A,1,1,2346,9822,0.13409731972582928,0.5032252669334412,0.8600566387176514,protocol_A/train/PA_train_0742_b11
PA_train_0743_b11,A,train,0,A,1,1,2601,11200,0.1234205871782485,0.46724557876586914,0.8642562627792358,protocol_A/train/PA_train_0743_b11
PA_train_0744_b11,A,train,0,A,1,1,2567,10964,0.13619312589069704,0.5259677171707153,0.8615055680274963,protocol_A/train/PA_train_0744_b11
PA_train_0745_b11,A,train,0,A,1,1,2574,11124,0.2525161379651809,0.45712795853614807,0.8632521033287048,protocol_A/train/PA_train_0745_b11
PA_train_0746_b11,A,train,0,A,1,1,2442,10386,0.1193803911763141,0.5626439452171326,0.8630642294883728,protocol_A/train/PA_train_0746_b11
PA_train_0747_b11,A,train,0,A,1,1,2658,11503,0.13282300899013524,0.5042508244514465,0.8614113926887512,protocol_A/train/PA_train_0747_b11
PA_train_0748_b11,A,train,0,A,1,1,2569,10975,0.11679328972337139,0.4678819179534912,0.8634899258613586,protocol_A/train/PA_train_0748_b11
PA_train_0749_b11,A,train,0,A,1,1,2572,11019,0.1974405110259565,0.4521890878677368,0.8603543043136597,protocol_A/train/PA_train_0749_b11
PA_train_0750_b11,A,train,0,A,1,1,2617,11188,0.11693719185295544,0.5032450556755066,0.8614965677261353,protocol_A/train/PA_train_0750_b11
PA_train_0751_b11,A,train,0,A,1,1,2498,10682,0.12535993592851455,0.45983681082725525,0.8598127365112305,protocol_A/train/PA_train_0751_b11
PA_train_0752_b11,A,train,0,A,1,1,2498,10625,0.14204285784112952,0.5095431804656982,0.8640421032905579,protocol_A/train/PA_train_0752_b11
PA_train_0753_b11,A,train,0,A,1,1,2515,10760,0.12092291239268999,0.4713071882724762,0.8593748807907104,protocol_A/train/PA_train_0753_b11
PA_train_0754_b11,A,train,0,A,1,1,2384,10053,0.14105096996730207,0.4893339276313782,0.86141437292099,protocol_A/train/PA_train_0754_b11
PA_train_0755_b11,A,train,0,A,1,1,2548,11091,0.14704594907701196,0.4959337115287781,0.8665996789932251,protocol_A/train/PA_train_0755_b11
PA_train_0756_b11,A,train,0,A,1,1,2498,10682,0.1387058427259979,0.5678628087043762,0.8641535043716431,protocol_A/train/PA_train_0756_b11
PA_train_0757_b11,A,train,0,A,1,1,2572,11026,0.16552346396581144,0.5389167070388794,0.8631347417831421,protocol_A/train/PA_train_0757_b11
PA_train_0758_b11,A,train,0,A,1,1,2623,11293,0.11903250047589264,0.5290071964263916,0.8638015985488892,protocol_A/train/PA_train_0758_b11
PA_train_0759_b11,A,train,0,A,1,1,2497,10788,0.2381957414875383,0.550374448299408,0.8644648194313049,protocol_A/train/PA_train_0759_b11
PA_train_0760_b11,A,train,0,A,1,1,2490,10691,0.15610558285664053,0.5391765832901001,0.8630222678184509,protocol_A/train/PA_train_0760_b11
PA_train_0761_b11,A,train,0,A,1,1,2425,10306,0.18373402264481523,0.44520777463912964,0.8611000180244446,protocol_A/train/PA_train_0761_b11
PA_train_0762_b11,A,train,0,A,1,1,2564,10808,0.10083222164138927,0.5033231377601624,0.8585851192474365,protocol_A/train/PA_train_0762_b11
PA_train_0763_b11,A,train,0,A,1,1,2518,10784,0.12468375450028368,0.5464887022972107,0.8622575998306274,protocol_A/train/PA_train_0763_b11
PA_train_0764_b11,A,train,0,A,1,1,2550,11056,0.2449577674791028,0.44855353236198425,0.8629681468009949,protocol_A/train/PA_train_0764_b11
PA_train_0765_b11,A,train,0,A,1,1,2509,10748,0.10076313972173503,0.4416269063949585,0.8612884879112244,protocol_A/train/PA_train_0765_b11
PA_train_0766_b11,A,train,0,A,1,1,2451,10288,0.15380895409387477,0.4800533056259155,0.8609431982040405,protocol_A/train/PA_train_0766_b11
PA_train_0767_b11,A,train,0,A,1,1,2626,11237,0.10381498899593397,0.4709499180316925,0.8640807271003723,protocol_A/train/PA_train_0767_b11
PA_train_0768_b11,A,train,0,A,1,1,2528,10886,0.1793692612947149,0.5788189768791199,0.8628260493278503,protocol_A/train/PA_train_0768_b11
PA_train_0769_b11,A,train,0,A,1,1,2493,10640,0.10790503134973042,0.47410377860069275,0.8610353469848633,protocol_A/train/PA_train_0769_b11
PA_train_0770_b11,A,train,0,A,1,1,2552,10968,0.12159626579526647,0.462200790643692,0.8601366281509399,protocol_A/train/PA_train_0770_b11
PA_train_0771_b11,A,train,0,A,1,1,2554,10910,0.1250499014995238,0.4403647482395172,0.8586762547492981,protocol_A/train/PA_train_0771_b11
PA_train_0772_b11,A,train,0,A,1,1,2326,9740,0.10426414837165804,0.45746856927871704,0.859257698059082,protocol_A/train/PA_train_0772_b11
PA_train_0773_b11,A,train,0,A,1,1,2496,10697,0.11947546784829735,0.5548592805862427,0.8629233837127686,protocol_A/train/PA_train_0773_b11
PA_train_0774_b11,A,train,0,A,1,1,2364,9962,0.12271120195147756,0.5573863387107849,0.8603045344352722,protocol_A/train/PA_train_0774_b11
PA_train_0775_b11,A,train,0,A,1,1,2548,10974,0.20007072656599015,0.4943079650402069,0.8652687072753906,protocol_A/train/PA_train_0775_b11
PA_train_0776_b11,A,train,0,A,1,1,2440,10295,0.11109488771824348,0.3721121549606323,0.8570967316627502,protocol_A/train/PA_train_0776_b11
PA_train_0777_b11,A,train,0,A,1,1,2541,10916,0.15674096032013196,0.4170193374156952,0.861913800239563,protocol_A/train/PA_train_0777_b11
PA_train_0778_b11,A,train,0,A,1,1,2528,10766,0.1133336710038213,0.42178213596343994,0.8626582622528076,protocol_A/train/PA_train_0778_b11
PA_train_0779_b11,A,train,0,A,1,1,2564,11001,0.11291575573198748,0.507656991481781,0.8608357906341553,protocol_A/train/PA_train_0779_b11
PA_train_0780_b11,A,train,0,A,1,1,2422,10273,0.1207773210250365,0.51638263463974,0.8627442717552185,protocol_A/train/PA_train_0780_b11
PA_train_0781_b11,A,train,0,A,1,1,2582,11099,0.10897307850490992,0.4389479160308838,0.8623313307762146,protocol_A/train/PA_train_0781_b11
PA_train_0782_b11,A,train,0,A,1,1,2450,10280,0.1453288428693365,0.38135769963264465,0.8596283793449402,protocol_A/train/PA_train_0782_b11
PA_train_0783_b11,A,train,0,A,1,1,2528,10851,0.22792594942449831,0.538618266582489,0.8663154244422913,protocol_A/train/PA_train_0783_b11
PA_train_0784_b11,A,train,0,A,1,1,2366,10036,0.10484210538439848,0.5229535698890686,0.8605929017066956,protocol_A/train/PA_train_0784_b11
PA_train_0785_b11,A,train,0,A,1,1,2539,10994,0.1522362462878415,0.49348270893096924,0.8653554320335388,protocol_A/train/PA_train_0785_b11
PA_train_0786_b11,A,train,0,A,1,1,2455,10545,0.11997794107838469,0.44538062810897827,0.8608805537223816,protocol_A/train/PA_train_0786_b11
PA_train_0787_b11,A,train,0,A,1,1,2353,9944,0.1740008319856805,0.5328850746154785,0.860054075717926,protocol_A/train/PA_train_0787_b11
PA_train_0788_b11,A,train,0,A,1,1,2495,10636,0.13822443133599077,0.4750848710536957,0.8597646951675415,protocol_A/train/PA_train_0788_b11
PA_train_0789_b11,A,train,0,A,1,1,2417,10268,0.14877458668386895,0.465499609708786,0.8609752058982849,protocol_A/train/PA_train_0789_b11
PA_train_0790_b11,A,train,0,A,1,1,2433,10370,0.11073258834818832,0.4951973259449005,0.8616144061088562,protocol_A/train/PA_train_0790_b11
PA_train_0791_b11,A,train,0,A,1,1,2482,10606,0.21156643414821918,0.5104071497917175,0.8645633459091187,protocol_A/train/PA_train_0791_b11
PA_train_0792_b11,A,train,0,A,1,1,2525,10702,0.10895087239659484,0.4387069344520569,0.8563323616981506,protocol_A/train/PA_train_0792_b11
PA_train_0793_b11,A,train,0,A,1,1,2514,10733,0.12691452277344625,0.5799975991249084,0.864519476890564,protocol_A/train/PA_train_0793_b11
PA_train_0794_b11,A,train,0,A,1,1,2554,11020,0.14848451216815223,0.5275320410728455,0.8650747537612915,protocol_A/train/PA_train_0794_b11
PA_train_0795_b11,A,train,0,A,1,1,2478,10653,0.10654639945330047,0.5468372702598572,0.8616079092025757,protocol_A/train/PA_train_0795_b11
PA_train_0796_b11,A,train,0,A,1,1,2505,10720,0.14357785912963691,0.4932187497615814,0.8634086847305298,protocol_A/train/PA_train_0796_b11
PA_train_0797_b11,A,train,0,A,1,1,2572,11071,0.10626958000655111,0.48119261860847473,0.8628209829330444,protocol_A/train/PA_train_0797_b11
PA_train_0798_b11,A,train,0,A,1,1,2504,10709,0.17315969709422618,0.500236451625824,0.8653082251548767,protocol_A/train/PA_train_0798_b11
PA_train_0799_b11,A,train,0,A,1,1,2525,10860,0.15175556591304373,0.43641331791877747,0.861030101776123,protocol_A/train/PA_train_0799_b11
PA_validation_0000_b11,A,validation,0,A,1,1,2425,10154,0.10918422433394248,0.5185372829437256,0.8586406111717224,protocol_A/validation/PA_validation_0000_b11
PA_validation_0001_b11,A,validation,0,A,1,1,2605,11281,0.11724101613205841,0.48157060146331787,0.8623754382133484,protocol_A/validation/PA_validation_0001_b11
PA_validation_0002_b11,A,validation,0,A,1,1,2518,10678,0.11893720748428982,0.4675224721431732,0.8638291358947754,protocol_A/validation/PA_validation_0002_b11
PA_validation_0003_b11,A,validation,0,A,1,1,2551,11070,0.2258084967476148,0.5216937065124512,0.8656767010688782,protocol_A/validation/PA_validation_0003_b11
PA_validation_0004_b11,A,validation,0,A,1,1,2503,10779,0.18498723299376016,0.5256612300872803,0.8637073636054993,protocol_A/validation/PA_validation_0004_b11
PA_validation_0005_b11,A,validation,0,A,1,1,2624,11239,0.1384861850548027,0.4703269600868225,0.8641699552536011,protocol_A/validation/PA_validation_0005_b11
PA_validation_0006_b11,A,validation,0,A,1,1,2574,11191,0.2214013845833016,0.39455780386924744,0.864201009273529,protocol_A/validation/PA_validation_0006_b11
PA_validation_0007_b11,A,validation,0,A,1,1,2521,10812,0.20888132646483884,0.44983038306236267,0.8622069358825684,protocol_A/validation/PA_validation_0007_b11
PA_validation_0008_b11,A,validation,0,A,1,1,2427,10232,0.15504302887775573,0.356558620929718,0.8603118658065796,protocol_A/validation/PA_validation_0008_b11
PA_validation_0009_b11,A,validation,0,A,1,1,2469,10594,0.14272695682330028,0.544165849685669,0.8643772602081299,protocol_A/validation/PA_validation_0009_b11
PA_validation_0010_b11,A,validation,0,A,1,1,2387,10167,0.1838266671343399,0.572702944278717,0.8655120730400085,protocol_A/validation/PA_validation_0010_b11
PA_validation_0011_b11,A,validation,0,A,1,1,2474,10497,0.11810530874346808,0.5232023000717163,0.8613920211791992,protocol_A/validation/PA_validation_0011_b11
PA_validation_0012_b11,A,validation,0,A,1,1,2561,11004,0.1507094136967193,0.5399090051651001,0.8615450263023376,protocol_A/validation/PA_validation_0012_b11
PA_validation_0013_b11,A,validation,0,A,1,1,2460,10446,0.13954044012563574,0.4245699942111969,0.8626375794410706,protocol_A/validation/PA_validation_0013_b11
PA_validation_0014_b11,A,validation,0,A,1,1,2542,10857,0.21687507815797955,0.4406558573246002,0.8607137799263,protocol_A/validation/PA_validation_0014_b11
PA_validation_0015_b11,A,validation,0,A,1,1,2578,11145,0.16339776625440205,0.5351962447166443,0.8610143661499023,protocol_A/validation/PA_validation_0015_b11
PA_validation_0016_b11,A,validation,0,A,1,1,2475,10535,0.10164052110597538,0.44622325897216797,0.8605535626411438,protocol_A/validation/PA_validation_0016_b11
PA_validation_0017_b11,A,validation,0,A,1,1,2510,10803,0.14350721524395194,0.46097785234451294,0.8617603778839111,protocol_A/validation/PA_validation_0017_b11
PA_validation_0018_b11,A,validation,0,A,1,1,2597,11130,0.15715877735741518,0.47868281602859497,0.8615093231201172,protocol_A/validation/PA_validation_0018_b11
PA_validation_0019_b11,A,validation,0,A,1,1,2455,10403,0.141227111506065,0.5123513340950012,0.860193133354187,protocol_A/validation/PA_validation_0019_b11
PA_validation_0020_b11,A,validation,0,A,1,1,2576,11024,0.11000760923858592,0.4395267963409424,0.8616764545440674,protocol_A/validation/PA_validation_0020_b11
PA_validation_0021_b11,A,validation,0,A,1,1,2408,10240,0.14311488799189542,0.4773155748844147,0.8589299917221069,protocol_A/validation/PA_validation_0021_b11
PA_validation_0022_b11,A,validation,0,A,1,1,2570,10887,0.10001858113404127,0.4614376425743103,0.8611207604408264,protocol_A/validation/PA_validation_0022_b11
PA_validation_0023_b11,A,validation,0,A,1,1,2495,10712,0.13686968280167705,0.4557478427886963,0.8668004870414734,protocol_A/validation/PA_validation_0023_b11
PA_validation_0024_b11,A,validation,0,A,1,1,2465,10486,0.19814105091553236,0.4164717495441437,0.8588652014732361,protocol_A/validation/PA_validation_0024_b11
PA_validation_0025_b11,A,validation,0,A,1,1,2557,10910,0.10119337863489644,0.5383269190788269,0.860457181930542,protocol_A/validation/PA_validation_0025_b11
PA_validation_0026_b11,A,validation,0,A,1,1,2567,11046,0.13643135563150666,0.43507257103919983,0.8623310327529907,protocol_A/validation/PA_validation_0026_b11
PA_validation_0027_b11,A,validation,0,A,1,1,2489,10597,0.13753472657687596,0.47106698155403137,0.8604696393013,protocol_A/validation/PA_validation_0027_b11
PA_validation_0028_b11,A,validation,0,A,1,1,2412,10176,0.13834786666817642,0.5619613528251648,0.8586998581886292,protocol_A/validation/PA_validation_0028_b11
PA_validation_0029_b11,A,validation,0,A,1,1,2482,10577,0.20667327051456003,0.5447741150856018,0.8629183769226074,protocol_A/validation/PA_validation_0029_b11
PA_validation_0030_b11,A,validation,0,A,1,1,2412,10284,0.12330297881395429,0.4221949875354767,0.8602300882339478,protocol_A/validation/PA_validation_0030_b11
PA_validation_0031_b11,A,validation,0,A,1,1,2453,10390,0.1154490626696886,0.3608415722846985,0.8642297387123108,protocol_A/validation/PA_validation_0031_b11
PA_validation_0032_b11,A,validation,0,A,1,1,2594,11201,0.1473531110981422,0.47241711616516113,0.8617820143699646,protocol_A/validation/PA_validation_0032_b11
PA_validation_0033_b11,A,validation,0,A,1,1,2606,11229,0.13156928444847843,0.5343804955482483,0.8642013072967529,protocol_A/validation/PA_validation_0033_b11
PA_validation_0034_b11,A,validation,0,A,1,1,2500,10730,0.10594777565299196,0.5207288265228271,0.8624233603477478,protocol_A/validation/PA_validation_0034_b11
PA_validation_0035_b11,A,validation,0,A,1,1,2506,10730,0.13852195452730326,0.5629488229751587,0.864601731300354,protocol_A/validation/PA_validation_0035_b11
PA_validation_0036_b11,A,validation,0,A,1,1,2489,10515,0.1093245778575527,0.45522263646125793,0.8580273389816284,protocol_A/validation/PA_validation_0036_b11
PA_validation_0037_b11,A,validation,0,A,1,1,2433,10177,0.11126855082254924,0.475336492061615,0.8560771346092224,protocol_A/validation/PA_validation_0037_b11
PA_validation_0038_b11,A,validation,0,A,1,1,2493,10613,0.12008095669220412,0.5708751678466797,0.8633079528808594,protocol_A/validation/PA_validation_0038_b11
PA_validation_0039_b11,A,validation,0,A,1,1,2458,10581,0.22459113794073515,0.553851842880249,0.8624944686889648,protocol_A/validation/PA_validation_0039_b11
PA_validation_0040_b11,A,validation,0,A,1,1,2564,11026,0.10033976612135669,0.4963406026363373,0.8614419102668762,protocol_A/validation/PA_validation_0040_b11
PA_validation_0041_b11,A,validation,0,A,1,1,2523,10847,0.11687521804972838,0.5133269429206848,0.8609046339988708,protocol_A/validation/PA_validation_0041_b11
PA_validation_0042_b11,A,validation,0,A,1,1,2530,10875,0.20154260833091203,0.5568802952766418,0.8646612167358398,protocol_A/validation/PA_validation_0042_b11
PA_validation_0043_b11,A,validation,0,A,1,1,2319,9757,0.1239963687561814,0.48297247290611267,0.8572811484336853,protocol_A/validation/PA_validation_0043_b11
PA_validation_0044_b11,A,validation,0,A,1,1,2370,9995,0.1534445140843155,0.5277913808822632,0.8603469729423523,protocol_A/validation/PA_validation_0044_b11
PA_validation_0045_b11,A,validation,0,A,1,1,2574,11095,0.1497557536361732,0.5805485844612122,0.8651686906814575,protocol_A/validation/PA_validation_0045_b11
PA_validation_0046_b11,A,validation,0,A,1,1,2543,10775,0.11932112732627467,0.49989381432533264,0.8616310358047485,protocol_A/validation/PA_validation_0046_b11
PA_validation_0047_b11,A,validation,0,A,1,1,2499,10685,0.10754144596544551,0.5518949627876282,0.8609941601753235,protocol_A/validation/PA_validation_0047_b11
PA_validation_0048_b11,A,validation,0,A,1,1,2332,9769,0.1093215053954236,0.4453566074371338,0.857842743396759,protocol_A/validation/PA_validation_0048_b11
PA_validation_0049_b11,A,validation,0,A,1,1,2461,10535,0.24985927584167478,0.5393506288528442,0.8647403717041016,protocol_A/validation/PA_validation_0049_b11
PA_validation_0050_b11,A,validation,0,A,1,1,2452,10419,0.13221932628992358,0.5470123291015625,0.863858699798584,protocol_A/validation/PA_validation_0050_b11
PA_validation_0051_b11,A,validation,0,A,1,1,2513,10877,0.23135862136725577,0.5151129364967346,0.8630409836769104,protocol_A/validation/PA_validation_0051_b11
PA_validation_0052_b11,A,validation,0,A,1,1,2522,10796,0.1978311778727189,0.5467026829719543,0.8645187616348267,protocol_A/validation/PA_validation_0052_b11
PA_validation_0053_b11,A,validation,0,A,1,1,2303,9571,0.12182066394002174,0.44718223810195923,0.8591629862785339,protocol_A/validation/PA_validation_0053_b11
PA_validation_0054_b11,A,validation,0,A,1,1,2415,10218,0.14973811350067442,0.40111497044563293,0.8608902096748352,protocol_A/validation/PA_validation_0054_b11
PA_validation_0055_b11,A,validation,0,A,1,1,2396,10159,0.142344222283278,0.5459018349647522,0.8617929816246033,protocol_A/validation/PA_validation_0055_b11
PA_validation_0056_b11,A,validation,0,A,1,1,2498,10621,0.10361931863808299,0.46945518255233765,0.85887610912323,protocol_A/validation/PA_validation_0056_b11
PA_validation_0057_b11,A,validation,0,A,1,1,2427,10135,0.1059636782014656,0.46976009011268616,0.8590014576911926,protocol_A/validation/PA_validation_0057_b11
PA_validation_0058_b11,A,validation,0,A,1,1,2362,9987,0.12313665324370451,0.5468087196350098,0.8592693209648132,protocol_A/validation/PA_validation_0058_b11
PA_validation_0059_b11,A,validation,0,A,1,1,2463,10506,0.17367586510669905,0.5389956831932068,0.8643279075622559,protocol_A/validation/PA_validation_0059_b11
PA_validation_0060_b11,A,validation,0,A,1,1,2549,10958,0.121508492731255,0.40974247455596924,0.8621013164520264,protocol_A/validation/PA_validation_0060_b11
PA_validation_0061_b11,A,validation,0,A,1,1,2497,10679,0.12574074604839236,0.5572496056556702,0.8606787323951721,protocol_A/validation/PA_validation_0061_b11
PA_validation_0062_b11,A,validation,0,A,1,1,2488,10581,0.11749867632804559,0.49615201354026794,0.8608168363571167,protocol_A/validation/PA_validation_0062_b11
PA_validation_0063_b11,A,validation,0,A,1,1,2457,10395,0.11512324800621582,0.43238216638565063,0.8610309958457947,protocol_A/validation/PA_validation_0063_b11
PA_validation_0064_b11,A,validation,0,A,1,1,2477,10560,0.10041241582431124,0.4747518301010132,0.8604180812835693,protocol_A/validation/PA_validation_0064_b11
PA_validation_0065_b11,A,validation,0,A,1,1,2416,10283,0.22084899624550147,0.5061630606651306,0.8615931868553162,protocol_A/validation/PA_validation_0065_b11
PA_validation_0066_b11,A,validation,0,A,1,1,2391,10077,0.1191235805989562,0.5743331909179688,0.861700177192688,protocol_A/validation/PA_validation_0066_b11
PA_validation_0067_b11,A,validation,0,A,1,1,2450,10348,0.14482552697944498,0.5391848683357239,0.8601971864700317,protocol_A/validation/PA_validation_0067_b11
PA_validation_0068_b11,A,validation,0,A,1,1,2734,11774,0.12625338329962393,0.4404798448085785,0.8618460297584534,protocol_A/validation/PA_validation_0068_b11
PA_validation_0069_b11,A,validation,0,A,1,1,2362,10015,0.15606142091410755,0.4803800880908966,0.8579789400100708,protocol_A/validation/PA_validation_0069_b11
PA_validation_0070_b11,A,validation,0,A,1,1,2633,11328,0.10075577948614758,0.44431400299072266,0.8617005348205566,protocol_A/validation/PA_validation_0070_b11
PA_validation_0071_b11,A,validation,0,A,1,1,2577,11043,0.1267190945825048,0.47230517864227295,0.8615976572036743,protocol_A/validation/PA_validation_0071_b11
PA_validation_0072_b11,A,validation,0,A,1,1,2541,10939,0.21057436468874338,0.5780590176582336,0.8641607761383057,protocol_A/validation/PA_validation_0072_b11
PA_validation_0073_b11,A,validation,0,A,1,1,2545,10924,0.1932439203148559,0.49997207522392273,0.8626296520233154,protocol_A/validation/PA_validation_0073_b11
PA_validation_0074_b11,A,validation,0,A,1,1,2630,11269,0.1333509941869258,0.5542264580726624,0.8655222654342651,protocol_A/validation/PA_validation_0074_b11
PA_validation_0075_b11,A,validation,0,A,1,1,2488,10654,0.1656970460212877,0.5406972765922546,0.8625426292419434,protocol_A/validation/PA_validation_0075_b11
PA_validation_0076_b11,A,validation,0,A,1,1,2610,11268,0.24667967546312083,0.47124916315078735,0.8652431964874268,protocol_A/validation/PA_validation_0076_b11
PA_validation_0077_b11,A,validation,0,A,1,1,2484,10483,0.13379735981518742,0.46658027172088623,0.8616240620613098,protocol_A/validation/PA_validation_0077_b11
PA_validation_0078_b11,A,validation,0,A,1,1,2477,10549,0.11265638061858133,0.4212835729122162,0.8629301190376282,protocol_A/validation/PA_validation_0078_b11
PA_validation_0079_b11,A,validation,0,A,1,1,2598,11184,0.19135181958173714,0.5425218343734741,0.8591808080673218,protocol_A/validation/PA_validation_0079_b11
PA_validation_0080_b11,A,validation,0,A,1,1,2421,10337,0.14683355160087597,0.4312266409397125,0.8632986545562744,protocol_A/validation/PA_validation_0080_b11
PA_validation_0081_b11,A,validation,0,A,1,1,2608,11229,0.21062895242825042,0.44723430275917053,0.8650608658790588,protocol_A/validation/PA_validation_0081_b11
PA_validation_0082_b11,A,validation,0,A,1,1,2509,10647,0.13764211791926262,0.4633795917034149,0.8616812825202942,protocol_A/validation/PA_validation_0082_b11
PA_validation_0083_b11,A,validation,0,A,1,1,2375,9932,0.128506453127596,0.4654678702354431,0.8602315783500671,protocol_A/validation/PA_validation_0083_b11
PA_validation_0084_b11,A,validation,0,A,1,1,2510,10778,0.15658481266816238,0.552838921546936,0.8653251528739929,protocol_A/validation/PA_validation_0084_b11
PA_validation_0085_b11,A,validation,0,A,1,1,2437,10327,0.15369855012847042,0.4680926203727722,0.8613874316215515,protocol_A/validation/PA_validation_0085_b11
PA_validation_0086_b11,A,validation,0,A,1,1,2474,10496,0.12094807510730404,0.45923978090286255,0.8599057197570801,protocol_A/validation/PA_validation_0086_b11
PA_validation_0087_b11,A,validation,0,A,1,1,2495,10764,0.1420952925019676,0.4029334783554077,0.8642614483833313,protocol_A/validation/PA_validation_0087_b11
PA_validation_0088_b11,A,validation,0,A,1,1,2526,10815,0.12535897854925787,0.5380144119262695,0.8620537519454956,protocol_A/validation/PA_validation_0088_b11
PA_validation_0089_b11,A,validation,0,A,1,1,2504,10807,0.10513621404440607,0.3642835319042206,0.863256573677063,protocol_A/validation/PA_validation_0089_b11
PA_validation_0090_b11,A,validation,0,A,1,1,2484,10468,0.12284549987082102,0.5466342568397522,0.8610609173774719,protocol_A/validation/PA_validation_0090_b11
PA_validation_0091_b11,A,validation,0,A,1,1,2551,10992,0.22364417209227963,0.4873347580432892,0.8606919050216675,protocol_A/validation/PA_validation_0091_b11
PA_validation_0092_b11,A,validation,0,A,1,1,2522,10710,0.10347515382428715,0.4791163504123688,0.8588381409645081,protocol_A/validation/PA_validation_0092_b11
PA_validation_0093_b11,A,validation,0,A,1,1,2470,10555,0.26963748438050716,0.5047246813774109,0.8657538890838623,protocol_A/validation/PA_validation_0093_b11
PA_validation_0094_b11,A,validation,0,A,1,1,2478,10577,0.12700845098016714,0.5646659731864929,0.8611059784889221,protocol_A/validation/PA_validation_0094_b11
PA_validation_0095_b11,A,validation,0,A,1,1,2599,11284,0.1908983181052369,0.5024077296257019,0.862381637096405,protocol_A/validation/PA_validation_0095_b11
PA_validation_0096_b11,A,validation,0,A,1,1,2452,10410,0.14551450795330192,0.5348173379898071,0.8605297803878784,protocol_A/validation/PA_validation_0096_b11
PA_validation_0097_b11,A,validation,0,A,1,1,2550,11039,0.18306657044704322,0.4680606424808502,0.8640088438987732,protocol_A/validation/PA_validation_0097_b11
PA_validation_0098_b11,A,validation,0,A,1,1,2520,10623,0.12843071280189042,0.5503287315368652,0.8598883152008057,protocol_A/validation/PA_validation_0098_b11
PA_validation_0099_b11,A,validation,0,A,1,1,2556,10950,0.20890938535336528,0.5342930555343628,0.864905834197998,protocol_A/validation/PA_validation_0099_b11
PA_validation_0100_b11,A,validation,0,A,1,1,2348,9948,0.1405015644256919,0.5127027630805969,0.8584319353103638,protocol_A/validation/PA_validation_0100_b11
PA_validation_0101_b11,A,validation,0,A,1,1,2431,10304,0.19255683479669913,0.5773129463195801,0.8578748106956482,protocol_A/validation/PA_validation_0101_b11
PA_validation_0102_b11,A,validation,0,A,1,1,2536,10858,0.16262278033574035,0.5826009511947632,0.863405168056488,protocol_A/validation/PA_validation_0102_b11
PA_validation_0103_b11,A,validation,0,A,1,1,2602,11157,0.15553031167079018,0.4923296868801117,0.8622620701789856,protocol_A/validation/PA_validation_0103_b11
PA_validation_0104_b11,A,validation,0,A,1,1,2629,11181,0.11194304839728977,0.4608883559703827,0.8573139309883118,protocol_A/validation/PA_validation_0104_b11
PA_validation_0105_b11,A,validation,0,A,1,1,2542,10853,0.10820874041534835,0.4409642517566681,0.8618115186691284,protocol_A/validation/PA_validation_0105_b11
PA_validation_0106_b11,A,validation,0,A,1,1,2423,10235,0.15086549874408287,0.5416780114173889,0.8602654933929443,protocol_A/validation/PA_validation_0106_b11
PA_validation_0107_b11,A,validation,0,A,1,1,2692,11584,0.22102084590270785,0.5406796336174011,0.8623929619789124,protocol_A/validation/PA_validation_0107_b11
PA_validation_0108_b11,A,validation,0,A,1,1,2562,11062,0.16266632799847935,0.5002360343933105,0.8636287450790405,protocol_A/validation/PA_validation_0108_b11
PA_validation_0109_b11,A,validation,0,A,1,1,2547,11030,0.2690757534787239,0.5310213565826416,0.8617694973945618,protocol_A/validation/PA_validation_0109_b11
PA_validation_0110_b11,A,validation,0,A,1,1,2460,10445,0.19712437409135153,0.578590989112854,0.8622255921363831,protocol_A/validation/PA_validation_0110_b11
PA_validation_0111_b11,A,validation,0,A,1,1,2502,10677,0.16891799806894608,0.5516106486320496,0.8622418642044067,protocol_A/validation/PA_validation_0111_b11
PA_validation_0112_b11,A,validation,0,A,1,1,2341,9772,0.11581449519693932,0.5036776065826416,0.8603775501251221,protocol_A/validation/PA_validation_0112_b11
PA_validation_0113_b11,A,validation,0,A,1,1,2521,10838,0.12684942655053674,0.5373591780662537,0.8616917729377747,protocol_A/validation/PA_validation_0113_b11
PA_validation_0114_b11,A,validation,0,A,1,1,2456,10419,0.10153712462417057,0.4595988988876343,0.8588501214981079,protocol_A/validation/PA_validation_0114_b11
PA_validation_0115_b11,A,validation,0,A,1,1,2449,10564,0.13755699335071975,0.5474305152893066,0.863451361656189,protocol_A/validation/PA_validation_0115_b11
PA_validation_0116_b11,A,validation,0,A,1,1,2526,10866,0.12905344667567592,0.4840327501296997,0.8635939955711365,protocol_A/validation/PA_validation_0116_b11
PA_validation_0117_b11,A,validation,0,A,1,1,2539,10948,0.13423970276972969,0.4349633753299713,0.8633543848991394,protocol_A/validation/PA_validation_0117_b11
PA_validation_0118_b11,A,validation,0,A,1,1,2496,10635,0.14753011434648994,0.39264151453971863,0.8633307218551636,protocol_A/validation/PA_validation_0118_b11
PA_validation_0119_b11,A,validation,0,A,1,1,2394,10108,0.10438969591335873,0.420956015586853,0.8584701418876648,protocol_A/validation/PA_validation_0119_b11
PB_test_iid_0000_b10,B,test_iid,0,A,1,0,2191,9108,0.14755020756435672,0.5199710130691528,0.8616546392440796,protocol_B/test_iid/PB_test_iid_0000_b10
PB_test_iid_0001_b00,B,test_iid,0,A,0,0,1610,6503,1.0,0.5418422222137451,0.8633638620376587,protocol_B/test_iid/PB_test_iid_0001_b00
PB_test_iid_0002_b20,B,test_iid,0,A,2,0,2623,10967,0.22648006605360227,0.4608609974384308,0.856658935546875,protocol_B/test_iid/PB_test_iid_0002_b20
PB_test_iid_0003_b10,B,test_iid,0,A,1,0,2298,9612,0.16793422821438242,0.5609993934631348,0.8618505597114563,protocol_B/test_iid/PB_test_iid_0003_b10
PB_test_iid_0004_b00,B,test_iid,0,A,0,0,1610,6503,1.0,0.5418422222137451,0.8633638620376587,protocol_B/test_iid/PB_test_iid_0004_b00
PB_test_iid_0005_b20,B,test_iid,0,A,2,0,2552,10674,0.1210042505123857,0.42854148149490356,0.8581174612045288,protocol_B/test_iid/PB_test_iid_0005_b20
PB_test_iid_0006_b10,B,test_iid,0,A,1,0,2392,9964,0.1347008623156672,0.4625582695007324,0.8579643368721008,protocol_B/test_iid/PB_test_iid_0006_b10
PB_test_iid_0007_b00,B,test_iid,0,A,0,0,1610,6503,1.0,0.5418422222137451,0.8633638620376587,protocol_B/test_iid/PB_test_iid_0007_b00
PB_test_iid_0008_b20,B,test_iid,0,A,2,0,2659,11023,0.12549554435253482,0.47673818469047546,0.8565598726272583,protocol_B/test_iid/PB_test_iid_0008_b20
PB_test_iid_0009_b10,B,test_iid,0,A,1,0,2322,9811,0.2544436730496312,0.5238815546035767,0.8618394732475281,protocol_B/test_iid/PB_test_iid_0009_b10
PB_test_iid_0010_b00,B,test_iid,0,A,0,0,1610,6503,1.0,0.5418422222137451,0.8633638620376587,protocol_B/test_iid/PB_test_iid_0010_b00
PB_test_iid_0011_b20,B,test_iid,0,A,2,0,2874,12257,0.18812041494664497,0.4929046630859375,0.8626177906990051,protocol_B/test_iid/PB_test_iid_0011_b20
PB_test_iid_0012_b10,B,test_iid,0,A,1,0,2158,8981,0.2604364607855414,0.5499656796455383,0.8603611588478088,protocol_B/test_iid/PB_test_iid_0012_b10
PB_test_iid_0013_b00,B,test_iid,0,A,0,0,1610,6503,1.0,0.5418422222137451,0.8633638620376587,protocol_B/test_iid/PB_test_iid_0013_b00
PB_test_iid_0014_b20,B,test_iid,0,A,2,0,2894,12163,0.12474603915420196,0.47854501008987427,0.8581529855728149,protocol_B/test_iid/PB_test_iid_0014_b20
PB_test_iid_0015_b10,B,test_iid,0,A,1,0,2295,9629,0.2651166919853668,0.5564812421798706,0.8639702796936035,protocol_B/test_iid/PB_test_iid_0015_b10
PB_test_iid_0016_b00,B,test_iid,0,A,0,0,1610,6503,1.0,0.5418422222137451,0.8633638620376587,protocol_B/test_iid/PB_test_iid_0016_b00
PB_test_iid_0017_b20,B,test_iid,0,A,2,0,2818,11892,0.12129404264069568,0.4572666585445404,0.8572553992271423,protocol_B/test_iid/PB_test_iid_0017_b20
PB_test_iid_0018_b10,B,test_iid,0,A,1,0,2287,9640,0.298960346367141,0.49518296122550964,0.8609362840652466,protocol_B/test_iid/PB_test_iid_0018_b10
PB_test_iid_0019_b00,B,test_iid,0,A,0,0,1610,6503,1.0,0.5418422222137451,0.8633638620376587,protocol_B/test_iid/PB_test_iid_0019_b00
PB_test_iid_0020_b20,B,test_iid,0,A,2,0,2913,12473,0.23527072588615183,0.5046209692955017,0.8597151637077332,protocol_B/test_iid/PB_test_iid_0020_b20
PB_test_iid_0021_b10,B,test_iid,0,A,1,0,2198,9118,0.20626445937880855,0.5584231019020081,0.859355628490448,protocol_B/test_iid/PB_test_iid_0021_b10
PB_test_iid_0022_b00,B,test_iid,0,A,0,0,1610,6503,1.0,0.5418422222137451,0.8633638620376587,protocol_B/test_iid/PB_test_iid_0022_b00
PB_test_iid_0023_b20,B,test_iid,0,A,2,0,2888,12185,0.10230345115000705,0.4663252532482147,0.8603781461715698,protocol_B/test_iid/PB_test_iid_0023_b20
PB_test_iid_0024_b10,B,test_iid,0,A,1,0,2297,9622,0.21158262105942982,0.5628760457038879,0.8626452088356018,protocol_B/test_iid/PB_test_iid_0024_b10
PB_test_iid_0025_b00,B,test_iid,0,A,0,0,1610,6503,1.0,0.5418422222137451,0.8633638620376587,protocol_B/test_iid/PB_test_iid_0025_b00
PB_test_iid_0026_b20,B,test_iid,0,A,2,0,2946,12477,0.11743955288756008,0.4570165276527405,0.8578168749809265,protocol_B/test_iid/PB_test_iid_0026_b20
PB_test_iid_0027_b10,B,test_iid,0,A,1,0,2279,9610,0.26102084196047587,0.38847148418426514,0.8619217872619629,protocol_B/test_iid/PB_test_iid_0027_b10
PB_test_iid_0028_b00,B,test_iid,0,A,0,0,1610,6503,1.0,0.5418422222137451,0.8633638620376587,protocol_B/test_iid/PB_test_iid_0028_b00
PB_test_iid_0029_b20,B,test_iid,0,A,2,0,2567,10620,0.10713219025239627,0.4309532046318054,0.855301558971405,protocol_B/test_iid/PB_test_iid_0029_b20
PB_test_iid_0030_b10,B,test_iid,0,A,1,0,2203,9103,0.17859236384794797,0.5701591372489929,0.8614377975463867,protocol_B/test_iid/PB_test_iid_0030_b10
PB_test_iid_0031_b00,B,test_iid,0,A,0,0,1610,6503,1.0,0.5418422222137451,0.8633638620376587,protocol_B/test_iid/PB_test_iid_0031_b00
PB_test_iid_0032_b20,B,test_iid,0,A,2,0,2947,12393,0.12476836185576784,0.4412653148174286,0.8574212193489075,protocol_B/test_iid/PB_test_iid_0032_b20
PB_test_iid_0033_b10,B,test_iid,0,A,1,0,2341,9903,0.3239658964301434,0.5160092115402222,0.8612196445465088,protocol_B/test_iid/PB_test_iid_0033_b10
PB_test_iid_0034_b00,B,test_iid,0,A,0,0,1610,6503,1.0,0.5418422222137451,0.8633638620376587,protocol_B/test_iid/PB_test_iid_0034_b00
PB_test_iid_0035_b20,B,test_iid,0,A,2,0,2942,12557,0.11074495413655869,0.4371349811553955,0.8587488532066345,protocol_B/test_iid/PB_test_iid_0035_b20
PB_test_iid_0036_b10,B,test_iid,0,A,1,0,2343,9800,0.1845199650902194,0.5482804775238037,0.8609949946403503,protocol_B/test_iid/PB_test_iid_0036_b10
PB_test_iid_0037_b00,B,test_iid,0,A,0,0,1610,6503,1.0,0.5418422222137451,0.8633638620376587,protocol_B/test_iid/PB_test_iid_0037_b00
PB_test_iid_0038_b20,B,test_iid,0,A,2,0,2667,11151,0.21746844070501897,0.5209066867828369,0.8562911152839661,protocol_B/test_iid/PB_test_iid_0038_b20
PB_test_iid_0039_b10,B,test_iid,0,A,1,0,2266,9461,0.3019732172899261,0.4185994863510132,0.8622086644172668,protocol_B/test_iid/PB_test_iid_0039_b10
PB_test_iid_0040_b00,B,test_iid,0,A,0,0,1610,6503,1.0,0.5418422222137451,0.8633638620376587,protocol_B/test_iid/PB_test_iid_0040_b00
PB_test_iid_0041_b20,B,test_iid,0,A,2,0,2625,10978,0.1762605220827067,0.471717894077301,0.8559297323226929,protocol_B/test_iid/PB_test_iid_0041_b20
PB_test_iid_0042_b10,B,test_iid,0,A,1,0,2274,9487,0.21975311185274285,0.5129528045654297,0.8588492274284363,protocol_B/test_iid/PB_test_iid_0042_b10
PB_test_iid_0043_b00,B,test_iid,0,A,0,0,1610,6503,1.0,0.5418422222137451,0.8633638620376587,protocol_B/test_iid/PB_test_iid_0043_b00
PB_test_iid_0044_b20,B,test_iid,0,A,2,0,2918,12369,0.15727249035828852,0.46988949179649353,0.8598264455795288,protocol_B/test_iid/PB_test_iid_0044_b20
PB_test_iid_0045_b10,B,test_iid,0,A,1,0,2306,9554,0.13680855769528233,0.5251013040542603,0.8622913956642151,protocol_B/test_iid/PB_test_iid_0045_b10
PB_test_iid_0046_b00,B,test_iid,0,A,0,0,1610,6503,1.0,0.5418422222137451,0.8633638620376587,protocol_B/test_iid/PB_test_iid_0046_b00
PB_test_iid_0047_b20,B,test_iid,0,A,2,0,2798,11848,0.19830794324552753,0.5366249084472656,0.8590704202651978,protocol_B/test_iid/PB_test_iid_0047_b20
PB_test_iid_0048_b10,B,test_iid,0,A,1,0,2304,9668,0.18978553316228164,0.5205930471420288,0.8618535995483398,protocol_B/test_iid/PB_test_iid_0048_b10
PB_test_iid_0049_b00,B,test_iid,0,A,0,0,1610,6503,1.0,0.5418422222137451,0.8633638620376587,protocol_B/test_iid/PB_test_iid_0049_b00
PB_test_iid_0050_b20,B,test_iid,0,A,2,0,2871,12265,0.19701265188499634,0.42784520983695984,0.8585571050643921,protocol_B/test_iid/PB_test_iid_0050_b20
PB_test_iid_0051_b10,B,test_iid,0,A,1,0,2170,8962,0.2581587772634495,0.5675504207611084,0.8589532375335693,protocol_B/test_iid/PB_test_iid_0051_b10
PB_test_iid_0052_b00,B,test_iid,0,A,0,0,1610,6503,1.0,0.5418422222137451,0.8633638620376587,protocol_B/test_iid/PB_test_iid_0052_b00
PB_test_iid_0053_b20,B,test_iid,0,A,2,0,2825,11967,0.16152511567918976,0.4949427545070648,0.8602662682533264,protocol_B/test_iid/PB_test_iid_0053_b20
PB_test_iid_0054_b10,B,test_iid,0,A,1,0,2158,8956,0.2821683177889486,0.4448837339878082,0.8607172966003418,protocol_B/test_iid/PB_test_iid_0054_b10
PB_test_iid_0055_b00,B,test_iid,0,A,0,0,1610,6503,1.0,0.5418422222137451,0.8633638620376587,protocol_B/test_iid/PB_test_iid_0055_b00
PB_test_iid_0056_b20,B,test_iid,0,A,2,0,2775,11606,0.14967026105344552,0.4047306776046753,0.8550054430961609,protocol_B/test_iid/PB_test_iid_0056_b20
PB_test_iid_0057_b10,B,test_iid,0,A,1,0,2274,9448,0.17277272932233792,0.4797476530075073,0.8583018183708191,protocol_B/test_iid/PB_test_iid_0057_b10
PB_test_iid_0058_b00,B,test_iid,0,A,0,0,1610,6503,1.0,0.5418422222137451,0.8633638620376587,protocol_B/test_iid/PB_test_iid_0058_b00
PB_test_iid_0059_b20,B,test_iid,0,A,2,0,2543,10519,0.15454443233581178,0.49466589093208313,0.8570454120635986,protocol_B/test_iid/PB_test_iid_0059_b20
PB_test_iid_0060_b10,B,test_iid,0,A,1,0,2248,9386,0.19937228418578834,0.543860673904419,0.8604552149772644,protocol_B/test_iid/PB_test_iid_0060_b10
PB_test_iid_0061_b00,B,test_iid,0,A,0,0,1610,6503,1.0,0.5418422222137451,0.8633638620376587,protocol_B/test_iid/PB_test_iid_0061_b00
PB_test_iid_0062_b20,B,test_iid,0,A,2,0,2888,12193,0.13158763106524257,0.48814353346824646,0.8624998927116394,protocol_B/test_iid/PB_test_iid_0062_b20
PB_test_iid_0063_b10,B,test_iid,0,A,1,0,2281,9525,0.17659377797201492,0.497483491897583,0.8597480654716492,protocol_B/test_iid/PB_test_iid_0063_b10
PB_test_iid_0064_b00,B,test_iid,0,A,0,0,1610,6503,1.0,0.5418422222137451,0.8633638620376587,protocol_B/test_iid/PB_test_iid_0064_b00
PB_test_iid_0065_b20,B,test_iid,0,A,2,0,2689,11286,0.22264637879921234,0.5075610876083374,0.8557592034339905,protocol_B/test_iid/PB_test_iid_0065_b20
PB_test_iid_0066_b10,B,test_iid,0,A,1,0,2278,9519,0.27451270509398074,0.5335319638252258,0.8616966605186462,protocol_B/test_iid/PB_test_iid_0066_b10
PB_test_iid_0067_b00,B,test_iid,0,A,0,0,1610,6503,1.0,0.5418422222137451,0.8633638620376587,protocol_B/test_iid/PB_test_iid_0067_b00
PB_test_iid_0068_b20,B,test_iid,0,A,2,0,2757,11709,0.27542844728138344,0.5363836288452148,0.8599576354026794,protocol_B/test_iid/PB_test_iid_0068_b20
PB_test_iid_0069_b10,B,test_iid,0,A,1,0,2226,9229,0.1465202429379438,0.47599780559539795,0.8585525751113892,protocol_B/test_iid/PB_test_iid_0069_b10
PB_test_iid_0070_b00,B,test_iid,0,A,0,0,1610,6503,1.0,0.5418422222137451,0.8633638620376587,protocol_B/test_iid/PB_test_iid_0070_b00
PB_test_iid_0071_b20,B,test_iid,0,A,2,0,2928,12452,0.17716524999481467,0.47878971695899963,0.8610773682594299,protocol_B/test_iid/PB_test_iid_0071_b20
PB_test_iid_0072_b10,B,test_iid,0,A,1,0,2163,8963,0.15251832329530668,0.5508888959884644,0.862199068069458,protocol_B/test_iid/PB_test_iid_0072_b10
PB_test_iid_0073_b00,B,test_iid,0,A,0,0,1610,6503,1.0,0.5418422222137451,0.8633638620376587,protocol_B/test_iid/PB_test_iid_0073_b00
PB_test_iid_0074_b20,B,test_iid,0,A,2,0,2794,11917,0.11411065265608342,0.38917434215545654,0.8579743504524231,protocol_B/test_iid/PB_test_iid_0074_b20
PB_test_iid_0075_b10,B,test_iid,0,A,1,0,2253,9373,0.10488348257245989,0.4508969783782959,0.8589249849319458,protocol_B/test_iid/PB_test_iid_0075_b10
PB_test_iid_0076_b00,B,test_iid,0,A,0,0,1610,6503,1.0,0.5418422222137451,0.8633638620376587,protocol_B/test_iid/PB_test_iid_0076_b00
PB_test_iid_0077_b20,B,test_iid,0,A,2,0,2792,11885,0.2210005434598047,0.4310920238494873,0.8574519753456116,protocol_B/test_iid/PB_test_iid_0077_b20
PB_test_iid_0078_b10,B,test_iid,0,A,1,0,2151,8906,0.1757884649584566,0.4234086275100708,0.8566954135894775,protocol_B/test_iid/PB_test_iid_0078_b10
PB_test_iid_0079_b00,B,test_iid,0,A,0,0,1610,6503,1.0,0.5418422222137451,0.8633638620376587,protocol_B/test_iid/PB_test_iid_0079_b00
PB_test_iid_0080_b20,B,test_iid,0,A,2,0,2754,11559,0.1429117730627279,0.46192866563796997,0.858886182308197,protocol_B/test_iid/PB_test_iid_0080_b20
PB_test_iid_0081_b10,B,test_iid,0,A,1,0,2332,9758,0.11445428303366326,0.46803760528564453,0.858910322189331,protocol_B/test_iid/PB_test_iid_0081_b10
PB_test_iid_0082_b00,B,test_iid,0,A,0,0,1610,6503,1.0,0.5418422222137451,0.8633638620376587,protocol_B/test_iid/PB_test_iid_0082_b00
PB_test_iid_0083_b20,B,test_iid,0,A,2,0,2765,11589,0.10788717261708224,0.48454996943473816,0.8584631681442261,protocol_B/test_iid/PB_test_iid_0083_b20
PB_test_iid_0084_b10,B,test_iid,0,A,1,0,2245,9372,0.2425306593831485,0.500547468662262,0.858934760093689,protocol_B/test_iid/PB_test_iid_0084_b10
PB_test_iid_0085_b00,B,test_iid,0,A,0,0,1610,6503,1.0,0.5418422222137451,0.8633638620376587,protocol_B/test_iid/PB_test_iid_0085_b00
PB_test_iid_0086_b20,B,test_iid,0,A,2,0,2883,12199,0.13133193702168416,0.45395636558532715,0.8576788306236267,protocol_B/test_iid/PB_test_iid_0086_b20
PB_test_iid_0087_b10,B,test_iid,0,A,1,0,2319,9746,0.26256630429060457,0.5598306059837341,0.8618621826171875,protocol_B/test_iid/PB_test_iid_0087_b10
PB_test_iid_0088_b00,B,test_iid,0,A,0,0,1610,6503,1.0,0.5418422222137451,0.8633638620376587,protocol_B/test_iid/PB_test_iid_0088_b00
PB_test_iid_0089_b20,B,test_iid,0,A,2,0,2577,10532,0.16042226402462825,0.47089844942092896,0.8535152673721313,protocol_B/test_iid/PB_test_iid_0089_b20
PB_test_iid_0090_b10,B,test_iid,0,A,1,0,2192,9067,0.33977157626009324,0.542667806148529,0.8594368100166321,protocol_B/test_iid/PB_test_iid_0090_b10
PB_test_iid_0091_b00,B,test_iid,0,A,0,0,1610,6503,1.0,0.5418422222137451,0.8633638620376587,protocol_B/test_iid/PB_test_iid_0091_b00
PB_test_iid_0092_b20,B,test_iid,0,A,2,0,2753,11415,0.10415870508926278,0.4591878652572632,0.8542889356613159,protocol_B/test_iid/PB_test_iid_0092_b20
PB_test_iid_0093_b10,B,test_iid,0,A,1,0,2293,9622,0.3006084001681848,0.4434277415275574,0.8619182109832764,protocol_B/test_iid/PB_test_iid_0093_b10
PB_test_iid_0094_b00,B,test_iid,0,A,0,0,1610,6503,1.0,0.5418422222137451,0.8633638620376587,protocol_B/test_iid/PB_test_iid_0094_b00
PB_test_iid_0095_b20,B,test_iid,0,A,2,0,2703,11365,0.26868975579108123,0.5484452843666077,0.8565391302108765,protocol_B/test_iid/PB_test_iid_0095_b20
PB_test_iid_0096_b10,B,test_iid,0,A,1,0,2308,9729,0.29940154274784153,0.42728859186172485,0.8593001961708069,protocol_B/test_iid/PB_test_iid_0096_b10
PB_test_iid_0097_b00,B,test_iid,0,A,0,0,1610,6503,1.0,0.5418422222137451,0.8633638620376587,protocol_B/test_iid/PB_test_iid_0097_b00
PB_test_iid_0098_b20,B,test_iid,0,A,2,0,2940,12506,0.10642414456063132,0.4283088743686676,0.8593738079071045,protocol_B/test_iid/PB_test_iid_0098_b20
PB_test_iid_0099_b10,B,test_iid,0,A,1,0,2200,9028,0.10456831589677441,0.4636397361755371,0.8555333018302917,protocol_B/test_iid/PB_test_iid_0099_b10
PB_test_iid_0100_b00,B,test_iid,0,A,0,0,1610,6503,1.0,0.5418422222137451,0.8633638620376587,protocol_B/test_iid/PB_test_iid_0100_b00
PB_test_iid_0101_b20,B,test_iid,0,A,2,0,2706,11291,0.12223912310910698,0.4902989864349365,0.8547086715698242,protocol_B/test_iid/PB_test_iid_0101_b20
PB_test_iid_0102_b10,B,test_iid,0,A,1,0,2186,9101,0.249024838743083,0.5141350626945496,0.8575888276100159,protocol_B/test_iid/PB_test_iid_0102_b10
PB_test_iid_0103_b00,B,test_iid,0,A,0,0,1610,6503,1.0,0.5418422222137451,0.8633638620376587,protocol_B/test_iid/PB_test_iid_0103_b00
PB_test_iid_0104_b20,B,test_iid,0,A,2,0,2880,12193,0.12523803297046443,0.42129087448120117,0.85819011926651,protocol_B/test_iid/PB_test_iid_0104_b20
PB_test_iid_0105_b10,B,test_iid,0,A,1,0,2145,8812,0.10108701727926725,0.525633692741394,0.8569088578224182,protocol_B/test_iid/PB_test_iid_0105_b10
PB_test_iid_0106_b00,B,test_iid,0,A,0,0,1610,6503,1.0,0.5418422222137451,0.8633638620376587,protocol_B/test_iid/PB_test_iid_0106_b00
PB_test_iid_0107_b20,B,test_iid,0,A,2,0,2666,11099,0.10162470033360872,0.3990343511104584,0.8530407547950745,protocol_B/test_iid/PB_test_iid_0107_b20
PB_test_iid_0108_b10,B,test_iid,0,A,1,0,2205,9212,0.35817562353344146,0.4277743697166443,0.8620157837867737,protocol_B/test_iid/PB_test_iid_0108_b10
PB_test_iid_0109_b00,B,test_iid,0,A,0,0,1610,6503,1.0,0.5418422222137451,0.8633638620376587,protocol_B/test_iid/PB_test_iid_0109_b00
PB_test_iid_0110_b20,B,test_iid,0,A,2,0,2705,11385,0.1318438933645006,0.46083152294158936,0.8578590154647827,protocol_B/test_iid/PB_test_iid_0110_b20
PB_test_iid_0111_b10,B,test_iid,0,A,1,0,2280,9594,0.34691092466737883,0.5027720332145691,0.8626087307929993,protocol_B/test_iid/PB_test_iid_0111_b10
PB_test_iid_0112_b00,B,test_iid,0,A,0,0,1610,6503,1.0,0.5418422222137451,0.8633638620376587,protocol_B/test_iid/PB_test_iid_0112_b00
PB_test_iid_0113_b20,B,test_iid,0,A,2,0,2877,12161,0.12863248610018607,0.4487769603729248,0.8575934171676636,protocol_B/test_iid/PB_test_iid_0113_b20
PB_test_iid_0114_b10,B,test_iid,0,A,1,0,2165,8932,0.1755467981268559,0.5379686951637268,0.8620789647102356,protocol_B/test_iid/PB_test_iid_0114_b10
PB_test_iid_0115_b00,B,test_iid,0,A,0,0,1610,6503,1.0,0.5418422222137451,0.8633638620376587,protocol_B/test_iid/PB_test_iid_0115_b00
PB_test_iid_0116_b20,B,test_iid,0,A,2,0,2701,11401,0.15826032380160376,0.46172598004341125,0.8569050431251526,protocol_B/test_iid/PB_test_iid_0116_b20
PB_test_iid_0117_b10,B,test_iid,0,A,1,0,2200,9101,0.1149121801167996,0.4191482365131378,0.8573161959648132,protocol_B/test_iid/PB_test_iid_0117_b10
PB_test_iid_0118_b00,B,test_iid,0,A,0,0,1610,6503,1.0,0.5418422222137451,0.8633638620376587,protocol_B/test_iid/PB_test_iid_0118_b00
PB_test_iid_0119_b20,B,test_iid,0,A,2,0,2888,12288,0.27943199402796004,0.42236828804016113,0.8608449101448059,protocol_B/test_iid/PB_test_iid_0119_b20
PB_test_iid_0120_b10,B,test_iid,0,A,1,0,2318,9739,0.2505405986690515,0.574455738067627,0.8618358373641968,protocol_B/test_iid/PB_test_iid_0120_b10
PB_test_iid_0121_b00,B,test_iid,0,A,0,0,1610,6503,1.0,0.5418422222137451,0.8633638620376587,protocol_B/test_iid/PB_test_iid_0121_b00
PB_test_iid_0122_b20,B,test_iid,0,A,2,0,2891,12253,0.18026120841266885,0.4480814039707184,0.8567818999290466,protocol_B/test_iid/PB_test_iid_0122_b20
PB_test_iid_0123_b10,B,test_iid,0,A,1,0,2247,9375,0.1799017028949854,0.5122755169868469,0.8615343570709229,protocol_B/test_iid/PB_test_iid_0123_b10
PB_test_iid_0124_b00,B,test_iid,0,A,0,0,1610,6503,1.0,0.5418422222137451,0.8633638620376587,protocol_B/test_iid/PB_test_iid_0124_b00
PB_test_iid_0125_b20,B,test_iid,0,A,2,0,2647,10955,0.11160673200727032,0.41388604044914246,0.8544522523880005,protocol_B/test_iid/PB_test_iid_0125_b20
PB_test_iid_0126_b10,B,test_iid,0,A,1,0,2222,9331,0.2749861683958606,0.4652750492095947,0.8598172664642334,protocol_B/test_iid/PB_test_iid_0126_b10
PB_test_iid_0127_b00,B,test_iid,0,A,0,0,1610,6503,1.0,0.5418422222137451,0.8633638620376587,protocol_B/test_iid/PB_test_iid_0127_b00
PB_test_iid_0128_b20,B,test_iid,0,A,2,0,2684,11301,0.17272999571365233,0.3471982479095459,0.8572638034820557,protocol_B/test_iid/PB_test_iid_0128_b20
PB_test_iid_0129_b10,B,test_iid,0,A,1,0,2230,9285,0.25719191610721986,0.509365975856781,0.8596767783164978,protocol_B/test_iid/PB_test_iid_0129_b10
PB_test_iid_0130_b00,B,test_iid,0,A,0,0,1610,6503,1.0,0.5418422222137451,0.8633638620376587,protocol_B/test_iid/PB_test_iid_0130_b00
PB_test_iid_0131_b20,B,test_iid,0,A,2,0,2855,11923,0.1137730296571974,0.46857088804244995,0.858643114566803,protocol_B/test_iid/PB_test_iid_0131_b20
PB_test_iid_0132_b10,B,test_iid,0,A,1,0,2308,9635,0.15664611970424983,0.5314840078353882,0.8609957695007324,protocol_B/test_iid/PB_test_iid_0132_b10
PB_test_iid_0133_b00,B,test_iid,0,A,0,0,1610,6503,1.0,0.5418422222137451,0.8633638620376587,protocol_B/test_iid/PB_test_iid_0133_b00
PB_test_iid_0134_b20,B,test_iid,0,A,2,0,2830,12081,0.23282304410063287,0.5238096714019775,0.8606814742088318,protocol_B/test_iid/PB_test_iid_0134_b20
PB_test_iid_0135_b10,B,test_iid,0,A,1,0,2292,9575,0.20075692437212284,0.4820294976234436,0.8609405755996704,protocol_B/test_iid/PB_test_iid_0135_b10
PB_test_iid_0136_b00,B,test_iid,0,A,0,0,1610,6503,1.0,0.5418422222137451,0.8633638620376587,protocol_B/test_iid/PB_test_iid_0136_b00
PB_test_iid_0137_b20,B,test_iid,0,A,2,0,2804,11860,0.14401997630002225,0.49827471375465393,0.8597458600997925,protocol_B/test_iid/PB_test_iid_0137_b20
PB_test_iid_0138_b10,B,test_iid,0,A,1,0,2196,9023,0.10878635902821807,0.4555903673171997,0.8534504771232605,protocol_B/test_iid/PB_test_iid_0138_b10
PB_test_iid_0139_b00,B,test_iid,0,A,0,0,1610,6503,1.0,0.5418422222137451,0.8633638620376587,protocol_B/test_iid/PB_test_iid_0139_b00
PB_test_iid_0140_b20,B,test_iid,0,A,2,0,2864,12101,0.10257137044485226,0.4968394637107849,0.8602346777915955,protocol_B/test_iid/PB_test_iid_0140_b20
PB_test_iid_0141_b10,B,test_iid,0,A,1,0,2202,9134,0.12201761533070483,0.36072447896003723,0.8571980595588684,protocol_B/test_iid/PB_test_iid_0141_b10
PB_test_iid_0142_b00,B,test_iid,0,A,0,0,1610,6503,1.0,0.5418422222137451,0.8633638620376587,protocol_B/test_iid/PB_test_iid_0142_b00
PB_test_iid_0143_b20,B,test_iid,0,A,2,0,2710,11328,0.15454265913393586,0.5266112685203552,0.8583329319953918,protocol_B/test_iid/PB_test_iid_0143_b20
PB_test_iid_0144_b10,B,test_iid,0,A,1,0,2214,9146,0.2661115001028998,0.5668361783027649,0.862838625907898,protocol_B/test_iid/PB_test_iid_0144_b10
PB_test_iid_0145_b00,B,test_iid,0,A,0,0,1610,6503,1.0,0.5418422222137451,0.8633638620376587,protocol_B/test_iid/PB_test_iid_0145_b00
PB_test_iid_0146_b20,B,test_iid,0,A,2,0,2775,11493,0.1451541825895497,0.37494879961013794,0.8530845642089844,protocol_B/test_iid/PB_test_iid_0146_b20
PB_test_iid_0147_b10,B,test_iid,0,A,1,0,2284,9539,0.21119156030325492,0.5465314388275146,0.8586432337760925,protocol_B/test_iid/PB_test_iid_0147_b10
PB_test_iid_0148_b00,B,test_iid,0,A,0,0,1610,6503,1.0,0.5418422222137451,0.8633638620376587,protocol_B/test_iid/PB_test_iid_0148_b00
PB_test_iid_0149_b20,B,test_iid,0,A,2,0,2809,11979,0.17799236031100485,0.4648842215538025,0.8600391745567322,protocol_B/test_iid/PB_test_iid_0149_b20
PB_test_iid_0150_b10,B,test_iid,0,A,1,0,2284,9629,0.35846545619101616,0.5540445446968079,0.862811803817749,protocol_B/test_iid/PB_test_iid_0150_b10
PB_test_iid_0151_b00,B,test_iid,0,A,0,0,1610,6503,1.0,0.5418422222137451,0.8633638620376587,protocol_B/test_iid/PB_test_iid_0151_b00
PB_test_iid_0152_b20,B,test_iid,0,A,2,0,2772,11704,0.1492038390328222,0.5133920907974243,0.8578172922134399,protocol_B/test_iid/PB_test_iid_0152_b20
PB_test_iid_0153_b10,B,test_iid,0,A,1,0,2166,9022,0.30537957540043054,0.46268367767333984,0.8624044060707092,protocol_B/test_iid/PB_test_iid_0153_b10
PB_test_iid_0154_b00,B,test_iid,0,A,0,0,1610,6503,1.0,0.5418422222137451,0.8633638620376587,protocol_B/test_iid/PB_test_iid_0154_b00
PB_test_iid_0155_b20,B,test_iid,0,A,2,0,2688,11259,0.18831183253815137,0.42993980646133423,0.8590440154075623,protocol_B/test_iid/PB_test_iid_0155_b20
PB_test_iid_0156_b10,B,test_iid,0,A,1,0,2183,9094,0.2596092127908612,0.46601971983909607,0.8600727915763855,protocol_B/test_iid/PB_test_iid_0156_b10
PB_test_iid_0157_b00,B,test_iid,0,A,0,0,1610,6503,1.0,0.5418422222137451,0.8633638620376587,protocol_B/test_iid/PB_test_iid_0157_b00
PB_test_iid_0158_b20,B,test_iid,0,A,2,0,2836,12002,0.20840494229213907,0.5759879350662231,0.8617439270019531,protocol_B/test_iid/PB_test_iid_0158_b20
PB_test_iid_0159_b10,B,test_iid,0,A,1,0,2275,9532,0.2847815519845337,0.502372682094574,0.861297607421875,protocol_B/test_iid/PB_test_iid_0159_b10
PB_test_iid_0160_b00,B,test_iid,0,A,0,0,1610,6503,1.0,0.5418422222137451,0.8633638620376587,protocol_B/test_iid/PB_test_iid_0160_b00
PB_test_iid_0161_b20,B,test_iid,0,A,2,0,2588,10681,0.13162908367015352,0.4551119804382324,0.8560792207717896,protocol_B/test_iid/PB_test_iid_0161_b20
PB_test_iid_0162_b10,B,test_iid,0,A,1,0,2313,9715,0.3095812678409078,0.4819973111152649,0.860101044178009,protocol_B/test_iid/PB_test_iid_0162_b10
PB_test_iid_0163_b00,B,test_iid,0,A,0,0,1610,6503,1.0,0.5418422222137451,0.8633638620376587,protocol_B/test_iid/PB_test_iid_0163_b00
PB_test_iid_0164_b20,B,test_iid,0,A,2,0,2609,10846,0.198182396982911,0.5061905384063721,0.856458842754364,protocol_B/test_iid/PB_test_iid_0164_b20
PB_test_iid_0165_b10,B,test_iid,0,A,1,0,2180,9039,0.2111248001653454,0.5050258040428162,0.8596315979957581,protocol_B/test_iid/PB_test_iid_0165_b10
PB_test_iid_0166_b00,B,test_iid,0,A,0,0,1610,6503,1.0,0.5418422222137451,0.8633638620376587,protocol_B/test_iid/PB_test_iid_0166_b00
PB_test_iid_0167_b20,B,test_iid,0,A,2,0,2717,11373,0.23192012168516352,0.4965288043022156,0.8597933650016785,protocol_B/test_iid/PB_test_iid_0167_b20
PB_test_iid_0168_b10,B,test_iid,0,A,1,0,2289,9595,0.2978308310509783,0.5233906507492065,0.8630486726760864,protocol_B/test_iid/PB_test_iid_0168_b10
PB_test_iid_0169_b00,B,test_iid,0,A,0,0,1610,6503,1.0,0.5418422222137451,0.8633638620376587,protocol_B/test_iid/PB_test_iid_0169_b00
PB_test_iid_0170_b20,B,test_iid,0,A,2,0,2763,11697,0.2965391396147522,0.5091561079025269,0.8584238886833191,protocol_B/test_iid/PB_test_iid_0170_b20
PB_test_iid_0171_b10,B,test_iid,0,A,1,0,2307,9671,0.2069070174845331,0.5103170871734619,0.8621285557746887,protocol_B/test_iid/PB_test_iid_0171_b10
PB_test_iid_0172_b00,B,test_iid,0,A,0,0,1610,6503,1.0,0.5418422222137451,0.8633638620376587,protocol_B/test_iid/PB_test_iid_0172_b00
PB_test_iid_0173_b20,B,test_iid,0,A,2,0,2807,11952,0.25536890551125074,0.5511738061904907,0.8603213429450989,protocol_B/test_iid/PB_test_iid_0173_b20
PB_test_iid_0174_b10,B,test_iid,0,A,1,0,2319,9747,0.24082663835946067,0.4581907391548157,0.8639570474624634,protocol_B/test_iid/PB_test_iid_0174_b10
PB_test_iid_0175_b00,B,test_iid,0,A,0,0,1610,6503,1.0,0.5418422222137451,0.8633638620376587,protocol_B/test_iid/PB_test_iid_0175_b00
PB_test_iid_0176_b20,B,test_iid,0,A,2,0,2787,11643,0.1569982114946796,0.46469464898109436,0.85957270860672,protocol_B/test_iid/PB_test_iid_0176_b20
PB_test_iid_0177_b10,B,test_iid,0,A,1,0,2197,9086,0.2414616602539521,0.4723764657974243,0.8590322136878967,protocol_B/test_iid/PB_test_iid_0177_b10
PB_test_iid_0178_b00,B,test_iid,0,A,0,0,1610,6503,1.0,0.5418422222137451,0.8633638620376587,protocol_B/test_iid/PB_test_iid_0178_b00
PB_test_iid_0179_b20,B,test_iid,0,A,2,0,2772,11711,0.2094547845685138,0.49663108587265015,0.8563608527183533,protocol_B/test_iid/PB_test_iid_0179_b20
PB_test_iid_0180_b10,B,test_iid,0,A,1,0,2179,8968,0.11496220486514007,0.42893439531326294,0.8558322191238403,protocol_B/test_iid/PB_test_iid_0180_b10
PB_test_iid_0181_b00,B,test_iid,0,A,0,0,1610,6503,1.0,0.5418422222137451,0.8633638620376587,protocol_B/test_iid/PB_test_iid_0181_b00
PB_test_iid_0182_b20,B,test_iid,0,A,2,0,2871,12086,0.16917195161575613,0.4024026393890381,0.8576034307479858,protocol_B/test_iid/PB_test_iid_0182_b20
PB_test_iid_0183_b10,B,test_iid,0,A,1,0,2166,8988,0.318235794832325,0.5493406057357788,0.8615822196006775,protocol_B/test_iid/PB_test_iid_0183_b10
PB_test_iid_0184_b00,B,test_iid,0,A,0,0,1610,6503,1.0,0.5418422222137451,0.8633638620376587,protocol_B/test_iid/PB_test_iid_0184_b00
PB_test_iid_0185_b20,B,test_iid,0,A,2,0,2789,11661,0.140103972877815,0.4969997704029083,0.8580675721168518,protocol_B/test_iid/PB_test_iid_0185_b20
PB_test_iid_0186_b10,B,test_iid,0,A,1,0,2179,9035,0.18767797874322908,0.5053666234016418,0.8597391247749329,protocol_B/test_iid/PB_test_iid_0186_b10
PB_test_iid_0187_b00,B,test_iid,0,A,0,0,1610,6503,1.0,0.5418422222137451,0.8633638620376587,protocol_B/test_iid/PB_test_iid_0187_b00
PB_test_iid_0188_b20,B,test_iid,0,A,2,0,2864,12091,0.13923070423658976,0.5138658881187439,0.8601317405700684,protocol_B/test_iid/PB_test_iid_0188_b20
PB_test_iid_0189_b10,B,test_iid,0,A,1,0,2154,8895,0.21151206581558749,0.5303473472595215,0.8577836751937866,protocol_B/test_iid/PB_test_iid_0189_b10
PB_test_iid_0190_b00,B,test_iid,0,A,0,0,1610,6503,1.0,0.5418422222137451,0.8633638620376587,protocol_B/test_iid/PB_test_iid_0190_b00
PB_test_iid_0191_b20,B,test_iid,0,A,2,0,2804,11962,0.14969541461367353,0.5242666602134705,0.8604936003684998,protocol_B/test_iid/PB_test_iid_0191_b20
PB_test_iid_0192_b10,B,test_iid,0,A,1,0,2316,9803,0.27441321465898044,0.5455333590507507,0.8637683987617493,protocol_B/test_iid/PB_test_iid_0192_b10
PB_test_iid_0193_b00,B,test_iid,0,A,0,0,1610,6503,1.0,0.5418422222137451,0.8633638620376587,protocol_B/test_iid/PB_test_iid_0193_b00
PB_test_iid_0194_b20,B,test_iid,0,A,2,0,2488,10231,0.10052167825906051,0.49920782446861267,0.8513396382331848,protocol_B/test_iid/PB_test_iid_0194_b20
PB_test_iid_0195_b10,B,test_iid,0,A,1,0,2316,9670,0.2336435055596055,0.4690491259098053,0.8606117367744446,protocol_B/test_iid/PB_test_iid_0195_b10
PB_test_iid_0196_b00,B,test_iid,0,A,0,0,1610,6503,1.0,0.5418422222137451,0.8633638620376587,protocol_B/test_iid/PB_test_iid_0196_b00
PB_test_iid_0197_b20,B,test_iid,0,A,2,0,2836,12159,0.18725126246867202,0.5092434287071228,0.8596705794334412,protocol_B/test_iid/PB_test_iid_0197_b20
PB_test_iid_0198_b10,B,test_iid,0,A,1,0,2139,8808,0.2523706203267966,0.47939619421958923,0.8593113422393799,protocol_B/test_iid/PB_test_iid_0198_b10
PB_test_iid_0199_b00,B,test_iid,0,A,0,0,1610,6503,1.0,0.5418422222137451,0.8633638620376587,protocol_B/test_iid/PB_test_iid_0199_b00
PB_test_ood_0000_b30,B,test_ood,1,A,3,0,3280,13799,0.11007828373899896,0.4722219705581665,0.8575124144554138,protocol_B/test_ood/PB_test_ood_0000_b30
PB_test_ood_0001_b30,B,test_ood,1,A,3,0,3122,13016,0.14628713584881056,0.40644705295562744,0.8524414300918579,protocol_B/test_ood/PB_test_ood_0001_b30
PB_test_ood_0002_b30,B,test_ood,1,A,3,0,3261,13759,0.11337740192232276,0.4635249674320221,0.8564836978912354,protocol_B/test_ood/PB_test_ood_0002_b30
PB_test_ood_0003_b30,B,test_ood,1,A,3,0,3177,13352,0.1050130867378816,0.41093194484710693,0.8548567295074463,protocol_B/test_ood/PB_test_ood_0003_b30
PB_test_ood_0004_b30,B,test_ood,1,A,3,0,3162,13137,0.11807245391541416,0.4001199007034302,0.8520592451095581,protocol_B/test_ood/PB_test_ood_0004_b30
PB_test_ood_0005_b30,B,test_ood,1,A,3,0,3216,13555,0.12520076380688988,0.4265139102935791,0.8571756482124329,protocol_B/test_ood/PB_test_ood_0005_b30
PB_test_ood_0006_b30,B,test_ood,1,A,3,0,3016,12514,0.16190518191563907,0.3780348300933838,0.856665849685669,protocol_B/test_ood/PB_test_ood_0006_b30
PB_test_ood_0007_b30,B,test_ood,1,A,3,0,3314,14012,0.11428827887445125,0.422244131565094,0.8576804399490356,protocol_B/test_ood/PB_test_ood_0007_b30
PB_test_ood_0008_b30,B,test_ood,1,A,3,0,3192,13430,0.10717784535484765,0.4879817068576813,0.8557121753692627,protocol_B/test_ood/PB_test_ood_0008_b30
PB_test_ood_0009_b30,B,test_ood,1,A,3,0,3231,13526,0.11641313839522326,0.48663049936294556,0.8546447157859802,protocol_B/test_ood/PB_test_ood_0009_b30
PB_test_ood_0010_b30,B,test_ood,1,A,3,0,3194,13502,0.14193941120753462,0.48135852813720703,0.8533368110656738,protocol_B/test_ood/PB_test_ood_0010_b30
PB_test_ood_0011_b30,B,test_ood,1,A,3,0,3121,12983,0.11886831005313442,0.4286347031593323,0.8516811728477478,protocol_B/test_ood/PB_test_ood_0011_b30
PB_test_ood_0012_b30,B,test_ood,1,A,3,0,3233,13544,0.10672873510284563,0.43989890813827515,0.8538853526115417,protocol_B/test_ood/PB_test_ood_0012_b30
PB_test_ood_0013_b30,B,test_ood,1,A,3,0,3150,13117,0.1042690237002912,0.42060601711273193,0.8508798480033875,protocol_B/test_ood/PB_test_ood_0013_b30
PB_test_ood_0014_b30,B,test_ood,1,A,3,0,3038,12514,0.11260671590598835,0.4133957326412201,0.8507468700408936,protocol_B/test_ood/PB_test_ood_0014_b30
PB_test_ood_0015_b30,B,test_ood,1,A,3,0,3185,13469,0.1561742042548271,0.4280420243740082,0.8568780422210693,protocol_B/test_ood/PB_test_ood_0015_b30
PB_test_ood_0016_b30,B,test_ood,1,A,3,0,3271,13754,0.1425924193119783,0.40517088770866394,0.8544173240661621,protocol_B/test_ood/PB_test_ood_0016_b30
PB_test_ood_0017_b30,B,test_ood,1,A,3,0,3085,12770,0.12369399509816459,0.4560941457748413,0.8535529375076294,protocol_B/test_ood/PB_test_ood_0017_b30
PB_test_ood_0018_b30,B,test_ood,1,A,3,0,3263,13651,0.10151320301186342,0.43566665053367615,0.8548901081085205,protocol_B/test_ood/PB_test_ood_0018_b30
PB_test_ood_0019_b30,B,test_ood,1,A,3,0,3252,13697,0.10129553818995818,0.4325679540634155,0.8566119074821472,protocol_B/test_ood/PB_test_ood_0019_b30
PB_test_ood_0020_b30,B,test_ood,1,A,3,0,3144,13160,0.13266532514450538,0.4727952778339386,0.8542320728302002,protocol_B/test_ood/PB_test_ood_0020_b30
PB_test_ood_0021_b30,B,test_ood,1,A,3,0,3204,13391,0.17112992154636295,0.3950512409210205,0.8550764322280884,protocol_B/test_ood/PB_test_ood_0021_b30
PB_test_ood_0022_b30,B,test_ood,1,A,3,0,3080,12867,0.16032338888425143,0.48897379636764526,0.8533411622047424,protocol_B/test_ood/PB_test_ood_0022_b30
PB_test_ood_0023_b30,B,test_ood,1,A,3,0,3353,14133,0.12232347453814674,0.4354844093322754,0.855525016784668,protocol_B/test_ood/PB_test_ood_0023_b30
PB_test_ood_0024_b30,B,test_ood,1,A,3,0,3198,13360,0.11421356338969643,0.45420724153518677,0.8567859530448914,protocol_B/test_ood/PB_test_ood_0024_b30
PB_test_ood_0025_b30,B,test_ood,1,A,3,0,3050,12600,0.10370774718942169,0.48334166407585144,0.8538632392883301,protocol_B/test_ood/PB_test_ood_0025_b30
PB_test_ood_0026_b30,B,test_ood,1,A,3,0,3190,13377,0.13292370400960132,0.46483752131462097,0.8580483794212341,protocol_B/test_ood/PB_test_ood_0026_b30
PB_test_ood_0027_b30,B,test_ood,1,A,3,0,3141,13050,0.1078830018804656,0.4579704999923706,0.8524746298789978,protocol_B/test_ood/PB_test_ood_0027_b30
PB_test_ood_0028_b30,B,test_ood,1,A,3,0,3272,13634,0.12590864687759826,0.4927372336387634,0.8523010015487671,protocol_B/test_ood/PB_test_ood_0028_b30
PB_test_ood_0029_b30,B,test_ood,1,A,3,0,3139,13146,0.10107616267104458,0.4363328516483307,0.8537467122077942,protocol_B/test_ood/PB_test_ood_0029_b30
PB_test_ood_0030_b30,B,test_ood,1,A,3,0,3314,14145,0.11533861692592909,0.4375571608543396,0.8567929267883301,protocol_B/test_ood/PB_test_ood_0030_b30
PB_test_ood_0031_b30,B,test_ood,1,A,3,0,3296,13856,0.14072490441596808,0.48176315426826477,0.8566251993179321,protocol_B/test_ood/PB_test_ood_0031_b30
PB_test_ood_0032_b30,B,test_ood,1,A,3,0,3247,13664,0.1259062219786931,0.4145599603652954,0.8573269844055176,protocol_B/test_ood/PB_test_ood_0032_b30
PB_test_ood_0033_b30,B,test_ood,1,A,3,0,3168,13368,0.15456563337792992,0.4824641942977905,0.8576202988624573,protocol_B/test_ood/PB_test_ood_0033_b30
PB_test_ood_0034_b30,B,test_ood,1,A,3,0,3152,13370,0.1622055575185453,0.44879958033561707,0.8584142327308655,protocol_B/test_ood/PB_test_ood_0034_b30
PB_test_ood_0035_b30,B,test_ood,1,A,3,0,3166,13407,0.207203617187659,0.39224329590797424,0.8587210178375244,protocol_B/test_ood/PB_test_ood_0035_b30
PB_test_ood_0036_b30,B,test_ood,1,A,3,0,3225,13442,0.11008096886997115,0.4392666518688202,0.8501291275024414,protocol_B/test_ood/PB_test_ood_0036_b30
PB_test_ood_0037_b30,B,test_ood,1,A,3,0,3214,13417,0.12024887053257932,0.45684632658958435,0.8548681139945984,protocol_B/test_ood/PB_test_ood_0037_b30
PB_test_ood_0038_b30,B,test_ood,1,A,3,0,3109,13073,0.11182120849149088,0.42947080731391907,0.855685830116272,protocol_B/test_ood/PB_test_ood_0038_b30
PB_test_ood_0039_b30,B,test_ood,1,A,3,0,3381,14271,0.10223217470442135,0.4216715693473816,0.8564430475234985,protocol_B/test_ood/PB_test_ood_0039_b30
PB_test_ood_0040_b30,B,test_ood,1,A,3,0,3260,13726,0.12429154357581003,0.4942486584186554,0.8565713763237,protocol_B/test_ood/PB_test_ood_0040_b30
PB_test_ood_0041_b30,B,test_ood,1,A,3,0,3194,13470,0.1694550871935307,0.47194352746009827,0.8562600016593933,protocol_B/test_ood/PB_test_ood_0041_b30
PB_test_ood_0042_b30,B,test_ood,1,A,3,0,3190,13538,0.15349878682608545,0.44252336025238037,0.8545092344284058,protocol_B/test_ood/PB_test_ood_0042_b30
PB_test_ood_0043_b30,B,test_ood,1,A,3,0,3138,13155,0.10658194032056886,0.46455490589141846,0.8548557758331299,protocol_B/test_ood/PB_test_ood_0043_b30
PB_test_ood_0044_b30,B,test_ood,1,A,3,0,3311,14011,0.10037297847173351,0.4442538321018219,0.8562489748001099,protocol_B/test_ood/PB_test_ood_0044_b30
PB_test_ood_0045_b30,B,test_ood,1,A,3,0,3236,13667,0.11952462744558628,0.3836437463760376,0.8517781496047974,protocol_B/test_ood/PB_test_ood_0045_b30
PB_test_ood_0046_b30,B,test_ood,1,A,3,0,3183,13405,0.1399927504824226,0.39308762550354004,0.8551875352859497,protocol_B/test_ood/PB_test_ood_0046_b30
PB_test_ood_0047_b30,B,test_ood,1,A,3,0,3120,13034,0.15398775857632716,0.5315263271331787,0.8543519973754883,protocol_B/test_ood/PB_test_ood_0047_b30
PB_test_ood_0048_b30,B,test_ood,1,A,3,0,3007,12505,0.10145301867395093,0.5131794810295105,0.8535872101783752,protocol_B/test_ood/PB_test_ood_0048_b30
PB_test_ood_0049_b30,B,test_ood,1,A,3,0,3353,14235,0.10246534252398085,0.4243309199810028,0.8548429608345032,protocol_B/test_ood/PB_test_ood_0049_b30
PB_test_ood_0050_b30,B,test_ood,1,A,3,0,3267,13740,0.14667632495878827,0.43237194418907166,0.8567529320716858,protocol_B/test_ood/PB_test_ood_0050_b30
PB_test_ood_0051_b30,B,test_ood,1,A,3,0,3321,14108,0.11052662583412891,0.45794668793678284,0.85521000623703,protocol_B/test_ood/PB_test_ood_0051_b30
PB_test_ood_0052_b30,B,test_ood,1,A,3,0,3115,13093,0.15704220747945397,0.38535448908805847,0.8563789129257202,protocol_B/test_ood/PB_test_ood_0052_b30
PB_test_ood_0053_b30,B,test_ood,1,A,3,0,3372,14233,0.11027903736597369,0.4865603744983673,0.8581565618515015,protocol_B/test_ood/PB_test_ood_0053_b30
PB_test_ood_0054_b30,B,test_ood,1,A,3,0,3216,13473,0.10623060757352851,0.4425122141838074,0.858062207698822,protocol_B/test_ood/PB_test_ood_0054_b30
PB_test_ood_0055_b30,B,test_ood,1,A,3,0,3304,13881,0.12507756715123247,0.48405295610427856,0.8545542359352112,protocol_B/test_ood/PB_test_ood_0055_b30
PB_test_ood_0056_b30,B,test_ood,1,A,3,0,3298,13966,0.1003756509780841,0.4498515725135803,0.8576697707176208,protocol_B/test_ood/PB_test_ood_0056_b30
PB_test_ood_0057_b30,B,test_ood,1,A,3,0,3205,13464,0.1098765339983761,0.45080164074897766,0.8554995059967041,protocol_B/test_ood/PB_test_ood_0057_b30
PB_test_ood_0058_b30,B,test_ood,1,A,3,0,3088,12638,0.10492097012178725,0.45578816533088684,0.8479670286178589,protocol_B/test_ood/PB_test_ood_0058_b30
PB_test_ood_0059_b30,B,test_ood,1,A,3,0,3157,13105,0.11129917153740018,0.43670037388801575,0.850944995880127,protocol_B/test_ood/PB_test_ood_0059_b30
PB_test_ood_0060_b30,B,test_ood,1,A,3,0,3148,13174,0.12070247412832405,0.43915197253227234,0.8547741770744324,protocol_B/test_ood/PB_test_ood_0060_b30
PB_test_ood_0061_b30,B,test_ood,1,A,3,0,3245,13712,0.12581431264230328,0.41507670283317566,0.8570878505706787,protocol_B/test_ood/PB_test_ood_0061_b30
PB_test_ood_0062_b30,B,test_ood,1,A,3,0,3295,13903,0.14330674222758583,0.4531995952129364,0.8559465408325195,protocol_B/test_ood/PB_test_ood_0062_b30
PB_test_ood_0063_b30,B,test_ood,1,A,3,0,3440,14396,0.10797547405637758,0.43551409244537354,0.8533662557601929,protocol_B/test_ood/PB_test_ood_0063_b30
PB_test_ood_0064_b30,B,test_ood,1,A,3,0,3185,13487,0.10521200871447439,0.44497913122177124,0.8540518879890442,protocol_B/test_ood/PB_test_ood_0064_b30
PB_test_ood_0065_b30,B,test_ood,1,A,3,0,3220,13621,0.19537213674543782,0.4685959815979004,0.8559530973434448,protocol_B/test_ood/PB_test_ood_0065_b30
PB_test_ood_0066_b30,B,test_ood,1,A,3,0,3146,13241,0.24866889070363657,0.4269421696662903,0.853364109992981,protocol_B/test_ood/PB_test_ood_0066_b30
PB_test_ood_0067_b30,B,test_ood,1,A,3,0,3213,13581,0.10020781699391171,0.45263347029685974,0.8569697141647339,protocol_B/test_ood/PB_test_ood_0067_b30
PB_test_ood_0068_b30,B,test_ood,1,A,3,0,3101,12947,0.10799411867707905,0.3817664682865143,0.8544845581054688,protocol_B/test_ood/PB_test_ood_0068_b30
PB_test_ood_0069_b30,B,test_ood,1,A,3,0,3128,13069,0.1406701994302007,0.42618894577026367,0.8538594841957092,protocol_B/test_ood/PB_test_ood_0069_b30
PB_test_ood_0070_b30,B,test_ood,1,A,3,0,3035,12431,0.10804429000616234,0.369113028049469,0.8469521403312683,protocol_B/test_ood/PB_test_ood_0070_b30
PB_test_ood_0071_b30,B,test_ood,1,A,3,0,3115,13098,0.20077120958325703,0.49939844012260437,0.8550536036491394,protocol_B/test_ood/PB_test_ood_0071_b30
PB_test_ood_0072_b30,B,test_ood,1,A,3,0,3214,13392,0.10816311031570394,0.4240613579750061,0.8537541031837463,protocol_B/test_ood/PB_test_ood_0072_b30
PB_test_ood_0073_b30,B,test_ood,1,A,3,0,3092,13035,0.16577280824124585,0.4206208288669586,0.8565624356269836,protocol_B/test_ood/PB_test_ood_0073_b30
PB_test_ood_0074_b30,B,test_ood,1,A,3,0,3141,13097,0.11693300664391934,0.4615340530872345,0.8538622260093689,protocol_B/test_ood/PB_test_ood_0074_b30
PB_test_ood_0075_b30,B,test_ood,1,A,3,0,3210,13371,0.11699023474579681,0.4178113639354706,0.8516331315040588,protocol_B/test_ood/PB_test_ood_0075_b30
PB_test_ood_0076_b30,B,test_ood,1,A,3,0,3185,13309,0.14947806968024333,0.47669991850852966,0.853502094745636,protocol_B/test_ood/PB_test_ood_0076_b30
PB_test_ood_0077_b30,B,test_ood,1,A,3,0,3247,13567,0.12449139699807163,0.4733141362667084,0.8555819988250732,protocol_B/test_ood/PB_test_ood_0077_b30
PB_test_ood_0078_b30,B,test_ood,1,A,3,0,3305,13991,0.12968806541533992,0.45626071095466614,0.8559290170669556,protocol_B/test_ood/PB_test_ood_0078_b30
PB_test_ood_0079_b30,B,test_ood,1,A,3,0,3260,13806,0.12887635555977664,0.44219252467155457,0.8570408225059509,protocol_B/test_ood/PB_test_ood_0079_b30
PB_test_ood_0080_b30,B,test_ood,1,A,3,0,3301,13854,0.10331295468438431,0.4493999779224396,0.8541110754013062,protocol_B/test_ood/PB_test_ood_0080_b30
PB_test_ood_0081_b30,B,test_ood,1,A,3,0,3315,13991,0.13970778268250256,0.46500614285469055,0.8561666011810303,protocol_B/test_ood/PB_test_ood_0081_b30
PB_test_ood_0082_b30,B,test_ood,1,A,3,0,3208,13544,0.1357817555114036,0.4761255979537964,0.8571050763130188,protocol_B/test_ood/PB_test_ood_0082_b30
PB_test_ood_0083_b30,B,test_ood,1,A,3,0,3153,13254,0.14120763717487092,0.46170327067375183,0.8570593595504761,protocol_B/test_ood/PB_test_ood_0083_b30
PB_test_ood_0084_b30,B,test_ood,1,A,3,0,3317,14076,0.11862016877336513,0.479263037443161,0.8564626574516296,protocol_B/test_ood/PB_test_ood_0084_b30
PB_test_ood_0085_b30,B,test_ood,1,A,3,0,3308,13965,0.11021419471127752,0.44495636224746704,0.8546571731567383,protocol_B/test_ood/PB_test_ood_0085_b30
PB_test_ood_0086_b30,B,test_ood,1,A,3,0,3034,12505,0.13927118628350538,0.43669506907463074,0.8522108197212219,protocol_B/test_ood/PB_test_ood_0086_b30
PB_test_ood_0087_b30,B,test_ood,1,A,3,0,3147,13290,0.11490137452007557,0.3848184049129486,0.8538524508476257,protocol_B/test_ood/PB_test_ood_0087_b30
PB_test_ood_0088_b30,B,test_ood,1,A,3,0,3137,13189,0.19054856165488257,0.48607882857322693,0.8519774675369263,protocol_B/test_ood/PB_test_ood_0088_b30
PB_test_ood_0089_b30,B,test_ood,1,A,3,0,3160,13120,0.10978042526982171,0.5392581820487976,0.8528628945350647,protocol_B/test_ood/PB_test_ood_0089_b30
PB_test_ood_0090_b30,B,test_ood,1,A,3,0,3356,14237,0.11697277030882788,0.42278847098350525,0.8562567234039307,protocol_B/test_ood/PB_test_ood_0090_b30
PB_test_ood_0091_b30,B,test_ood,1,A,3,0,3126,13102,0.1074856162712246,0.43807142972946167,0.8522933721542358,protocol_B/test_ood/PB_test_ood_0091_b30
PB_test_ood_0092_b30,B,test_ood,1,A,3,0,3232,13564,0.1460392512132389,0.5161315202713013,0.8555108904838562,protocol_B/test_ood/PB_test_ood_0092_b30
PB_test_ood_0093_b30,B,test_ood,1,A,3,0,3060,12678,0.12657778127824246,0.4362589716911316,0.8522347807884216,protocol_B/test_ood/PB_test_ood_0093_b30
PB_test_ood_0094_b30,B,test_ood,1,A,3,0,3194,13599,0.15072074172015362,0.4425492286682129,0.8589029908180237,protocol_B/test_ood/PB_test_ood_0094_b30
PB_test_ood_0095_b30,B,test_ood,1,A,3,0,3189,13545,0.17325294959363255,0.46391671895980835,0.8563007712364197,protocol_B/test_ood/PB_test_ood_0095_b30
PB_test_ood_0096_b30,B,test_ood,1,A,3,0,3340,14153,0.10163115972031123,0.5023800134658813,0.8562339544296265,protocol_B/test_ood/PB_test_ood_0096_b30
PB_test_ood_0097_b30,B,test_ood,1,A,3,0,3268,13786,0.11993258427724426,0.4565964341163635,0.8559761047363281,protocol_B/test_ood/PB_test_ood_0097_b30
PB_test_ood_0098_b30,B,test_ood,1,A,3,0,3158,13295,0.12661431762877534,0.46046221256256104,0.8559577465057373,protocol_B/test_ood/PB_test_ood_0098_b30
PB_test_ood_0099_b30,B,test_ood,1,A,3,0,3370,14262,0.12344064811950631,0.38006505370140076,0.8551533222198486,protocol_B/test_ood/PB_test_ood_0099_b30
PB_test_ood_0100_b30,B,test_ood,1,A,3,0,3354,14126,0.10161812443372231,0.45913898944854736,0.8544866442680359,protocol_B/test_ood/PB_test_ood_0100_b30
PB_test_ood_0101_b30,B,test_ood,1,A,3,0,3003,12422,0.11972017039433364,0.46899524331092834,0.8517772555351257,protocol_B/test_ood/PB_test_ood_0101_b30
PB_test_ood_0102_b30,B,test_ood,1,A,3,0,3215,13546,0.13921411203290385,0.41566210985183716,0.8562663197517395,protocol_B/test_ood/PB_test_ood_0102_b30
PB_test_ood_0103_b30,B,test_ood,1,A,3,0,3133,13133,0.12452347719576932,0.48330384492874146,0.855101466178894,protocol_B/test_ood/PB_test_ood_0103_b30
PB_test_ood_0104_b30,B,test_ood,1,A,3,0,3256,13622,0.10528824276340737,0.4620409905910492,0.8572195768356323,protocol_B/test_ood/PB_test_ood_0104_b30
PB_test_ood_0105_b30,B,test_ood,1,A,3,0,2965,12199,0.1008527826299262,0.4135162830352783,0.8475584387779236,protocol_B/test_ood/PB_test_ood_0105_b30
PB_test_ood_0106_b30,B,test_ood,1,A,3,0,3006,12587,0.1728961678928913,0.4097982347011566,0.8528340458869934,protocol_B/test_ood/PB_test_ood_0106_b30
PB_test_ood_0107_b30,B,test_ood,1,A,3,0,3117,13038,0.11756271207057446,0.46391308307647705,0.8557003736495972,protocol_B/test_ood/PB_test_ood_0107_b30
PB_test_ood_0108_b30,B,test_ood,1,A,3,0,3453,14576,0.1069717181488277,0.4571436643600464,0.8563339114189148,protocol_B/test_ood/PB_test_ood_0108_b30
PB_test_ood_0109_b30,B,test_ood,1,A,3,0,3239,13602,0.12575470925906282,0.42301005125045776,0.8546906113624573,protocol_B/test_ood/PB_test_ood_0109_b30
PB_test_ood_0110_b30,B,test_ood,1,A,3,0,3201,13501,0.10268245173276574,0.44993558526039124,0.8533011674880981,protocol_B/test_ood/PB_test_ood_0110_b30
PB_test_ood_0111_b30,B,test_ood,1,A,3,0,3137,13165,0.13176770186982456,0.44448909163475037,0.8564909100532532,protocol_B/test_ood/PB_test_ood_0111_b30
PB_test_ood_0112_b30,B,test_ood,1,A,3,0,3038,12572,0.1081407008873352,0.44540929794311523,0.8521307706832886,protocol_B/test_ood/PB_test_ood_0112_b30
PB_test_ood_0113_b30,B,test_ood,1,A,3,0,3079,12815,0.1341809932725354,0.37635916471481323,0.8542234301567078,protocol_B/test_ood/PB_test_ood_0113_b30
PB_test_ood_0114_b30,B,test_ood,1,A,3,0,3289,13864,0.10017567204891331,0.4201619029045105,0.8535420894622803,protocol_B/test_ood/PB_test_ood_0114_b30
PB_test_ood_0115_b30,B,test_ood,1,A,3,0,3110,12899,0.14367184012286563,0.42902103066444397,0.8512825965881348,protocol_B/test_ood/PB_test_ood_0115_b30
PB_test_ood_0116_b30,B,test_ood,1,A,3,0,3258,13618,0.11520257396190647,0.46873506903648376,0.8551305532455444,protocol_B/test_ood/PB_test_ood_0116_b30
PB_test_ood_0117_b30,B,test_ood,1,A,3,0,3267,13749,0.10347165464757527,0.4369089603424072,0.8580322861671448,protocol_B/test_ood/PB_test_ood_0117_b30
PB_test_ood_0118_b30,B,test_ood,1,A,3,0,3023,12561,0.13541718882261125,0.46332624554634094,0.8530337810516357,protocol_B/test_ood/PB_test_ood_0118_b30
PB_test_ood_0119_b30,B,test_ood,1,A,3,0,3333,14134,0.11516731573004425,0.4408227801322937,0.8558406233787537,protocol_B/test_ood/PB_test_ood_0119_b30
PB_test_ood_0120_b30,B,test_ood,1,A,3,0,3203,13329,0.10612459371328725,0.4473511278629303,0.8534851670265198,protocol_B/test_ood/PB_test_ood_0120_b30
PB_test_ood_0121_b30,B,test_ood,1,A,3,0,3253,13781,0.12660628594114734,0.49126312136650085,0.8556702733039856,protocol_B/test_ood/PB_test_ood_0121_b30
PB_test_ood_0122_b30,B,test_ood,1,A,3,0,3098,12933,0.10834447049954118,0.44958099722862244,0.8540651798248291,protocol_B/test_ood/PB_test_ood_0122_b30
PB_test_ood_0123_b30,B,test_ood,1,A,3,0,3287,13971,0.16887577315004043,0.4415523409843445,0.8577839732170105,protocol_B/test_ood/PB_test_ood_0123_b30
PB_test_ood_0124_b30,B,test_ood,1,A,3,0,2942,12011,0.10572294846096335,0.43943923711776733,0.8511315584182739,protocol_B/test_ood/PB_test_ood_0124_b30
PB_test_ood_0125_b30,B,test_ood,1,A,3,0,3368,14176,0.11707253763436433,0.4050936698913574,0.8538052439689636,protocol_B/test_ood/PB_test_ood_0125_b30
PB_test_ood_0126_b30,B,test_ood,1,A,3,0,3172,13361,0.11594412741510242,0.42121124267578125,0.8544098138809204,protocol_B/test_ood/PB_test_ood_0126_b30
PB_test_ood_0127_b30,B,test_ood,1,A,3,0,3169,13300,0.15676933685090222,0.4961419701576233,0.8569457530975342,protocol_B/test_ood/PB_test_ood_0127_b30
PB_test_ood_0128_b30,B,test_ood,1,A,3,0,3021,12410,0.10465028079054395,0.4032956659793854,0.8514003753662109,protocol_B/test_ood/PB_test_ood_0128_b30
PB_test_ood_0129_b30,B,test_ood,1,A,3,0,2922,11959,0.1463386539030888,0.458654522895813,0.8488336205482483,protocol_B/test_ood/PB_test_ood_0129_b30
PB_test_ood_0130_b30,B,test_ood,1,A,3,0,3131,12967,0.10925842162305999,0.43644237518310547,0.8525861501693726,protocol_B/test_ood/PB_test_ood_0130_b30
PB_test_ood_0131_b30,B,test_ood,1,A,3,0,3109,12990,0.14239516556479512,0.406776487827301,0.8531902432441711,protocol_B/test_ood/PB_test_ood_0131_b30
PB_test_ood_0132_b30,B,test_ood,1,A,3,0,3253,13677,0.13071468998868913,0.40742799639701843,0.8556913137435913,protocol_B/test_ood/PB_test_ood_0132_b30
PB_test_ood_0133_b30,B,test_ood,1,A,3,0,3219,13647,0.15693610296607163,0.4296305775642395,0.8523927927017212,protocol_B/test_ood/PB_test_ood_0133_b30
PB_test_ood_0134_b30,B,test_ood,1,A,3,0,3046,12646,0.12093573702072227,0.4293939471244812,0.8500007390975952,protocol_B/test_ood/PB_test_ood_0134_b30
PB_test_ood_0135_b30,B,test_ood,1,A,3,0,2988,12341,0.1030745288854039,0.46071740984916687,0.8537328243255615,protocol_B/test_ood/PB_test_ood_0135_b30
PB_test_ood_0136_b30,B,test_ood,1,A,3,0,3117,12953,0.11866497944971913,0.4320107400417328,0.8560123443603516,protocol_B/test_ood/PB_test_ood_0136_b30
PB_test_ood_0137_b30,B,test_ood,1,A,3,0,3335,14068,0.12420589759195949,0.4872901439666748,0.8544199466705322,protocol_B/test_ood/PB_test_ood_0137_b30
PB_test_ood_0138_b30,B,test_ood,1,A,3,0,3249,13613,0.10792012853063031,0.4228680729866028,0.8569013476371765,protocol_B/test_ood/PB_test_ood_0138_b30
PB_test_ood_0139_b30,B,test_ood,1,A,3,0,3214,13497,0.15445176567008312,0.404263436794281,0.8546903133392334,protocol_B/test_ood/PB_test_ood_0139_b30
PB_test_ood_0140_b30,B,test_ood,1,A,3,0,3072,12788,0.15352806539125397,0.47779580950737,0.8490613698959351,protocol_B/test_ood/PB_test_ood_0140_b30
PB_test_ood_0141_b30,B,test_ood,1,A,3,0,3166,13229,0.10184362661003217,0.43584123253822327,0.8504416346549988,protocol_B/test_ood/PB_test_ood_0141_b30
PB_test_ood_0142_b30,B,test_ood,1,A,3,0,3330,14080,0.13271435263934628,0.3904664218425751,0.8568648099899292,protocol_B/test_ood/PB_test_ood_0142_b30
PB_test_ood_0143_b30,B,test_ood,1,A,3,0,3069,12732,0.12472416634834144,0.36089593172073364,0.8530343174934387,protocol_B/test_ood/PB_test_ood_0143_b30
PB_test_ood_0144_b30,B,test_ood,1,A,3,0,3192,13539,0.1461968390395108,0.4191720187664032,0.8597034811973572,protocol_B/test_ood/PB_test_ood_0144_b30
PB_test_ood_0145_b30,B,test_ood,1,A,3,0,3124,13094,0.14680129644476286,0.44567734003067017,0.8554238677024841,protocol_B/test_ood/PB_test_ood_0145_b30
PB_test_ood_0146_b30,B,test_ood,1,A,3,0,3103,12995,0.21600994735130635,0.3665098249912262,0.8555837273597717,protocol_B/test_ood/PB_test_ood_0146_b30
PB_test_ood_0147_b30,B,test_ood,1,A,3,0,3011,12639,0.12198540967492058,0.457823783159256,0.8540422916412354,protocol_B/test_ood/PB_test_ood_0147_b30
PB_test_ood_0148_b30,B,test_ood,1,A,3,0,2971,12265,0.11173807779870945,0.3785060942173004,0.8520188927650452,protocol_B/test_ood/PB_test_ood_0148_b30
PB_test_ood_0149_b30,B,test_ood,1,A,3,0,3064,12864,0.12762129624221405,0.43962380290031433,0.8557033538818359,protocol_B/test_ood/PB_test_ood_0149_b30
PB_test_ood_0150_b30,B,test_ood,1,A,3,0,3247,13658,0.13680755749150236,0.4792216122150421,0.8565808534622192,protocol_B/test_ood/PB_test_ood_0150_b30
PB_test_ood_0151_b30,B,test_ood,1,A,3,0,3003,12406,0.14722531784348647,0.4439813196659088,0.8548334836959839,protocol_B/test_ood/PB_test_ood_0151_b30
PB_test_ood_0152_b30,B,test_ood,1,A,3,0,3281,13630,0.11355285989301356,0.36551573872566223,0.8536075949668884,protocol_B/test_ood/PB_test_ood_0152_b30
PB_test_ood_0153_b30,B,test_ood,1,A,3,0,3126,12985,0.11603315787571078,0.4962465465068817,0.8542768955230713,protocol_B/test_ood/PB_test_ood_0153_b30
PB_test_ood_0154_b30,B,test_ood,1,A,3,0,2952,12255,0.12696777555061164,0.42410165071487427,0.8511909246444702,protocol_B/test_ood/PB_test_ood_0154_b30
PB_test_ood_0155_b30,B,test_ood,1,A,3,0,3169,13352,0.1562907728313734,0.47043508291244507,0.8553085923194885,protocol_B/test_ood/PB_test_ood_0155_b30
PB_test_ood_0156_b30,B,test_ood,1,A,3,0,3352,14211,0.11691096239351026,0.44822609424591064,0.856177568435669,protocol_B/test_ood/PB_test_ood_0156_b30
PB_test_ood_0157_b30,B,test_ood,1,A,3,0,3254,13728,0.10887829262470877,0.4972984194755554,0.8553630113601685,protocol_B/test_ood/PB_test_ood_0157_b30
PB_test_ood_0158_b30,B,test_ood,1,A,3,0,3159,13226,0.10241145659176319,0.44665753841400146,0.8535944819450378,protocol_B/test_ood/PB_test_ood_0158_b30
PB_test_ood_0159_b30,B,test_ood,1,A,3,0,3141,13181,0.11647671333444212,0.47478756308555603,0.853783905506134,protocol_B/test_ood/PB_test_ood_0159_b30
PB_test_ood_0160_b30,B,test_ood,1,A,3,0,3242,13629,0.12438001577216444,0.5199583768844604,0.8543545603752136,protocol_B/test_ood/PB_test_ood_0160_b30
PB_test_ood_0161_b30,B,test_ood,1,A,3,0,3152,13141,0.13437965164635968,0.4504576325416565,0.854303777217865,protocol_B/test_ood/PB_test_ood_0161_b30
PB_test_ood_0162_b30,B,test_ood,1,A,3,0,3147,13146,0.13280136902423,0.490420937538147,0.852948009967804,protocol_B/test_ood/PB_test_ood_0162_b30
PB_test_ood_0163_b30,B,test_ood,1,A,3,0,2954,11949,0.10369818860371538,0.42853522300720215,0.8425807356834412,protocol_B/test_ood/PB_test_ood_0163_b30
PB_test_ood_0164_b30,B,test_ood,1,A,3,0,3269,13681,0.11544569450201028,0.433641254901886,0.8528608679771423,protocol_B/test_ood/PB_test_ood_0164_b30
PB_test_ood_0165_b30,B,test_ood,1,A,3,0,3159,13276,0.11063478757794298,0.4653935432434082,0.8563963174819946,protocol_B/test_ood/PB_test_ood_0165_b30
PB_test_ood_0166_b30,B,test_ood,1,A,3,0,3125,13069,0.10734629565678927,0.4506802260875702,0.853400707244873,protocol_B/test_ood/PB_test_ood_0166_b30
PB_test_ood_0167_b30,B,test_ood,1,A,3,0,3077,12591,0.12011965731346272,0.3737873435020447,0.8488317728042603,protocol_B/test_ood/PB_test_ood_0167_b30
PB_test_ood_0168_b30,B,test_ood,1,A,3,0,3143,13114,0.13671536586178673,0.4589802622795105,0.8558974862098694,protocol_B/test_ood/PB_test_ood_0168_b30
PB_test_ood_0169_b30,B,test_ood,1,A,3,0,3190,13332,0.13859400356330132,0.4914229214191437,0.8540941476821899,protocol_B/test_ood/PB_test_ood_0169_b30
PB_test_ood_0170_b30,B,test_ood,1,A,3,0,3345,14189,0.11024141401816788,0.4685671031475067,0.85869300365448,protocol_B/test_ood/PB_test_ood_0170_b30
PB_test_ood_0171_b30,B,test_ood,1,A,3,0,3283,13945,0.11754367755709377,0.41459405422210693,0.8559688925743103,protocol_B/test_ood/PB_test_ood_0171_b30
PB_test_ood_0172_b30,B,test_ood,1,A,3,0,3202,13565,0.12341249126429103,0.4432101249694824,0.8539605736732483,protocol_B/test_ood/PB_test_ood_0172_b30
PB_test_ood_0173_b30,B,test_ood,1,A,3,0,3309,13934,0.10607113666736373,0.42953184247016907,0.8536623120307922,protocol_B/test_ood/PB_test_ood_0173_b30
PB_test_ood_0174_b30,B,test_ood,1,A,3,0,3145,13289,0.2609309427448326,0.519978940486908,0.8558490872383118,protocol_B/test_ood/PB_test_ood_0174_b30
PB_test_ood_0175_b30,B,test_ood,1,A,3,0,3240,13635,0.11606012391708487,0.4291655719280243,0.8546888828277588,protocol_B/test_ood/PB_test_ood_0175_b30
PB_test_ood_0176_b30,B,test_ood,1,A,3,0,3171,13324,0.16283202999824586,0.4443277418613434,0.8549716472625732,protocol_B/test_ood/PB_test_ood_0176_b30
PB_test_ood_0177_b30,B,test_ood,1,A,3,0,3284,13850,0.13183716606162477,0.40593934059143066,0.8566749095916748,protocol_B/test_ood/PB_test_ood_0177_b30
PB_test_ood_0178_b30,B,test_ood,1,A,3,0,3180,13274,0.15339156928246833,0.45057767629623413,0.8561291098594666,protocol_B/test_ood/PB_test_ood_0178_b30
PB_test_ood_0179_b30,B,test_ood,1,A,3,0,3205,13486,0.1501836114646537,0.4425874948501587,0.8560929298400879,protocol_B/test_ood/PB_test_ood_0179_b30
PB_test_ood_0180_b30,B,test_ood,1,A,3,0,3203,13485,0.11968581808967427,0.4280425012111664,0.8553481101989746,protocol_B/test_ood/PB_test_ood_0180_b30
PB_test_ood_0181_b30,B,test_ood,1,A,3,0,3307,13927,0.10909843107241324,0.4358201324939728,0.8567822575569153,protocol_B/test_ood/PB_test_ood_0181_b30
PB_test_ood_0182_b30,B,test_ood,1,A,3,0,3129,13091,0.10059799023916277,0.4332956373691559,0.8566730618476868,protocol_B/test_ood/PB_test_ood_0182_b30
PB_test_ood_0183_b30,B,test_ood,1,A,3,0,3140,13106,0.11133977579013057,0.3879590630531311,0.8554713129997253,protocol_B/test_ood/PB_test_ood_0183_b30
PB_test_ood_0184_b30,B,test_ood,1,A,3,0,3116,13064,0.10922592006437225,0.45593583583831787,0.8543616533279419,protocol_B/test_ood/PB_test_ood_0184_b30
PB_test_ood_0185_b30,B,test_ood,1,A,3,0,3172,13334,0.14517695367936723,0.42270469665527344,0.8535104990005493,protocol_B/test_ood/PB_test_ood_0185_b30
PB_test_ood_0186_b30,B,test_ood,1,A,3,0,3346,14127,0.13278167871614363,0.48975345492362976,0.8539942502975464,protocol_B/test_ood/PB_test_ood_0186_b30
PB_test_ood_0187_b30,B,test_ood,1,A,3,0,3185,13268,0.10045813283488295,0.46243342757225037,0.8520939350128174,protocol_B/test_ood/PB_test_ood_0187_b30
PB_test_ood_0188_b30,B,test_ood,1,A,3,0,3138,13102,0.15096452930923043,0.463095486164093,0.8548115491867065,protocol_B/test_ood/PB_test_ood_0188_b30
PB_test_ood_0189_b30,B,test_ood,1,A,3,0,3112,13106,0.13927864576799753,0.3999476730823517,0.8546679019927979,protocol_B/test_ood/PB_test_ood_0189_b30
PB_test_ood_0190_b30,B,test_ood,1,A,3,0,3483,14763,0.13995603063733353,0.4591276943683624,0.857698380947113,protocol_B/test_ood/PB_test_ood_0190_b30
PB_test_ood_0191_b30,B,test_ood,1,A,3,0,3203,13523,0.11790621321758081,0.4012371003627777,0.8565425276756287,protocol_B/test_ood/PB_test_ood_0191_b30
PB_test_ood_0192_b30,B,test_ood,1,A,3,0,3236,13688,0.17701910581472968,0.49380114674568176,0.8569915294647217,protocol_B/test_ood/PB_test_ood_0192_b30
PB_test_ood_0193_b30,B,test_ood,1,A,3,0,3004,12416,0.16825517269990897,0.4012835919857025,0.8464831113815308,protocol_B/test_ood/PB_test_ood_0193_b30
PB_test_ood_0194_b30,B,test_ood,1,A,3,0,2996,12594,0.10250792474622886,0.44794198870658875,0.8541510105133057,protocol_B/test_ood/PB_test_ood_0194_b30
PB_test_ood_0195_b30,B,test_ood,1,A,3,0,2946,12195,0.12485957256561195,0.5129458904266357,0.8511078953742981,protocol_B/test_ood/PB_test_ood_0195_b30
PB_test_ood_0196_b30,B,test_ood,1,A,3,0,3261,13711,0.12317319150344028,0.481799453496933,0.8559708595275879,protocol_B/test_ood/PB_test_ood_0196_b30
PB_test_ood_0197_b30,B,test_ood,1,A,3,0,3004,12489,0.1462094080374226,0.3557189106941223,0.8504747748374939,protocol_B/test_ood/PB_test_ood_0197_b30
PB_test_ood_0198_b30,B,test_ood,1,A,3,0,3236,13591,0.12116739404227594,0.49796050786972046,0.8578305840492249,protocol_B/test_ood/PB_test_ood_0198_b30
PB_test_ood_0199_b30,B,test_ood,1,A,3,0,3053,12650,0.12797394977901522,0.42599231004714966,0.8496374487876892,protocol_B/test_ood/PB_test_ood_0199_b30
PB_train_0000_b00,B,train,0,A,0,0,1610,6503,1.0,0.5418422222137451,0.8633638620376587,protocol_B/train/PB_train_0000_b00
PB_train_0001_b10,B,train,0,A,1,0,2163,9000,0.23041717968607384,0.4165583848953247,0.8544740676879883,protocol_B/train/PB_train_0001_b10
PB_train_0002_b20,B,train,0,A,2,0,2804,11829,0.14046042238743756,0.46275049448013306,0.8597501516342163,protocol_B/train/PB_train_0002_b20
PB_train_0003_b00,B,train,0,A,0,0,1610,6503,1.0,0.5418422222137451,0.8633638620376587,protocol_B/train/PB_train_0003_b00
PB_train_0004_b10,B,train,0,A,1,0,2243,9301,0.21228970177378026,0.4141063690185547,0.8599599003791809,protocol_B/train/PB_train_0004_b10
PB_train_0005_b20,B,train,0,A,2,0,2666,11179,0.19611578606563435,0.46964019536972046,0.8578453660011292,protocol_B/train/PB_train_0005_b20
PB_train_0006_b00,B,train,0,A,0,0,1610,6503,1.0,0.5418422222137451,0.8633638620376587,protocol_B/train/PB_train_0006_b00
PB_train_0007_b10,B,train,0,A,1,0,2170,8906,0.11844998124342712,0.5115104913711548,0.8560914397239685,protocol_B/train/PB_train_0007_b10
PB_train_0008_b20,B,train,0,A,2,0,2643,11019,0.11214401718863182,0.49124690890312195,0.8542371392250061,protocol_B/train/PB_train_0008_b20
PB_train_0009_b00,B,train,0,A,0,0,1610,6503,1.0,0.5418422222137451,0.8633638620376587,protocol_B/train/PB_train_0009_b00
PB_train_0010_b10,B,train,0,A,1,0,2228,9287,0.3188612911038682,0.48857057094573975,0.8614295125007629,protocol_B/train/PB_train_0010_b10
PB_train_0011_b20,B,train,0,A,2,0,2817,11888,0.19759830448389876,0.49981144070625305,0.856859028339386,protocol_B/train/PB_train_0011_b20
PB_train_0012_b00,B,train,0,A,0,0,1610,6503,1.0,0.5418422222137451,0.8633638620376587,protocol_B/train/PB_train_0012_b00
PB_train_0013_b10,B,train,0,A,1,0,2178,8957,0.15355645187525582,0.4717225432395935,0.8595868349075317,protocol_B/train/PB_train_0013_b10
PB_train_0014_b20,B,train,0,A,2,0,2579,10636,0.10291153712450292,0.4684324264526367,0.852613091468811,protocol_B/train/PB_train_0014_b20
PB_train_0015_b00,B,train,0,A,0,0,1610,6503,1.0,0.5418422222137451,0.8633638620376587,protocol_B/train/PB_train_0015_b00
PB_train_0016_b10,B,train,0,A,1,0,2165,8945,0.16280581239334552,0.5066369771957397,0.8605039119720459,protocol_B/train/PB_train_0016_b10
PB_train_0017_b20,B,train,0,A,2,0,2755,11431,0.14357461431661633,0.4123193025588989,0.8570612668991089,protocol_B/train/PB_train_0017_b20
PB_train_0018_b00,B,train,0,A,0,0,1610,6503,1.0,0.5418422222137451,0.8633638620376587,protocol_B/train/PB_train_0018_b00
PB_train_0019_b10,B,train,0,A,1,0,2147,8873,0.12973423200516798,0.4765184223651886,0.8573032021522522,protocol_B/train/PB_train_0019_b10
PB_train_0020_b20,B,train,0,A,2,0,2762,11625,0.16950877010456422,0.37094977498054504,0.8567044734954834,protocol_B/train/PB_train_0020_b20
PB_train_0021_b00,B,train,0,A,0,0,1610,6503,1.0,0.5418422222137451,0.8633638620376587,protocol_B/train/PB_train_0021_b00
PB_train_0022_b10,B,train,0,A,1,0,2312,9693,0.11239484600914285,0.5118526220321655,0.8614932298660278,protocol_B/train/PB_train_0022_b10
PB_train_0023_b20,B,train,0,A,2,0,2673,11159,0.23820019951472401,0.42667558789253235,0.8561308979988098,protocol_B/train/PB_train_0023_b20
PB_train_0024_b00,B,train,0,A,0,0,1610,6503,1.0,0.5418422222137451,0.8633638620376587,protocol_B/train/PB_train_0024_b00
PB_train_0025_b10,B,train,0,A,1,0,2223,9200,0.32615429451250344,0.5543492436408997,0.8641572594642639,protocol_B/train/PB_train_0025_b10
PB_train_0026_b20,B,train,0,A,2,0,2543,10350,0.10474241436291204,0.48943066596984863,0.8549497127532959,protocol_B/train/PB_train_0026_b20
PB_train_0027_b00,B,train,0,A,0,0,1610,6503,1.0,0.5418422222137451,0.8633638620376587,protocol_B/train/PB_train_0027_b00
PB_train_0028_b10,B,train,0,A,1,0,2290,9653,0.21566780351148707,0.3731318414211273,0.8604212403297424,protocol_B/train/PB_train_0028_b10
PB_train_0029_b20,B,train,0,A,2,0,2940,12524,0.20308676555890867,0.4709814786911011,0.8614101409912109,protocol_B/train/PB_train_0029_b20
PB_train_0030_b00,B,train,0,A,0,0,1610,6503,1.0,0.5418422222137451,0.8633638620376587,protocol_B/train/PB_train_0030_b00
PB_train_0031_b10,B,train,0,A,1,0,2238,9325,0.2995390796064934,0.5348665714263916,0.8617770671844482,protocol_B/train/PB_train_0031_b10
PB_train_0032_b20,B,train,0,A,2,0,2598,10693,0.16730565360432278,0.45716914534568787,0.8552209138870239,protocol_B/train/PB_train_0032_b20
PB_train_0033_b00,B,train,0,A,0,0,1610,6503,1.0,0.5418422222137451,0.8633638620376587,protocol_B/train/PB_train_0033_b00
PB_train_0034_b10,B,train,0,A,1,0,2234,9338,0.2465050501969936,0.5687228441238403,0.8617491126060486,protocol_B/train/PB_train_0034_b10
PB_train_0035_b20,B,train,0,A,2,0,2812,11972,0.26402142665864087,0.473921000957489,0.8616665005683899,protocol_B/train/PB_train_0035_b20
PB_train_0036_b00,B,train,0,A,0,0,1610,6503,1.0,0.5418422222137451,0.8633638620376587,protocol_B/train/PB_train_0036_b00
PB_train_0037_b10,B,train,0,A,1,0,2151,8931,0.2287551290943456,0.5093438625335693,0.8579838275909424,protocol_B/train/PB_train_0037_b10
PB_train_0038_b20,B,train,0,A,2,0,2753,11582,0.17516977704139433,0.3964647352695465,0.8584073781967163,protocol_B/train/PB_train_0038_b20
PB_train_0039_b00,B,train,0,A,0,0,1610,6503,1.0,0.5418422222137451,0.8633638620376587,protocol_B/train/PB_train_0039_b00
PB_train_0040_b10,B,train,0,A,1,0,2186,9037,0.16873259406614655,0.45226770639419556,0.8614755868911743,protocol_B/train/PB_train_0040_b10
PB_train_0041_b20,B,train,0,A,2,0,2675,11273,0.21205610130377606,0.49974098801612854,0.8577061295509338,protocol_B/train/PB_train_0041_b20
PB_train_0042_b00,B,train,0,A,0,0,1610,6503,1.0,0.5418422222137451,0.8633638620376587,protocol_B/train/PB_train_0042_b00
PB_train_0043_b10,B,train,0,A,1,0,2269,9441,0.18262957398776075,0.5387307405471802,0.8607345223426819,protocol_B/train/PB_train_0043_b10
PB_train_0044_b20,B,train,0,A,2,0,2811,11802,0.12934806835523002,0.5432549118995667,0.8594898581504822,protocol_B/train/PB_train_0044_b20
PB_train_0045_b00,B,train,0,A,0,0,1610,6503,1.0,0.5418422222137451,0.8633638620376587,protocol_B/train/PB_train_0045_b00
PB_train_0046_b10,B,train,0,A,1,0,2263,9456,0.34055604692556185,0.48593640327453613,0.8589274883270264,protocol_B/train/PB_train_0046_b10
PB_train_0047_b20,B,train,0,A,2,0,2780,11687,0.21023273376365142,0.5447712540626526,0.8617541790008545,protocol_B/train/PB_train_0047_b20
PB_train_0048_b00,B,train,0,A,0,0,1610,6503,1.0,0.5418422222137451,0.8633638620376587,protocol_B/train/PB_train_0048_b00
PB_train_0049_b10,B,train,0,A,1,0,2228,9305,0.15645176097971514,0.5470631122589111,0.8603780269622803,protocol_B/train/PB_train_0049_b10
PB_train_0050_b20,B,train,0,A,2,0,2877,12214,0.1510550382076275,0.3866982161998749,0.8589264750480652,protocol_B/train/PB_train_0050_b20
PB_train_0051_b00,B,train,0,A,0,0,1610,6503,1.0,0.5418422222137451,0.8633638620376587,protocol_B/train/PB_train_0051_b00
PB_train_0052_b10,B,train,0,A,1,0,2295,9578,0.2017837901638721,0.4249209761619568,0.861109733581543,protocol_B/train/PB_train_0052_b10
PB_train_0053_b20,B,train,0,A,2,0,2678,11099,0.12210526916022693,0.4449631869792938,0.853148341178894,protocol_B/train/PB_train_0053_b20
PB_train_0054_b00,B,train,0,A,0,0,1610,6503,1.0,0.5418422222137451,0.8633638620376587,protocol_B/train/PB_train_0054_b00
PB_train_0055_b10,B,train,0,A,1,0,2202,9145,0.1690124745775915,0.5541355609893799,0.8597034811973572,protocol_B/train/PB_train_0055_b10
PB_train_0056_b20,B,train,0,A,2,0,2526,10419,0.13999090540329492,0.47564488649368286,0.8549681305885315,protocol_B/train/PB_train_0056_b20
PB_train_0057_b00,B,train,0,A,0,0,1610,6503,1.0,0.5418422222137451,0.8633638620376587,protocol_B/train/PB_train_0057_b00
PB_train_0058_b10,B,train,0,A,1,0,2215,9262,0.1886267492059785,0.525404691696167,0.8612073063850403,protocol_B/train/PB_train_0058_b10
PB_train_0059_b20,B,train,0,A,2,0,2879,12302,0.19808254485621474,0.399578332901001,0.8603434562683105,protocol_B/train/PB_train_0059_b20
PB_train_0060_b00,B,train,0,A,0,0,1610,6503,1.0,0.5418422222137451,0.8633638620376587,protocol_B/train/PB_train_0060_b00
PB_train_0061_b10,B,train,0,A,1,0,2311,9788,0.2250207174569103,0.4543074667453766,0.8632446527481079,protocol_B/train/PB_train_0061_b10
PB_train_0062_b20,B,train,0,A,2,0,2873,12295,0.14673401006460962,0.4557728171348572,0.8612991571426392,protocol_B/train/PB_train_0062_b20
PB_train_0063_b00,B,train,0,A,0,0,1610,6503,1.0,0.5418422222137451,0.8633638620376587,protocol_B/train/PB_train_0063_b00
PB_train_0064_b10,B,train,0,A,1,0,2140,8840,0.18491462024374383,0.4921363592147827,0.8575260043144226,protocol_B/train/PB_train_0064_b10
PB_train_0065_b20,B,train,0,A,2,0,2770,11664,0.27131083017114827,0.4654880166053772,0.8594386577606201,protocol_B/train/PB_train_0065_b20
PB_train_0066_b00,B,train,0,A,0,0,1610,6503,1.0,0.5418422222137451,0.8633638620376587,protocol_B/train/PB_train_0066_b00
PB_train_0067_b10,B,train,0,A,1,0,2285,9585,0.366972809494594,0.41526687145233154,0.8607321977615356,protocol_B/train/PB_train_0067_b10
PB_train_0068_b20,B,train,0,A,2,0,3023,12944,0.11762398247484045,0.4129338562488556,0.8621928691864014,protocol_B/train/PB_train_0068_b20
PB_train_0069_b00,B,train,0,A,0,0,1610,6503,1.0,0.5418422222137451,0.8633638620376587,protocol_B/train/PB_train_0069_b00
PB_train_0070_b10,B,train,0,A,1,0,2176,8926,0.12617172577115557,0.45034289360046387,0.8571754693984985,protocol_B/train/PB_train_0070_b10
PB_train_0071_b20,B,train,0,A,2,0,2678,11246,0.1633306205953029,0.4511829614639282,0.8563811182975769,protocol_B/train/PB_train_0071_b20
PB_train_0072_b00,B,train,0,A,0,0,1610,6503,1.0,0.5418422222137451,0.8633638620376587,protocol_B/train/PB_train_0072_b00
PB_train_0073_b10,B,train,0,A,1,0,2234,9325,0.16839497756809008,0.5432001352310181,0.8599963188171387,protocol_B/train/PB_train_0073_b10
PB_train_0074_b20,B,train,0,A,2,0,2912,12424,0.18194849548001787,0.45562121272087097,0.8612432479858398,protocol_B/train/PB_train_0074_b20
PB_train_0075_b00,B,train,0,A,0,0,1610,6503,1.0,0.5418422222137451,0.8633638620376587,protocol_B/train/PB_train_0075_b00
PB_train_0076_b10,B,train,0,A,1,0,2258,9402,0.1506425670406715,0.5074085593223572,0.8606812357902527,protocol_B/train/PB_train_0076_b10
PB_train_0077_b20,B,train,0,A,2,0,2864,12201,0.1370630237725528,0.4526654779911041,0.8596693873405457,protocol_B/train/PB_train_0077_b20
PB_train_0078_b00,B,train,0,A,0,0,1610,6503,1.0,0.5418422222137451,0.8633638620376587,protocol_B/train/PB_train_0078_b00
PB_train_0079_b10,B,train,0,A,1,0,2272,9420,0.11409997489599666,0.5095922350883484,0.8589912056922913,protocol_B/train/PB_train_0079_b10
PB_train_0080_b20,B,train,0,A,2,0,2664,11047,0.14230224776943334,0.43469560146331787,0.8515551686286926,protocol_B/train/PB_train_0080_b20
PB_train_0081_b00,B,train,0,A,0,0,1610,6503,1.0,0.5418422222137451,0.8633638620376587,protocol_B/train/PB_train_0081_b00
PB_train_0082_b10,B,train,0,A,1,0,2341,9930,0.2703661104058706,0.40419280529022217,0.8591524362564087,protocol_B/train/PB_train_0082_b10
PB_train_0083_b20,B,train,0,A,2,0,2882,12271,0.16561181782827555,0.5385456085205078,0.8601261973381042,protocol_B/train/PB_train_0083_b20
PB_train_0084_b00,B,train,0,A,0,0,1610,6503,1.0,0.5418422222137451,0.8633638620376587,protocol_B/train/PB_train_0084_b00
PB_train_0085_b10,B,train,0,A,1,0,2161,8866,0.15418022507156848,0.43676623702049255,0.8580536246299744,protocol_B/train/PB_train_0085_b10
PB_train_0086_b20,B,train,0,A,2,0,2718,11323,0.1531195614247557,0.4205127954483032,0.8536942601203918,protocol_B/train/PB_train_0086_b20
PB_train_0087_b00,B,train,0,A,0,0,1610,6503,1.0,0.5418422222137451,0.8633638620376587,protocol_B/train/PB_train_0087_b00
PB_train_0088_b10,B,train,0,A,1,0,2165,8944,0.19148704531150998,0.4404991567134857,0.8586785793304443,protocol_B/train/PB_train_0088_b10
PB_train_0089_b20,B,train,0,A,2,0,2804,11716,0.1386262582556037,0.4920991063117981,0.8541234135627747,protocol_B/train/PB_train_0089_b20
PB_train_0090_b00,B,train,0,A,0,0,1610,6503,1.0,0.5418422222137451,0.8633638620376587,protocol_B/train/PB_train_0090_b00
PB_train_0091_b10,B,train,0,A,1,0,2194,9039,0.1645075917162887,0.5067660212516785,0.8577169179916382,protocol_B/train/PB_train_0091_b10
PB_train_0092_b20,B,train,0,A,2,0,2892,12375,0.16839267213452508,0.5351832509040833,0.8612175583839417,protocol_B/train/PB_train_0092_b20
PB_train_0093_b00,B,train,0,A,0,0,1610,6503,1.0,0.5418422222137451,0.8633638620376587,protocol_B/train/PB_train_0093_b00
PB_train_0094_b10,B,train,0,A,1,0,2190,9050,0.22877999278340552,0.5203022956848145,0.8572943210601807,protocol_B/train/PB_train_0094_b10
PB_train_0095_b20,B,train,0,A,2,0,2900,12310,0.12183717974601821,0.44269856810569763,0.8601187467575073,protocol_B/train/PB_train_0095_b20
PB_train_0096_b00,B,train,0,A,0,0,1610,6503,1.0,0.5418422222137451,0.8633638620376587,protocol_B/train/PB_train_0096_b00
PB_train_0097_b10,B,train,0,A,1,0,2320,9860,0.33952610003295064,0.5397322773933411,0.8622190952301025,protocol_B/train/PB_train_0097_b10
PB_train_0098_b20,B,train,0,A,2,0,2767,11643,0.11225652609692895,0.4513775110244751,0.859923779964447,protocol_B/train/PB_train_0098_b20
PB_train_0099_b00,B,train,0,A,0,0,1610,6503,1.0,0.5418422222137451,0.8633638620376587,protocol_B/train/PB_train_0099_b00
PB_train_0100_b10,B,train,0,A,1,0,2374,9943,0.1419510065937225,0.5845491886138916,0.862015426158905,protocol_B/train/PB_train_0100_b10
PB_train_0101_b20,B,train,0,A,2,0,2701,11180,0.11892789394719103,0.4099157750606537,0.8531128764152527,protocol_B/train/PB_train_0101_b20
PB_train_0102_b00,B,train,0,A,0,0,1610,6503,1.0,0.5418422222137451,0.8633638620376587,protocol_B/train/PB_train_0102_b00
PB_train_0103_b10,B,train,0,A,1,0,2316,9681,0.10838130313108948,0.4849216938018799,0.8590127825737,protocol_B/train/PB_train_0103_b10
PB_train_0104_b20,B,train,0,A,2,0,2716,11342,0.18905192676589028,0.4713483452796936,0.8555454015731812,protocol_B/train/PB_train_0104_b20
PB_train_0105_b00,B,train,0,A,0,0,1610,6503,1.0,0.5418422222137451,0.8633638620376587,protocol_B/train/PB_train_0105_b00
PB_train_0106_b10,B,train,0,A,1,0,2126,8807,0.2767391610444785,0.5328134894371033,0.8601173162460327,protocol_B/train/PB_train_0106_b10
PB_train_0107_b20,B,train,0,A,2,0,2826,12079,0.28039855010914677,0.4617365002632141,0.8609257340431213,protocol_B/train/PB_train_0107_b20
PB_train_0108_b00,B,train,0,A,0,0,1610,6503,1.0,0.5418422222137451,0.8633638620376587,protocol_B/train/PB_train_0108_b00
PB_train_0109_b10,B,train,0,A,1,0,2229,9284,0.25537381090339073,0.5182198882102966,0.8605583310127258,protocol_B/train/PB_train_0109_b10
PB_train_0110_b20,B,train,0,A,2,0,2838,12031,0.2057868993266811,0.4619908332824707,0.8603962063789368,protocol_B/train/PB_train_0110_b20
PB_train_0111_b00,B,train,0,A,0,0,1610,6503,1.0,0.5418422222137451,0.8633638620376587,protocol_B/train/PB_train_0111_b00
PB_train_0112_b10,B,train,0,A,1,0,2259,9405,0.1777159353029919,0.5591459274291992,0.8599951863288879,protocol_B/train/PB_train_0112_b10
PB_train_0113_b20,B,train,0,A,2,0,2870,12109,0.10001420505151606,0.48038449883461,0.8602270483970642,protocol_B/train/PB_train_0113_b20
PB_train_0114_b00,B,train,0,A,0,0,1610,6503,1.0,0.5418422222137451,0.8633638620376587,protocol_B/train/PB_train_0114_b00
PB_train_0115_b10,B,train,0,A,1,0,2243,9268,0.30334840269971164,0.4915783703327179,0.8608546853065491,protocol_B/train/PB_train_0115_b10
PB_train_0116_b20,B,train,0,A,2,0,2655,11089,0.1161903554405303,0.43326258659362793,0.855710506439209,protocol_B/train/PB_train_0116_b20
PB_train_0117_b00,B,train,0,A,0,0,1610,6503,1.0,0.5418422222137451,0.8633638620376587,protocol_B/train/PB_train_0117_b00
PB_train_0118_b10,B,train,0,A,1,0,2218,9082,0.11903207542390665,0.5324996113777161,0.859725296497345,protocol_B/train/PB_train_0118_b10
PB_train_0119_b20,B,train,0,A,2,0,2814,11978,0.2440733626180946,0.5313887000083923,0.8609234094619751,protocol_B/train/PB_train_0119_b20
PB_train_0120_b00,B,train,0,A,0,0,1610,6503,1.0,0.5418422222137451,0.8633638620376587,protocol_B/train/PB_train_0120_b00
PB_train_0121_b10,B,train,0,A,1,0,2277,9387,0.13248969176598427,0.4850338399410248,0.8579011559486389,protocol_B/train/PB_train_0121_b10
PB_train_0122_b20,B,train,0,A,2,0,2844,11991,0.10313260054762056,0.5179389715194702,0.856578528881073,protocol_B/train/PB_train_0122_b20
PB_train_0123_b00,B,train,0,A,0,0,1610,6503,1.0,0.5418422222137451,0.8633638620376587,protocol_B/train/PB_train_0123_b00
PB_train_0124_b10,B,train,0,A,1,0,2260,9370,0.13323601317936368,0.5501711964607239,0.860012412071228,protocol_B/train/PB_train_0124_b10
PB_train_0125_b20,B,train,0,A,2,0,2939,12504,0.11126544211400664,0.3817823529243469,0.8569297790527344,protocol_B/train/PB_train_0125_b20
PB_train_0126_b00,B,train,0,A,0,0,1610,6503,1.0,0.5418422222137451,0.8633638620376587,protocol_B/train/PB_train_0126_b00
PB_train_0127_b10,B,train,0,A,1,0,2270,9581,0.23244134321088994,0.41575688123703003,0.8593763113021851,protocol_B/train/PB_train_0127_b10
PB_train_0128_b20,B,train,0,A,2,0,2996,12731,0.12765194826332704,0.42095229029655457,0.8600823879241943,protocol_B/train/PB_train_0128_b20
PB_train_0129_b00,B,train,0,A,0,0,1610,6503,1.0,0.5418422222137451,0.8633638620376587,protocol_B/train/PB_train_0129_b00
PB_train_0130_b10,B,train,0,A,1,0,2183,8946,0.1351089858493134,0.40622642636299133,0.8543258309364319,protocol_B/train/PB_train_0130_b10
PB_train_0131_b20,B,train,0,A,2,0,2834,11985,0.29274676689543144,0.5303492546081543,0.8586319088935852,protocol_B/train/PB_train_0131_b20
PB_train_0132_b00,B,train,0,A,0,0,1610,6503,1.0,0.5418422222137451,0.8633638620376587,protocol_B/train/PB_train_0132_b00
PB_train_0133_b10,B,train,0,A,1,0,2173,8997,0.15027189982402117,0.514859139919281,0.8567081093788147,protocol_B/train/PB_train_0133_b10
PB_train_0134_b20,B,train,0,A,2,0,2687,11273,0.19729420196886643,0.487723171710968,0.8545891046524048,protocol_B/train/PB_train_0134_b20
PB_train_0135_b00,B,train,0,A,0,0,1610,6503,1.0,0.5418422222137451,0.8633638620376587,protocol_B/train/PB_train_0135_b00
PB_train_0136_b10,B,train,0,A,1,0,2143,8876,0.2890622691727997,0.4782025218009949,0.8584029674530029,protocol_B/train/PB_train_0136_b10
PB_train_0137_b20,B,train,0,A,2,0,2705,11172,0.10144136615460295,0.419254869222641,0.8517580628395081,protocol_B/train/PB_train_0137_b20
PB_train_0138_b00,B,train,0,A,0,0,1610,6503,1.0,0.5418422222137451,0.8633638620376587,protocol_B/train/PB_train_0138_b00
PB_train_0139_b10,B,train,0,A,1,0,2258,9408,0.2108265832476094,0.4428459703922272,0.8609886169433594,protocol_B/train/PB_train_0139_b10
PB_train_0140_b20,B,train,0,A,2,0,2867,12245,0.1866406552289655,0.3893684148788452,0.8568339347839355,protocol_B/train/PB_train_0140_b20
PB_train_0141_b00,B,train,0,A,0,0,1610,6503,1.0,0.5418422222137451,0.8633638620376587,protocol_B/train/PB_train_0141_b00
PB_train_0142_b10,B,train,0,A,1,0,2262,9511,0.3739605762247282,0.5367113947868347,0.8608499765396118,protocol_B/train/PB_train_0142_b10
PB_train_0143_b20,B,train,0,A,2,0,2666,11192,0.1384400683075637,0.4367031455039978,0.8564643263816833,protocol_B/train/PB_train_0143_b20
PB_train_0144_b00,B,train,0,A,0,0,1610,6503,1.0,0.5418422222137451,0.8633638620376587,protocol_B/train/PB_train_0144_b00
PB_train_0145_b10,B,train,0,A,1,0,2259,9390,0.3198446178003559,0.5425097942352295,0.8588482737541199,protocol_B/train/PB_train_0145_b10
PB_train_0146_b20,B,train,0,A,2,0,2683,11016,0.10314910108395733,0.44358402490615845,0.8537290692329407,protocol_B/train/PB_train_0146_b20
PB_train_0147_b00,B,train,0,A,0,0,1610,6503,1.0,0.5418422222137451,0.8633638620376587,protocol_B/train/PB_train_0147_b00
PB_train_0148_b10,B,train,0,A,1,0,2291,9637,0.29317105992326753,0.4651173949241638,0.8616973757743835,protocol_B/train/PB_train_0148_b10
PB_train_0149_b20,B,train,0,A,2,0,2767,11590,0.18131207986474004,0.4478059709072113,0.85795658826828,protocol_B/train/PB_train_0149_b20
PB_train_0150_b00,B,train,0,A,0,0,1610,6503,1.0,0.5418422222137451,0.8633638620376587,protocol_B/train/PB_train_0150_b00
PB_train_0151_b10,B,train,0,A,1,0,2223,9223,0.15895550887679508,0.47516146302223206,0.8609258532524109,protocol_B/train/PB_train_0151_b10
PB_train_0152_b20,B,train,0,A,2,0,2609,10848,0.19114280717983295,0.47954726219177246,0.8525275588035583,protocol_B/train/PB_train_0152_b20
PB_train_0153_b00,B,train,0,A,0,0,1610,6503,1.0,0.5418422222137451,0.8633638620376587,protocol_B/train/PB_train_0153_b00
PB_train_0154_b10,B,train,0,A,1,0,2170,8921,0.1421273629735222,0.45847123861312866,0.8594128489494324,protocol_B/train/PB_train_0154_b10
PB_train_0155_b20,B,train,0,A,2,0,2685,11225,0.1782529722705649,0.48942720890045166,0.8569512367248535,protocol_B/train/PB_train_0155_b20
PB_train_0156_b00,B,train,0,A,0,0,1610,6503,1.0,0.5418422222137451,0.8633638620376587,protocol_B/train/PB_train_0156_b00
PB_train_0157_b10,B,train,0,A,1,0,2164,8993,0.324775987207557,0.5104444622993469,0.8594338297843933,protocol_B/train/PB_train_0157_b10
PB_train_0158_b20,B,train,0,A,2,0,2868,12257,0.18789785842911289,0.3951271176338196,0.8606096506118774,protocol_B/train/PB_train_0158_b20
PB_train_0159_b00,B,train,0,A,0,0,1610,6503,1.0,0.5418422222137451,0.8633638620376587,protocol_B/train/PB_train_0159_b00
PB_train_0160_b10,B,train,0,A,1,0,2248,9302,0.20154440179810745,0.5603020191192627,0.858481228351593,protocol_B/train/PB_train_0160_b10
PB_train_0161_b20,B,train,0,A,2,0,2763,11475,0.10086228840929537,0.45872724056243896,0.8561317324638367,protocol_B/train/PB_train_0161_b20
PB_train_0162_b00,B,train,0,A,0,0,1610,6503,1.0,0.5418422222137451,0.8633638620376587,protocol_B/train/PB_train_0162_b00
PB_train_0163_b10,B,train,0,A,1,0,2211,9245,0.3778570422143005,0.3711552619934082,0.8610652089118958,protocol_B/train/PB_train_0163_b10
PB_train_0164_b20,B,train,0,A,2,0,2755,11541,0.15354673738857508,0.4619593024253845,0.8600432872772217,protocol_B/train/PB_train_0164_b20
PB_train_0165_b00,B,train,0,A,0,0,1610,6503,1.0,0.5418422222137451,0.8633638620376587,protocol_B/train/PB_train_0165_b00
PB_train_0166_b10,B,train,0,A,1,0,2252,9358,0.24442994142315472,0.49212315678596497,0.8617923259735107,protocol_B/train/PB_train_0166_b10
PB_train_0167_b20,B,train,0,A,2,0,2714,11397,0.19143702943258534,0.4737483263015747,0.8570465445518494,protocol_B/train/PB_train_0167_b20
PB_train_0168_b00,B,train,0,A,0,0,1610,6503,1.0,0.5418422222137451,0.8633638620376587,protocol_B/train/PB_train_0168_b00
PB_train_0169_b10,B,train,0,A,1,0,2300,9742,0.31776320799302266,0.5548697710037231,0.8620169758796692,protocol_B/train/PB_train_0169_b10
PB_train_0170_b20,B,train,0,A,2,0,2711,11333,0.164867064294366,0.4313182830810547,0.8593730926513672,protocol_B/train/PB_train_0170_b20
PB_train_0171_b00,B,train,0,A,0,0,1610,6503,1.0,0.5418422222137451,0.8633638620376587,protocol_B/train/PB_train_0171_b00
PB_train_0172_b10,B,train,0,A,1,0,2207,9177,0.16253248704477713,0.47718289494514465,0.8612126708030701,protocol_B/train/PB_train_0172_b10
PB_train_0173_b20,B,train,0,A,2,0,2733,11373,0.13400247178212743,0.40026065707206726,0.8558774590492249,protocol_B/train/PB_train_0173_b20
PB_train_0174_b00,B,train,0,A,0,0,1610,6503,1.0,0.5418422222137451,0.8633638620376587,protocol_B/train/PB_train_0174_b00
PB_train_0175_b10,B,train,0,A,1,0,2292,9633,0.30960916924414006,0.5214617848396301,0.8614025115966797,protocol_B/train/PB_train_0175_b10
PB_train_0176_b20,B,train,0,A,2,0,2663,11111,0.12260604967027545,0.4374500513076782,0.8542366027832031,protocol_B/train/PB_train_0176_b20
PB_train_0177_b00,B,train,0,A,0,0,1610,6503,1.0,0.5418422222137451,0.8633638620376587,protocol_B/train/PB_train_0177_b00
PB_train_0178_b10,B,train,0,A,1,0,2196,9166,0.3297717038710361,0.4806508421897888,0.8632036447525024,protocol_B/train/PB_train_0178_b10
PB_train_0179_b20,B,train,0,A,2,0,2874,12290,0.19513030108457485,0.4638301134109497,0.8596193194389343,protocol_B/train/PB_train_0179_b20
PB_train_0180_b00,B,train,0,A,0,0,1610,6503,1.0,0.5418422222137451,0.8633638620376587,protocol_B/train/PB_train_0180_b00
PB_train_0181_b10,B,train,0,A,1,0,2207,9225,0.2396908036966185,0.5369957089424133,0.8590982556343079,protocol_B/train/PB_train_0181_b10
PB_train_0182_b20,B,train,0,A,2,0,2792,11927,0.1519483663160385,0.5462455153465271,0.8590479493141174,protocol_B/train/PB_train_0182_b20
PB_train_0183_b00,B,train,0,A,0,0,1610,6503,1.0,0.5418422222137451,0.8633638620376587,protocol_B/train/PB_train_0183_b00
PB_train_0184_b10,B,train,0,A,1,0,2348,9836,0.13521597573896882,0.4858931601047516,0.8582144379615784,protocol_B/train/PB_train_0184_b10
PB_train_0185_b20,B,train,0,A,2,0,2662,10960,0.11171968979287453,0.521454393863678,0.8525392413139343,protocol_B/train/PB_train_0185_b20
PB_train_0186_b00,B,train,0,A,0,0,1610,6503,1.0,0.5418422222137451,0.8633638620376587,protocol_B/train/PB_train_0186_b00
PB_train_0187_b10,B,train,0,A,1,0,2248,9417,0.2458484213068612,0.4595152735710144,0.8611940145492554,protocol_B/train/PB_train_0187_b10
PB_train_0188_b20,B,train,0,A,2,0,2565,10691,0.15529059699554112,0.45132920145988464,0.8573072552680969,protocol_B/train/PB_train_0188_b20
PB_train_0189_b00,B,train,0,A,0,0,1610,6503,1.0,0.5418422222137451,0.8633638620376587,protocol_B/train/PB_train_0189_b00
PB_train_0190_b10,B,train,0,A,1,0,2199,9200,0.30728711744250337,0.4631352424621582,0.858440637588501,protocol_B/train/PB_train_0190_b10
PB_train_0191_b20,B,train,0,A,2,0,2893,12246,0.10121608324691164,0.387440025806427,0.8563617467880249,protocol_B/train/PB_train_0191_b20
PB_train_0192_b00,B,train,0,A,0,0,1610,6503,1.0,0.5418422222137451,0.8633638620376587,protocol_B/train/PB_train_0192_b00
PB_train_0193_b10,B,train,0,A,1,0,2366,9885,0.1323607948381874,0.4509600102901459,0.8581682443618774,protocol_B/train/PB_train_0193_b10
PB_train_0194_b20,B,train,0,A,2,0,2736,11549,0.2507660782247235,0.4948776364326477,0.8578687906265259,protocol_B/train/PB_train_0194_b20
PB_train_0195_b00,B,train,0,A,0,0,1610,6503,1.0,0.5418422222137451,0.8633638620376587,protocol_B/train/PB_train_0195_b00
PB_train_0196_b10,B,train,0,A,1,0,2248,9326,0.16366532410894136,0.4889148771762848,0.8601858615875244,protocol_B/train/PB_train_0196_b10
PB_train_0197_b20,B,train,0,A,2,0,2793,11790,0.20807502363106017,0.44191405177116394,0.857022225856781,protocol_B/train/PB_train_0197_b20
PB_train_0198_b00,B,train,0,A,0,0,1610,6503,1.0,0.5418422222137451,0.8633638620376587,protocol_B/train/PB_train_0198_b00
PB_train_0199_b10,B,train,0,A,1,0,2270,9475,0.31141469727122884,0.5488764643669128,0.8651412129402161,protocol_B/train/PB_train_0199_b10
PB_train_0200_b20,B,train,0,A,2,0,2895,12332,0.15637952365504326,0.5303640365600586,0.8611107468605042,protocol_B/train/PB_train_0200_b20
PB_train_0201_b00,B,train,0,A,0,0,1610,6503,1.0,0.5418422222137451,0.8633638620376587,protocol_B/train/PB_train_0201_b00
PB_train_0202_b10,B,train,0,A,1,0,2285,9557,0.2245019682002506,0.4281248152256012,0.8595882654190063,protocol_B/train/PB_train_0202_b10
PB_train_0203_b20,B,train,0,A,2,0,2834,12035,0.14294049902206468,0.39255213737487793,0.8597516417503357,protocol_B/train/PB_train_0203_b20
PB_train_0204_b00,B,train,0,A,0,0,1610,6503,1.0,0.5418422222137451,0.8633638620376587,protocol_B/train/PB_train_0204_b00
PB_train_0205_b10,B,train,0,A,1,0,2160,8864,0.11794407562123542,0.44258150458335876,0.8582746982574463,protocol_B/train/PB_train_0205_b10
PB_train_0206_b20,B,train,0,A,2,0,2708,11371,0.12196139407457572,0.45970427989959717,0.8578853607177734,protocol_B/train/PB_train_0206_b20
PB_train_0207_b00,B,train,0,A,0,0,1610,6503,1.0,0.5418422222137451,0.8633638620376587,protocol_B/train/PB_train_0207_b00
PB_train_0208_b10,B,train,0,A,1,0,2323,9819,0.28548233055064187,0.47124117612838745,0.8625004291534424,protocol_B/train/PB_train_0208_b10
PB_train_0209_b20,B,train,0,A,2,0,2962,12628,0.1446979607814271,0.46527519822120667,0.8629330992698669,protocol_B/train/PB_train_0209_b20
PB_train_0210_b00,B,train,0,A,0,0,1610,6503,1.0,0.5418422222137451,0.8633638620376587,protocol_B/train/PB_train_0210_b00
PB_train_0211_b10,B,train,0,A,1,0,2230,9318,0.3865534012271281,0.5093418955802917,0.8600724935531616,protocol_B/train/PB_train_0211_b10
PB_train_0212_b20,B,train,0,A,2,0,2742,11560,0.21684945735841582,0.5107994079589844,0.8566730618476868,protocol_B/train/PB_train_0212_b20
PB_train_0213_b00,B,train,0,A,0,0,1610,6503,1.0,0.5418422222137451,0.8633638620376587,protocol_B/train/PB_train_0213_b00
PB_train_0214_b10,B,train,0,A,1,0,2246,9337,0.21859759976007662,0.49933233857154846,0.8561341166496277,protocol_B/train/PB_train_0214_b10
PB_train_0215_b20,B,train,0,A,2,0,2690,11274,0.14366923561766579,0.4392803907394409,0.8578435182571411,protocol_B/train/PB_train_0215_b20
PB_train_0216_b00,B,train,0,A,0,0,1610,6503,1.0,0.5418422222137451,0.8633638620376587,protocol_B/train/PB_train_0216_b00
PB_train_0217_b10,B,train,0,A,1,0,2335,9760,0.12969731752816707,0.4542109966278076,0.8595283627510071,protocol_B/train/PB_train_0217_b10
PB_train_0218_b20,B,train,0,A,2,0,2708,11310,0.1788414975272189,0.4651886224746704,0.8574640154838562,protocol_B/train/PB_train_0218_b20
PB_train_0219_b00,B,train,0,A,0,0,1610,6503,1.0,0.5418422222137451,0.8633638620376587,protocol_B/train/PB_train_0219_b00
PB_train_0220_b10,B,train,0,A,1,0,2192,9102,0.22505564557994512,0.48200738430023193,0.8614633083343506,protocol_B/train/PB_train_0220_b10
PB_train_0221_b20,B,train,0,A,2,0,2602,10709,0.11687120973987554,0.4733317196369171,0.8520629405975342,protocol_B/train/PB_train_0221_b20
PB_train_0222_b00,B,train,0,A,0,0,1610,6503,1.0,0.5418422222137451,0.8633638620376587,protocol_B/train/PB_train_0222_b00
PB_train_0223_b10,B,train,0,A,1,0,2189,9027,0.20475393471995912,0.40950217843055725,0.8560190796852112,protocol_B/train/PB_train_0223_b10
PB_train_0224_b20,B,train,0,A,2,0,2761,11484,0.11837373347210335,0.4550707936286926,0.8524996042251587,protocol_B/train/PB_train_0224_b20
PB_train_0225_b00,B,train,0,A,0,0,1610,6503,1.0,0.5418422222137451,0.8633638620376587,protocol_B/train/PB_train_0225_b00
PB_train_0226_b10,B,train,0,A,1,0,2167,8972,0.18807824742710094,0.33728519082069397,0.8548083305358887,protocol_B/train/PB_train_0226_b10
PB_train_0227_b20,B,train,0,A,2,0,2735,11619,0.26025948137034505,0.42728564143180847,0.8603438138961792,protocol_B/train/PB_train_0227_b20
PB_train_0228_b00,B,train,0,A,0,0,1610,6503,1.0,0.5418422222137451,0.8633638620376587,protocol_B/train/PB_train_0228_b00
PB_train_0229_b10,B,train,0,A,1,0,2169,8934,0.1544862174865137,0.5468990802764893,0.8590948581695557,protocol_B/train/PB_train_0229_b10
PB_train_0230_b20,B,train,0,A,2,0,2942,12570,0.10977075089424218,0.4469297528266907,0.8615764379501343,protocol_B/train/PB_train_0230_b20
PB_train_0231_b00,B,train,0,A,0,0,1610,6503,1.0,0.5418422222137451,0.8633638620376587,protocol_B/train/PB_train_0231_b00
PB_train_0232_b10,B,train,0,A,1,0,2162,8871,0.15053563989353413,0.5152726173400879,0.8578817844390869,protocol_B/train/PB_train_0232_b10
PB_train_0233_b20,B,train,0,A,2,0,2616,10834,0.15406658597884215,0.48854967951774597,0.8547802567481995,protocol_B/train/PB_train_0233_b20
PB_train_0234_b00,B,train,0,A,0,0,1610,6503,1.0,0.5418422222137451,0.8633638620376587,protocol_B/train/PB_train_0234_b00
PB_train_0235_b10,B,train,0,A,1,0,2283,9539,0.1998366124509282,0.5394394993782043,0.8594894409179688,protocol_B/train/PB_train_0235_b10
PB_train_0236_b20,B,train,0,A,2,0,2724,11559,0.20782848713505014,0.4584590494632721,0.8586611151695251,protocol_B/train/PB_train_0236_b20
PB_train_0237_b00,B,train,0,A,0,0,1610,6503,1.0,0.5418422222137451,0.8633638620376587,protocol_B/train/PB_train_0237_b00
PB_train_0238_b10,B,train,0,A,1,0,2228,9238,0.14549710567978724,0.5113524198532104,0.8602012395858765,protocol_B/train/PB_train_0238_b10
PB_train_0239_b20,B,train,0,A,2,0,2714,11253,0.1445563801936252,0.5476828813552856,0.8560262322425842,protocol_B/train/PB_train_0239_b20
PB_train_0240_b00,B,train,0,A,0,0,1610,6503,1.0,0.5418422222137451,0.8633638620376587,protocol_B/train/PB_train_0240_b00
PB_train_0241_b10,B,train,0,A,1,0,2146,8889,0.1917248805657416,0.499226838350296,0.855383038520813,protocol_B/train/PB_train_0241_b10
PB_train_0242_b20,B,train,0,A,2,0,2786,11808,0.24609361284794234,0.401445209980011,0.8587849736213684,protocol_B/train/PB_train_0242_b20
PB_train_0243_b00,B,train,0,A,0,0,1610,6503,1.0,0.5418422222137451,0.8633638620376587,protocol_B/train/PB_train_0243_b00
PB_train_0244_b10,B,train,0,A,1,0,2293,9486,0.13429264597646864,0.5428845286369324,0.8607921004295349,protocol_B/train/PB_train_0244_b10
PB_train_0245_b20,B,train,0,A,2,0,2867,12089,0.15879835939779713,0.5212771892547607,0.8603656888008118,protocol_B/train/PB_train_0245_b20
PB_train_0246_b00,B,train,0,A,0,0,1610,6503,1.0,0.5418422222137451,0.8633638620376587,protocol_B/train/PB_train_0246_b00
PB_train_0247_b10,B,train,0,A,1,0,2342,9804,0.17917482150014058,0.4533744156360626,0.8607908487319946,protocol_B/train/PB_train_0247_b10
PB_train_0248_b20,B,train,0,A,2,0,2846,12043,0.21980125719346166,0.46148911118507385,0.8569746017456055,protocol_B/train/PB_train_0248_b20
PB_train_0249_b00,B,train,0,A,0,0,1610,6503,1.0,0.5418422222137451,0.8633638620376587,protocol_B/train/PB_train_0249_b00
PB_train_0250_b10,B,train,0,A,1,0,2180,9035,0.20352739997542818,0.46843868494033813,0.8565050959587097,protocol_B/train/PB_train_0250_b10
PB_train_0251_b20,B,train,0,A,2,0,2849,12069,0.13235661963726242,0.44669318199157715,0.8590561747550964,protocol_B/train/PB_train_0251_b20
PB_train_0252_b00,B,train,0,A,0,0,1610,6503,1.0,0.5418422222137451,0.8633638620376587,protocol_B/train/PB_train_0252_b00
PB_train_0253_b10,B,train,0,A,1,0,2264,9406,0.16956371092640576,0.5471048355102539,0.8605087995529175,protocol_B/train/PB_train_0253_b10
PB_train_0254_b20,B,train,0,A,2,0,2883,12326,0.2715905285908794,0.5429471135139465,0.86141037940979,protocol_B/train/PB_train_0254_b20
PB_train_0255_b00,B,train,0,A,0,0,1610,6503,1.0,0.5418422222137451,0.8633638620376587,protocol_B/train/PB_train_0255_b00
PB_train_0256_b10,B,train,0,A,1,0,2286,9582,0.20616998847695872,0.5647495985031128,0.8610026240348816,protocol_B/train/PB_train_0256_b10
PB_train_0257_b20,B,train,0,A,2,0,2910,12421,0.27409312222006554,0.5292923450469971,0.8610045313835144,protocol_B/train/PB_train_0257_b20
PB_train_0258_b00,B,train,0,A,0,0,1610,6503,1.0,0.5418422222137451,0.8633638620376587,protocol_B/train/PB_train_0258_b00
PB_train_0259_b10,B,train,0,A,1,0,2231,9242,0.33665224346700423,0.5508690476417542,0.8615004420280457,protocol_B/train/PB_train_0259_b10
PB_train_0260_b20,B,train,0,A,2,0,2722,11377,0.10079913752501017,0.5211614966392517,0.8568102121353149,protocol_B/train/PB_train_0260_b20
PB_train_0261_b00,B,train,0,A,0,0,1610,6503,1.0,0.5418422222137451,0.8633638620376587,protocol_B/train/PB_train_0261_b00
PB_train_0262_b10,B,train,0,A,1,0,2288,9483,0.10327024251589051,0.46203362941741943,0.8606904149055481,protocol_B/train/PB_train_0262_b10
PB_train_0263_b20,B,train,0,A,2,0,2861,12146,0.14830736664998434,0.49149006605148315,0.8616963028907776,protocol_B/train/PB_train_0263_b20
PB_train_0264_b00,B,train,0,A,0,0,1610,6503,1.0,0.5418422222137451,0.8633638620376587,protocol_B/train/PB_train_0264_b00
PB_train_0265_b10,B,train,0,A,1,0,2185,9048,0.1445124956187906,0.47317782044410706,0.8617751598358154,protocol_B/train/PB_train_0265_b10
PB_train_0266_b20,B,train,0,A,2,0,2708,11188,0.11143176753743624,0.40925922989845276,0.8546714782714844,protocol_B/train/PB_train_0266_b20
PB_train_0267_b00,B,train,0,A,0,0,1610,6503,1.0,0.5418422222137451,0.8633638620376587,protocol_B/train/PB_train_0267_b00
PB_train_0268_b10,B,train,0,A,1,0,2319,9742,0.3607181407716611,0.47497332096099854,0.8651708364486694,protocol_B/train/PB_train_0268_b10
PB_train_0269_b20,B,train,0,A,2,0,2768,11667,0.1425447160540213,0.4520329236984253,0.8563793301582336,protocol_B/train/PB_train_0269_b20
PB_train_0270_b00,B,train,0,A,0,0,1610,6503,1.0,0.5418422222137451,0.8633638620376587,protocol_B/train/PB_train_0270_b00
PB_train_0271_b10,B,train,0,A,1,0,2247,9380,0.10995482115974663,0.37219294905662537,0.8580239415168762,protocol_B/train/PB_train_0271_b10
PB_train_0272_b20,B,train,0,A,2,0,2688,11172,0.20033399097231086,0.42963874340057373,0.8532302975654602,protocol_B/train/PB_train_0272_b20
PB_train_0273_b00,B,train,0,A,0,0,1610,6503,1.0,0.5418422222137451,0.8633638620376587,protocol_B/train/PB_train_0273_b00
PB_train_0274_b10,B,train,0,A,1,0,2170,9016,0.2401456251405102,0.5274471640586853,0.8564397096633911,protocol_B/train/PB_train_0274_b10
PB_train_0275_b20,B,train,0,A,2,0,2727,11459,0.14591395239345673,0.5330308079719543,0.8568476438522339,protocol_B/train/PB_train_0275_b20
PB_train_0276_b00,B,train,0,A,0,0,1610,6503,1.0,0.5418422222137451,0.8633638620376587,protocol_B/train/PB_train_0276_b00
PB_train_0277_b10,B,train,0,A,1,0,2355,9962,0.2577997574279478,0.522800862789154,0.8623997569084167,protocol_B/train/PB_train_0277_b10
PB_train_0278_b20,B,train,0,A,2,0,2724,11500,0.2347336020622819,0.43079066276550293,0.859401524066925,protocol_B/train/PB_train_0278_b20
PB_train_0279_b00,B,train,0,A,0,0,1610,6503,1.0,0.5418422222137451,0.8633638620376587,protocol_B/train/PB_train_0279_b00
PB_train_0280_b10,B,train,0,A,1,0,2133,8756,0.10254815150255993,0.45700955390930176,0.8534976840019226,protocol_B/train/PB_train_0280_b10
PB_train_0281_b20,B,train,0,A,2,0,2689,11354,0.20026325956510516,0.422232985496521,0.8558607697486877,protocol_B/train/PB_train_0281_b20
PB_train_0282_b00,B,train,0,A,0,0,1610,6503,1.0,0.5418422222137451,0.8633638620376587,protocol_B/train/PB_train_0282_b00
PB_train_0283_b10,B,train,0,A,1,0,2276,9492,0.10881908720056192,0.4156094789505005,0.859097421169281,protocol_B/train/PB_train_0283_b10
PB_train_0284_b20,B,train,0,A,2,0,2575,10704,0.14731264500951508,0.46618422865867615,0.8556705713272095,protocol_B/train/PB_train_0284_b20
PB_train_0285_b00,B,train,0,A,0,0,1610,6503,1.0,0.5418422222137451,0.8633638620376587,protocol_B/train/PB_train_0285_b00
PB_train_0286_b10,B,train,0,A,1,0,2207,9152,0.3116435058513227,0.5643516182899475,0.8582134246826172,protocol_B/train/PB_train_0286_b10
PB_train_0287_b20,B,train,0,A,2,0,2744,11546,0.18855696155366958,0.47090238332748413,0.8566068410873413,protocol_B/train/PB_train_0287_b20
PB_train_0288_b00,B,train,0,A,0,0,1610,6503,1.0,0.5418422222137451,0.8633638620376587,protocol_B/train/PB_train_0288_b00
PB_train_0289_b10,B,train,0,A,1,0,2243,9368,0.3395958256144447,0.5386261343955994,0.8648439645767212,protocol_B/train/PB_train_0289_b10
PB_train_0290_b20,B,train,0,A,2,0,2717,11360,0.17516745920679916,0.4910181164741516,0.8578611612319946,protocol_B/train/PB_train_0290_b20
PB_train_0291_b00,B,train,0,A,0,0,1610,6503,1.0,0.5418422222137451,0.8633638620376587,protocol_B/train/PB_train_0291_b00
PB_train_0292_b10,B,train,0,A,1,0,2271,9495,0.14815666022830057,0.4816533625125885,0.8589355945587158,protocol_B/train/PB_train_0292_b10
PB_train_0293_b20,B,train,0,A,2,0,2700,11207,0.12077888765889537,0.473935067653656,0.8556238412857056,protocol_B/train/PB_train_0293_b20
PB_train_0294_b00,B,train,0,A,0,0,1610,6503,1.0,0.5418422222137451,0.8633638620376587,protocol_B/train/PB_train_0294_b00
PB_train_0295_b10,B,train,0,A,1,0,2343,9929,0.28497331114804236,0.5588991045951843,0.8644346594810486,protocol_B/train/PB_train_0295_b10
PB_train_0296_b20,B,train,0,A,2,0,2617,10840,0.12505162934333824,0.4541618824005127,0.853863537311554,protocol_B/train/PB_train_0296_b20
PB_train_0297_b00,B,train,0,A,0,0,1610,6503,1.0,0.5418422222137451,0.8633638620376587,protocol_B/train/PB_train_0297_b00
PB_train_0298_b10,B,train,0,A,1,0,2140,8919,0.2970550271497683,0.489291787147522,0.8636509776115417,protocol_B/train/PB_train_0298_b10
PB_train_0299_b20,B,train,0,A,2,0,2855,12146,0.2056923148998985,0.4722265303134918,0.8603651523590088,protocol_B/train/PB_train_0299_b20
PB_train_0300_b00,B,train,0,A,0,0,1610,6503,1.0,0.5418422222137451,0.8633638620376587,protocol_B/train/PB_train_0300_b00
PB_train_0301_b10,B,train,0,A,1,0,2209,9156,0.27673916296018186,0.5529443621635437,0.8601085543632507,protocol_B/train/PB_train_0301_b10
PB_train_0302_b20,B,train,0,A,2,0,2861,12109,0.10961254872013498,0.5330492258071899,0.8589395880699158,protocol_B/train/PB_train_0302_b20
PB_train_0303_b00,B,train,0,A,0,0,1610,6503,1.0,0.5418422222137451,0.8633638620376587,protocol_B/train/PB_train_0303_b00
PB_train_0304_b10,B,train,0,A,1,0,2154,8915,0.1791542009053192,0.46091511845588684,0.8612288236618042,protocol_B/train/PB_train_0304_b10
PB_train_0305_b20,B,train,0,A,2,0,2702,11203,0.12650860032806668,0.4439176619052887,0.8548535108566284,protocol_B/train/PB_train_0305_b20
PB_train_0306_b00,B,train,0,A,0,0,1610,6503,1.0,0.5418422222137451,0.8633638620376587,protocol_B/train/PB_train_0306_b00
PB_train_0307_b10,B,train,0,A,1,0,2340,9791,0.12326915793087773,0.4857797622680664,0.8607163429260254,protocol_B/train/PB_train_0307_b10
PB_train_0308_b20,B,train,0,A,2,0,2729,11359,0.10406505062065986,0.4517848789691925,0.8535304069519043,protocol_B/train/PB_train_0308_b20
PB_train_0309_b00,B,train,0,A,0,0,1610,6503,1.0,0.5418422222137451,0.8633638620376587,protocol_B/train/PB_train_0309_b00
PB_train_0310_b10,B,train,0,A,1,0,2134,8820,0.2195104874308304,0.5080341100692749,0.8572490811347961,protocol_B/train/PB_train_0310_b10
PB_train_0311_b20,B,train,0,A,2,0,2743,11539,0.20033834071321607,0.43200793862342834,0.8574597835540771,protocol_B/train/PB_train_0311_b20
PB_train_0312_b00,B,train,0,A,0,0,1610,6503,1.0,0.5418422222137451,0.8633638620376587,protocol_B/train/PB_train_0312_b00
PB_train_0313_b10,B,train,0,A,1,0,2246,9370,0.3353517947619459,0.5053035616874695,0.8592860698699951,protocol_B/train/PB_train_0313_b10
PB_train_0314_b20,B,train,0,A,2,0,2872,12168,0.15831312194309913,0.5283446907997131,0.8592672944068909,protocol_B/train/PB_train_0314_b20
PB_train_0315_b00,B,train,0,A,0,0,1610,6503,1.0,0.5418422222137451,0.8633638620376587,protocol_B/train/PB_train_0315_b00
PB_train_0316_b10,B,train,0,A,1,0,2238,9314,0.23300090885417313,0.4730159640312195,0.862136721611023,protocol_B/train/PB_train_0316_b10
PB_train_0317_b20,B,train,0,A,2,0,2680,11293,0.1484414866842041,0.46041983366012573,0.856101930141449,protocol_B/train/PB_train_0317_b20
PB_train_0318_b00,B,train,0,A,0,0,1610,6503,1.0,0.5418422222137451,0.8633638620376587,protocol_B/train/PB_train_0318_b00
PB_train_0319_b10,B,train,0,A,1,0,2238,9381,0.24897434224774376,0.532817006111145,0.861526608467102,protocol_B/train/PB_train_0319_b10
PB_train_0320_b20,B,train,0,A,2,0,2913,12295,0.12826140800816271,0.48717865347862244,0.8591251373291016,protocol_B/train/PB_train_0320_b20
PB_train_0321_b00,B,train,0,A,0,0,1610,6503,1.0,0.5418422222137451,0.8633638620376587,protocol_B/train/PB_train_0321_b00
PB_train_0322_b10,B,train,0,A,1,0,2197,9035,0.13591747079258884,0.5437771081924438,0.8602145910263062,protocol_B/train/PB_train_0322_b10
PB_train_0323_b20,B,train,0,A,2,0,2756,11555,0.13879290605413208,0.469331294298172,0.8574299812316895,protocol_B/train/PB_train_0323_b20
PB_train_0324_b00,B,train,0,A,0,0,1610,6503,1.0,0.5418422222137451,0.8633638620376587,protocol_B/train/PB_train_0324_b00
PB_train_0325_b10,B,train,0,A,1,0,2150,8947,0.33486420790737004,0.5221449732780457,0.8614604473114014,protocol_B/train/PB_train_0325_b10
PB_train_0326_b20,B,train,0,A,2,0,2761,11575,0.12638161804450077,0.48889777064323425,0.8573229908943176,protocol_B/train/PB_train_0326_b20
PB_train_0327_b00,B,train,0,A,0,0,1610,6503,1.0,0.5418422222137451,0.8633638620376587,protocol_B/train/PB_train_0327_b00
PB_train_0328_b10,B,train,0,A,1,0,2316,9717,0.16503204775923103,0.38647931814193726,0.8635209202766418,protocol_B/train/PB_train_0328_b10
PB_train_0329_b20,B,train,0,A,2,0,2663,11003,0.13303577102343062,0.4453892111778259,0.8554906845092773,protocol_B/train/PB_train_0329_b20
PB_train_0330_b00,B,train,0,A,0,0,1610,6503,1.0,0.5418422222137451,0.8633638620376587,protocol_B/train/PB_train_0330_b00
PB_train_0331_b10,B,train,0,A,1,0,2155,8992,0.33863754174616084,0.43364378809928894,0.8596371412277222,protocol_B/train/PB_train_0331_b10
PB_train_0332_b20,B,train,0,A,2,0,2906,12366,0.34566721150196056,0.4801911413669586,0.8589837551116943,protocol_B/train/PB_train_0332_b20
PB_train_0333_b00,B,train,0,A,0,0,1610,6503,1.0,0.5418422222137451,0.8633638620376587,protocol_B/train/PB_train_0333_b00
PB_train_0334_b10,B,train,0,A,1,0,2212,9120,0.15192917590717736,0.567757248878479,0.8634370565414429,protocol_B/train/PB_train_0334_b10
PB_train_0335_b20,B,train,0,A,2,0,2889,12316,0.21027810650814066,0.328936368227005,0.8612878322601318,protocol_B/train/PB_train_0335_b20
PB_train_0336_b00,B,train,0,A,0,0,1610,6503,1.0,0.5418422222137451,0.8633638620376587,protocol_B/train/PB_train_0336_b00
PB_train_0337_b10,B,train,0,A,1,0,2244,9327,0.35992894435674744,0.4766022562980652,0.8639804720878601,protocol_B/train/PB_train_0337_b10
PB_train_0338_b20,B,train,0,A,2,0,2988,12705,0.13777715423579168,0.456126868724823,0.8602917790412903,protocol_B/train/PB_train_0338_b20
PB_train_0339_b00,B,train,0,A,0,0,1610,6503,1.0,0.5418422222137451,0.8633638620376587,protocol_B/train/PB_train_0339_b00
PB_train_0340_b10,B,train,0,A,1,0,2276,9588,0.28476736741594955,0.4467715322971344,0.8614446520805359,protocol_B/train/PB_train_0340_b10
PB_train_0341_b20,B,train,0,A,2,0,2730,11402,0.10086372456707166,0.5168483853340149,0.8568222522735596,protocol_B/train/PB_train_0341_b20
PB_train_0342_b00,B,train,0,A,0,0,1610,6503,1.0,0.5418422222137451,0.8633638620376587,protocol_B/train/PB_train_0342_b00
PB_train_0343_b10,B,train,0,A,1,0,2172,8906,0.1573395111618171,0.5178095102310181,0.8582662343978882,protocol_B/train/PB_train_0343_b10
PB_train_0344_b20,B,train,0,A,2,0,2561,10538,0.1632622846738787,0.5192940831184387,0.8560699224472046,protocol_B/train/PB_train_0344_b20
PB_train_0345_b00,B,train,0,A,0,0,1610,6503,1.0,0.5418422222137451,0.8633638620376587,protocol_B/train/PB_train_0345_b00
PB_train_0346_b10,B,train,0,A,1,0,2159,8890,0.21975920008617594,0.5514099597930908,0.8587073087692261,protocol_B/train/PB_train_0346_b10
PB_train_0347_b20,B,train,0,A,2,0,2909,12439,0.20876019487853378,0.5125672221183777,0.8599420785903931,protocol_B/train/PB_train_0347_b20
PB_train_0348_b00,B,train,0,A,0,0,1610,6503,1.0,0.5418422222137451,0.8633638620376587,protocol_B/train/PB_train_0348_b00
PB_train_0349_b10,B,train,0,A,1,0,2166,8953,0.17432935659048593,0.5133803486824036,0.8564758896827698,protocol_B/train/PB_train_0349_b10
PB_train_0350_b20,B,train,0,A,2,0,2714,11300,0.11514877266896868,0.43699657917022705,0.8546314835548401,protocol_B/train/PB_train_0350_b20
PB_train_0351_b00,B,train,0,A,0,0,1610,6503,1.0,0.5418422222137451,0.8633638620376587,protocol_B/train/PB_train_0351_b00
PB_train_0352_b10,B,train,0,A,1,0,2380,10071,0.299307124028774,0.574402928352356,0.862720787525177,protocol_B/train/PB_train_0352_b10
PB_train_0353_b20,B,train,0,A,2,0,2800,11820,0.16385876887834622,0.46450865268707275,0.8594918847084045,protocol_B/train/PB_train_0353_b20
PB_train_0354_b00,B,train,0,A,0,0,1610,6503,1.0,0.5418422222137451,0.8633638620376587,protocol_B/train/PB_train_0354_b00
PB_train_0355_b10,B,train,0,A,1,0,2261,9376,0.1087312259817438,0.45314690470695496,0.8578683137893677,protocol_B/train/PB_train_0355_b10
PB_train_0356_b20,B,train,0,A,2,0,2630,10986,0.1292806531728498,0.34737592935562134,0.8542392253875732,protocol_B/train/PB_train_0356_b20
PB_train_0357_b00,B,train,0,A,0,0,1610,6503,1.0,0.5418422222137451,0.8633638620376587,protocol_B/train/PB_train_0357_b00
PB_train_0358_b10,B,train,0,A,1,0,2128,8783,0.1609270357216951,0.5419221520423889,0.8586431741714478,protocol_B/train/PB_train_0358_b10
PB_train_0359_b20,B,train,0,A,2,0,2934,12437,0.10035753675254298,0.4646909832954407,0.8609122037887573,protocol_B/train/PB_train_0359_b20
PB_train_0360_b00,B,train,0,A,0,0,1610,6503,1.0,0.5418422222137451,0.8633638620376587,protocol_B/train/PB_train_0360_b00
PB_train_0361_b10,B,train,0,A,1,0,2272,9526,0.25935414097842674,0.5376010537147522,0.8617686629295349,protocol_B/train/PB_train_0361_b10
PB_train_0362_b20,B,train,0,A,2,0,2867,12124,0.1321198107625478,0.4653116464614868,0.8604949116706848,protocol_B/train/PB_train_0362_b20
PB_train_0363_b00,B,train,0,A,0,0,1610,6503,1.0,0.5418422222137451,0.8633638620376587,protocol_B/train/PB_train_0363_b00
PB_train_0364_b10,B,train,0,A,1,0,2257,9479,0.2519601139575606,0.42098134756088257,0.8592181205749512,protocol_B/train/PB_train_0364_b10
PB_train_0365_b20,B,train,0,A,2,0,2648,11027,0.15183958105772313,0.4885009527206421,0.8596663475036621,protocol_B/train/PB_train_0365_b20
PB_train_0366_b00,B,train,0,A,0,0,1610,6503,1.0,0.5418422222137451,0.8633638620376587,protocol_B/train/PB_train_0366_b00
PB_train_0367_b10,B,train,0,A,1,0,2251,9421,0.2060470988922175,0.5631386637687683,0.8600999712944031,protocol_B/train/PB_train_0367_b10
PB_train_0368_b20,B,train,0,A,2,0,2656,11140,0.26330579721446784,0.4594590961933136,0.8589156270027161,protocol_B/train/PB_train_0368_b20
PB_train_0369_b00,B,train,0,A,0,0,1610,6503,1.0,0.5418422222137451,0.8633638620376587,protocol_B/train/PB_train_0369_b00
PB_train_0370_b10,B,train,0,A,1,0,2173,8956,0.22559582317020127,0.4447724223136902,0.8591295480728149,protocol_B/train/PB_train_0370_b10
PB_train_0371_b20,B,train,0,A,2,0,2681,11291,0.1554933472860518,0.4349052906036377,0.8605496287345886,protocol_B/train/PB_train_0371_b20
PB_train_0372_b00,B,train,0,A,0,0,1610,6503,1.0,0.5418422222137451,0.8633638620376587,protocol_B/train/PB_train_0372_b00
PB_train_0373_b10,B,train,0,A,1,0,2288,9508,0.15368079609071206,0.49255436658859253,0.8615586161613464,protocol_B/train/PB_train_0373_b10
PB_train_0374_b20,B,train,0,A,2,0,3097,13205,0.1048350493763831,0.4597243368625641,0.8594410419464111,protocol_B/train/PB_train_0374_b20
PB_train_0375_b00,B,train,0,A,0,0,1610,6503,1.0,0.5418422222137451,0.8633638620376587,protocol_B/train/PB_train_0375_b00
PB_train_0376_b10,B,train,0,A,1,0,2292,9457,0.10017541646604174,0.5004535913467407,0.8573537468910217,protocol_B/train/PB_train_0376_b10
PB_train_0377_b20,B,train,0,A,2,0,2694,11176,0.13503721589056236,0.488217830657959,0.8530241250991821,protocol_B/train/PB_train_0377_b20
PB_train_0378_b00,B,train,0,A,0,0,1610,6503,1.0,0.5418422222137451,0.8633638620376587,protocol_B/train/PB_train_0378_b00
PB_train_0379_b10,B,train,0,A,1,0,2298,9697,0.37988274821027435,0.541816234588623,0.8653693199157715,protocol_B/train/PB_train_0379_b10
PB_train_0380_b20,B,train,0,A,2,0,2822,12053,0.1603724211908443,0.47081655263900757,0.859494686126709,protocol_B/train/PB_train_0380_b20
PB_train_0381_b00,B,train,0,A,0,0,1610,6503,1.0,0.5418422222137451,0.8633638620376587,protocol_B/train/PB_train_0381_b00
PB_train_0382_b10,B,train,0,A,1,0,2183,9073,0.27519605288436033,0.5005075931549072,0.8589967489242554,protocol_B/train/PB_train_0382_b10
PB_train_0383_b20,B,train,0,A,2,0,2931,12525,0.3156496738412609,0.45918434858322144,0.8601845502853394,protocol_B/train/PB_train_0383_b20
PB_train_0384_b00,B,train,0,A,0,0,1610,6503,1.0,0.5418422222137451,0.8633638620376587,protocol_B/train/PB_train_0384_b00
PB_train_0385_b10,B,train,0,A,1,0,2288,9654,0.38326490287427006,0.5749212503433228,0.8617875576019287,protocol_B/train/PB_train_0385_b10
PB_train_0386_b20,B,train,0,A,2,0,2820,11795,0.12258585541019501,0.426580011844635,0.8518592119216919,protocol_B/train/PB_train_0386_b20
PB_train_0387_b00,B,train,0,A,0,0,1610,6503,1.0,0.5418422222137451,0.8633638620376587,protocol_B/train/PB_train_0387_b00
PB_train_0388_b10,B,train,0,A,1,0,2262,9439,0.3221967981752721,0.4652538001537323,0.8603621125221252,protocol_B/train/PB_train_0388_b10
PB_train_0389_b20,B,train,0,A,2,0,2661,11127,0.16296120255237184,0.4424939751625061,0.8570910096168518,protocol_B/train/PB_train_0389_b20
PB_train_0390_b00,B,train,0,A,0,0,1610,6503,1.0,0.5418422222137451,0.8633638620376587,protocol_B/train/PB_train_0390_b00
PB_train_0391_b10,B,train,0,A,1,0,2264,9432,0.1794900682323916,0.4148876667022705,0.8620924353599548,protocol_B/train/PB_train_0391_b10
PB_train_0392_b20,B,train,0,A,2,0,2795,11930,0.27160626122518894,0.44129669666290283,0.8597779273986816,protocol_B/train/PB_train_0392_b20
PB_train_0393_b00,B,train,0,A,0,0,1610,6503,1.0,0.5418422222137451,0.8633638620376587,protocol_B/train/PB_train_0393_b00
PB_train_0394_b10,B,train,0,A,1,0,2164,8924,0.2546922112436828,0.42702460289001465,0.8587638735771179,protocol_B/train/PB_train_0394_b10
PB_train_0395_b20,B,train,0,A,2,0,2728,11389,0.14031753640354788,0.4112247824668884,0.8581204414367676,protocol_B/train/PB_train_0395_b20
PB_train_0396_b00,B,train,0,A,0,0,1610,6503,1.0,0.5418422222137451,0.8633638620376587,protocol_B/train/PB_train_0396_b00
PB_train_0397_b10,B,train,0,A,1,0,2251,9437,0.37458055141389757,0.5270525813102722,0.860436201095581,protocol_B/train/PB_train_0397_b10
PB_train_0398_b20,B,train,0,A,2,0,2872,12161,0.17967036223551017,0.5331565737724304,0.8596407771110535,protocol_B/train/PB_train_0398_b20
PB_train_0399_b00,B,train,0,A,0,0,1610,6503,1.0,0.5418422222137451,0.8633638620376587,protocol_B/train/PB_train_0399_b00
PB_train_0400_b10,B,train,0,A,1,0,2303,9638,0.3286899730870009,0.5569231510162354,0.8640570640563965,protocol_B/train/PB_train_0400_b10
PB_train_0401_b20,B,train,0,A,2,0,2872,12088,0.13478148851086996,0.5082550644874573,0.8598989248275757,protocol_B/train/PB_train_0401_b20
PB_train_0402_b00,B,train,0,A,0,0,1610,6503,1.0,0.5418422222137451,0.8633638620376587,protocol_B/train/PB_train_0402_b00
PB_train_0403_b10,B,train,0,A,1,0,2294,9571,0.1932889366949911,0.46749579906463623,0.859595000743866,protocol_B/train/PB_train_0403_b10
PB_train_0404_b20,B,train,0,A,2,0,2861,12113,0.21228933711057066,0.5126031041145325,0.8599243760108948,protocol_B/train/PB_train_0404_b20
PB_train_0405_b00,B,train,0,A,0,0,1610,6503,1.0,0.5418422222137451,0.8633638620376587,protocol_B/train/PB_train_0405_b00
PB_train_0406_b10,B,train,0,A,1,0,2177,9014,0.24624086454152894,0.5500505566596985,0.8601475954055786,protocol_B/train/PB_train_0406_b10
PB_train_0407_b20,B,train,0,A,2,0,2702,11343,0.18121757463345295,0.4696768820285797,0.8564894795417786,protocol_B/train/PB_train_0407_b20
PB_train_0408_b00,B,train,0,A,0,0,1610,6503,1.0,0.5418422222137451,0.8633638620376587,protocol_B/train/PB_train_0408_b00
PB_train_0409_b10,B,train,0,A,1,0,2137,8859,0.2565000830250362,0.5335925221443176,0.8585118055343628,protocol_B/train/PB_train_0409_b10
PB_train_0410_b20,B,train,0,A,2,0,2663,11052,0.16837627152082957,0.4300846755504608,0.8555019497871399,protocol_B/train/PB_train_0410_b20
PB_train_0411_b00,B,train,0,A,0,0,1610,6503,1.0,0.5418422222137451,0.8633638620376587,protocol_B/train/PB_train_0411_b00
PB_train_0412_b10,B,train,0,A,1,0,2346,9868,0.1674314691351358,0.4040152132511139,0.8607286214828491,protocol_B/train/PB_train_0412_b10
PB_train_0413_b20,B,train,0,A,2,0,2658,11128,0.11050601436549612,0.46850061416625977,0.8538192510604858,protocol_B/train/PB_train_0413_b20
PB_train_0414_b00,B,train,0,A,0,0,1610,6503,1.0,0.5418422222137451,0.8633638620376587,protocol_B/train/PB_train_0414_b00
PB_train_0415_b10,B,train,0,A,1,0,2159,9035,0.37920720273473674,0.5384947657585144,0.8628844618797302,protocol_B/train/PB_train_0415_b10
PB_train_0416_b20,B,train,0,A,2,0,2921,12450,0.11421534627946806,0.4424591362476349,0.858625054359436,protocol_B/train/PB_train_0416_b20
PB_train_0417_b00,B,train,0,A,0,0,1610,6503,1.0,0.5418422222137451,0.8633638620376587,protocol_B/train/PB_train_0417_b00
PB_train_0418_b10,B,train,0,A,1,0,2274,9576,0.26359120607363906,0.488179475069046,0.8604138493537903,protocol_B/train/PB_train_0418_b10
PB_train_0419_b20,B,train,0,A,2,0,2820,11953,0.17829315935592008,0.5297769904136658,0.859618604183197,protocol_B/train/PB_train_0419_b20
PB_train_0420_b00,B,train,0,A,0,0,1610,6503,1.0,0.5418422222137451,0.8633638620376587,protocol_B/train/PB_train_0420_b00
PB_train_0421_b10,B,train,0,A,1,0,2293,9565,0.13696265818528044,0.47850435972213745,0.8602415919303894,protocol_B/train/PB_train_0421_b10
PB_train_0422_b20,B,train,0,A,2,0,2707,11327,0.1679395916893653,0.5252134203910828,0.8583917021751404,protocol_B/train/PB_train_0422_b20
PB_train_0423_b00,B,train,0,A,0,0,1610,6503,1.0,0.5418422222137451,0.8633638620376587,protocol_B/train/PB_train_0423_b00
PB_train_0424_b10,B,train,0,A,1,0,2346,9858,0.11310387211786371,0.45965445041656494,0.8616419434547424,protocol_B/train/PB_train_0424_b10
PB_train_0425_b20,B,train,0,A,2,0,2774,11722,0.21404957086754642,0.521436870098114,0.85805344581604,protocol_B/train/PB_train_0425_b20
PB_train_0426_b00,B,train,0,A,0,0,1610,6503,1.0,0.5418422222137451,0.8633638620376587,protocol_B/train/PB_train_0426_b00
PB_train_0427_b10,B,train,0,A,1,0,2324,9703,0.20299960433407876,0.490081250667572,0.8615114092826843,protocol_B/train/PB_train_0427_b10
PB_train_0428_b20,B,train,0,A,2,0,2582,10822,0.165844874533715,0.43726709485054016,0.8544048070907593,protocol_B/train/PB_train_0428_b20
PB_train_0429_b00,B,train,0,A,0,0,1610,6503,1.0,0.5418422222137451,0.8633638620376587,protocol_B/train/PB_train_0429_b00
PB_train_0430_b10,B,train,0,A,1,0,2208,9066,0.12888998559384876,0.4606732726097107,0.8571184873580933,protocol_B/train/PB_train_0430_b10
PB_train_0431_b20,B,train,0,A,2,0,2901,12471,0.26296809029018425,0.5065196752548218,0.8605427145957947,protocol_B/train/PB_train_0431_b20
PB_train_0432_b00,B,train,0,A,0,0,1610,6503,1.0,0.5418422222137451,0.8633638620376587,protocol_B/train/PB_train_0432_b00
PB_train_0433_b10,B,train,0,A,1,0,2231,9369,0.20634782060193219,0.5160186886787415,0.8601201772689819,protocol_B/train/PB_train_0433_b10
PB_train_0434_b20,B,train,0,A,2,0,2783,11770,0.14543999803372265,0.45100173354148865,0.8581967949867249,protocol_B/train/PB_train_0434_b20
PB_train_0435_b00,B,train,0,A,0,0,1610,6503,1.0,0.5418422222137451,0.8633638620376587,protocol_B/train/PB_train_0435_b00
PB_train_0436_b10,B,train,0,A,1,0,2184,9121,0.32110527763576263,0.3452935516834259,0.8585860133171082,protocol_B/train/PB_train_0436_b10
PB_train_0437_b20,B,train,0,A,2,0,2939,12455,0.11603279312995857,0.4720489978790283,0.8586474061012268,protocol_B/train/PB_train_0437_b20
PB_train_0438_b00,B,train,0,A,0,0,1610,6503,1.0,0.5418422222137451,0.8633638620376587,protocol_B/train/PB_train_0438_b00
PB_train_0439_b10,B,train,0,A,1,0,2264,9476,0.23329665371831337,0.5729814171791077,0.8620308041572571,protocol_B/train/PB_train_0439_b10
PB_train_0440_b20,B,train,0,A,2,0,2758,11613,0.10536317811111336,0.46060580015182495,0.8553877472877502,protocol_B/train/PB_train_0440_b20
PB_train_0441_b00,B,train,0,A,0,0,1610,6503,1.0,0.5418422222137451,0.8633638620376587,protocol_B/train/PB_train_0441_b00
PB_train_0442_b10,B,train,0,A,1,0,2381,10009,0.23256420475107262,0.5330350399017334,0.8625300526618958,protocol_B/train/PB_train_0442_b10
PB_train_0443_b20,B,train,0,A,2,0,2594,10829,0.1611602086356107,0.46301504969596863,0.8572441339492798,protocol_B/train/PB_train_0443_b20
PB_train_0444_b00,B,train,0,A,0,0,1610,6503,1.0,0.5418422222137451,0.8633638620376587,protocol_B/train/PB_train_0444_b00
PB_train_0445_b10,B,train,0,A,1,0,2182,8901,0.11917366416393088,0.4388543665409088,0.8570612668991089,protocol_B/train/PB_train_0445_b10
PB_train_0446_b20,B,train,0,A,2,0,2703,11243,0.1308451565059988,0.45396366715431213,0.8552204966545105,protocol_B/train/PB_train_0446_b20
PB_train_0447_b00,B,train,0,A,0,0,1610,6503,1.0,0.5418422222137451,0.8633638620376587,protocol_B/train/PB_train_0447_b00
PB_train_0448_b10,B,train,0,A,1,0,2233,9288,0.1946392862645945,0.5448356866836548,0.8591203093528748,protocol_B/train/PB_train_0448_b10
PB_train_0449_b20,B,train,0,A,2,0,2621,10962,0.1152877239053333,0.45416194200515747,0.8555375933647156,protocol_B/train/PB_train_0449_b20
PB_train_0450_b00,B,train,0,A,0,0,1610,6503,1.0,0.5418422222137451,0.8633638620376587,protocol_B/train/PB_train_0450_b00
PB_train_0451_b10,B,train,0,A,1,0,2271,9475,0.28423948023952655,0.536454975605011,0.859706461429596,protocol_B/train/PB_train_0451_b10
PB_train_0452_b20,B,train,0,A,2,0,2509,10382,0.17702188923504364,0.44845643639564514,0.8523945808410645,protocol_B/train/PB_train_0452_b20
PB_train_0453_b00,B,train,0,A,0,0,1610,6503,1.0,0.5418422222137451,0.8633638620376587,protocol_B/train/PB_train_0453_b00
PB_train_0454_b10,B,train,0,A,1,0,2306,9613,0.14691946903528935,0.4366016089916229,0.861960232257843,protocol_B/train/PB_train_0454_b10
PB_train_0455_b20,B,train,0,A,2,0,2487,10108,0.112032267668522,0.4836287200450897,0.851565957069397,protocol_B/train/PB_train_0455_b20
PB_train_0456_b00,B,train,0,A,0,0,1610,6503,1.0,0.5418422222137451,0.8633638620376587,protocol_B/train/PB_train_0456_b00
PB_train_0457_b10,B,train,0,A,1,0,2330,9802,0.3389328320123438,0.457504004240036,0.8654153943061829,protocol_B/train/PB_train_0457_b10
PB_train_0458_b20,B,train,0,A,2,0,2958,12708,0.11139741080614043,0.43346622586250305,0.8599854111671448,protocol_B/train/PB_train_0458_b20
PB_train_0459_b00,B,train,0,A,0,0,1610,6503,1.0,0.5418422222137451,0.8633638620376587,protocol_B/train/PB_train_0459_b00
PB_train_0460_b10,B,train,0,A,1,0,2143,8860,0.21591996645084582,0.44779983162879944,0.8561729788780212,protocol_B/train/PB_train_0460_b10
PB_train_0461_b20,B,train,0,A,2,0,2740,11371,0.19686328839532083,0.46594566106796265,0.8566733002662659,protocol_B/train/PB_train_0461_b20
PB_train_0462_b00,B,train,0,A,0,0,1610,6503,1.0,0.5418422222137451,0.8633638620376587,protocol_B/train/PB_train_0462_b00
PB_train_0463_b10,B,train,0,A,1,0,2232,9315,0.275684727571474,0.5304637551307678,0.8601695895195007,protocol_B/train/PB_train_0463_b10
PB_train_0464_b20,B,train,0,A,2,0,2838,11931,0.11476854051205856,0.4276682138442993,0.856216311454773,protocol_B/train/PB_train_0464_b20
PB_train_0465_b00,B,train,0,A,0,0,1610,6503,1.0,0.5418422222137451,0.8633638620376587,protocol_B/train/PB_train_0465_b00
PB_train_0466_b10,B,train,0,A,1,0,2301,9586,0.1358443048399758,0.5097759962081909,0.8618550896644592,protocol_B/train/PB_train_0466_b10
PB_train_0467_b20,B,train,0,A,2,0,2596,10731,0.1796056961777154,0.5202416181564331,0.858831524848938,protocol_B/train/PB_train_0467_b20
PB_train_0468_b00,B,train,0,A,0,0,1610,6503,1.0,0.5418422222137451,0.8633638620376587,protocol_B/train/PB_train_0468_b00
PB_train_0469_b10,B,train,0,A,1,0,2225,9244,0.2706493490521267,0.48025593161582947,0.8612796068191528,protocol_B/train/PB_train_0469_b10
PB_train_0470_b20,B,train,0,A,2,0,2836,12081,0.20291684533731333,0.4613457918167114,0.8590819835662842,protocol_B/train/PB_train_0470_b20
PB_train_0471_b00,B,train,0,A,0,0,1610,6503,1.0,0.5418422222137451,0.8633638620376587,protocol_B/train/PB_train_0471_b00
PB_train_0472_b10,B,train,0,A,1,0,2162,8859,0.1439475266244365,0.4323522448539734,0.8569074273109436,protocol_B/train/PB_train_0472_b10
PB_train_0473_b20,B,train,0,A,2,0,2650,10982,0.18271479228882662,0.5142802596092224,0.8554465174674988,protocol_B/train/PB_train_0473_b20
PB_train_0474_b00,B,train,0,A,0,0,1610,6503,1.0,0.5418422222137451,0.8633638620376587,protocol_B/train/PB_train_0474_b00
PB_train_0475_b10,B,train,0,A,1,0,2154,8886,0.30320695394393304,0.5560482740402222,0.8586972951889038,protocol_B/train/PB_train_0475_b10
PB_train_0476_b20,B,train,0,A,2,0,2626,10918,0.10681885625650914,0.5017606616020203,0.8560252785682678,protocol_B/train/PB_train_0476_b20
PB_train_0477_b00,B,train,0,A,0,0,1610,6503,1.0,0.5418422222137451,0.8633638620376587,protocol_B/train/PB_train_0477_b00
PB_train_0478_b10,B,train,0,A,1,0,2204,9159,0.1822343713292176,0.4242428243160248,0.860129177570343,protocol_B/train/PB_train_0478_b10
PB_train_0479_b20,B,train,0,A,2,0,2684,11231,0.1863746202020289,0.4744691252708435,0.856114387512207,protocol_B/train/PB_train_0479_b20
PB_train_0480_b00,B,train,0,A,0,0,1610,6503,1.0,0.5418422222137451,0.8633638620376587,protocol_B/train/PB_train_0480_b00
PB_train_0481_b10,B,train,0,A,1,0,2350,9830,0.15750579310436208,0.4835968315601349,0.8618831634521484,protocol_B/train/PB_train_0481_b10
PB_train_0482_b20,B,train,0,A,2,0,2905,12357,0.20341611001999582,0.4829893410205841,0.859822154045105,protocol_B/train/PB_train_0482_b20
PB_train_0483_b00,B,train,0,A,0,0,1610,6503,1.0,0.5418422222137451,0.8633638620376587,protocol_B/train/PB_train_0483_b00
PB_train_0484_b10,B,train,0,A,1,0,2270,9393,0.14034563126970417,0.5473999381065369,0.8604204654693604,protocol_B/train/PB_train_0484_b10
PB_train_0485_b20,B,train,0,A,2,0,2815,11885,0.11411140582470403,0.4741455912590027,0.8560569882392883,protocol_B/train/PB_train_0485_b20
PB_train_0486_b00,B,train,0,A,0,0,1610,6503,1.0,0.5418422222137451,0.8633638620376587,protocol_B/train/PB_train_0486_b00
PB_train_0487_b10,B,train,0,A,1,0,2185,9111,0.36444571022279115,0.5136419534683228,0.8600265383720398,protocol_B/train/PB_train_0487_b10
PB_train_0488_b20,B,train,0,A,2,0,2715,11347,0.18916082889476882,0.4379836320877075,0.8564550280570984,protocol_B/train/PB_train_0488_b20
PB_train_0489_b00,B,train,0,A,0,0,1610,6503,1.0,0.5418422222137451,0.8633638620376587,protocol_B/train/PB_train_0489_b00
PB_train_0490_b10,B,train,0,A,1,0,2181,8987,0.1176795868881133,0.3438348174095154,0.855283796787262,protocol_B/train/PB_train_0490_b10
PB_train_0491_b20,B,train,0,A,2,0,2782,11643,0.13757160202419455,0.48316746950149536,0.858345091342926,protocol_B/train/PB_train_0491_b20
PB_train_0492_b00,B,train,0,A,0,0,1610,6503,1.0,0.5418422222137451,0.8633638620376587,protocol_B/train/PB_train_0492_b00
PB_train_0493_b10,B,train,0,A,1,0,2209,9128,0.14290392074068523,0.49554699659347534,0.8599128723144531,protocol_B/train/PB_train_0493_b10
PB_train_0494_b20,B,train,0,A,2,0,2706,11393,0.11431069359879198,0.49864980578422546,0.8571228384971619,protocol_B/train/PB_train_0494_b20
PB_train_0495_b00,B,train,0,A,0,0,1610,6503,1.0,0.5418422222137451,0.8633638620376587,protocol_B/train/PB_train_0495_b00
PB_train_0496_b10,B,train,0,A,1,0,2286,9628,0.37140230280785014,0.5350840091705322,0.862855851650238,protocol_B/train/PB_train_0496_b10
PB_train_0497_b20,B,train,0,A,2,0,2821,12000,0.21450248179390818,0.4198652505874634,0.8570569753646851,protocol_B/train/PB_train_0497_b20
PB_train_0498_b00,B,train,0,A,0,0,1610,6503,1.0,0.5418422222137451,0.8633638620376587,protocol_B/train/PB_train_0498_b00
PB_train_0499_b10,B,train,0,A,1,0,2103,8597,0.12746690010277523,0.4620153605937958,0.855319619178772,protocol_B/train/PB_train_0499_b10
PB_train_0500_b20,B,train,0,A,2,0,2504,10283,0.15490028433386238,0.48949331045150757,0.8527001142501831,protocol_B/train/PB_train_0500_b20
PB_train_0501_b00,B,train,0,A,0,0,1610,6503,1.0,0.5418422222137451,0.8633638620376587,protocol_B/train/PB_train_0501_b00
PB_train_0502_b10,B,train,0,A,1,0,2198,9186,0.37937453713924774,0.46046894788742065,0.8601502776145935,protocol_B/train/PB_train_0502_b10
PB_train_0503_b20,B,train,0,A,2,0,2744,11615,0.256968177225103,0.504653811454773,0.8589206337928772,protocol_B/train/PB_train_0503_b20
PB_train_0504_b00,B,train,0,A,0,0,1610,6503,1.0,0.5418422222137451,0.8633638620376587,protocol_B/train/PB_train_0504_b00
PB_train_0505_b10,B,train,0,A,1,0,2264,9496,0.36182185452880034,0.47062164545059204,0.8619670867919922,protocol_B/train/PB_train_0505_b10
PB_train_0506_b20,B,train,0,A,2,0,2695,11240,0.121382686625403,0.4795137941837311,0.8578325510025024,protocol_B/train/PB_train_0506_b20
PB_train_0507_b00,B,train,0,A,0,0,1610,6503,1.0,0.5418422222137451,0.8633638620376587,protocol_B/train/PB_train_0507_b00
PB_train_0508_b10,B,train,0,A,1,0,2154,8875,0.2581304585371983,0.4985734224319458,0.8581647276878357,protocol_B/train/PB_train_0508_b10
PB_train_0509_b20,B,train,0,A,2,0,2759,11676,0.32526650454182066,0.4988304078578949,0.8586612939834595,protocol_B/train/PB_train_0509_b20
PB_train_0510_b00,B,train,0,A,0,0,1610,6503,1.0,0.5418422222137451,0.8633638620376587,protocol_B/train/PB_train_0510_b00
PB_train_0511_b10,B,train,0,A,1,0,2212,9275,0.2558261093349665,0.4684881567955017,0.8618341684341431,protocol_B/train/PB_train_0511_b10
PB_train_0512_b20,B,train,0,A,2,0,2610,10806,0.1248315994278199,0.49274083971977234,0.8552477955818176,protocol_B/train/PB_train_0512_b20
PB_train_0513_b00,B,train,0,A,0,0,1610,6503,1.0,0.5418422222137451,0.8633638620376587,protocol_B/train/PB_train_0513_b00
PB_train_0514_b10,B,train,0,A,1,0,2231,9324,0.28596416147160086,0.5156686902046204,0.8614674210548401,protocol_B/train/PB_train_0514_b10
PB_train_0515_b20,B,train,0,A,2,0,2537,10338,0.10610654462182459,0.5168726444244385,0.8501966595649719,protocol_B/train/PB_train_0515_b20
PB_train_0516_b00,B,train,0,A,0,0,1610,6503,1.0,0.5418422222137451,0.8633638620376587,protocol_B/train/PB_train_0516_b00
PB_train_0517_b10,B,train,0,A,1,0,2278,9629,0.3199108468410695,0.5300014019012451,0.8642987608909607,protocol_B/train/PB_train_0517_b10
PB_train_0518_b20,B,train,0,A,2,0,2632,10994,0.16360861427755458,0.5487673878669739,0.8559420108795166,protocol_B/train/PB_train_0518_b20
PB_train_0519_b00,B,train,0,A,0,0,1610,6503,1.0,0.5418422222137451,0.8633638620376587,protocol_B/train/PB_train_0519_b00
PB_train_0520_b10,B,train,0,A,1,0,2196,9138,0.19305119010535027,0.4237058758735657,0.8592395186424255,protocol_B/train/PB_train_0520_b10
PB_train_0521_b20,B,train,0,A,2,0,2861,12154,0.10857181036777382,0.44735386967658997,0.8563966155052185,protocol_B/train/PB_train_0521_b20
PB_train_0522_b00,B,train,0,A,0,0,1610,6503,1.0,0.5418422222137451,0.8633638620376587,protocol_B/train/PB_train_0522_b00
PB_train_0523_b10,B,train,0,A,1,0,2344,9836,0.17624849021288225,0.517101526260376,0.8626274466514587,protocol_B/train/PB_train_0523_b10
PB_train_0524_b20,B,train,0,A,2,0,2839,12064,0.3048941827297009,0.4386237561702728,0.8574533462524414,protocol_B/train/PB_train_0524_b20
PB_train_0525_b00,B,train,0,A,0,0,1610,6503,1.0,0.5418422222137451,0.8633638620376587,protocol_B/train/PB_train_0525_b00
PB_train_0526_b10,B,train,0,A,1,0,2129,8717,0.15292485768632638,0.4342636466026306,0.8552932739257812,protocol_B/train/PB_train_0526_b10
PB_train_0527_b20,B,train,0,A,2,0,2892,12335,0.11953200547966161,0.4846327304840088,0.8613981008529663,protocol_B/train/PB_train_0527_b20
PB_train_0528_b00,B,train,0,A,0,0,1610,6503,1.0,0.5418422222137451,0.8633638620376587,protocol_B/train/PB_train_0528_b00
PB_train_0529_b10,B,train,0,A,1,0,2267,9453,0.32590656273063145,0.42450711131095886,0.8609273433685303,protocol_B/train/PB_train_0529_b10
PB_train_0530_b20,B,train,0,A,2,0,2898,12347,0.1377091688575536,0.4835224449634552,0.8619842529296875,protocol_B/train/PB_train_0530_b20
PB_train_0531_b00,B,train,0,A,0,0,1610,6503,1.0,0.5418422222137451,0.8633638620376587,protocol_B/train/PB_train_0531_b00
PB_train_0532_b10,B,train,0,A,1,0,2330,9833,0.2682699058671615,0.463090181350708,0.861146092414856,protocol_B/train/PB_train_0532_b10
PB_train_0533_b20,B,train,0,A,2,0,2833,11891,0.12846250645350343,0.445006400346756,0.8587850332260132,protocol_B/train/PB_train_0533_b20
PB_train_0534_b00,B,train,0,A,0,0,1610,6503,1.0,0.5418422222137451,0.8633638620376587,protocol_B/train/PB_train_0534_b00
PB_train_0535_b10,B,train,0,A,1,0,2276,9529,0.19836210026390452,0.520884096622467,0.8592270612716675,protocol_B/train/PB_train_0535_b10
PB_train_0536_b20,B,train,0,A,2,0,2534,10500,0.1343332766769475,0.4665607810020447,0.8551857471466064,protocol_B/train/PB_train_0536_b20
PB_train_0537_b00,B,train,0,A,0,0,1610,6503,1.0,0.5418422222137451,0.8633638620376587,protocol_B/train/PB_train_0537_b00
PB_train_0538_b10,B,train,0,A,1,0,2349,9932,0.2080286943928109,0.5264034271240234,0.8626803159713745,protocol_B/train/PB_train_0538_b10
PB_train_0539_b20,B,train,0,A,2,0,2521,10453,0.13821453536053857,0.4966983497142792,0.8565147519111633,protocol_B/train/PB_train_0539_b20
PB_train_0540_b00,B,train,0,A,0,0,1610,6503,1.0,0.5418422222137451,0.8633638620376587,protocol_B/train/PB_train_0540_b00
PB_train_0541_b10,B,train,0,A,1,0,2202,9058,0.20158772839581557,0.46154847741127014,0.8553287982940674,protocol_B/train/PB_train_0541_b10
PB_train_0542_b20,B,train,0,A,2,0,2876,12227,0.18169015139194944,0.5061280131340027,0.8607181906700134,protocol_B/train/PB_train_0542_b20
PB_train_0543_b00,B,train,0,A,0,0,1610,6503,1.0,0.5418422222137451,0.8633638620376587,protocol_B/train/PB_train_0543_b00
PB_train_0544_b10,B,train,0,A,1,0,2377,9998,0.12924635462316986,0.4425496757030487,0.8596643209457397,protocol_B/train/PB_train_0544_b10
PB_train_0545_b20,B,train,0,A,2,0,2869,12243,0.23340479906305645,0.41168928146362305,0.860228955745697,protocol_B/train/PB_train_0545_b20
PB_train_0546_b00,B,train,0,A,0,0,1610,6503,1.0,0.5418422222137451,0.8633638620376587,protocol_B/train/PB_train_0546_b00
PB_train_0547_b10,B,train,0,A,1,0,2401,10146,0.29697001926019445,0.504925012588501,0.8617408275604248,protocol_B/train/PB_train_0547_b10
PB_train_0548_b20,B,train,0,A,2,0,2664,11193,0.22360993726130343,0.420620858669281,0.8588531017303467,protocol_B/train/PB_train_0548_b20
PB_train_0549_b00,B,train,0,A,0,0,1610,6503,1.0,0.5418422222137451,0.8633638620376587,protocol_B/train/PB_train_0549_b00
PB_train_0550_b10,B,train,0,A,1,0,2139,8798,0.13100573776539728,0.4283260405063629,0.8570721745491028,protocol_B/train/PB_train_0550_b10
PB_train_0551_b20,B,train,0,A,2,0,2791,11823,0.19746726740852757,0.3763186037540436,0.8605260252952576,protocol_B/train/PB_train_0551_b20
PB_train_0552_b00,B,train,0,A,0,0,1610,6503,1.0,0.5418422222137451,0.8633638620376587,protocol_B/train/PB_train_0552_b00
PB_train_0553_b10,B,train,0,A,1,0,2187,9106,0.24586628883496348,0.44802361726760864,0.8595466017723083,protocol_B/train/PB_train_0553_b10
PB_train_0554_b20,B,train,0,A,2,0,2657,11108,0.19408717438959883,0.3850476145744324,0.859645426273346,protocol_B/train/PB_train_0554_b20
PB_train_0555_b00,B,train,0,A,0,0,1610,6503,1.0,0.5418422222137451,0.8633638620376587,protocol_B/train/PB_train_0555_b00
PB_train_0556_b10,B,train,0,A,1,0,2357,9988,0.32320345666654904,0.511962354183197,0.8641228675842285,protocol_B/train/PB_train_0556_b10
PB_train_0557_b20,B,train,0,A,2,0,2630,10876,0.14498424325809411,0.4567517936229706,0.8542097806930542,protocol_B/train/PB_train_0557_b20
PB_train_0558_b00,B,train,0,A,0,0,1610,6503,1.0,0.5418422222137451,0.8633638620376587,protocol_B/train/PB_train_0558_b00
PB_train_0559_b10,B,train,0,A,1,0,2263,9446,0.3018106468271593,0.5657973289489746,0.8599881529808044,protocol_B/train/PB_train_0559_b10
PB_train_0560_b20,B,train,0,A,2,0,2837,11933,0.111730337593754,0.44489651918411255,0.8599140644073486,protocol_B/train/PB_train_0560_b20
PB_train_0561_b00,B,train,0,A,0,0,1610,6503,1.0,0.5418422222137451,0.8633638620376587,protocol_B/train/PB_train_0561_b00
PB_train_0562_b10,B,train,0,A,1,0,2283,9581,0.251146481986565,0.5449828505516052,0.8606995344161987,protocol_B/train/PB_train_0562_b10
PB_train_0563_b20,B,train,0,A,2,0,2839,12099,0.27464832644198933,0.46467751264572144,0.8614102005958557,protocol_B/train/PB_train_0563_b20
PB_train_0564_b00,B,train,0,A,0,0,1610,6503,1.0,0.5418422222137451,0.8633638620376587,protocol_B/train/PB_train_0564_b00
PB_train_0565_b10,B,train,0,A,1,0,2127,8826,0.2843497285479835,0.4989774227142334,0.8598144054412842,protocol_B/train/PB_train_0565_b10
PB_train_0566_b20,B,train,0,A,2,0,2794,11883,0.2677160767088267,0.43883612751960754,0.860895037651062,protocol_B/train/PB_train_0566_b20
PB_train_0567_b00,B,train,0,A,0,0,1610,6503,1.0,0.5418422222137451,0.8633638620376587,protocol_B/train/PB_train_0567_b00
PB_train_0568_b10,B,train,0,A,1,0,2337,9845,0.2826967018104547,0.515933096408844,0.860999584197998,protocol_B/train/PB_train_0568_b10
PB_train_0569_b20,B,train,0,A,2,0,2711,11234,0.1329608489154206,0.4507463276386261,0.8569837808609009,protocol_B/train/PB_train_0569_b20
PB_train_0570_b00,B,train,0,A,0,0,1610,6503,1.0,0.5418422222137451,0.8633638620376587,protocol_B/train/PB_train_0570_b00
PB_train_0571_b10,B,train,0,A,1,0,2278,9545,0.1863619019560211,0.49322736263275146,0.8609309792518616,protocol_B/train/PB_train_0571_b10
PB_train_0572_b20,B,train,0,A,2,0,2603,10780,0.10734226676640057,0.46967145800590515,0.8544554114341736,protocol_B/train/PB_train_0572_b20
PB_train_0573_b00,B,train,0,A,0,0,1610,6503,1.0,0.5418422222137451,0.8633638620376587,protocol_B/train/PB_train_0573_b00
PB_train_0574_b10,B,train,0,A,1,0,2296,9671,0.2891948663517441,0.43522948026657104,0.8613030910491943,protocol_B/train/PB_train_0574_b10
PB_train_0575_b20,B,train,0,A,2,0,2611,10907,0.16202558852313562,0.4043906629085541,0.858710765838623,protocol_B/train/PB_train_0575_b20
PB_train_0576_b00,B,train,0,A,0,0,1610,6503,1.0,0.5418422222137451,0.8633638620376587,protocol_B/train/PB_train_0576_b00
PB_train_0577_b10,B,train,0,A,1,0,2232,9263,0.22986606047336508,0.5305686593055725,0.8584879636764526,protocol_B/train/PB_train_0577_b10
PB_train_0578_b20,B,train,0,A,2,0,2826,11945,0.16286742805608284,0.45027396082878113,0.8614115715026855,protocol_B/train/PB_train_0578_b20
PB_train_0579_b00,B,train,0,A,0,0,1610,6503,1.0,0.5418422222137451,0.8633638620376587,protocol_B/train/PB_train_0579_b00
PB_train_0580_b10,B,train,0,A,1,0,2262,9495,0.1470633280922232,0.429532915353775,0.8628012537956238,protocol_B/train/PB_train_0580_b10
PB_train_0581_b20,B,train,0,A,2,0,2652,11121,0.22444440487591016,0.5497101545333862,0.8582991361618042,protocol_B/train/PB_train_0581_b20
PB_train_0582_b00,B,train,0,A,0,0,1610,6503,1.0,0.5418422222137451,0.8633638620376587,protocol_B/train/PB_train_0582_b00
PB_train_0583_b10,B,train,0,A,1,0,2175,8988,0.19774775084002622,0.47745025157928467,0.8578087687492371,protocol_B/train/PB_train_0583_b10
PB_train_0584_b20,B,train,0,A,2,0,2811,11844,0.13609754353439518,0.4458131790161133,0.8572558760643005,protocol_B/train/PB_train_0584_b20
PB_train_0585_b00,B,train,0,A,0,0,1610,6503,1.0,0.5418422222137451,0.8633638620376587,protocol_B/train/PB_train_0585_b00
PB_train_0586_b10,B,train,0,A,1,0,2305,9566,0.1346519967393886,0.4955350160598755,0.8595572113990784,protocol_B/train/PB_train_0586_b10
PB_train_0587_b20,B,train,0,A,2,0,2827,11785,0.11190631247755325,0.422758013010025,0.8537785410881042,protocol_B/train/PB_train_0587_b20
PB_train_0588_b00,B,train,0,A,0,0,1610,6503,1.0,0.5418422222137451,0.8633638620376587,protocol_B/train/PB_train_0588_b00
PB_train_0589_b10,B,train,0,A,1,0,2298,9592,0.2818821740632511,0.5169246792793274,0.8624050617218018,protocol_B/train/PB_train_0589_b10
PB_train_0590_b20,B,train,0,A,2,0,2704,11286,0.1239703925438595,0.3422754406929016,0.8536232709884644,protocol_B/train/PB_train_0590_b20
PB_train_0591_b00,B,train,0,A,0,0,1610,6503,1.0,0.5418422222137451,0.8633638620376587,protocol_B/train/PB_train_0591_b00
PB_train_0592_b10,B,train,0,A,1,0,2082,8540,0.1414039821682214,0.4876860976219177,0.8579810261726379,protocol_B/train/PB_train_0592_b10
PB_train_0593_b20,B,train,0,A,2,0,2717,11451,0.1855901031834557,0.3629835546016693,0.8547376394271851,protocol_B/train/PB_train_0593_b20
PB_train_0594_b00,B,train,0,A,0,0,1610,6503,1.0,0.5418422222137451,0.8633638620376587,protocol_B/train/PB_train_0594_b00
PB_train_0595_b10,B,train,0,A,1,0,2182,8991,0.1470961911586443,0.5496270656585693,0.861338198184967,protocol_B/train/PB_train_0595_b10
PB_train_0596_b20,B,train,0,A,2,0,2617,10902,0.13029612555945902,0.46784666180610657,0.8565487861633301,protocol_B/train/PB_train_0596_b20
PB_train_0597_b00,B,train,0,A,0,0,1610,6503,1.0,0.5418422222137451,0.8633638620376587,protocol_B/train/PB_train_0597_b00
PB_train_0598_b10,B,train,0,A,1,0,2165,8917,0.18804321472290686,0.5207928419113159,0.8579090237617493,protocol_B/train/PB_train_0598_b10
PB_train_0599_b20,B,train,0,A,2,0,2705,11376,0.1659397776456156,0.48836958408355713,0.8564147353172302,protocol_B/train/PB_train_0599_b20
PB_train_0600_b00,B,train,0,A,0,0,1610,6503,1.0,0.5418422222137451,0.8633638620376587,protocol_B/train/PB_train_0600_b00
PB_train_0601_b10,B,train,0,A,1,0,2193,9191,0.35428392823570726,0.5482075810432434,0.8608072400093079,protocol_B/train/PB_train_0601_b10
PB_train_0602_b20,B,train,0,A,2,0,2738,11461,0.10677645646063012,0.4605761766433716,0.8548246622085571,protocol_B/train/PB_train_0602_b20
PB_train_0603_b00,B,train,0,A,0,0,1610,6503,1.0,0.5418422222137451,0.8633638620376587,protocol_B/train/PB_train_0603_b00
PB_train_0604_b10,B,train,0,A,1,0,2155,8877,0.13318539049915354,0.5215137004852295,0.8601245880126953,protocol_B/train/PB_train_0604_b10
PB_train_0605_b20,B,train,0,A,2,0,2796,11772,0.11081219973183273,0.42707952857017517,0.8570917248725891,protocol_B/train/PB_train_0605_b20
PB_train_0606_b00,B,train,0,A,0,0,1610,6503,1.0,0.5418422222137451,0.8633638620376587,protocol_B/train/PB_train_0606_b00
PB_train_0607_b10,B,train,0,A,1,0,2292,9643,0.21886371691810322,0.5212871432304382,0.8607462048530579,protocol_B/train/PB_train_0607_b10
PB_train_0608_b20,B,train,0,A,2,0,2594,10785,0.13270691091699355,0.4456685483455658,0.8542439937591553,protocol_B/train/PB_train_0608_b20
PB_train_0609_b00,B,train,0,A,0,0,1610,6503,1.0,0.5418422222137451,0.8633638620376587,protocol_B/train/PB_train_0609_b00
PB_train_0610_b10,B,train,0,A,1,0,2324,9789,0.3215913276947241,0.5565957427024841,0.8620527982711792,protocol_B/train/PB_train_0610_b10
PB_train_0611_b20,B,train,0,A,2,0,2701,11304,0.13943639227082844,0.5054692625999451,0.8599215745925903,protocol_B/train/PB_train_0611_b20
PB_train_0612_b00,B,train,0,A,0,0,1610,6503,1.0,0.5418422222137451,0.8633638620376587,protocol_B/train/PB_train_0612_b00
PB_train_0613_b10,B,train,0,A,1,0,2271,9536,0.3569216672562746,0.5439214706420898,0.8609030246734619,protocol_B/train/PB_train_0613_b10
PB_train_0614_b20,B,train,0,A,2,0,2747,11482,0.18500291883486325,0.41510894894599915,0.8557008504867554,protocol_B/train/PB_train_0614_b20
PB_train_0615_b00,B,train,0,A,0,0,1610,6503,1.0,0.5418422222137451,0.8633638620376587,protocol_B/train/PB_train_0615_b00
PB_train_0616_b10,B,train,0,A,1,0,2309,9698,0.17349662733751484,0.45181670784950256,0.8589898347854614,protocol_B/train/PB_train_0616_b10
PB_train_0617_b20,B,train,0,A,2,0,2815,11885,0.10604714018524397,0.4156574606895447,0.8577330708503723,protocol_B/train/PB_train_0617_b20
PB_train_0618_b00,B,train,0,A,0,0,1610,6503,1.0,0.5418422222137451,0.8633638620376587,protocol_B/train/PB_train_0618_b00
PB_train_0619_b10,B,train,0,A,1,0,2218,9262,0.37432712668299695,0.5415189862251282,0.85699862241745,protocol_B/train/PB_train_0619_b10
PB_train_0620_b20,B,train,0,A,2,0,2692,11299,0.14442853458333046,0.35971498489379883,0.8574807047843933,protocol_B/train/PB_train_0620_b20
PB_train_0621_b00,B,train,0,A,0,0,1610,6503,1.0,0.5418422222137451,0.8633638620376587,protocol_B/train/PB_train_0621_b00
PB_train_0622_b10,B,train,0,A,1,0,2158,8928,0.16958067320708858,0.5419314503669739,0.8593982458114624,protocol_B/train/PB_train_0622_b10
PB_train_0623_b20,B,train,0,A,2,0,2680,11234,0.16139197134429195,0.3893691897392273,0.857146143913269,protocol_B/train/PB_train_0623_b20
PB_train_0624_b00,B,train,0,A,0,0,1610,6503,1.0,0.5418422222137451,0.8633638620376587,protocol_B/train/PB_train_0624_b00
PB_train_0625_b10,B,train,0,A,1,0,2274,9618,0.326871716687512,0.4890041947364807,0.8621691465377808,protocol_B/train/PB_train_0625_b10
PB_train_0626_b20,B,train,0,A,2,0,2916,12417,0.1356360633469118,0.39229536056518555,0.858599066734314,protocol_B/train/PB_train_0626_b20
PB_train_0627_b00,B,train,0,A,0,0,1610,6503,1.0,0.5418422222137451,0.8633638620376587,protocol_B/train/PB_train_0627_b00
PB_train_0628_b10,B,train,0,A,1,0,2271,9545,0.14550562549401555,0.5368520021438599,0.8642146587371826,protocol_B/train/PB_train_0628_b10
PB_train_0629_b20,B,train,0,A,2,0,2676,11065,0.10429401773428326,0.49081695079803467,0.8550320267677307,protocol_B/train/PB_train_0629_b20
PB_train_0630_b00,B,train,0,A,0,0,1610,6503,1.0,0.5418422222137451,0.8633638620376587,protocol_B/train/PB_train_0630_b00
PB_train_0631_b10,B,train,0,A,1,0,2223,9277,0.36567501955168574,0.5068986415863037,0.8627206087112427,protocol_B/train/PB_train_0631_b10
PB_train_0632_b20,B,train,0,A,2,0,2834,11946,0.15032868723569875,0.42702051997184753,0.8602821826934814,protocol_B/train/PB_train_0632_b20
PB_train_0633_b00,B,train,0,A,0,0,1610,6503,1.0,0.5418422222137451,0.8633638620376587,protocol_B/train/PB_train_0633_b00
PB_train_0634_b10,B,train,0,A,1,0,2256,9442,0.37006512267724156,0.49607113003730774,0.8585208058357239,protocol_B/train/PB_train_0634_b10
PB_train_0635_b20,B,train,0,A,2,0,2721,11286,0.12239484481099865,0.43521735072135925,0.8534972071647644,protocol_B/train/PB_train_0635_b20
PB_train_0636_b00,B,train,0,A,0,0,1610,6503,1.0,0.5418422222137451,0.8633638620376587,protocol_B/train/PB_train_0636_b00
PB_train_0637_b10,B,train,0,A,1,0,2191,9075,0.19100000544641035,0.548065185546875,0.8569751381874084,protocol_B/train/PB_train_0637_b10
PB_train_0638_b20,B,train,0,A,2,0,2763,11624,0.16255767264678056,0.4372762441635132,0.8586606383323669,protocol_B/train/PB_train_0638_b20
PB_train_0639_b00,B,train,0,A,0,0,1610,6503,1.0,0.5418422222137451,0.8633638620376587,protocol_B/train/PB_train_0639_b00
PB_train_0640_b10,B,train,0,A,1,0,2284,9559,0.2143663840154914,0.4592447280883789,0.8590848445892334,protocol_B/train/PB_train_0640_b10
PB_train_0641_b20,B,train,0,A,2,0,2925,12423,0.13768055488221748,0.44791001081466675,0.8609600067138672,protocol_B/train/PB_train_0641_b20
PB_train_0642_b00,B,train,0,A,0,0,1610,6503,1.0,0.5418422222137451,0.8633638620376587,protocol_B/train/PB_train_0642_b00
PB_train_0643_b10,B,train,0,A,1,0,2251,9312,0.11190583188131609,0.4922201335430145,0.8566226363182068,protocol_B/train/PB_train_0643_b10
PB_train_0644_b20,B,train,0,A,2,0,2685,11283,0.18765144463495242,0.49895307421684265,0.8585056662559509,protocol_B/train/PB_train_0644_b20
PB_train_0645_b00,B,train,0,A,0,0,1610,6503,1.0,0.5418422222137451,0.8633638620376587,protocol_B/train/PB_train_0645_b00
PB_train_0646_b10,B,train,0,A,1,0,2300,9585,0.12356083569373627,0.4369391202926636,0.8601707220077515,protocol_B/train/PB_train_0646_b10
PB_train_0647_b20,B,train,0,A,2,0,2725,11417,0.1773824526539678,0.4744945466518402,0.8565955758094788,protocol_B/train/PB_train_0647_b20
PB_train_0648_b00,B,train,0,A,0,0,1610,6503,1.0,0.5418422222137451,0.8633638620376587,protocol_B/train/PB_train_0648_b00
PB_train_0649_b10,B,train,0,A,1,0,2249,9381,0.33141919888485405,0.4534963369369507,0.8584097027778625,protocol_B/train/PB_train_0649_b10
PB_train_0650_b20,B,train,0,A,2,0,2697,11327,0.1543961794521754,0.46641039848327637,0.8557270765304565,protocol_B/train/PB_train_0650_b20
PB_train_0651_b00,B,train,0,A,0,0,1610,6503,1.0,0.5418422222137451,0.8633638620376587,protocol_B/train/PB_train_0651_b00
PB_train_0652_b10,B,train,0,A,1,0,2291,9608,0.27986025781764834,0.5655702948570251,0.861495852470398,protocol_B/train/PB_train_0652_b10
PB_train_0653_b20,B,train,0,A,2,0,2661,11093,0.189397144469589,0.519895076751709,0.8565974235534668,protocol_B/train/PB_train_0653_b20
PB_train_0654_b00,B,train,0,A,0,0,1610,6503,1.0,0.5418422222137451,0.8633638620376587,protocol_B/train/PB_train_0654_b00
PB_train_0655_b10,B,train,0,A,1,0,2195,9133,0.28855842316742464,0.5548732280731201,0.8586192727088928,protocol_B/train/PB_train_0655_b10
PB_train_0656_b20,B,train,0,A,2,0,2814,11840,0.11055151043170186,0.4835471510887146,0.8587964773178101,protocol_B/train/PB_train_0656_b20
PB_train_0657_b00,B,train,0,A,0,0,1610,6503,1.0,0.5418422222137451,0.8633638620376587,protocol_B/train/PB_train_0657_b00
PB_train_0658_b10,B,train,0,A,1,0,2309,9766,0.26396618470024397,0.4700864851474762,0.8614883422851562,protocol_B/train/PB_train_0658_b10
PB_train_0659_b20,B,train,0,A,2,0,2797,11736,0.1460746016088572,0.33174824714660645,0.8584348559379578,protocol_B/train/PB_train_0659_b20
PB_train_0660_b00,B,train,0,A,0,0,1610,6503,1.0,0.5418422222137451,0.8633638620376587,protocol_B/train/PB_train_0660_b00
PB_train_0661_b10,B,train,0,A,1,0,2289,9642,0.3019502056742589,0.5442004799842834,0.8624914288520813,protocol_B/train/PB_train_0661_b10
PB_train_0662_b20,B,train,0,A,2,0,2690,11209,0.15841452796666114,0.4793533980846405,0.857541561126709,protocol_B/train/PB_train_0662_b20
PB_train_0663_b00,B,train,0,A,0,0,1610,6503,1.0,0.5418422222137451,0.8633638620376587,protocol_B/train/PB_train_0663_b00
PB_train_0664_b10,B,train,0,A,1,0,2259,9459,0.3507674698183973,0.5469631552696228,0.862969160079956,protocol_B/train/PB_train_0664_b10
PB_train_0665_b20,B,train,0,A,2,0,2610,10821,0.13382747326906058,0.5192911028862,0.8560909032821655,protocol_B/train/PB_train_0665_b20
PB_train_0666_b00,B,train,0,A,0,0,1610,6503,1.0,0.5418422222137451,0.8633638620376587,protocol_B/train/PB_train_0666_b00
PB_train_0667_b10,B,train,0,A,1,0,2249,9364,0.3320156614430839,0.5581669807434082,0.8584619164466858,protocol_B/train/PB_train_0667_b10
PB_train_0668_b20,B,train,0,A,2,0,2581,10693,0.1680804706653568,0.4679984152317047,0.8547801375389099,protocol_B/train/PB_train_0668_b20
PB_train_0669_b00,B,train,0,A,0,0,1610,6503,1.0,0.5418422222137451,0.8633638620376587,protocol_B/train/PB_train_0669_b00
PB_train_0670_b10,B,train,0,A,1,0,2120,8678,0.14375407420253145,0.44954609870910645,0.8579357266426086,protocol_B/train/PB_train_0670_b10
PB_train_0671_b20,B,train,0,A,2,0,2778,11817,0.18895752088890802,0.45870816707611084,0.8610617518424988,protocol_B/train/PB_train_0671_b20
PB_train_0672_b00,B,train,0,A,0,0,1610,6503,1.0,0.5418422222137451,0.8633638620376587,protocol_B/train/PB_train_0672_b00
PB_train_0673_b10,B,train,0,A,1,0,2124,8770,0.2093063380799813,0.44814059138298035,0.8596605658531189,protocol_B/train/PB_train_0673_b10
PB_train_0674_b20,B,train,0,A,2,0,2723,11507,0.22573042629400875,0.4480113983154297,0.8567620515823364,protocol_B/train/PB_train_0674_b20
PB_train_0675_b00,B,train,0,A,0,0,1610,6503,1.0,0.5418422222137451,0.8633638620376587,protocol_B/train/PB_train_0675_b00
PB_train_0676_b10,B,train,0,A,1,0,2159,8942,0.22732731513149573,0.4182674288749695,0.8595095276832581,protocol_B/train/PB_train_0676_b10
PB_train_0677_b20,B,train,0,A,2,0,2787,11733,0.15709225954969036,0.39783623814582825,0.8594136834144592,protocol_B/train/PB_train_0677_b20
PB_train_0678_b00,B,train,0,A,0,0,1610,6503,1.0,0.5418422222137451,0.8633638620376587,protocol_B/train/PB_train_0678_b00
PB_train_0679_b10,B,train,0,A,1,0,2274,9459,0.1689813711610131,0.5322299599647522,0.8601406216621399,protocol_B/train/PB_train_0679_b10
PB_train_0680_b20,B,train,0,A,2,0,2863,12142,0.1333840557802348,0.47211962938308716,0.8590586185455322,protocol_B/train/PB_train_0680_b20
PB_train_0681_b00,B,train,0,A,0,0,1610,6503,1.0,0.5418422222137451,0.8633638620376587,protocol_B/train/PB_train_0681_b00
PB_train_0682_b10,B,train,0,A,1,0,2278,9546,0.371643645058915,0.5290783643722534,0.8607210516929626,protocol_B/train/PB_train_0682_b10
PB_train_0683_b20,B,train,0,A,2,0,2843,12002,0.12180021869446364,0.45077359676361084,0.8596402406692505,protocol_B/train/PB_train_0683_b20
PB_train_0684_b00,B,train,0,A,0,0,1610,6503,1.0,0.5418422222137451,0.8633638620376587,protocol_B/train/PB_train_0684_b00
PB_train_0685_b10,B,train,0,A,1,0,2181,8973,0.14602880126872875,0.482206791639328,0.8597748875617981,protocol_B/train/PB_train_0685_b10
PB_train_0686_b20,B,train,0,A,2,0,2859,12080,0.203445776011169,0.47186022996902466,0.857110321521759,protocol_B/train/PB_train_0686_b20
PB_train_0687_b00,B,train,0,A,0,0,1610,6503,1.0,0.5418422222137451,0.8633638620376587,protocol_B/train/PB_train_0687_b00
PB_train_0688_b10,B,train,0,A,1,0,2202,9040,0.10791866353398738,0.5004740953445435,0.8580875396728516,protocol_B/train/PB_train_0688_b10
PB_train_0689_b20,B,train,0,A,2,0,2642,11025,0.2105720561782346,0.5277250409126282,0.8569080233573914,protocol_B/train/PB_train_0689_b20
PB_train_0690_b00,B,train,0,A,0,0,1610,6503,1.0,0.5418422222137451,0.8633638620376587,protocol_B/train/PB_train_0690_b00
PB_train_0691_b10,B,train,0,A,1,0,2218,9208,0.18954725512244444,0.4396527409553528,0.8570193648338318,protocol_B/train/PB_train_0691_b10
PB_train_0692_b20,B,train,0,A,2,0,2610,10882,0.19215363963520826,0.434022456407547,0.8545525670051575,protocol_B/train/PB_train_0692_b20
PB_train_0693_b00,B,train,0,A,0,0,1610,6503,1.0,0.5418422222137451,0.8633638620376587,protocol_B/train/PB_train_0693_b00
PB_train_0694_b10,B,train,0,A,1,0,2319,9736,0.19318967316313884,0.5660654902458191,0.8613688349723816,protocol_B/train/PB_train_0694_b10
PB_train_0695_b20,B,train,0,A,2,0,2818,11879,0.3227937971763789,0.4466273784637451,0.8571476340293884,protocol_B/train/PB_train_0695_b20
PB_train_0696_b00,B,train,0,A,0,0,1610,6503,1.0,0.5418422222137451,0.8633638620376587,protocol_B/train/PB_train_0696_b00
PB_train_0697_b10,B,train,0,A,1,0,2133,8729,0.12881445686392537,0.39956098794937134,0.8550451993942261,protocol_B/train/PB_train_0697_b10
PB_train_0698_b20,B,train,0,A,2,0,2814,11825,0.12532570900967197,0.46702176332473755,0.8571549654006958,protocol_B/train/PB_train_0698_b20
PB_train_0699_b00,B,train,0,A,0,0,1610,6503,1.0,0.5418422222137451,0.8633638620376587,protocol_B/train/PB_train_0699_b00
PB_train_0700_b10,B,train,0,A,1,0,2396,10050,0.12149561808428011,0.43791940808296204,0.8615854382514954,protocol_B/train/PB_train_0700_b10
PB_train_0701_b20,B,train,0,A,2,0,2730,11445,0.21040219049075032,0.49886658787727356,0.8567723631858826,protocol_B/train/PB_train_0701_b20
PB_train_0702_b00,B,train,0,A,0,0,1610,6503,1.0,0.5418422222137451,0.8633638620376587,protocol_B/train/PB_train_0702_b00
PB_train_0703_b10,B,train,0,A,1,0,2262,9375,0.19221972247679958,0.48268967866897583,0.8601009845733643,protocol_B/train/PB_train_0703_b10
PB_train_0704_b20,B,train,0,A,2,0,2805,11896,0.3210359905674917,0.5109334588050842,0.8620460033416748,protocol_B/train/PB_train_0704_b20
PB_train_0705_b00,B,train,0,A,0,0,1610,6503,1.0,0.5418422222137451,0.8633638620376587,protocol_B/train/PB_train_0705_b00
PB_train_0706_b10,B,train,0,A,1,0,2161,8913,0.1732580375961685,0.4909709095954895,0.8583506345748901,protocol_B/train/PB_train_0706_b10
PB_train_0707_b20,B,train,0,A,2,0,2653,11022,0.12011524140457114,0.47504013776779175,0.8575456738471985,protocol_B/train/PB_train_0707_b20
PB_train_0708_b00,B,train,0,A,0,0,1610,6503,1.0,0.5418422222137451,0.8633638620376587,protocol_B/train/PB_train_0708_b00
PB_train_0709_b10,B,train,0,A,1,0,2291,9595,0.14302519112022583,0.47724515199661255,0.8613988757133484,protocol_B/train/PB_train_0709_b10
PB_train_0710_b20,B,train,0,A,2,0,2834,12116,0.16904128229220033,0.44762519001960754,0.8614873290061951,protocol_B/train/PB_train_0710_b20
PB_train_0711_b00,B,train,0,A,0,0,1610,6503,1.0,0.5418422222137451,0.8633638620376587,protocol_B/train/PB_train_0711_b00
PB_train_0712_b10,B,train,0,A,1,0,2404,10041,0.14032379902298175,0.45091718435287476,0.8595740795135498,protocol_B/train/PB_train_0712_b10
PB_train_0713_b20,B,train,0,A,2,0,2863,12102,0.18596723724963127,0.5354989767074585,0.8602710366249084,protocol_B/train/PB_train_0713_b20
PB_train_0714_b00,B,train,0,A,0,0,1610,6503,1.0,0.5418422222137451,0.8633638620376587,protocol_B/train/PB_train_0714_b00
PB_train_0715_b10,B,train,0,A,1,0,2186,8987,0.11205865008183795,0.4616059958934784,0.8590937852859497,protocol_B/train/PB_train_0715_b10
PB_train_0716_b20,B,train,0,A,2,0,2759,11525,0.2125465932598981,0.5294190049171448,0.858116090297699,protocol_B/train/PB_train_0716_b20
PB_train_0717_b00,B,train,0,A,0,0,1610,6503,1.0,0.5418422222137451,0.8633638620376587,protocol_B/train/PB_train_0717_b00
PB_train_0718_b10,B,train,0,A,1,0,2199,9036,0.13460124774923607,0.5158292055130005,0.859346330165863,protocol_B/train/PB_train_0718_b10
PB_train_0719_b20,B,train,0,A,2,0,2778,11733,0.17053449720640773,0.5148247480392456,0.8613741397857666,protocol_B/train/PB_train_0719_b20
PB_train_0720_b00,B,train,0,A,0,0,1610,6503,1.0,0.5418422222137451,0.8633638620376587,protocol_B/train/PB_train_0720_b00
PB_train_0721_b10,B,train,0,A,1,0,2271,9575,0.37006763705403456,0.5092162489891052,0.8622702956199646,protocol_B/train/PB_train_0721_b10
PB_train_0722_b20,B,train,0,A,2,0,2660,11073,0.12515999668079275,0.513784646987915,0.8580685257911682,protocol_B/train/PB_train_0722_b20
PB_train_0723_b00,B,train,0,A,0,0,1610,6503,1.0,0.5418422222137451,0.8633638620376587,protocol_B/train/PB_train_0723_b00
PB_train_0724_b10,B,train,0,A,1,0,2293,9543,0.14256054397907464,0.5237933397293091,0.8608206510543823,protocol_B/train/PB_train_0724_b10
PB_train_0725_b20,B,train,0,A,2,0,2786,11792,0.20813410066341148,0.4195285141468048,0.8572287559509277,protocol_B/train/PB_train_0725_b20
PB_train_0726_b00,B,train,0,A,0,0,1610,6503,1.0,0.5418422222137451,0.8633638620376587,protocol_B/train/PB_train_0726_b00
PB_train_0727_b10,B,train,0,A,1,0,2277,9685,0.3780873412562782,0.5344003438949585,0.8619065284729004,protocol_B/train/PB_train_0727_b10
PB_train_0728_b20,B,train,0,A,2,0,2823,11983,0.3098331537192028,0.3987113833427429,0.8595331311225891,protocol_B/train/PB_train_0728_b20
PB_train_0729_b00,B,train,0,A,0,0,1610,6503,1.0,0.5418422222137451,0.8633638620376587,protocol_B/train/PB_train_0729_b00
PB_train_0730_b10,B,train,0,A,1,0,2221,9235,0.2924848866912684,0.5591358542442322,0.8626663088798523,protocol_B/train/PB_train_0730_b10
PB_train_0731_b20,B,train,0,A,2,0,2873,12261,0.11571230422166674,0.42783498764038086,0.8572707176208496,protocol_B/train/PB_train_0731_b20
PB_train_0732_b00,B,train,0,A,0,0,1610,6503,1.0,0.5418422222137451,0.8633638620376587,protocol_B/train/PB_train_0732_b00
PB_train_0733_b10,B,train,0,A,1,0,2292,9649,0.3217215293979661,0.552340030670166,0.8603368997573853,protocol_B/train/PB_train_0733_b10
PB_train_0734_b20,B,train,0,A,2,0,2932,12433,0.1459724608499142,0.3654974102973938,0.8577843904495239,protocol_B/train/PB_train_0734_b20
PB_train_0735_b00,B,train,0,A,0,0,1610,6503,1.0,0.5418422222137451,0.8633638620376587,protocol_B/train/PB_train_0735_b00
PB_train_0736_b10,B,train,0,A,1,0,2336,9885,0.3849072872102355,0.5601406097412109,0.8635787963867188,protocol_B/train/PB_train_0736_b10
PB_train_0737_b20,B,train,0,A,2,0,2937,12400,0.13576154434554297,0.48116451501846313,0.8602310419082642,protocol_B/train/PB_train_0737_b20
PB_train_0738_b00,B,train,0,A,0,0,1610,6503,1.0,0.5418422222137451,0.8633638620376587,protocol_B/train/PB_train_0738_b00
PB_train_0739_b10,B,train,0,A,1,0,2230,9256,0.16011467337354227,0.45466434955596924,0.8602966070175171,protocol_B/train/PB_train_0739_b10
PB_train_0740_b20,B,train,0,A,2,0,2711,11448,0.24442068902765207,0.468607634305954,0.8589611649513245,protocol_B/train/PB_train_0740_b20
PB_train_0741_b00,B,train,0,A,0,0,1610,6503,1.0,0.5418422222137451,0.8633638620376587,protocol_B/train/PB_train_0741_b00
PB_train_0742_b10,B,train,0,A,1,0,2225,9293,0.3234798790047535,0.4475685954093933,0.8587133288383484,protocol_B/train/PB_train_0742_b10
PB_train_0743_b20,B,train,0,A,2,0,2765,11713,0.1100523842810046,0.44841328263282776,0.858304500579834,protocol_B/train/PB_train_0743_b20
PB_train_0744_b00,B,train,0,A,0,0,1610,6503,1.0,0.5418422222137451,0.8633638620376587,protocol_B/train/PB_train_0744_b00
PB_train_0745_b10,B,train,0,A,1,0,2275,9526,0.25552206712902353,0.5316126942634583,0.8594192266464233,protocol_B/train/PB_train_0745_b10
PB_train_0746_b20,B,train,0,A,2,0,2841,12104,0.2300507644106867,0.5728076100349426,0.8617510795593262,protocol_B/train/PB_train_0746_b20
PB_train_0747_b00,B,train,0,A,0,0,1610,6503,1.0,0.5418422222137451,0.8633638620376587,protocol_B/train/PB_train_0747_b00
PB_train_0748_b10,B,train,0,A,1,0,2266,9475,0.16354433909661606,0.4553548991680145,0.8607923984527588,protocol_B/train/PB_train_0748_b10
PB_train_0749_b20,B,train,0,A,2,0,2805,11976,0.2238131513048098,0.43084168434143066,0.8567407727241516,protocol_B/train/PB_train_0749_b20
PB_train_0750_b00,B,train,0,A,0,0,1610,6503,1.0,0.5418422222137451,0.8633638620376587,protocol_B/train/PB_train_0750_b00
PB_train_0751_b10,B,train,0,A,1,0,2215,9222,0.21269850539540092,0.4852846562862396,0.8579708337783813,protocol_B/train/PB_train_0751_b10
PB_train_0752_b20,B,train,0,A,2,0,2547,10405,0.128113937913155,0.49323591589927673,0.8517578840255737,protocol_B/train/PB_train_0752_b20
PB_train_0753_b00,B,train,0,A,0,0,1610,6503,1.0,0.5418422222137451,0.8633638620376587,protocol_B/train/PB_train_0753_b00
PB_train_0754_b10,B,train,0,A,1,0,2290,9586,0.29823340191957926,0.5342740416526794,0.8622003793716431,protocol_B/train/PB_train_0754_b10
PB_train_0755_b20,B,train,0,A,2,0,2747,11516,0.17476363254994443,0.413266658782959,0.8569213151931763,protocol_B/train/PB_train_0755_b20
PB_train_0756_b00,B,train,0,A,0,0,1610,6503,1.0,0.5418422222137451,0.8633638620376587,protocol_B/train/PB_train_0756_b00
PB_train_0757_b10,B,train,0,A,1,0,2279,9547,0.21595308327163426,0.5112628936767578,0.8620468974113464,protocol_B/train/PB_train_0757_b10
PB_train_0758_b20,B,train,0,A,2,0,2921,12532,0.21935446350359458,0.5242622494697571,0.8612110018730164,protocol_B/train/PB_train_0758_b20
PB_train_0759_b00,B,train,0,A,0,0,1610,6503,1.0,0.5418422222137451,0.8633638620376587,protocol_B/train/PB_train_0759_b00
PB_train_0760_b10,B,train,0,A,1,0,2167,8935,0.26129007964701745,0.514806866645813,0.8594977855682373,protocol_B/train/PB_train_0760_b10
PB_train_0761_b20,B,train,0,A,2,0,2559,10502,0.11078695414105022,0.4720795452594757,0.8540908694267273,protocol_B/train/PB_train_0761_b20
PB_train_0762_b00,B,train,0,A,0,0,1610,6503,1.0,0.5418422222137451,0.8633638620376587,protocol_B/train/PB_train_0762_b00
PB_train_0763_b10,B,train,0,A,1,0,2125,8795,0.23555748206323884,0.4688865542411804,0.855229914188385,protocol_B/train/PB_train_0763_b10
PB_train_0764_b20,B,train,0,A,2,0,2827,11928,0.15582209127630287,0.41680067777633667,0.8579629063606262,protocol_B/train/PB_train_0764_b20
PB_train_0765_b00,B,train,0,A,0,0,1610,6503,1.0,0.5418422222137451,0.8633638620376587,protocol_B/train/PB_train_0765_b00
PB_train_0766_b10,B,train,0,A,1,0,2152,8930,0.20988353830333026,0.5349712371826172,0.8578976392745972,protocol_B/train/PB_train_0766_b10
PB_train_0767_b20,B,train,0,A,2,0,2860,12180,0.14635320764394227,0.48909130692481995,0.859268844127655,protocol_B/train/PB_train_0767_b20
PB_train_0768_b00,B,train,0,A,0,0,1610,6503,1.0,0.5418422222137451,0.8633638620376587,protocol_B/train/PB_train_0768_b00
PB_train_0769_b10,B,train,0,A,1,0,2161,8912,0.2093149743077329,0.4960780739784241,0.8594045042991638,protocol_B/train/PB_train_0769_b10
PB_train_0770_b20,B,train,0,A,2,0,2865,12208,0.1581426601404717,0.4535321295261383,0.8617863059043884,protocol_B/train/PB_train_0770_b20
PB_train_0771_b00,B,train,0,A,0,0,1610,6503,1.0,0.5418422222137451,0.8633638620376587,protocol_B/train/PB_train_0771_b00
PB_train_0772_b10,B,train,0,A,1,0,2172,8901,0.1573223083492546,0.5219772458076477,0.8605966567993164,protocol_B/train/PB_train_0772_b10
PB_train_0773_b20,B,train,0,A,2,0,2849,12108,0.1819492038093068,0.4025036096572876,0.8607094883918762,protocol_B/train/PB_train_0773_b20
PB_train_0774_b00,B,train,0,A,0,0,1610,6503,1.0,0.5418422222137451,0.8633638620376587,protocol_B/train/PB_train_0774_b00
PB_train_0775_b10,B,train,0,A,1,0,2228,9313,0.24284316029595665,0.5252162218093872,0.8616254329681396,protocol_B/train/PB_train_0775_b10
PB_train_0776_b20,B,train,0,A,2,0,2753,11705,0.2215139979454701,0.5185199975967407,0.8585237264633179,protocol_B/train/PB_train_0776_b20
PB_train_0777_b00,B,train,0,A,0,0,1610,6503,1.0,0.5418422222137451,0.8633638620376587,protocol_B/train/PB_train_0777_b00
PB_train_0778_b10,B,train,0,A,1,0,2320,9627,0.1024317966963114,0.4240707755088806,0.8571373224258423,protocol_B/train/PB_train_0778_b10
PB_train_0779_b20,B,train,0,A,2,0,2811,11803,0.11701831142020647,0.4606781303882599,0.8582911491394043,protocol_B/train/PB_train_0779_b20
PB_train_0780_b00,B,train,0,A,0,0,1610,6503,1.0,0.5418422222137451,0.8633638620376587,protocol_B/train/PB_train_0780_b00
PB_train_0781_b10,B,train,0,A,1,0,2289,9625,0.2406260505165385,0.42230460047721863,0.8591165542602539,protocol_B/train/PB_train_0781_b10
PB_train_0782_b20,B,train,0,A,2,0,2737,11547,0.2552626795922248,0.4601171016693115,0.859506368637085,protocol_B/train/PB_train_0782_b20
PB_train_0783_b00,B,train,0,A,0,0,1610,6503,1.0,0.5418422222137451,0.8633638620376587,protocol_B/train/PB_train_0783_b00
PB_train_0784_b10,B,train,0,A,1,0,2312,9782,0.3833461769404055,0.5094751715660095,0.8636159896850586,protocol_B/train/PB_train_0784_b10
PB_train_0785_b20,B,train,0,A,2,0,2492,10300,0.159259089350413,0.4608650505542755,0.8545080423355103,protocol_B/train/PB_train_0785_b20
PB_train_0786_b00,B,train,0,A,0,0,1610,6503,1.0,0.5418422222137451,0.8633638620376587,protocol_B/train/PB_train_0786_b00
PB_train_0787_b10,B,train,0,A,1,0,2228,9316,0.2937723878051792,0.5566668510437012,0.8598161339759827,protocol_B/train/PB_train_0787_b10
PB_train_0788_b20,B,train,0,A,2,0,2712,11367,0.1457285220573356,0.4482246935367584,0.8604706525802612,protocol_B/train/PB_train_0788_b20
PB_train_0789_b00,B,train,0,A,0,0,1610,6503,1.0,0.5418422222137451,0.8633638620376587,protocol_B/train/PB_train_0789_b00
PB_train_0790_b10,B,train,0,A,1,0,2302,9716,0.3415371418584971,0.5318452715873718,0.8627747893333435,protocol_B/train/PB_train_0790_b10
PB_train_0791_b20,B,train,0,A,2,0,2788,11639,0.11674848476886873,0.44520530104637146,0.854155421257019,protocol_B/train/PB_train_0791_b20
PB_train_0792_b00,B,train,0,A,0,0,1610,6503,1.0,0.5418422222137451,0.8633638620376587,protocol_B/train/PB_train_0792_b00
PB_train_0793_b10,B,train,0,A,1,0,2287,9570,0.12481343181460149,0.5199152827262878,0.8590003848075867,protocol_B/train/PB_train_0793_b10
PB_train_0794_b20,B,train,0,A,2,0,2731,11491,0.2734813430839349,0.4753541052341461,0.8600707650184631,protocol_B/train/PB_train_0794_b20
PB_train_0795_b00,B,train,0,A,0,0,1610,6503,1.0,0.5418422222137451,0.8633638620376587,protocol_B/train/PB_train_0795_b00
PB_train_0796_b10,B,train,0,A,1,0,2148,8792,0.11146041116268503,0.5096943974494934,0.8547232151031494,protocol_B/train/PB_train_0796_b10
PB_train_0797_b20,B,train,0,A,2,0,2972,12662,0.1282003822788787,0.5003406405448914,0.8613417148590088,protocol_B/train/PB_train_0797_b20
PB_train_0798_b00,B,train,0,A,0,0,1610,6503,1.0,0.5418422222137451,0.8633638620376587,protocol_B/train/PB_train_0798_b00
PB_train_0799_b10,B,train,0,A,1,0,2255,9340,0.10897820975621862,0.4841058552265167,0.8587633967399597,protocol_B/train/PB_train_0799_b10
PB_validation_0000_b00,B,validation,0,A,0,0,1610,6503,1.0,0.5418422222137451,0.8633638620376587,protocol_B/validation/PB_validation_0000_b00
PB_validation_0001_b10,B,validation,0,A,1,0,2240,9278,0.16064164432435146,0.5318108797073364,0.8603026866912842,protocol_B/validation/PB_validation_0001_b10
PB_validation_0002_b20,B,validation,0,A,2,0,2906,12388,0.14753399195771388,0.4299461543560028,0.8579749464988708,protocol_B/validation/PB_validation_0002_b20
PB_validation_0003_b00,B,validation,0,A,0,0,1610,6503,1.0,0.5418422222137451,0.8633638620376587,protocol_B/validation/PB_validation_0003_b00
PB_validation_0004_b10,B,validation,0,A,1,0,2161,8944,0.22117976715412246,0.476719468832016,0.8569531440734863,protocol_B/validation/PB_validation_0004_b10
PB_validation_0005_b20,B,validation,0,A,2,0,2884,12256,0.11783752663490432,0.4745202362537384,0.8572873473167419,protocol_B/validation/PB_validation_0005_b20
PB_validation_0006_b00,B,validation,0,A,0,0,1610,6503,1.0,0.5418422222137451,0.8633638620376587,protocol_B/validation/PB_validation_0006_b00
PB_validation_0007_b10,B,validation,0,A,1,0,2267,9495,0.2061597106042426,0.4286262094974518,0.860788106918335,protocol_B/validation/PB_validation_0007_b10
PB_validation_0008_b20,B,validation,0,A,2,0,2747,11533,0.14266207935717076,0.45039626955986023,0.8567920327186584,protocol_B/validation/PB_validation_0008_b20
PB_validation_0009_b00,B,validation,0,A,0,0,1610,6503,1.0,0.5418422222137451,0.8633638620376587,protocol_B/validation/PB_validation_0009_b00
PB_validation_0010_b10,B,validation,0,A,1,0,2154,8922,0.26651512612748207,0.44331464171409607,0.8602905869483948,protocol_B/validation/PB_validation_0010_b10
PB_validation_0011_b20,B,validation,0,A,2,0,2804,11968,0.1965828975149154,0.4509872794151306,0.862816333770752,protocol_B/validation/PB_validation_0011_b20
PB_validation_0012_b00,B,validation,0,A,0,0,1610,6503,1.0,0.5418422222137451,0.8633638620376587,protocol_B/validation/PB_validation_0012_b00
PB_validation_0013_b10,B,validation,0,A,1,0,2344,9926,0.3272985209229826,0.43960434198379517,0.8620105981826782,protocol_B/validation/PB_validation_0013_b10
PB_validation_0014_b20,B,validation,0,A,2,0,2912,12348,0.12702949964355476,0.46821296215057373,0.8586012721061707,protocol_B/validation/PB_validation_0014_b20
PB_validation_0015_b00,B,validation,0,A,0,0,1610,6503,1.0,0.5418422222137451,0.8633638620376587,protocol_B/validation/PB_validation_0015_b00
PB_validation_0016_b10,B,validation,0,A,1,0,2286,9612,0.30362772603188226,0.5684359073638916,0.8651492595672607,protocol_B/validation/PB_validation_0016_b10
PB_validation_0017_b20,B,validation,0,A,2,0,2835,12064,0.27256983352853514,0.43186983466148376,0.8605832457542419,protocol_B/validation/PB_validation_0017_b20
PB_validation_0018_b00,B,validation,0,A,0,0,1610,6503,1.0,0.5418422222137451,0.8633638620376587,protocol_B/validation/PB_validation_0018_b00
PB_validation_0019_b10,B,validation,0,A,1,0,2307,9689,0.2698589751731419,0.4193025827407837,0.8642432689666748,protocol_B/validation/PB_validation_0019_b10
PB_validation_0020_b20,B,validation,0,A,2,0,2925,12510,0.12618263948975672,0.4552322328090668,0.861862301826477,protocol_B/validation/PB_validation_0020_b20
PB_validation_0021_b00,B,validation,0,A,0,0,1610,6503,1.0,0.5418422222137451,0.8633638620376587,protocol_B/validation/PB_validation_0021_b00
PB_validation_0022_b10,B,validation,0,A,1,0,2174,8885,0.12570229864021376,0.46209263801574707,0.8579383492469788,protocol_B/validation/PB_validation_0022_b10
PB_validation_0023_b20,B,validation,0,A,2,0,2614,10908,0.23365234544422955,0.5127832293510437,0.8570184707641602,protocol_B/validation/PB_validation_0023_b20
PB_validation_0024_b00,B,validation,0,A,0,0,1610,6503,1.0,0.5418422222137451,0.8633638620376587,protocol_B/validation/PB_validation_0024_b00
PB_validation_0025_b10,B,validation,0,A,1,0,2235,9339,0.3004258082803516,0.5202472805976868,0.8570790886878967,protocol_B/validation/PB_validation_0025_b10
PB_validation_0026_b20,B,validation,0,A,2,0,2798,11693,0.10552499841404,0.4496384859085083,0.8544336557388306,protocol_B/validation/PB_validation_0026_b20
PB_validation_0027_b00,B,validation,0,A,0,0,1610,6503,1.0,0.5418422222137451,0.8633638620376587,protocol_B/validation/PB_validation_0027_b00
PB_validation_0028_b10,B,validation,0,A,1,0,2142,8867,0.18099782808439926,0.5093942880630493,0.8569788336753845,protocol_B/validation/PB_validation_0028_b10
PB_validation_0029_b20,B,validation,0,A,2,0,2719,11429,0.19990444097396334,0.4298390746116638,0.8579829335212708,protocol_B/validation/PB_validation_0029_b20
PB_validation_0030_b00,B,validation,0,A,0,0,1610,6503,1.0,0.5418422222137451,0.8633638620376587,protocol_B/validation/PB_validation_0030_b00
PB_validation_0031_b10,B,validation,0,A,1,0,2343,9757,0.10472528663800246,0.45256683230400085,0.8567047119140625,protocol_B/validation/PB_validation_0031_b10
PB_validation_0032_b20,B,validation,0,A,2,0,2822,11985,0.21038617388505973,0.445890873670578,0.8604148626327515,protocol_B/validation/PB_validation_0032_b20
PB_validation_0033_b00,B,validation,0,A,0,0,1610,6503,1.0,0.5418422222137451,0.8633638620376587,protocol_B/validation/PB_validation_0033_b00
PB_validation_0034_b10,B,validation,0,A,1,0,2301,9631,0.16906665411635752,0.42657965421676636,0.8636702299118042,protocol_B/validation/PB_validation_0034_b10
PB_validation_0035_b20,B,validation,0,A,2,0,2693,11260,0.12310827103276445,0.42380642890930176,0.8564784526824951,protocol_B/validation/PB_validation_0035_b20
PB_validation_0036_b00,B,validation,0,A,0,0,1610,6503,1.0,0.5418422222137451,0.8633638620376587,protocol_B/validation/PB_validation_0036_b00
PB_validation_0037_b10,B,validation,0,A,1,0,2327,9820,0.15317957926843023,0.4394891858100891,0.862518310546875,protocol_B/validation/PB_validation_0037_b10
PB_validation_0038_b20,B,validation,0,A,2,0,2725,11410,0.18486411586305737,0.5240964293479919,0.859235405921936,protocol_B/validation/PB_validation_0038_b20
PB_validation_0039_b00,B,validation,0,A,0,0,1610,6503,1.0,0.5418422222137451,0.8633638620376587,protocol_B/validation/PB_validation_0039_b00
PB_validation_0040_b10,B,validation,0,A,1,0,2372,10084,0.27416359821300784,0.4970025420188904,0.8637458086013794,protocol_B/validation/PB_validation_0040_b10
PB_validation_0041_b20,B,validation,0,A,2,0,2692,11338,0.1532369162964019,0.5052428841590881,0.8623238205909729,protocol_B/validation/PB_validation_0041_b20
PB_validation_0042_b00,B,validation,0,A,0,0,1610,6503,1.0,0.5418422222137451,0.8633638620376587,protocol_B/validation/PB_validation_0042_b00
PB_validation_0043_b10,B,validation,0,A,1,0,2215,9223,0.14744846928654842,0.5159872174263,0.8603906631469727,protocol_B/validation/PB_validation_0043_b10
PB_validation_0044_b20,B,validation,0,A,2,0,2819,12052,0.20302223531131608,0.5198635458946228,0.861617386341095,protocol_B/validation/PB_validation_0044_b20
PB_validation_0045_b00,B,validation,0,A,0,0,1610,6503,1.0,0.5418422222137451,0.8633638620376587,protocol_B/validation/PB_validation_0045_b00
PB_validation_0046_b10,B,validation,0,A,1,0,2307,9697,0.16571289454853594,0.5200731754302979,0.8626801371574402,protocol_B/validation/PB_validation_0046_b10
PB_validation_0047_b20,B,validation,0,A,2,0,2642,10913,0.1294502622603782,0.46072232723236084,0.8556448817253113,protocol_B/validation/PB_validation_0047_b20
PB_validation_0048_b00,B,validation,0,A,0,0,1610,6503,1.0,0.5418422222137451,0.8633638620376587,protocol_B/validation/PB_validation_0048_b00
PB_validation_0049_b10,B,validation,0,A,1,0,2263,9493,0.29628125079130085,0.4174659848213196,0.8607677817344666,protocol_B/validation/PB_validation_0049_b10
PB_validation_0050_b20,B,validation,0,A,2,0,2593,10754,0.15056252031616263,0.4312162399291992,0.8546290993690491,protocol_B/validation/PB_validation_0050_b20
PB_validation_0051_b00,B,validation,0,A,0,0,1610,6503,1.0,0.5418422222137451,0.8633638620376587,protocol_B/validation/PB_validation_0051_b00
PB_validation_0052_b10,B,validation,0,A,1,0,2262,9533,0.26348308935689907,0.44153428077697754,0.8615084290504456,protocol_B/validation/PB_validation_0052_b10
PB_validation_0053_b20,B,validation,0,A,2,0,2743,11536,0.11191106211515993,0.45039787888526917,0.8547250032424927,protocol_B/validation/PB_validation_0053_b20
PB_validation_0054_b00,B,validation,0,A,0,0,1610,6503,1.0,0.5418422222137451,0.8633638620376587,protocol_B/validation/PB_validation_0054_b00
PB_validation_0055_b10,B,validation,0,A,1,0,2118,8779,0.22502098527764686,0.5352756977081299,0.8577267527580261,protocol_B/validation/PB_validation_0055_b10
PB_validation_0056_b20,B,validation,0,A,2,0,2743,11507,0.11789697576396024,0.49667274951934814,0.856009840965271,protocol_B/validation/PB_validation_0056_b20
PB_validation_0057_b00,B,validation,0,A,0,0,1610,6503,1.0,0.5418422222137451,0.8633638620376587,protocol_B/validation/PB_validation_0057_b00
PB_validation_0058_b10,B,validation,0,A,1,0,2339,9824,0.15852455842307248,0.4878544211387634,0.863612174987793,protocol_B/validation/PB_validation_0058_b10
PB_validation_0059_b20,B,validation,0,A,2,0,2635,10883,0.10801012592819814,0.46906399726867676,0.8560839295387268,protocol_B/validation/PB_validation_0059_b20
PB_validation_0060_b00,B,validation,0,A,0,0,1610,6503,1.0,0.5418422222137451,0.8633638620376587,protocol_B/validation/PB_validation_0060_b00
PB_validation_0061_b10,B,validation,0,A,1,0,2184,9052,0.22985218939196558,0.5250494480133057,0.8581245541572571,protocol_B/validation/PB_validation_0061_b10
PB_validation_0062_b20,B,validation,0,A,2,0,2713,11362,0.12364556130221545,0.4468552768230438,0.8562139272689819,protocol_B/validation/PB_validation_0062_b20
PB_validation_0063_b00,B,validation,0,A,0,0,1610,6503,1.0,0.5418422222137451,0.8633638620376587,protocol_B/validation/PB_validation_0063_b00
PB_validation_0064_b10,B,validation,0,A,1,0,2204,9182,0.32238325920994604,0.5094650983810425,0.8585136532783508,protocol_B/validation/PB_validation_0064_b10
PB_validation_0065_b20,B,validation,0,A,2,0,2542,10394,0.1295894654038012,0.4163740277290344,0.8480243682861328,protocol_B/validation/PB_validation_0065_b20
PB_validation_0066_b00,B,validation,0,A,0,0,1610,6503,1.0,0.5418422222137451,0.8633638620376587,protocol_B/validation/PB_validation_0066_b00
PB_validation_0067_b10,B,validation,0,A,1,0,2165,8841,0.14200759688894185,0.41605719923973083,0.8597845435142517,protocol_B/validation/PB_validation_0067_b10
PB_validation_0068_b20,B,validation,0,A,2,0,2655,10943,0.10787770218846118,0.49333128333091736,0.8551090955734253,protocol_B/validation/PB_validation_0068_b20
PB_validation_0069_b00,B,validation,0,A,0,0,1610,6503,1.0,0.5418422222137451,0.8633638620376587,protocol_B/validation/PB_validation_0069_b00
PB_validation_0070_b10,B,validation,0,A,1,0,2283,9564,0.3793235234659151,0.4353729486465454,0.8631829023361206,protocol_B/validation/PB_validation_0070_b10
PB_validation_0071_b20,B,validation,0,A,2,0,2701,11385,0.13766845151844342,0.3942205011844635,0.8548569083213806,protocol_B/validation/PB_validation_0071_b20
PB_validation_0072_b00,B,validation,0,A,0,0,1610,6503,1.0,0.5418422222137451,0.8633638620376587,protocol_B/validation/PB_validation_0072_b00
PB_validation_0073_b10,B,validation,0,A,1,0,2351,9953,0.29663977671772834,0.5295809507369995,0.863166868686676,protocol_B/validation/PB_validation_0073_b10
PB_validation_0074_b20,B,validation,0,A,2,0,2869,12079,0.12087224917756928,0.45091477036476135,0.8603951930999756,protocol_B/validation/PB_validation_0074_b20
PB_validation_0075_b00,B,validation,0,A,0,0,1610,6503,1.0,0.5418422222137451,0.8633638620376587,protocol_B/validation/PB_validation_0075_b00
PB_validation_0076_b10,B,validation,0,A,1,0,2150,8895,0.280294672567859,0.5341882109642029,0.8598924279212952,protocol_B/validation/PB_validation_0076_b10
PB_validation_0077_b20,B,validation,0,A,2,0,2822,11831,0.10861199543644892,0.4472335875034332,0.8555458188056946,protocol_B/validation/PB_validation_0077_b20
PB_validation_0078_b00,B,validation,0,A,0,0,1610,6503,1.0,0.5418422222137451,0.8633638620376587,protocol_B/validation/PB_validation_0078_b00
PB_validation_0079_b10,B,validation,0,A,1,0,2322,9782,0.2777047966866818,0.5226500630378723,0.8613875508308411,protocol_B/validation/PB_validation_0079_b10
PB_validation_0080_b20,B,validation,0,A,2,0,2745,11594,0.27361339775653004,0.4485071003437042,0.8556179404258728,protocol_B/validation/PB_validation_0080_b20
PB_validation_0081_b00,B,validation,0,A,0,0,1610,6503,1.0,0.5418422222137451,0.8633638620376587,protocol_B/validation/PB_validation_0081_b00
PB_validation_0082_b10,B,validation,0,A,1,0,2347,9872,0.2650540656397773,0.47882285714149475,0.862491250038147,protocol_B/validation/PB_validation_0082_b10
PB_validation_0083_b20,B,validation,0,A,2,0,2772,11589,0.11906020604113901,0.4691523611545563,0.8556070923805237,protocol_B/validation/PB_validation_0083_b20
PB_validation_0084_b00,B,validation,0,A,0,0,1610,6503,1.0,0.5418422222137451,0.8633638620376587,protocol_B/validation/PB_validation_0084_b00
PB_validation_0085_b10,B,validation,0,A,1,0,2205,9087,0.13757562805614704,0.5541481971740723,0.8577585816383362,protocol_B/validation/PB_validation_0085_b10
PB_validation_0086_b20,B,validation,0,A,2,0,2815,11920,0.1265758839787809,0.4557415843009949,0.8582956790924072,protocol_B/validation/PB_validation_0086_b20
PB_validation_0087_b00,B,validation,0,A,0,0,1610,6503,1.0,0.5418422222137451,0.8633638620376587,protocol_B/validation/PB_validation_0087_b00
PB_validation_0088_b10,B,validation,0,A,1,0,2195,9166,0.32112925240850765,0.42698943614959717,0.8600234985351562,protocol_B/validation/PB_validation_0088_b10
PB_validation_0089_b20,B,validation,0,A,2,0,2804,11798,0.1669272440702634,0.5641075372695923,0.859520673751831,protocol_B/validation/PB_validation_0089_b20
PB_validation_0090_b00,B,validation,0,A,0,0,1610,6503,1.0,0.5418422222137451,0.8633638620376587,protocol_B/validation/PB_validation_0090_b00
PB_validation_0091_b10,B,validation,0,A,1,0,2276,9584,0.39184027234620694,0.5330232977867126,0.8614215850830078,protocol_B/validation/PB_validation_0091_b10
PB_validation_0092_b20,B,validation,0,A,2,0,2909,12508,0.13261340340267536,0.4315565228462219,0.8611440062522888,protocol_B/validation/PB_validation_0092_b20
PB_validation_0093_b00,B,validation,0,A,0,0,1610,6503,1.0,0.5418422222137451,0.8633638620376587,protocol_B/validation/PB_validation_0093_b00
PB_validation_0094_b10,B,validation,0,A,1,0,2271,9484,0.22348335041050987,0.5227692127227783,0.861272394657135,protocol_B/validation/PB_validation_0094_b10
PB_validation_0095_b20,B,validation,0,A,2,0,2864,12169,0.14930585009120903,0.43562743067741394,0.8600185513496399,protocol_B/validation/PB_validation_0095_b20
PB_validation_0096_b00,B,validation,0,A,0,0,1610,6503,1.0,0.5418422222137451,0.8633638620376587,protocol_B/validation/PB_validation_0096_b00
PB_validation_0097_b10,B,validation,0,A,1,0,2334,9875,0.3189673253770451,0.46957939863204956,0.8625959157943726,protocol_B/validation/PB_validation_0097_b10
PB_validation_0098_b20,B,validation,0,A,2,0,2842,11931,0.18815490186717193,0.5178765058517456,0.8552270531654358,protocol_B/validation/PB_validation_0098_b20
PB_validation_0099_b00,B,validation,0,A,0,0,1610,6503,1.0,0.5418422222137451,0.8633638620376587,protocol_B/validation/PB_validation_0099_b00
PB_validation_0100_b10,B,validation,0,A,1,0,2275,9423,0.10183869931728445,0.46811816096305847,0.8614682555198669,protocol_B/validation/PB_validation_0100_b10
PB_validation_0101_b20,B,validation,0,A,2,0,2675,11193,0.16401071563694258,0.4030578136444092,0.854995846748352,protocol_B/validation/PB_validation_0101_b20
PB_validation_0102_b00,B,validation,0,A,0,0,1610,6503,1.0,0.5418422222137451,0.8633638620376587,protocol_B/validation/PB_validation_0102_b00
PB_validation_0103_b10,B,validation,0,A,1,0,2144,8885,0.21587637310773625,0.5211834907531738,0.8593679070472717,protocol_B/validation/PB_validation_0103_b10
PB_validation_0104_b20,B,validation,0,A,2,0,2698,11266,0.11129563047177993,0.4405393898487091,0.8550124764442444,protocol_B/validation/PB_validation_0104_b20
PB_validation_0105_b00,B,validation,0,A,0,0,1610,6503,1.0,0.5418422222137451,0.8633638620376587,protocol_B/validation/PB_validation_0105_b00
PB_validation_0106_b10,B,validation,0,A,1,0,2252,9424,0.15926406368167537,0.47511976957321167,0.8614499568939209,protocol_B/validation/PB_validation_0106_b10
PB_validation_0107_b20,B,validation,0,A,2,0,2810,11855,0.10414977501573652,0.47793033719062805,0.8594237565994263,protocol_B/validation/PB_validation_0107_b20
PB_validation_0108_b00,B,validation,0,A,0,0,1610,6503,1.0,0.5418422222137451,0.8633638620376587,protocol_B/validation/PB_validation_0108_b00
PB_validation_0109_b10,B,validation,0,A,1,0,2230,9204,0.10012242643979828,0.42546015977859497,0.8563739657402039,protocol_B/validation/PB_validation_0109_b10
PB_validation_0110_b20,B,validation,0,A,2,0,2789,11805,0.25297758878927556,0.4674108028411865,0.8599932193756104,protocol_B/validation/PB_validation_0110_b20
PB_validation_0111_b00,B,validation,0,A,0,0,1610,6503,1.0,0.5418422222137451,0.8633638620376587,protocol_B/validation/PB_validation_0111_b00
PB_validation_0112_b10,B,validation,0,A,1,0,2223,9203,0.11845228870262768,0.455716997385025,0.8592954874038696,protocol_B/validation/PB_validation_0112_b10
PB_validation_0113_b20,B,validation,0,A,2,0,2827,11892,0.10265525438432524,0.41647011041641235,0.8593734502792358,protocol_B/validation/PB_validation_0113_b20
PB_validation_0114_b00,B,validation,0,A,0,0,1610,6503,1.0,0.5418422222137451,0.8633638620376587,protocol_B/validation/PB_validation_0114_b00
PB_validation_0115_b10,B,validation,0,A,1,0,2362,9877,0.11206893919751032,0.41586607694625854,0.8606143593788147,protocol_B/validation/PB_validation_0115_b10
PB_validation_0116_b20,B,validation,0,A,2,0,2636,10957,0.17572533385793046,0.4972401261329651,0.857409656047821,protocol_B/validation/PB_validation_0116_b20
PB_validation_0117_b00,B,validation,0,A,0,0,1610,6503,1.0,0.5418422222137451,0.8633638620376587,protocol_B/validation/PB_validation_0117_b00
PB_validation_0118_b10,B,validation,0,A,1,0,2180,9088,0.19792941585227397,0.527093768119812,0.8576297760009766,protocol_B/validation/PB_validation_0118_b10
PB_validation_0119_b20,B,validation,0,A,2,0,2928,12526,0.2822192879178583,0.4511577785015106,0.8598413467407227,protocol_B/validation/PB_validation_0119_b20
PC_test_iid_0000_b01,C,test_iid,0,A,0,1,1929,8192,0.2023554488563001,0.5423542261123657,0.8654900789260864,protocol_C/test_iid/PC_test_iid_0000_b01
PC_test_iid_0001_b02,C,test_iid,0,A,0,2,2115,9149,0.20627864430295278,0.5132977366447449,0.8645573258399963,protocol_C/test_iid/PC_test_iid_0001_b02
PC_test_iid_0002_b00,C,test_iid,0,A,0,0,1610,6503,1.0,0.5418422222137451,0.8633638620376587,protocol_C/test_iid/PC_test_iid_0002_b00
PC_test_iid_0003_b01,C,test_iid,0,A,0,1,1910,8075,0.27602394823049137,0.59064781665802,0.8667482137680054,protocol_C/test_iid/PC_test_iid_0003_b01
PC_test_iid_0004_b02,C,test_iid,0,A,0,2,2242,9795,0.12223693920003587,0.5183430314064026,0.8664085268974304,protocol_C/test_iid/PC_test_iid_0004_b02
PC_test_iid_0005_b00,C,test_iid,0,A,0,0,1610,6503,1.0,0.5418422222137451,0.8633638620376587,protocol_C/test_iid/PC_test_iid_0005_b00
PC_test_iid_0006_b01,C,test_iid,0,A,0,1,1932,8174,0.15892240470067504,0.5452054142951965,0.8655344247817993,protocol_C/test_iid/PC_test_iid_0006_b01
PC_test_iid_0007_b02,C,test_iid,0,A,0,2,2056,8610,0.10036204940549873,0.5380871295928955,0.861236035823822,protocol_C/test_iid/PC_test_iid_0007_b02
PC_test_iid_0008_b00,C,test_iid,0,A,0,0,1610,6503,1.0,0.5418422222137451,0.8633638620376587,protocol_C/test_iid/PC_test_iid_0008_b00
PC_test_iid_0009_b01,C,test_iid,0,A,0,1,1890,8046,0.1923409582376272,0.5841805934906006,0.8659206032752991,protocol_C/test_iid/PC_test_iid_0009_b01
PC_test_iid_0010_b02,C,test_iid,0,A,0,2,2033,8505,0.10666231266977633,0.5546095967292786,0.8600911498069763,protocol_C/test_iid/PC_test_iid_0010_b02
PC_test_iid_0011_b00,C,test_iid,0,A,0,0,1610,6503,1.0,0.5418422222137451,0.8633638620376587,protocol_C/test_iid/PC_test_iid_0011_b00
PC_test_iid_0012_b01,C,test_iid,0,A,0,1,1861,7856,0.1963762779521835,0.5548789501190186,0.8658340573310852,protocol_C/test_iid/PC_test_iid_0012_b01
PC_test_iid_0013_b02,C,test_iid,0,A,0,2,2247,9694,0.1039256632251675,0.5470139384269714,0.8646446466445923,protocol_C/test_iid/PC_test_iid_0013_b02
PC_test_iid_0014_b00,C,test_iid,0,A,0,0,1610,6503,1.0,0.5418422222137451,0.8633638620376587,protocol_C/test_iid/PC_test_iid_0014_b00
PC_test_iid_0015_b01,C,test_iid,0,A,0,1,1973,8341,0.11935454032872328,0.5329912900924683,0.8601726293563843,protocol_C/test_iid/PC_test_iid_0015_b01
PC_test_iid_0016_b02,C,test_iid,0,A,0,2,2115,9101,0.1637430308964251,0.5663517713546753,0.8648108243942261,protocol_C/test_iid/PC_test_iid_0016_b02
PC_test_iid_0017_b00,C,test_iid,0,A,0,0,1610,6503,1.0,0.5418422222137451,0.8633638620376587,protocol_C/test_iid/PC_test_iid_0017_b00
PC_test_iid_0018_b01,C,test_iid,0,A,0,1,1876,7933,0.1380876943776251,0.5495826005935669,0.8669997453689575,protocol_C/test_iid/PC_test_iid_0018_b01
PC_test_iid_0019_b02,C,test_iid,0,A,0,2,2093,8897,0.10720598606772253,0.5323761701583862,0.8614091277122498,protocol_C/test_iid/PC_test_iid_0019_b02
PC_test_iid_0020_b00,C,test_iid,0,A,0,0,1610,6503,1.0,0.5418422222137451,0.8633638620376587,protocol_C/test_iid/PC_test_iid_0020_b00
PC_test_iid_0021_b01,C,test_iid,0,A,0,1,1884,8006,0.20432950361217184,0.5508323907852173,0.8668440580368042,protocol_C/test_iid/PC_test_iid_0021_b01
PC_test_iid_0022_b02,C,test_iid,0,A,0,2,2178,9492,0.12108952668638015,0.5088474750518799,0.8676384091377258,protocol_C/test_iid/PC_test_iid_0022_b02
PC_test_iid_0023_b00,C,test_iid,0,A,0,0,1610,6503,1.0,0.5418422222137451,0.8633638620376587,protocol_C/test_iid/PC_test_iid_0023_b00
PC_test_iid_0024_b01,C,test_iid,0,A,0,1,1831,7636,0.13555455363963936,0.5206390023231506,0.8659254908561707,protocol_C/test_iid/PC_test_iid_0024_b01
PC_test_iid_0025_b02,C,test_iid,0,A,0,2,2156,9381,0.17047094433559373,0.5324960947036743,0.86900395154953,protocol_C/test_iid/PC_test_iid_0025_b02
PC_test_iid_0026_b00,C,test_iid,0,A,0,0,1610,6503,1.0,0.5418422222137451,0.8633638620376587,protocol_C/test_iid/PC_test_iid_0026_b00
PC_test_iid_0027_b01,C,test_iid,0,A,0,1,1953,8269,0.10674820273451455,0.5542300343513489,0.8676132559776306,protocol_C/test_iid/PC_test_iid_0027_b01
PC_test_iid_0028_b02,C,test_iid,0,A,0,2,2090,8965,0.1338488378377697,0.5109397172927856,0.8658526539802551,protocol_C/test_iid/PC_test_iid_0028_b02
PC_test_iid_0029_b00,C,test_iid,0,A,0,0,1610,6503,1.0,0.5418422222137451,0.8633638620376587,protocol_C/test_iid/PC_test_iid_0029_b00
PC_test_iid_0030_b01,C,test_iid,0,A,0,1,1949,8307,0.18999292379715538,0.5665772557258606,0.8635139465332031,protocol_C/test_iid/PC_test_iid_0030_b01
PC_test_iid_0031_b02,C,test_iid,0,A,0,2,2104,9012,0.1772707433566522,0.5436684489250183,0.8636074066162109,protocol_C/test_iid/PC_test_iid_0031_b02
PC_test_iid_0032_b00,C,test_iid,0,A,0,0,1610,6503,1.0,0.5418422222137451,0.8633638620376587,protocol_C/test_iid/PC_test_iid_0032_b00
PC_test_iid_0033_b01,C,test_iid,0,A,0,1,1902,7997,0.1523698358325381,0.5857294201850891,0.8642062544822693,protocol_C/test_iid/PC_test_iid_0033_b01
PC_test_iid_0034_b02,C,test_iid,0,A,0,2,2079,8943,0.15522855881906722,0.5187205076217651,0.8649882674217224,protocol_C/test_iid/PC_test_iid_0034_b02
PC_test_iid_0035_b00,C,test_iid,0,A,0,0,1610,6503,1.0,0.5418422222137451,0.8633638620376587,protocol_C/test_iid/PC_test_iid_0035_b00
PC_test_iid_0036_b01,C,test_iid,0,A,0,1,1879,7953,0.13729652367973721,0.5485599637031555,0.8654036521911621,protocol_C/test_iid/PC_test_iid_0036_b01
PC_test_iid_0037_b02,C,test_iid,0,A,0,2,2099,8920,0.11944400597293167,0.44397982954978943,0.8637349605560303,protocol_C/test_iid/PC_test_iid_0037_b02
PC_test_iid_0038_b00,C,test_iid,0,A,0,0,1610,6503,1.0,0.5418422222137451,0.8633638620376587,protocol_C/test_iid/PC_test_iid_0038_b00
PC_test_iid_0039_b01,C,test_iid,0,A,0,1,1951,8305,0.3265749152136496,0.5420722365379333,0.8672090768814087,protocol_C/test_iid/PC_test_iid_0039_b01
PC_test_iid_0040_b02,C,test_iid,0,A,0,2,2093,8931,0.1378766216085915,0.5525519251823425,0.863053023815155,protocol_C/test_iid/PC_test_iid_0040_b02
PC_test_iid_0041_b00,C,test_iid,0,A,0,0,1610,6503,1.0,0.5418422222137451,0.8633638620376587,protocol_C/test_iid/PC_test_iid_0041_b00
PC_test_iid_0042_b01,C,test_iid,0,A,0,1,1932,8194,0.18663873400454292,0.5500299334526062,0.8654273152351379,protocol_C/test_iid/PC_test_iid_0042_b01
PC_test_iid_0043_b02,C,test_iid,0,A,0,2,2180,9451,0.13250779254695239,0.5514267086982727,0.8657369613647461,protocol_C/test_iid/PC_test_iid_0043_b02
PC_test_iid_0044_b00,C,test_iid,0,A,0,0,1610,6503,1.0,0.5418422222137451,0.8633638620376587,protocol_C/test_iid/PC_test_iid_0044_b00
PC_test_iid_0045_b01,C,test_iid,0,A,0,1,1907,8036,0.17061196063567957,0.5617886185646057,0.8659829497337341,protocol_C/test_iid/PC_test_iid_0045_b01
PC_test_iid_0046_b02,C,test_iid,0,A,0,2,2201,9510,0.1236500502433728,0.5276648998260498,0.8616244792938232,protocol_C/test_iid/PC_test_iid_0046_b02
PC_test_iid_0047_b00,C,test_iid,0,A,0,0,1610,6503,1.0,0.5418422222137451,0.8633638620376587,protocol_C/test_iid/PC_test_iid_0047_b00
PC_test_iid_0048_b01,C,test_iid,0,A,0,1,2011,8588,0.14340627740694203,0.5667868852615356,0.8675134778022766,protocol_C/test_iid/PC_test_iid_0048_b01
PC_test_iid_0049_b02,C,test_iid,0,A,0,2,2214,9632,0.19267682899721122,0.5442876219749451,0.864464521408081,protocol_C/test_iid/PC_test_iid_0049_b02
PC_test_iid_0050_b00,C,test_iid,0,A,0,0,1610,6503,1.0,0.5418422222137451,0.8633638620376587,protocol_C/test_iid/PC_test_iid_0050_b00
PC_test_iid_0051_b01,C,test_iid,0,A,0,1,1812,7458,0.11450281527656483,0.42901611328125,0.8613062500953674,protocol_C/test_iid/PC_test_iid_0051_b01
PC_test_iid_0052_b02,C,test_iid,0,A,0,2,2250,9780,0.11733262746183881,0.5567125082015991,0.8634949326515198,protocol_C/test_iid/PC_test_iid_0052_b02
PC_test_iid_0053_b00,C,test_iid,0,A,0,0,1610,6503,1.0,0.5418422222137451,0.8633638620376587,protocol_C/test_iid/PC_test_iid_0053_b00
PC_test_iid_0054_b01,C,test_iid,0,A,0,1,1836,7708,0.17349141000643997,0.5817928314208984,0.8650323152542114,protocol_C/test_iid/PC_test_iid_0054_b01
PC_test_iid_0055_b02,C,test_iid,0,A,0,2,2184,9508,0.1525209047681022,0.5406028628349304,0.8687986135482788,protocol_C/test_iid/PC_test_iid_0055_b02
PC_test_iid_0056_b00,C,test_iid,0,A,0,0,1610,6503,1.0,0.5418422222137451,0.8633638620376587,protocol_C/test_iid/PC_test_iid_0056_b00
PC_test_iid_0057_b01,C,test_iid,0,A,0,1,1834,7680,0.2160113025029203,0.5865243673324585,0.8643197417259216,protocol_C/test_iid/PC_test_iid_0057_b01
PC_test_iid_0058_b02,C,test_iid,0,A,0,2,1989,8363,0.11540519623298517,0.5490583181381226,0.8622804284095764,protocol_C/test_iid/PC_test_iid_0058_b02
PC_test_iid_0059_b00,C,test_iid,0,A,0,0,1610,6503,1.0,0.5418422222137451,0.8633638620376587,protocol_C/test_iid/PC_test_iid_0059_b00
PC_test_iid_0060_b01,C,test_iid,0,A,0,1,1991,8448,0.12036844059645124,0.525780439376831,0.8647189736366272,protocol_C/test_iid/PC_test_iid_0060_b01
PC_test_iid_0061_b02,C,test_iid,0,A,0,2,2237,9798,0.1266170585623887,0.5367004871368408,0.865925669670105,protocol_C/test_iid/PC_test_iid_0061_b02
PC_test_iid_0062_b00,C,test_iid,0,A,0,0,1610,6503,1.0,0.5418422222137451,0.8633638620376587,protocol_C/test_iid/PC_test_iid_0062_b00
PC_test_iid_0063_b01,C,test_iid,0,A,0,1,1979,8348,0.11816855619428934,0.4794829189777374,0.8627811074256897,protocol_C/test_iid/PC_test_iid_0063_b01
PC_test_iid_0064_b02,C,test_iid,0,A,0,2,2201,9491,0.10087604566184846,0.5383248329162598,0.8652306795120239,protocol_C/test_iid/PC_test_iid_0064_b02
PC_test_iid_0065_b00,C,test_iid,0,A,0,0,1610,6503,1.0,0.5418422222137451,0.8633638620376587,protocol_C/test_iid/PC_test_iid_0065_b00
PC_test_iid_0066_b01,C,test_iid,0,A,0,1,1888,7951,0.1387663959657407,0.4652932584285736,0.8646668791770935,protocol_C/test_iid/PC_test_iid_0066_b01
PC_test_iid_0067_b02,C,test_iid,0,A,0,2,2217,9628,0.10185035166676037,0.5425477027893066,0.8659935593605042,protocol_C/test_iid/PC_test_iid_0067_b02
PC_test_iid_0068_b00,C,test_iid,0,A,0,0,1610,6503,1.0,0.5418422222137451,0.8633638620376587,protocol_C/test_iid/PC_test_iid_0068_b00
PC_test_iid_0069_b01,C,test_iid,0,A,0,1,1867,7898,0.19202308583297034,0.5138980150222778,0.8630009293556213,protocol_C/test_iid/PC_test_iid_0069_b01
PC_test_iid_0070_b02,C,test_iid,0,A,0,2,2176,9463,0.16837657649393536,0.5433444976806641,0.8657718300819397,protocol_C/test_iid/PC_test_iid_0070_b02
PC_test_iid_0071_b00,C,test_iid,0,A,0,0,1610,6503,1.0,0.5418422222137451,0.8633638620376587,protocol_C/test_iid/PC_test_iid_0071_b00
PC_test_iid_0072_b01,C,test_iid,0,A,0,1,1932,8193,0.19702743360313962,0.5330129265785217,0.8656947016716003,protocol_C/test_iid/PC_test_iid_0072_b01
PC_test_iid_0073_b02,C,test_iid,0,A,0,2,2080,8906,0.1166792009984626,0.575925886631012,0.8667055368423462,protocol_C/test_iid/PC_test_iid_0073_b02
PC_test_iid_0074_b00,C,test_iid,0,A,0,0,1610,6503,1.0,0.5418422222137451,0.8633638620376587,protocol_C/test_iid/PC_test_iid_0074_b00
PC_test_iid_0075_b01,C,test_iid,0,A,0,1,1946,8266,0.21388431121699703,0.5450935959815979,0.8665229678153992,protocol_C/test_iid/PC_test_iid_0075_b01
PC_test_iid_0076_b02,C,test_iid,0,A,0,2,2111,9041,0.17158987744425144,0.5293393135070801,0.8622803688049316,protocol_C/test_iid/PC_test_iid_0076_b02
PC_test_iid_0077_b00,C,test_iid,0,A,0,0,1610,6503,1.0,0.5418422222137451,0.8633638620376587,protocol_C/test_iid/PC_test_iid_0077_b00
PC_test_iid_0078_b01,C,test_iid,0,A,0,1,1865,7791,0.15031779040159784,0.536749541759491,0.8636357188224792,protocol_C/test_iid/PC_test_iid_0078_b01
PC_test_iid_0079_b02,C,test_iid,0,A,0,2,2196,9626,0.21137669553756838,0.498991459608078,0.8683627247810364,protocol_C/test_iid/PC_test_iid_0079_b02
PC_test_iid_0080_b00,C,test_iid,0,A,0,0,1610,6503,1.0,0.5418422222137451,0.8633638620376587,protocol_C/test_iid/PC_test_iid_0080_b00
PC_test_iid_0081_b01,C,test_iid,0,A,0,1,1958,8252,0.10099274980704731,0.5470336675643921,0.8614300489425659,protocol_C/test_iid/PC_test_iid_0081_b01
PC_test_iid_0082_b02,C,test_iid,0,A,0,2,2133,9194,0.10551783328409084,0.5384628772735596,0.8640801906585693,protocol_C/test_iid/PC_test_iid_0082_b02
PC_test_iid_0083_b00,C,test_iid,0,A,0,0,1610,6503,1.0,0.5418422222137451,0.8633638620376587,protocol_C/test_iid/PC_test_iid_0083_b00
PC_test_iid_0084_b01,C,test_iid,0,A,0,1,1962,8358,0.18561605247671717,0.5565845370292664,0.8641137480735779,protocol_C/test_iid/PC_test_iid_0084_b01
PC_test_iid_0085_b02,C,test_iid,0,A,0,2,2314,10145,0.11820679444509566,0.496540904045105,0.8664588928222656,protocol_C/test_iid/PC_test_iid_0085_b02
PC_test_iid_0086_b00,C,test_iid,0,A,0,0,1610,6503,1.0,0.5418422222137451,0.8633638620376587,protocol_C/test_iid/PC_test_iid_0086_b00
PC_test_iid_0087_b01,C,test_iid,0,A,0,1,1916,8133,0.22028394843363905,0.5685052871704102,0.864128828048706,protocol_C/test_iid/PC_test_iid_0087_b01
PC_test_iid_0088_b02,C,test_iid,0,A,0,2,2206,9651,0.11190066216001851,0.4846175014972687,0.8684747815132141,protocol_C/test_iid/PC_test_iid_0088_b02
PC_test_iid_0089_b00,C,test_iid,0,A,0,0,1610,6503,1.0,0.5418422222137451,0.8633638620376587,protocol_C/test_iid/PC_test_iid_0089_b00
PC_test_iid_0090_b01,C,test_iid,0,A,0,1,1868,7885,0.20068022390586357,0.5531190633773804,0.8619279265403748,protocol_C/test_iid/PC_test_iid_0090_b01
PC_test_iid_0091_b02,C,test_iid,0,A,0,2,2081,8875,0.10315614680291824,0.4731203615665436,0.8608288168907166,protocol_C/test_iid/PC_test_iid_0091_b02
PC_test_iid_0092_b00,C,test_iid,0,A,0,0,1610,6503,1.0,0.5418422222137451,0.8633638620376587,protocol_C/test_iid/PC_test_iid_0092_b00
PC_test_iid_0093_b01,C,test_iid,0,A,0,1,1893,8058,0.2288956062545768,0.5748853087425232,0.8669514060020447,protocol_C/test_iid/PC_test_iid_0093_b01
PC_test_iid_0094_b02,C,test_iid,0,A,0,2,2182,9466,0.11919315554456242,0.5790297389030457,0.8677840828895569,protocol_C/test_iid/PC_test_iid_0094_b02
PC_test_iid_0095_b00,C,test_iid,0,A,0,0,1610,6503,1.0,0.5418422222137451,0.8633638620376587,protocol_C/test_iid/PC_test_iid_0095_b00
PC_test_iid_0096_b01,C,test_iid,0,A,0,1,1915,8087,0.22763881256376065,0.5293257832527161,0.8663751482963562,protocol_C/test_iid/PC_test_iid_0096_b01
PC_test_iid_0097_b02,C,test_iid,0,A,0,2,2175,9504,0.1506273841671226,0.5368039011955261,0.8660739660263062,protocol_C/test_iid/PC_test_iid_0097_b02
PC_test_iid_0098_b00,C,test_iid,0,A,0,0,1610,6503,1.0,0.5418422222137451,0.8633638620376587,protocol_C/test_iid/PC_test_iid_0098_b00
PC_test_iid_0099_b01,C,test_iid,0,A,0,1,1810,7509,0.1069035351353538,0.5506736040115356,0.8624686002731323,protocol_C/test_iid/PC_test_iid_0099_b01
PC_test_iid_0100_b02,C,test_iid,0,A,0,2,2199,9579,0.10168779906078024,0.44381511211395264,0.8679215312004089,protocol_C/test_iid/PC_test_iid_0100_b02
PC_test_iid_0101_b00,C,test_iid,0,A,0,0,1610,6503,1.0,0.5418422222137451,0.8633638620376587,protocol_C/test_iid/PC_test_iid_0101_b00
PC_test_iid_0102_b01,C,test_iid,0,A,0,1,1968,8309,0.11725886525993834,0.5462950468063354,0.8651981353759766,protocol_C/test_iid/PC_test_iid_0102_b01
PC_test_iid_0103_b02,C,test_iid,0,A,0,2,2161,9314,0.10017185646376045,0.4141640067100525,0.8652249574661255,protocol_C/test_iid/PC_test_iid_0103_b02
PC_test_iid_0104_b00,C,test_iid,0,A,0,0,1610,6503,1.0,0.5418422222137451,0.8633638620376587,protocol_C/test_iid/PC_test_iid_0104_b00
PC_test_iid_0105_b01,C,test_iid,0,A,0,1,1923,8153,0.1402757532532657,0.5570200681686401,0.8627674579620361,protocol_C/test_iid/PC_test_iid_0105_b01
PC_test_iid_0106_b02,C,test_iid,0,A,0,2,2073,8776,0.10144210715610993,0.49135279655456543,0.8611733913421631,protocol_C/test_iid/PC_test_iid_0106_b02
PC_test_iid_0107_b00,C,test_iid,0,A,0,0,1610,6503,1.0,0.5418422222137451,0.8633638620376587,protocol_C/test_iid/PC_test_iid_0107_b00
PC_test_iid_0108_b01,C,test_iid,0,A,0,1,1872,7929,0.2510937099973233,0.5724883675575256,0.8676953315734863,protocol_C/test_iid/PC_test_iid_0108_b01
PC_test_iid_0109_b02,C,test_iid,0,A,0,2,2125,9139,0.17338544173289921,0.5251601338386536,0.8666561245918274,protocol_C/test_iid/PC_test_iid_0109_b02
PC_test_iid_0110_b00,C,test_iid,0,A,0,0,1610,6503,1.0,0.5418422222137451,0.8633638620376587,protocol_C/test_iid/PC_test_iid_0110_b00
PC_test_iid_0111_b01,C,test_iid,0,A,0,1,1981,8456,0.13810442082097055,0.5586563348770142,0.8644397854804993,protocol_C/test_iid/PC_test_iid_0111_b01
PC_test_iid_0112_b02,C,test_iid,0,A,0,2,2191,9476,0.10707357346276697,0.5518319606781006,0.8652030229568481,protocol_C/test_iid/PC_test_iid_0112_b02
PC_test_iid_0113_b00,C,test_iid,0,A,0,0,1610,6503,1.0,0.5418422222137451,0.8633638620376587,protocol_C/test_iid/PC_test_iid_0113_b00
PC_test_iid_0114_b01,C,test_iid,0,A,0,1,1876,7946,0.24104638122861244,0.42557817697525024,0.8656420111656189,protocol_C/test_iid/PC_test_iid_0114_b01
PC_test_iid_0115_b02,C,test_iid,0,A,0,2,2198,9538,0.14077497960757873,0.533717930316925,0.8636293411254883,protocol_C/test_iid/PC_test_iid_0115_b02
PC_test_iid_0116_b00,C,test_iid,0,A,0,0,1610,6503,1.0,0.5418422222137451,0.8633638620376587,protocol_C/test_iid/PC_test_iid_0116_b00
PC_test_iid_0117_b01,C,test_iid,0,A,0,1,1910,8035,0.1287698223163476,0.5667520761489868,0.8664731979370117,protocol_C/test_iid/PC_test_iid_0117_b01
PC_test_iid_0118_b02,C,test_iid,0,A,0,2,2028,8552,0.1222091427645553,0.531553328037262,0.8604878187179565,protocol_C/test_iid/PC_test_iid_0118_b02
PC_test_iid_0119_b00,C,test_iid,0,A,0,0,1610,6503,1.0,0.5418422222137451,0.8633638620376587,protocol_C/test_iid/PC_test_iid_0119_b00
PC_test_iid_0120_b01,C,test_iid,0,A,0,1,1909,8072,0.2660756031332816,0.5068485140800476,0.8641876578330994,protocol_C/test_iid/PC_test_iid_0120_b01
PC_test_iid_0121_b02,C,test_iid,0,A,0,2,2154,9250,0.12492773992220832,0.5481407642364502,0.8660133481025696,protocol_C/test_iid/PC_test_iid_0121_b02
PC_test_iid_0122_b00,C,test_iid,0,A,0,0,1610,6503,1.0,0.5418422222137451,0.8633638620376587,protocol_C/test_iid/PC_test_iid_0122_b00
PC_test_iid_0123_b01,C,test_iid,0,A,0,1,1921,8153,0.2298962473411407,0.43600380420684814,0.8652284145355225,protocol_C/test_iid/PC_test_iid_0123_b01
PC_test_iid_0124_b02,C,test_iid,0,A,0,2,2117,9148,0.17575365807772977,0.5484313368797302,0.8666806221008301,protocol_C/test_iid/PC_test_iid_0124_b02
PC_test_iid_0125_b00,C,test_iid,0,A,0,0,1610,6503,1.0,0.5418422222137451,0.8633638620376587,protocol_C/test_iid/PC_test_iid_0125_b00
PC_test_iid_0126_b01,C,test_iid,0,A,0,1,1958,8352,0.28465060791626673,0.5822705030441284,0.8678566217422485,protocol_C/test_iid/PC_test_iid_0126_b01
PC_test_iid_0127_b02,C,test_iid,0,A,0,2,2116,9124,0.12597604712795613,0.520646870136261,0.8673405051231384,protocol_C/test_iid/PC_test_iid_0127_b02
PC_test_iid_0128_b00,C,test_iid,0,A,0,0,1610,6503,1.0,0.5418422222137451,0.8633638620376587,protocol_C/test_iid/PC_test_iid_0128_b00
PC_test_iid_0129_b01,C,test_iid,0,A,0,1,1944,8291,0.26223648515208675,0.5554093718528748,0.8645716905593872,protocol_C/test_iid/PC_test_iid_0129_b01
PC_test_iid_0130_b02,C,test_iid,0,A,0,2,2028,8639,0.11488057368245397,0.5701925158500671,0.8633539080619812,protocol_C/test_iid/PC_test_iid_0130_b02
PC_test_iid_0131_b00,C,test_iid,0,A,0,0,1610,6503,1.0,0.5418422222137451,0.8633638620376587,protocol_C/test_iid/PC_test_iid_0131_b00
PC_test_iid_0132_b01,C,test_iid,0,A,0,1,1836,7708,0.1572809930855901,0.5697633624076843,0.8652003407478333,protocol_C/test_iid/PC_test_iid_0132_b01
PC_test_iid_0133_b02,C,test_iid,0,A,0,2,2202,9665,0.20825291698465737,0.5363039970397949,0.8677091598510742,protocol_C/test_iid/PC_test_iid_0133_b02
PC_test_iid_0134_b00,C,test_iid,0,A,0,0,1610,6503,1.0,0.5418422222137451,0.8633638620376587,protocol_C/test_iid/PC_test_iid_0134_b00
PC_test_iid_0135_b01,C,test_iid,0,A,0,1,1924,8160,0.10927505771778313,0.5407541394233704,0.8651973605155945,protocol_C/test_iid/PC_test_iid_0135_b01
PC_test_iid_0136_b02,C,test_iid,0,A,0,2,2119,9144,0.12815033383293634,0.5387008190155029,0.8629743456840515,protocol_C/test_iid/PC_test_iid_0136_b02
PC_test_iid_0137_b00,C,test_iid,0,A,0,0,1610,6503,1.0,0.5418422222137451,0.8633638620376587,protocol_C/test_iid/PC_test_iid_0137_b00
PC_test_iid_0138_b01,C,test_iid,0,A,0,1,1900,8087,0.26117836039096703,0.5734480619430542,0.8693051338195801,protocol_C/test_iid/PC_test_iid_0138_b01
PC_test_iid_0139_b02,C,test_iid,0,A,0,2,2240,9706,0.10953671779718402,0.48355287313461304,0.8644094467163086,protocol_C/test_iid/PC_test_iid_0139_b02
PC_test_iid_0140_b00,C,test_iid,0,A,0,0,1610,6503,1.0,0.5418422222137451,0.8633638620376587,protocol_C/test_iid/PC_test_iid_0140_b00
PC_test_iid_0141_b01,C,test_iid,0,A,0,1,2002,8618,0.30382898986475615,0.5715197324752808,0.8702820539474487,protocol_C/test_iid/PC_test_iid_0141_b01
PC_test_iid_0142_b02,C,test_iid,0,A,0,2,2181,9488,0.1509421474369732,0.584086537361145,0.8666951060295105,protocol_C/test_iid/PC_test_iid_0142_b02
PC_test_iid_0143_b00,C,test_iid,0,A,0,0,1610,6503,1.0,0.5418422222137451,0.8633638620376587,protocol_C/test_iid/PC_test_iid_0143_b00
PC_test_iid_0144_b01,C,test_iid,0,A,0,1,1985,8519,0.25946806630423824,0.5273849964141846,0.8662399649620056,protocol_C/test_iid/PC_test_iid_0144_b01
PC_test_iid_0145_b02,C,test_iid,0,A,0,2,2144,9229,0.1369519115618213,0.5878481268882751,0.8671336770057678,protocol_C/test_iid/PC_test_iid_0145_b02
PC_test_iid_0146_b00,C,test_iid,0,A,0,0,1610,6503,1.0,0.5418422222137451,0.8633638620376587,protocol_C/test_iid/PC_test_iid_0146_b00
PC_test_iid_0147_b01,C,test_iid,0,A,0,1,1964,8389,0.13287957630099417,0.558621346950531,0.8651372790336609,protocol_C/test_iid/PC_test_iid_0147_b01
PC_test_iid_0148_b02,C,test_iid,0,A,0,2,2094,8975,0.11873880819493673,0.48101910948753357,0.86463463306427,protocol_C/test_iid/PC_test_iid_0148_b02
PC_test_iid_0149_b00,C,test_iid,0,A,0,0,1610,6503,1.0,0.5418422222137451,0.8633638620376587,protocol_C/test_iid/PC_test_iid_0149_b00
PC_test_iid_0150_b01,C,test_iid,0,A,0,1,1816,7557,0.1343775320043441,0.5364345908164978,0.8652456402778625,protocol_C/test_iid/PC_test_iid_0150_b01
PC_test_iid_0151_b02,C,test_iid,0,A,0,2,2207,9594,0.1923408812600098,0.547491192817688,0.8669313192367554,protocol_C/test_iid/PC_test_iid_0151_b02
PC_test_iid_0152_b00,C,test_iid,0,A,0,0,1610,6503,1.0,0.5418422222137451,0.8633638620376587,protocol_C/test_iid/PC_test_iid_0152_b00
PC_test_iid_0153_b01,C,test_iid,0,A,0,1,2017,8626,0.25563784233638953,0.5650199055671692,0.8684857487678528,protocol_C/test_iid/PC_test_iid_0153_b01
PC_test_iid_0154_b02,C,test_iid,0,A,0,2,2232,9854,0.2669498164665792,0.5090566277503967,0.8669853210449219,protocol_C/test_iid/PC_test_iid_0154_b02
PC_test_iid_0155_b00,C,test_iid,0,A,0,0,1610,6503,1.0,0.5418422222137451,0.8633638620376587,protocol_C/test_iid/PC_test_iid_0155_b00
PC_test_iid_0156_b01,C,test_iid,0,A,0,1,1978,8358,0.10232703333165738,0.5412144064903259,0.86387038230896,protocol_C/test_iid/PC_test_iid_0156_b01
PC_test_iid_0157_b02,C,test_iid,0,A,0,2,2216,9704,0.22382521973105685,0.5481541752815247,0.8668809533119202,protocol_C/test_iid/PC_test_iid_0157_b02
PC_test_iid_0158_b00,C,test_iid,0,A,0,0,1610,6503,1.0,0.5418422222137451,0.8633638620376587,protocol_C/test_iid/PC_test_iid_0158_b00
PC_test_iid_0159_b01,C,test_iid,0,A,0,1,1843,7635,0.1404917039499555,0.5267263650894165,0.8618146777153015,protocol_C/test_iid/PC_test_iid_0159_b01
PC_test_iid_0160_b02,C,test_iid,0,A,0,2,2148,9276,0.2371281224064446,0.4997008144855499,0.8661792874336243,protocol_C/test_iid/PC_test_iid_0160_b02
PC_test_iid_0161_b00,C,test_iid,0,A,0,0,1610,6503,1.0,0.5418422222137451,0.8633638620376587,protocol_C/test_iid/PC_test_iid_0161_b00
PC_test_iid_0162_b01,C,test_iid,0,A,0,1,1891,7949,0.20759053255030607,0.572577953338623,0.8629637956619263,protocol_C/test_iid/PC_test_iid_0162_b01
PC_test_iid_0163_b02,C,test_iid,0,A,0,2,2074,8806,0.15695928990862568,0.5223990678787231,0.8603444695472717,protocol_C/test_iid/PC_test_iid_0163_b02
PC_test_iid_0164_b00,C,test_iid,0,A,0,0,1610,6503,1.0,0.5418422222137451,0.8633638620376587,protocol_C/test_iid/PC_test_iid_0164_b00
PC_test_iid_0165_b01,C,test_iid,0,A,0,1,1886,7936,0.27603156671741624,0.5051226019859314,0.8639611005783081,protocol_C/test_iid/PC_test_iid_0165_b01
PC_test_iid_0166_b02,C,test_iid,0,A,0,2,2213,9683,0.14488214697397073,0.5260048508644104,0.8684890270233154,protocol_C/test_iid/PC_test_iid_0166_b02
PC_test_iid_0167_b00,C,test_iid,0,A,0,0,1610,6503,1.0,0.5418422222137451,0.8633638620376587,protocol_C/test_iid/PC_test_iid_0167_b00
PC_test_iid_0168_b01,C,test_iid,0,A,0,1,1954,8354,0.2945221175814895,0.5658577084541321,0.8659347891807556,protocol_C/test_iid/PC_test_iid_0168_b01
PC_test_iid_0169_b02,C,test_iid,0,A,0,2,2117,9082,0.1113317847744465,0.5354422926902771,0.8650485873222351,protocol_C/test_iid/PC_test_iid_0169_b02
PC_test_iid_0170_b00,C,test_iid,0,A,0,0,1610,6503,1.0,0.5418422222137451,0.8633638620376587,protocol_C/test_iid/PC_test_iid_0170_b00
PC_test_iid_0171_b01,C,test_iid,0,A,0,1,1979,8375,0.1515663584285804,0.5861927270889282,0.8648614287376404,protocol_C/test_iid/PC_test_iid_0171_b01
PC_test_iid_0172_b02,C,test_iid,0,A,0,2,2227,9713,0.12015874500420876,0.5561925768852234,0.8698489665985107,protocol_C/test_iid/PC_test_iid_0172_b02
PC_test_iid_0173_b00,C,test_iid,0,A,0,0,1610,6503,1.0,0.5418422222137451,0.8633638620376587,protocol_C/test_iid/PC_test_iid_0173_b00
PC_test_iid_0174_b01,C,test_iid,0,A,0,1,1992,8426,0.1110752495054354,0.526678740978241,0.8664702773094177,protocol_C/test_iid/PC_test_iid_0174_b01
PC_test_iid_0175_b02,C,test_iid,0,A,0,2,2228,9751,0.15527265756650177,0.520393967628479,0.8659694790840149,protocol_C/test_iid/PC_test_iid_0175_b02
PC_test_iid_0176_b00,C,test_iid,0,A,0,0,1610,6503,1.0,0.5418422222137451,0.8633638620376587,protocol_C/test_iid/PC_test_iid_0176_b00
PC_test_iid_0177_b01,C,test_iid,0,A,0,1,1871,7824,0.1226557502317491,0.5113636255264282,0.8627023696899414,protocol_C/test_iid/PC_test_iid_0177_b01
PC_test_iid_0178_b02,C,test_iid,0,A,0,2,2150,9268,0.13870972383772126,0.5376685261726379,0.8673948645591736,protocol_C/test_iid/PC_test_iid_0178_b02
PC_test_iid_0179_b00,C,test_iid,0,A,0,0,1610,6503,1.0,0.5418422222137451,0.8633638620376587,protocol_C/test_iid/PC_test_iid_0179_b00
PC_test_iid_0180_b01,C,test_iid,0,A,0,1,1929,8260,0.1875691294446416,0.5321980714797974,0.8695896863937378,protocol_C/test_iid/PC_test_iid_0180_b01
PC_test_iid_0181_b02,C,test_iid,0,A,0,2,2091,8906,0.13796695175282658,0.5689952969551086,0.86533123254776,protocol_C/test_iid/PC_test_iid_0181_b02
PC_test_iid_0182_b00,C,test_iid,0,A,0,0,1610,6503,1.0,0.5418422222137451,0.8633638620376587,protocol_C/test_iid/PC_test_iid_0182_b00
PC_test_iid_0183_b01,C,test_iid,0,A,0,1,1965,8288,0.12758503757270134,0.515483558177948,0.864177405834198,protocol_C/test_iid/PC_test_iid_0183_b01
PC_test_iid_0184_b02,C,test_iid,0,A,0,2,2126,9119,0.1630465458412621,0.5736147165298462,0.8634896278381348,protocol_C/test_iid/PC_test_iid_0184_b02
PC_test_iid_0185_b00,C,test_iid,0,A,0,0,1610,6503,1.0,0.5418422222137451,0.8633638620376587,protocol_C/test_iid/PC_test_iid_0185_b00
PC_test_iid_0186_b01,C,test_iid,0,A,0,1,1918,8123,0.17058763188765252,0.5736318826675415,0.8609805703163147,protocol_C/test_iid/PC_test_iid_0186_b01
PC_test_iid_0187_b02,C,test_iid,0,A,0,2,2168,9316,0.18321414341383715,0.5588240027427673,0.8641349077224731,protocol_C/test_iid/PC_test_iid_0187_b02
PC_test_iid_0188_b00,C,test_iid,0,A,0,0,1610,6503,1.0,0.5418422222137451,0.8633638620376587,protocol_C/test_iid/PC_test_iid_0188_b00
PC_test_iid_0189_b01,C,test_iid,0,A,0,1,1893,7983,0.1938072061514744,0.5301046371459961,0.8652501106262207,protocol_C/test_iid/PC_test_iid_0189_b01
PC_test_iid_0190_b02,C,test_iid,0,A,0,2,2198,9550,0.1313228443545928,0.5785675644874573,0.8640747666358948,protocol_C/test_iid/PC_test_iid_0190_b02
PC_test_iid_0191_b00,C,test_iid,0,A,0,0,1610,6503,1.0,0.5418422222137451,0.8633638620376587,protocol_C/test_iid/PC_test_iid_0191_b00
PC_test_iid_0192_b01,C,test_iid,0,A,0,1,1847,7683,0.2034212236725586,0.5548678636550903,0.8635116815567017,protocol_C/test_iid/PC_test_iid_0192_b01
PC_test_iid_0193_b02,C,test_iid,0,A,0,2,2256,9836,0.15162236343630028,0.5396106839179993,0.8634502291679382,protocol_C/test_iid/PC_test_iid_0193_b02
PC_test_iid_0194_b00,C,test_iid,0,A,0,0,1610,6503,1.0,0.5418422222137451,0.8633638620376587,protocol_C/test_iid/PC_test_iid_0194_b00
PC_test_iid_0195_b01,C,test_iid,0,A,0,1,1843,7727,0.10148727685746092,0.5697034597396851,0.8668323159217834,protocol_C/test_iid/PC_test_iid_0195_b01
PC_test_iid_0196_b02,C,test_iid,0,A,0,2,2066,8765,0.11118398559637646,0.5267206430435181,0.8630945682525635,protocol_C/test_iid/PC_test_iid_0196_b02
PC_test_iid_0197_b00,C,test_iid,0,A,0,0,1610,6503,1.0,0.5418422222137451,0.8633638620376587,protocol_C/test_iid/PC_test_iid_0197_b00
PC_test_iid_0198_b01,C,test_iid,0,A,0,1,1889,7954,0.17242178511644682,0.5405644178390503,0.863922655582428,protocol_C/test_iid/PC_test_iid_0198_b01
PC_test_iid_0199_b02,C,test_iid,0,A,0,2,2087,8869,0.13075629428583718,0.5008546710014343,0.8633771538734436,protocol_C/test_iid/PC_test_iid_0199_b02
PC_test_ood_0000_b03,C,test_ood,1,A,0,3,2345,10218,0.10843750561958135,0.5502164363861084,0.861327052116394,protocol_C/test_ood/PC_test_ood_0000_b03
PC_test_ood_0001_b03,C,test_ood,1,A,0,3,2401,10571,0.15983434858615458,0.5185537338256836,0.8626272082328796,protocol_C/test_ood/PC_test_ood_0001_b03
PC_test_ood_0002_b03,C,test_ood,1,A,0,3,2297,9956,0.1262251797452348,0.4906424582004547,0.8641608953475952,protocol_C/test_ood/PC_test_ood_0002_b03
PC_test_ood_0003_b03,C,test_ood,1,A,0,3,2209,9512,0.11973668611334917,0.4752750098705292,0.8622711896896362,protocol_C/test_ood/PC_test_ood_0003_b03
PC_test_ood_0004_b03,C,test_ood,1,A,0,3,2299,9940,0.10271898192331524,0.4611176550388336,0.8630193471908569,protocol_C/test_ood/PC_test_ood_0004_b03
PC_test_ood_0005_b03,C,test_ood,1,A,0,3,2241,9749,0.14536210088369841,0.5399836897850037,0.8651424050331116,protocol_C/test_ood/PC_test_ood_0005_b03
PC_test_ood_0006_b03,C,test_ood,1,A,0,3,2273,9863,0.11884064584620058,0.4447965919971466,0.8656722903251648,protocol_C/test_ood/PC_test_ood_0006_b03
PC_test_ood_0007_b03,C,test_ood,1,A,0,3,2355,10205,0.10505941411931274,0.48556801676750183,0.8632782101631165,protocol_C/test_ood/PC_test_ood_0007_b03
PC_test_ood_0008_b03,C,test_ood,1,A,0,3,2311,10063,0.14247639415897576,0.48511698842048645,0.8662278056144714,protocol_C/test_ood/PC_test_ood_0008_b03
PC_test_ood_0009_b03,C,test_ood,1,A,0,3,2343,10192,0.10425666963058264,0.46831774711608887,0.8621766567230225,protocol_C/test_ood/PC_test_ood_0009_b03
PC_test_ood_0010_b03,C,test_ood,1,A,0,3,2293,9965,0.12211484121508744,0.4774060845375061,0.8627356886863708,protocol_C/test_ood/PC_test_ood_0010_b03
PC_test_ood_0011_b03,C,test_ood,1,A,0,3,2295,9973,0.1310762139206249,0.49634498357772827,0.8640207648277283,protocol_C/test_ood/PC_test_ood_0011_b03
PC_test_ood_0012_b03,C,test_ood,1,A,0,3,2261,9842,0.10255428139825068,0.512342095375061,0.8648378849029541,protocol_C/test_ood/PC_test_ood_0012_b03
PC_test_ood_0013_b03,C,test_ood,1,A,0,3,2283,9968,0.12442813231094715,0.5390865206718445,0.8660030364990234,protocol_C/test_ood/PC_test_ood_0013_b03
PC_test_ood_0014_b03,C,test_ood,1,A,0,3,2226,9659,0.10353324686530216,0.5358482003211975,0.8688293099403381,protocol_C/test_ood/PC_test_ood_0014_b03
PC_test_ood_0015_b03,C,test_ood,1,A,0,3,2316,10144,0.10270499865456964,0.47330784797668457,0.8645091652870178,protocol_C/test_ood/PC_test_ood_0015_b03
PC_test_ood_0016_b03,C,test_ood,1,A,0,3,2262,9712,0.10728803856283178,0.538637101650238,0.8602264523506165,protocol_C/test_ood/PC_test_ood_0016_b03
PC_test_ood_0017_b03,C,test_ood,1,A,0,3,2323,10160,0.11138793549099277,0.5525174736976624,0.8638914227485657,protocol_C/test_ood/PC_test_ood_0017_b03
PC_test_ood_0018_b03,C,test_ood,1,A,0,3,2439,10699,0.1314921393461126,0.520983874797821,0.8628420233726501,protocol_C/test_ood/PC_test_ood_0018_b03
PC_test_ood_0019_b03,C,test_ood,1,A,0,3,2296,9982,0.1276476561867933,0.555907130241394,0.863728940486908,protocol_C/test_ood/PC_test_ood_0019_b03
PC_test_ood_0020_b03,C,test_ood,1,A,0,3,2313,10120,0.13670142005518132,0.5347362160682678,0.863701581954956,protocol_C/test_ood/PC_test_ood_0020_b03
PC_test_ood_0021_b03,C,test_ood,1,A,0,3,2212,9609,0.14187269726327592,0.536310076713562,0.8641678690910339,protocol_C/test_ood/PC_test_ood_0021_b03
PC_test_ood_0022_b03,C,test_ood,1,A,0,3,2272,9940,0.16989287262096925,0.5327830910682678,0.8648708462715149,protocol_C/test_ood/PC_test_ood_0022_b03
PC_test_ood_0023_b03,C,test_ood,1,A,0,3,2299,10043,0.1086628422742213,0.5408073663711548,0.864522397518158,protocol_C/test_ood/PC_test_ood_0023_b03
PC_test_ood_0024_b03,C,test_ood,1,A,0,3,2304,10049,0.11712553320716956,0.5136446952819824,0.8638772368431091,protocol_C/test_ood/PC_test_ood_0024_b03
PC_test_ood_0025_b03,C,test_ood,1,A,0,3,2241,9720,0.1206404192166445,0.553502082824707,0.86577308177948,protocol_C/test_ood/PC_test_ood_0025_b03
PC_test_ood_0026_b03,C,test_ood,1,A,0,3,2260,9842,0.10344466722354048,0.5712878108024597,0.8633854389190674,protocol_C/test_ood/PC_test_ood_0026_b03
PC_test_ood_0027_b03,C,test_ood,1,A,0,3,2325,10116,0.10443423554300335,0.5770999193191528,0.8625162839889526,protocol_C/test_ood/PC_test_ood_0027_b03
PC_test_ood_0028_b03,C,test_ood,1,A,0,3,2237,9665,0.10056270955250543,0.5308895707130432,0.861004114151001,protocol_C/test_ood/PC_test_ood_0028_b03
PC_test_ood_0029_b03,C,test_ood,1,A,0,3,2324,10148,0.14178869728359367,0.5556970834732056,0.8653925657272339,protocol_C/test_ood/PC_test_ood_0029_b03
PC_test_ood_0030_b03,C,test_ood,1,A,0,3,2251,9691,0.11093724416767206,0.5286241769790649,0.8626833558082581,protocol_C/test_ood/PC_test_ood_0030_b03
PC_test_ood_0031_b03,C,test_ood,1,A,0,3,2275,9813,0.10046039160367154,0.48810645937919617,0.8604766726493835,protocol_C/test_ood/PC_test_ood_0031_b03
PC_test_ood_0032_b03,C,test_ood,1,A,0,3,2273,9930,0.12462268543427903,0.5414652824401855,0.8649004101753235,protocol_C/test_ood/PC_test_ood_0032_b03
PC_test_ood_0033_b03,C,test_ood,1,A,0,3,2342,10248,0.10513291582907988,0.5155674815177917,0.8628618717193604,protocol_C/test_ood/PC_test_ood_0033_b03
PC_test_ood_0034_b03,C,test_ood,1,A,0,3,2273,9988,0.14190603763596815,0.5517972111701965,0.8656637072563171,protocol_C/test_ood/PC_test_ood_0034_b03
PC_test_ood_0035_b03,C,test_ood,1,A,0,3,2258,9853,0.13389761081462542,0.5425273180007935,0.866317093372345,protocol_C/test_ood/PC_test_ood_0035_b03
PC_test_ood_0036_b03,C,test_ood,1,A,0,3,2302,10040,0.10236430718599435,0.5316596627235413,0.8648675680160522,protocol_C/test_ood/PC_test_ood_0036_b03
PC_test_ood_0037_b03,C,test_ood,1,A,0,3,2266,9881,0.10157384560432714,0.48745521903038025,0.8661972880363464,protocol_C/test_ood/PC_test_ood_0037_b03
PC_test_ood_0038_b03,C,test_ood,1,A,0,3,2261,9871,0.1403797890877408,0.5460711717605591,0.8662421107292175,protocol_C/test_ood/PC_test_ood_0038_b03
PC_test_ood_0039_b03,C,test_ood,1,A,0,3,2336,10272,0.11004267418683694,0.4690415561199188,0.8648629188537598,protocol_C/test_ood/PC_test_ood_0039_b03
PC_test_ood_0040_b03,C,test_ood,1,A,0,3,2413,10548,0.10423592637609624,0.5157564878463745,0.861981213092804,protocol_C/test_ood/PC_test_ood_0040_b03
PC_test_ood_0041_b03,C,test_ood,1,A,0,3,2335,10201,0.10566911962310915,0.4885827898979187,0.865972638130188,protocol_C/test_ood/PC_test_ood_0041_b03
PC_test_ood_0042_b03,C,test_ood,1,A,0,3,2310,10108,0.1473796459635575,0.523657500743866,0.8638675212860107,protocol_C/test_ood/PC_test_ood_0042_b03
PC_test_ood_0043_b03,C,test_ood,1,A,0,3,2311,10111,0.10795130532844202,0.5160624980926514,0.8638651967048645,protocol_C/test_ood/PC_test_ood_0043_b03
PC_test_ood_0044_b03,C,test_ood,1,A,0,3,2372,10312,0.1348428533156338,0.5087718367576599,0.8639269471168518,protocol_C/test_ood/PC_test_ood_0044_b03
PC_test_ood_0045_b03,C,test_ood,1,A,0,3,2305,10117,0.13009060027722946,0.5061842203140259,0.8660480976104736,protocol_C/test_ood/PC_test_ood_0045_b03
PC_test_ood_0046_b03,C,test_ood,1,A,0,3,2265,9927,0.1237826618895828,0.46993181109428406,0.8654077053070068,protocol_C/test_ood/PC_test_ood_0046_b03
PC_test_ood_0047_b03,C,test_ood,1,A,0,3,2363,10435,0.10824905349798863,0.5233893990516663,0.86728435754776,protocol_C/test_ood/PC_test_ood_0047_b03
PC_test_ood_0048_b03,C,test_ood,1,A,0,3,2345,10243,0.13424762352907804,0.5143373608589172,0.8666396737098694,protocol_C/test_ood/PC_test_ood_0048_b03
PC_test_ood_0049_b03,C,test_ood,1,A,0,3,2255,9894,0.11374051047017458,0.5339690446853638,0.8633717894554138,protocol_C/test_ood/PC_test_ood_0049_b03
PC_test_ood_0050_b03,C,test_ood,1,A,0,3,2298,10098,0.1841723603102636,0.5302962064743042,0.8649086356163025,protocol_C/test_ood/PC_test_ood_0050_b03
PC_test_ood_0051_b03,C,test_ood,1,A,0,3,2290,10003,0.1388149856166789,0.5157900452613831,0.867816686630249,protocol_C/test_ood/PC_test_ood_0051_b03
PC_test_ood_0052_b03,C,test_ood,1,A,0,3,2291,9951,0.12097999330522426,0.5192137360572815,0.8648919463157654,protocol_C/test_ood/PC_test_ood_0052_b03
PC_test_ood_0053_b03,C,test_ood,1,A,0,3,2293,10018,0.1914832389208171,0.5639990568161011,0.8643340468406677,protocol_C/test_ood/PC_test_ood_0053_b03
PC_test_ood_0054_b03,C,test_ood,1,A,0,3,2174,9144,0.11216638531556711,0.5342108607292175,0.858504056930542,protocol_C/test_ood/PC_test_ood_0054_b03
PC_test_ood_0055_b03,C,test_ood,1,A,0,3,2194,9476,0.1083444419520483,0.5526007413864136,0.8633558750152588,protocol_C/test_ood/PC_test_ood_0055_b03
PC_test_ood_0056_b03,C,test_ood,1,A,0,3,2268,9898,0.13746901412349163,0.4951581060886383,0.8639288544654846,protocol_C/test_ood/PC_test_ood_0056_b03
PC_test_ood_0057_b03,C,test_ood,1,A,0,3,2268,9951,0.1678054176551133,0.5581163763999939,0.8657400012016296,protocol_C/test_ood/PC_test_ood_0057_b03
PC_test_ood_0058_b03,C,test_ood,1,A,0,3,2274,9903,0.13555684157770054,0.5212539434432983,0.8644888401031494,protocol_C/test_ood/PC_test_ood_0058_b03
PC_test_ood_0059_b03,C,test_ood,1,A,0,3,2330,10210,0.11822297305887747,0.5111496448516846,0.8645036220550537,protocol_C/test_ood/PC_test_ood_0059_b03
PC_test_ood_0060_b03,C,test_ood,1,A,0,3,2308,10108,0.11104309506133117,0.5211039185523987,0.8663298487663269,protocol_C/test_ood/PC_test_ood_0060_b03
PC_test_ood_0061_b03,C,test_ood,1,A,0,3,2308,10109,0.11398919499145457,0.5160261988639832,0.8639349937438965,protocol_C/test_ood/PC_test_ood_0061_b03
PC_test_ood_0062_b03,C,test_ood,1,A,0,3,2392,10397,0.1257631058114809,0.5765581727027893,0.8628555536270142,protocol_C/test_ood/PC_test_ood_0062_b03
PC_test_ood_0063_b03,C,test_ood,1,A,0,3,2212,9518,0.11784984032985091,0.5248761773109436,0.8635038733482361,protocol_C/test_ood/PC_test_ood_0063_b03
PC_test_ood_0064_b03,C,test_ood,1,A,0,3,2256,9901,0.1262387521826754,0.5344244837760925,0.8669838309288025,protocol_C/test_ood/PC_test_ood_0064_b03
PC_test_ood_0065_b03,C,test_ood,1,A,0,3,2304,10108,0.10687907366528798,0.5192392468452454,0.8653609156608582,protocol_C/test_ood/PC_test_ood_0065_b03
PC_test_ood_0066_b03,C,test_ood,1,A,0,3,2275,9948,0.10325626084718154,0.4842242896556854,0.8628084063529968,protocol_C/test_ood/PC_test_ood_0066_b03
PC_test_ood_0067_b03,C,test_ood,1,A,0,3,2257,9800,0.10858022838310649,0.44151759147644043,0.8672747015953064,protocol_C/test_ood/PC_test_ood_0067_b03
PC_test_ood_0068_b03,C,test_ood,1,A,0,3,2218,9620,0.10349889292288639,0.5706599950790405,0.8655739426612854,protocol_C/test_ood/PC_test_ood_0068_b03
PC_test_ood_0069_b03,C,test_ood,1,A,0,3,2265,9907,0.1270763485099385,0.5008004307746887,0.863603413105011,protocol_C/test_ood/PC_test_ood_0069_b03
PC_test_ood_0070_b03,C,test_ood,1,A,0,3,2338,10364,0.16385166882069502,0.5317927002906799,0.86529541015625,protocol_C/test_ood/PC_test_ood_0070_b03
PC_test_ood_0071_b03,C,test_ood,1,A,0,3,2233,9600,0.1594477428336814,0.4979494512081146,0.8620479106903076,protocol_C/test_ood/PC_test_ood_0071_b03
PC_test_ood_0072_b03,C,test_ood,1,A,0,3,2413,10612,0.14285167939529655,0.5287467241287231,0.866666853427887,protocol_C/test_ood/PC_test_ood_0072_b03
PC_test_ood_0073_b03,C,test_ood,1,A,0,3,2420,10673,0.10144604919604812,0.4984790086746216,0.8647078275680542,protocol_C/test_ood/PC_test_ood_0073_b03
PC_test_ood_0074_b03,C,test_ood,1,A,0,3,2212,9523,0.11032433221594501,0.5432508587837219,0.8639659881591797,protocol_C/test_ood/PC_test_ood_0074_b03
PC_test_ood_0075_b03,C,test_ood,1,A,0,3,2405,10524,0.11415477491675682,0.5477991700172424,0.8632707595825195,protocol_C/test_ood/PC_test_ood_0075_b03
PC_test_ood_0076_b03,C,test_ood,1,A,0,3,2347,10244,0.1067015951611443,0.4780552387237549,0.8641044497489929,protocol_C/test_ood/PC_test_ood_0076_b03
PC_test_ood_0077_b03,C,test_ood,1,A,0,3,2209,9593,0.11903616387203192,0.5484715104103088,0.8629263043403625,protocol_C/test_ood/PC_test_ood_0077_b03
PC_test_ood_0078_b03,C,test_ood,1,A,0,3,2359,10356,0.109613393550474,0.5104500651359558,0.8633061647415161,protocol_C/test_ood/PC_test_ood_0078_b03
PC_test_ood_0079_b03,C,test_ood,1,A,0,3,2271,9899,0.11929515630293411,0.4825787842273712,0.8661984801292419,protocol_C/test_ood/PC_test_ood_0079_b03
PC_test_ood_0080_b03,C,test_ood,1,A,0,3,2251,9781,0.10219613381967091,0.5126672983169556,0.8650143146514893,protocol_C/test_ood/PC_test_ood_0080_b03
PC_test_ood_0081_b03,C,test_ood,1,A,0,3,2390,10505,0.17322844892030248,0.5296285152435303,0.8647028207778931,protocol_C/test_ood/PC_test_ood_0081_b03
PC_test_ood_0082_b03,C,test_ood,1,A,0,3,2306,10153,0.14378713019320344,0.5329890847206116,0.8675532937049866,protocol_C/test_ood/PC_test_ood_0082_b03
PC_test_ood_0083_b03,C,test_ood,1,A,0,3,2261,9772,0.1124956741317594,0.5250065326690674,0.8629019856452942,protocol_C/test_ood/PC_test_ood_0083_b03
PC_test_ood_0084_b03,C,test_ood,1,A,0,3,2333,10164,0.1087126966516122,0.5259027481079102,0.8647189736366272,protocol_C/test_ood/PC_test_ood_0084_b03
PC_test_ood_0085_b03,C,test_ood,1,A,0,3,2269,9999,0.12883328503862934,0.5399668216705322,0.8643725514411926,protocol_C/test_ood/PC_test_ood_0085_b03
PC_test_ood_0086_b03,C,test_ood,1,A,0,3,2339,10235,0.15500437092571842,0.5366502404212952,0.8674162030220032,protocol_C/test_ood/PC_test_ood_0086_b03
PC_test_ood_0087_b03,C,test_ood,1,A,0,3,2236,9736,0.11519756343900553,0.5095723271369934,0.865449845790863,protocol_C/test_ood/PC_test_ood_0087_b03
PC_test_ood_0088_b03,C,test_ood,1,A,0,3,2427,10600,0.14660986528673103,0.5196797847747803,0.863337516784668,protocol_C/test_ood/PC_test_ood_0088_b03
PC_test_ood_0089_b03,C,test_ood,1,A,0,3,2237,9785,0.15501108393489316,0.5344850420951843,0.8666121363639832,protocol_C/test_ood/PC_test_ood_0089_b03
PC_test_ood_0090_b03,C,test_ood,1,A,0,3,2329,10171,0.12891495435994596,0.5335244536399841,0.8671070337295532,protocol_C/test_ood/PC_test_ood_0090_b03
PC_test_ood_0091_b03,C,test_ood,1,A,0,3,2280,9944,0.13207638882987266,0.53472501039505,0.8644549250602722,protocol_C/test_ood/PC_test_ood_0091_b03
PC_test_ood_0092_b03,C,test_ood,1,A,0,3,2169,9376,0.14542992371308033,0.5672322511672974,0.8643311262130737,protocol_C/test_ood/PC_test_ood_0092_b03
PC_test_ood_0093_b03,C,test_ood,1,A,0,3,2295,9785,0.12138940685747507,0.48524120450019836,0.8561132550239563,protocol_C/test_ood/PC_test_ood_0093_b03
PC_test_ood_0094_b03,C,test_ood,1,A,0,3,2330,9967,0.11063914016394205,0.554449737071991,0.8627419471740723,protocol_C/test_ood/PC_test_ood_0094_b03
PC_test_ood_0095_b03,C,test_ood,1,A,0,3,2330,10146,0.10487268479610934,0.5059661269187927,0.8631902933120728,protocol_C/test_ood/PC_test_ood_0095_b03
PC_test_ood_0096_b03,C,test_ood,1,A,0,3,2152,9166,0.1178104101195751,0.5044278502464294,0.8612684011459351,protocol_C/test_ood/PC_test_ood_0096_b03
PC_test_ood_0097_b03,C,test_ood,1,A,0,3,2253,9856,0.13926978506621135,0.5620788335800171,0.8614606261253357,protocol_C/test_ood/PC_test_ood_0097_b03
PC_test_ood_0098_b03,C,test_ood,1,A,0,3,2325,10150,0.12814095312828158,0.48505085706710815,0.8646180629730225,protocol_C/test_ood/PC_test_ood_0098_b03
PC_test_ood_0099_b03,C,test_ood,1,A,0,3,2328,10219,0.17956108546157235,0.570645809173584,0.8664453625679016,protocol_C/test_ood/PC_test_ood_0099_b03
PC_test_ood_0100_b03,C,test_ood,1,A,0,3,2421,10552,0.1265998803729726,0.5070855021476746,0.8623492121696472,protocol_C/test_ood/PC_test_ood_0100_b03
PC_test_ood_0101_b03,C,test_ood,1,A,0,3,2317,10268,0.10784043327543506,0.4091174304485321,0.8679425716400146,protocol_C/test_ood/PC_test_ood_0101_b03
PC_test_ood_0102_b03,C,test_ood,1,A,0,3,2266,9864,0.1077693270194924,0.5359371900558472,0.8650394678115845,protocol_C/test_ood/PC_test_ood_0102_b03
PC_test_ood_0103_b03,C,test_ood,1,A,0,3,2333,10188,0.1295526773653321,0.5445807576179504,0.8644478917121887,protocol_C/test_ood/PC_test_ood_0103_b03
PC_test_ood_0104_b03,C,test_ood,1,A,0,3,2330,10076,0.11054465534055205,0.5052167177200317,0.8634395003318787,protocol_C/test_ood/PC_test_ood_0104_b03
PC_test_ood_0105_b03,C,test_ood,1,A,0,3,2275,9940,0.11983402857795589,0.5221591591835022,0.8661656379699707,protocol_C/test_ood/PC_test_ood_0105_b03
PC_test_ood_0106_b03,C,test_ood,1,A,0,3,2328,9952,0.10227863992981484,0.5229067802429199,0.8615735173225403,protocol_C/test_ood/PC_test_ood_0106_b03
PC_test_ood_0107_b03,C,test_ood,1,A,0,3,2300,9889,0.10315324180114474,0.5109959244728088,0.8609427809715271,protocol_C/test_ood/PC_test_ood_0107_b03
PC_test_ood_0108_b03,C,test_ood,1,A,0,3,2302,10088,0.1390820905716374,0.5435434579849243,0.8671625256538391,protocol_C/test_ood/PC_test_ood_0108_b03
PC_test_ood_0109_b03,C,test_ood,1,A,0,3,2230,9651,0.1023694118079636,0.49743619561195374,0.8647338151931763,protocol_C/test_ood/PC_test_ood_0109_b03
PC_test_ood_0110_b03,C,test_ood,1,A,0,3,2316,10007,0.1004830478695434,0.46234703063964844,0.8618434071540833,protocol_C/test_ood/PC_test_ood_0110_b03
PC_test_ood_0111_b03,C,test_ood,1,A,0,3,2310,10141,0.1312370989772834,0.45580145716667175,0.8651636838912964,protocol_C/test_ood/PC_test_ood_0111_b03
PC_test_ood_0112_b03,C,test_ood,1,A,0,3,2313,10108,0.17734197138963928,0.5021564960479736,0.8639816045761108,protocol_C/test_ood/PC_test_ood_0112_b03
PC_test_ood_0113_b03,C,test_ood,1,A,0,3,2343,10203,0.10080374419480342,0.529935896396637,0.8618242740631104,protocol_C/test_ood/PC_test_ood_0113_b03
PC_test_ood_0114_b03,C,test_ood,1,A,0,3,2299,10088,0.1288003565992651,0.5223891735076904,0.8647144436836243,protocol_C/test_ood/PC_test_ood_0114_b03
PC_test_ood_0115_b03,C,test_ood,1,A,0,3,2299,10076,0.13048997004278381,0.5553603172302246,0.8624212741851807,protocol_C/test_ood/PC_test_ood_0115_b03
PC_test_ood_0116_b03,C,test_ood,1,A,0,3,2207,9503,0.10099756210777916,0.49245381355285645,0.8616411089897156,protocol_C/test_ood/PC_test_ood_0116_b03
PC_test_ood_0117_b03,C,test_ood,1,A,0,3,2326,10179,0.1092461163836421,0.5490169525146484,0.8661434650421143,protocol_C/test_ood/PC_test_ood_0117_b03
PC_test_ood_0118_b03,C,test_ood,1,A,0,3,2324,10209,0.1061293073482014,0.5327198505401611,0.8633130788803101,protocol_C/test_ood/PC_test_ood_0118_b03
PC_test_ood_0119_b03,C,test_ood,1,A,0,3,2257,9878,0.11916426630246471,0.5308643579483032,0.8669719696044922,protocol_C/test_ood/PC_test_ood_0119_b03
PC_test_ood_0120_b03,C,test_ood,1,A,0,3,2343,10301,0.11188956610446371,0.5455020666122437,0.8661953210830688,protocol_C/test_ood/PC_test_ood_0120_b03
PC_test_ood_0121_b03,C,test_ood,1,A,0,3,2215,9681,0.11366170322146582,0.5508933663368225,0.8634543418884277,protocol_C/test_ood/PC_test_ood_0121_b03
PC_test_ood_0122_b03,C,test_ood,1,A,0,3,2309,10084,0.12314589640061246,0.54243004322052,0.8638932704925537,protocol_C/test_ood/PC_test_ood_0122_b03
PC_test_ood_0123_b03,C,test_ood,1,A,0,3,2249,9790,0.13591174735943035,0.5296440720558167,0.8631141781806946,protocol_C/test_ood/PC_test_ood_0123_b03
PC_test_ood_0124_b03,C,test_ood,1,A,0,3,2237,9743,0.12324045027111111,0.5775756239891052,0.8651242256164551,protocol_C/test_ood/PC_test_ood_0124_b03
PC_test_ood_0125_b03,C,test_ood,1,A,0,3,2236,9704,0.15543570845336774,0.564385175704956,0.8668616414070129,protocol_C/test_ood/PC_test_ood_0125_b03
PC_test_ood_0126_b03,C,test_ood,1,A,0,3,2280,9952,0.10715287872169926,0.5176520347595215,0.8668946027755737,protocol_C/test_ood/PC_test_ood_0126_b03
PC_test_ood_0127_b03,C,test_ood,1,A,0,3,2327,10119,0.10163872310183007,0.5015841126441956,0.8627844452857971,protocol_C/test_ood/PC_test_ood_0127_b03
PC_test_ood_0128_b03,C,test_ood,1,A,0,3,2298,9961,0.12186104363021039,0.5096911787986755,0.8638457655906677,protocol_C/test_ood/PC_test_ood_0128_b03
PC_test_ood_0129_b03,C,test_ood,1,A,0,3,2251,9797,0.10435558021495618,0.5348061323165894,0.865262508392334,protocol_C/test_ood/PC_test_ood_0129_b03
PC_test_ood_0130_b03,C,test_ood,1,A,0,3,2286,10015,0.12624944707480198,0.5350264310836792,0.8666854500770569,protocol_C/test_ood/PC_test_ood_0130_b03
PC_test_ood_0131_b03,C,test_ood,1,A,0,3,2163,9395,0.12174266585389974,0.5321323871612549,0.8633434772491455,protocol_C/test_ood/PC_test_ood_0131_b03
PC_test_ood_0132_b03,C,test_ood,1,A,0,3,2351,10299,0.10322908748261568,0.4373742640018463,0.8627840280532837,protocol_C/test_ood/PC_test_ood_0132_b03
PC_test_ood_0133_b03,C,test_ood,1,A,0,3,2248,9649,0.12241418129889126,0.5566812753677368,0.8609170317649841,protocol_C/test_ood/PC_test_ood_0133_b03
PC_test_ood_0134_b03,C,test_ood,1,A,0,3,2392,10466,0.1272176697395797,0.5182934403419495,0.86380535364151,protocol_C/test_ood/PC_test_ood_0134_b03
PC_test_ood_0135_b03,C,test_ood,1,A,0,3,2322,10043,0.13204168733464383,0.5157673954963684,0.8636000156402588,protocol_C/test_ood/PC_test_ood_0135_b03
PC_test_ood_0136_b03,C,test_ood,1,A,0,3,2317,10102,0.12338556123007377,0.5272125005722046,0.8636645674705505,protocol_C/test_ood/PC_test_ood_0136_b03
PC_test_ood_0137_b03,C,test_ood,1,A,0,3,2238,9714,0.1233173791226182,0.556077778339386,0.8636003136634827,protocol_C/test_ood/PC_test_ood_0137_b03
PC_test_ood_0138_b03,C,test_ood,1,A,0,3,2332,10053,0.10931482747694155,0.45306268334388733,0.8617966175079346,protocol_C/test_ood/PC_test_ood_0138_b03
PC_test_ood_0139_b03,C,test_ood,1,A,0,3,2308,9939,0.10083162005572144,0.5197370052337646,0.8633798956871033,protocol_C/test_ood/PC_test_ood_0139_b03
PC_test_ood_0140_b03,C,test_ood,1,A,0,3,2304,10027,0.11503388808290493,0.46315011382102966,0.8665429353713989,protocol_C/test_ood/PC_test_ood_0140_b03
PC_test_ood_0141_b03,C,test_ood,1,A,0,3,2260,9737,0.11570135971189419,0.49543532729148865,0.8616533875465393,protocol_C/test_ood/PC_test_ood_0141_b03
PC_test_ood_0142_b03,C,test_ood,1,A,0,3,2359,10276,0.13939640977539264,0.514274537563324,0.8625718355178833,protocol_C/test_ood/PC_test_ood_0142_b03
PC_test_ood_0143_b03,C,test_ood,1,A,0,3,2258,9738,0.12243316062753087,0.5471899509429932,0.8625051379203796,protocol_C/test_ood/PC_test_ood_0143_b03
PC_test_ood_0144_b03,C,test_ood,1,A,0,3,2334,10211,0.12247398248655197,0.49959102272987366,0.8657286167144775,protocol_C/test_ood/PC_test_ood_0144_b03
PC_test_ood_0145_b03,C,test_ood,1,A,0,3,2358,10273,0.11033857632313204,0.5347353219985962,0.8661599159240723,protocol_C/test_ood/PC_test_ood_0145_b03
PC_test_ood_0146_b03,C,test_ood,1,A,0,3,2339,10200,0.11834553307877566,0.4942099153995514,0.8639875054359436,protocol_C/test_ood/PC_test_ood_0146_b03
PC_test_ood_0147_b03,C,test_ood,1,A,0,3,2259,9842,0.12286210679572085,0.4723942279815674,0.8669123649597168,protocol_C/test_ood/PC_test_ood_0147_b03
PC_test_ood_0148_b03,C,test_ood,1,A,0,3,2273,9890,0.11761872262700256,0.5307372212409973,0.8648871779441833,protocol_C/test_ood/PC_test_ood_0148_b03
PC_test_ood_0149_b03,C,test_ood,1,A,0,3,2274,9917,0.12432709248615081,0.5442178845405579,0.8658134937286377,protocol_C/test_ood/PC_test_ood_0149_b03
PC_test_ood_0150_b03,C,test_ood,1,A,0,3,2320,10184,0.12186943620421015,0.5087903738021851,0.864268958568573,protocol_C/test_ood/PC_test_ood_0150_b03
PC_test_ood_0151_b03,C,test_ood,1,A,0,3,2340,10245,0.13154593946853776,0.5572841167449951,0.8640316128730774,protocol_C/test_ood/PC_test_ood_0151_b03
PC_test_ood_0152_b03,C,test_ood,1,A,0,3,2289,10030,0.1241261281481254,0.554216206073761,0.8649739027023315,protocol_C/test_ood/PC_test_ood_0152_b03
PC_test_ood_0153_b03,C,test_ood,1,A,0,3,2284,9986,0.11454198857868511,0.5268387198448181,0.8646278381347656,protocol_C/test_ood/PC_test_ood_0153_b03
PC_test_ood_0154_b03,C,test_ood,1,A,0,3,2303,10072,0.12060720851053156,0.5331707000732422,0.8641877174377441,protocol_C/test_ood/PC_test_ood_0154_b03
PC_test_ood_0155_b03,C,test_ood,1,A,0,3,2411,10552,0.11054047306764486,0.5201409459114075,0.8635679483413696,protocol_C/test_ood/PC_test_ood_0155_b03
PC_test_ood_0156_b03,C,test_ood,1,A,0,3,2294,10002,0.10476639469863383,0.5392467975616455,0.8656525611877441,protocol_C/test_ood/PC_test_ood_0156_b03
PC_test_ood_0157_b03,C,test_ood,1,A,0,3,2315,10124,0.12267509475405744,0.5297256112098694,0.8629422783851624,protocol_C/test_ood/PC_test_ood_0157_b03
PC_test_ood_0158_b03,C,test_ood,1,A,0,3,2311,10123,0.11798971356577961,0.5456283688545227,0.8654026389122009,protocol_C/test_ood/PC_test_ood_0158_b03
PC_test_ood_0159_b03,C,test_ood,1,A,0,3,2271,9869,0.17165497224263984,0.5400689244270325,0.863462507724762,protocol_C/test_ood/PC_test_ood_0159_b03
PC_test_ood_0160_b03,C,test_ood,1,A,0,3,2226,9646,0.16406957527580285,0.5249934196472168,0.8658345341682434,protocol_C/test_ood/PC_test_ood_0160_b03
PC_test_ood_0161_b03,C,test_ood,1,A,0,3,2191,9368,0.11275746648347157,0.44018983840942383,0.8614610433578491,protocol_C/test_ood/PC_test_ood_0161_b03
PC_test_ood_0162_b03,C,test_ood,1,A,0,3,2252,9783,0.11595851412627811,0.5059514045715332,0.8671668171882629,protocol_C/test_ood/PC_test_ood_0162_b03
PC_test_ood_0163_b03,C,test_ood,1,A,0,3,2361,10344,0.12659282911672282,0.47915783524513245,0.8650782108306885,protocol_C/test_ood/PC_test_ood_0163_b03
PC_test_ood_0164_b03,C,test_ood,1,A,0,3,2240,9741,0.11178920421774576,0.4395751357078552,0.8639724850654602,protocol_C/test_ood/PC_test_ood_0164_b03
PC_test_ood_0165_b03,C,test_ood,1,A,0,3,2284,10020,0.14865714421670886,0.5378431677818298,0.8660895228385925,protocol_C/test_ood/PC_test_ood_0165_b03
PC_test_ood_0166_b03,C,test_ood,1,A,0,3,2315,9968,0.10265343362864446,0.5316004753112793,0.8653940558433533,protocol_C/test_ood/PC_test_ood_0166_b03
PC_test_ood_0167_b03,C,test_ood,1,A,0,3,2170,9334,0.1247061340230283,0.498271107673645,0.8637759685516357,protocol_C/test_ood/PC_test_ood_0167_b03
PC_test_ood_0168_b03,C,test_ood,1,A,0,3,2325,10185,0.12642115672490697,0.5592017769813538,0.8630300164222717,protocol_C/test_ood/PC_test_ood_0168_b03
PC_test_ood_0169_b03,C,test_ood,1,A,0,3,2269,9926,0.1040033810921524,0.5340189933776855,0.8667975068092346,protocol_C/test_ood/PC_test_ood_0169_b03
PC_test_ood_0170_b03,C,test_ood,1,A,0,3,2293,10074,0.11635523271336459,0.537509560585022,0.8679804801940918,protocol_C/test_ood/PC_test_ood_0170_b03
PC_test_ood_0171_b03,C,test_ood,1,A,0,3,2311,10177,0.11268909219216161,0.5348214507102966,0.8663231134414673,protocol_C/test_ood/PC_test_ood_0171_b03
PC_test_ood_0172_b03,C,test_ood,1,A,0,3,2294,9940,0.12574767826648442,0.5829957723617554,0.8643715977668762,protocol_C/test_ood/PC_test_ood_0172_b03
PC_test_ood_0173_b03,C,test_ood,1,A,0,3,2362,10301,0.10514297254904184,0.515032947063446,0.8646570444107056,protocol_C/test_ood/PC_test_ood_0173_b03
PC_test_ood_0174_b03,C,test_ood,1,A,0,3,2284,9850,0.10961696212380512,0.42232462763786316,0.861452579498291,protocol_C/test_ood/PC_test_ood_0174_b03
PC_test_ood_0175_b03,C,test_ood,1,A,0,3,2335,10194,0.1383809723359653,0.47926944494247437,0.8653192520141602,protocol_C/test_ood/PC_test_ood_0175_b03
PC_test_ood_0176_b03,C,test_ood,1,A,0,3,2244,9759,0.10326570634506535,0.5239794254302979,0.8658033609390259,protocol_C/test_ood/PC_test_ood_0176_b03
PC_test_ood_0177_b03,C,test_ood,1,A,0,3,2270,9903,0.13220484181101264,0.4995410442352295,0.865652859210968,protocol_C/test_ood/PC_test_ood_0177_b03
PC_test_ood_0178_b03,C,test_ood,1,A,0,3,2310,10062,0.11190857960943493,0.5542708039283752,0.8650762438774109,protocol_C/test_ood/PC_test_ood_0178_b03
PC_test_ood_0179_b03,C,test_ood,1,A,0,3,2327,10138,0.10746176389720163,0.5232340693473816,0.8637210726737976,protocol_C/test_ood/PC_test_ood_0179_b03
PC_test_ood_0180_b03,C,test_ood,1,A,0,3,2344,10203,0.10761436884291359,0.436515212059021,0.8618652820587158,protocol_C/test_ood/PC_test_ood_0180_b03
PC_test_ood_0181_b03,C,test_ood,1,A,0,3,2303,10040,0.12052000993204601,0.3843919336795807,0.8630115985870361,protocol_C/test_ood/PC_test_ood_0181_b03
PC_test_ood_0182_b03,C,test_ood,1,A,0,3,2302,10024,0.11439841444626409,0.5215089321136475,0.863290011882782,protocol_C/test_ood/PC_test_ood_0182_b03
PC_test_ood_0183_b03,C,test_ood,1,A,0,3,2234,9655,0.10291141737611462,0.5191324353218079,0.8624383211135864,protocol_C/test_ood/PC_test_ood_0183_b03
PC_test_ood_0184_b03,C,test_ood,1,A,0,3,2318,10186,0.14491860358252906,0.521945595741272,0.8658655881881714,protocol_C/test_ood/PC_test_ood_0184_b03
PC_test_ood_0185_b03,C,test_ood,1,A,0,3,2305,10044,0.10551472870847473,0.5293423533439636,0.86566162109375,protocol_C/test_ood/PC_test_ood_0185_b03
PC_test_ood_0186_b03,C,test_ood,1,A,0,3,2302,9987,0.10272719738740893,0.5463134050369263,0.866506040096283,protocol_C/test_ood/PC_test_ood_0186_b03
PC_test_ood_0187_b03,C,test_ood,1,A,0,3,2321,10215,0.1056956624029449,0.5006611943244934,0.8655728101730347,protocol_C/test_ood/PC_test_ood_0187_b03
PC_test_ood_0188_b03,C,test_ood,1,A,0,3,2317,10122,0.10953218648831178,0.49668481945991516,0.8639324903488159,protocol_C/test_ood/PC_test_ood_0188_b03
PC_test_ood_0189_b03,C,test_ood,1,A,0,3,2307,9983,0.1107076835344204,0.5448448061943054,0.8598584532737732,protocol_C/test_ood/PC_test_ood_0189_b03
PC_test_ood_0190_b03,C,test_ood,1,A,0,3,2281,9990,0.1458385937781494,0.4881470203399658,0.8680158853530884,protocol_C/test_ood/PC_test_ood_0190_b03
PC_test_ood_0191_b03,C,test_ood,1,A,0,3,2312,10178,0.10214315365247428,0.5383789539337158,0.8660320043563843,protocol_C/test_ood/PC_test_ood_0191_b03
PC_test_ood_0192_b03,C,test_ood,1,A,0,3,2327,10263,0.1323650104671404,0.5380904078483582,0.8671202063560486,protocol_C/test_ood/PC_test_ood_0192_b03
PC_test_ood_0193_b03,C,test_ood,1,A,0,3,2345,10249,0.12706906556087705,0.5295329689979553,0.8634615540504456,protocol_C/test_ood/PC_test_ood_0193_b03
PC_test_ood_0194_b03,C,test_ood,1,A,0,3,2402,10548,0.10304266231148707,0.4683527946472168,0.864176869392395,protocol_C/test_ood/PC_test_ood_0194_b03
PC_test_ood_0195_b03,C,test_ood,1,A,0,3,2481,10908,0.11573126581660581,0.48360681533813477,0.8639267683029175,protocol_C/test_ood/PC_test_ood_0195_b03
PC_test_ood_0196_b03,C,test_ood,1,A,0,3,2321,10083,0.10696571342999783,0.5165737271308899,0.8666729927062988,protocol_C/test_ood/PC_test_ood_0196_b03
PC_test_ood_0197_b03,C,test_ood,1,A,0,3,2339,10209,0.15772434229333498,0.5769240260124207,0.8643020987510681,protocol_C/test_ood/PC_test_ood_0197_b03
PC_test_ood_0198_b03,C,test_ood,1,A,0,3,2179,9356,0.107386761458313,0.526896595954895,0.8612945675849915,protocol_C/test_ood/PC_test_ood_0198_b03
PC_test_ood_0199_b03,C,test_ood,1,A,0,3,2226,9556,0.10781772250411291,0.4932132959365845,0.8591600060462952,protocol_C/test_ood/PC_test_ood_0199_b03
PC_train_0000_b02,C,train,0,A,0,2,2119,9174,0.1203933120878519,0.5230684280395508,0.8677993416786194,protocol_C/train/PC_train_0000_b02
PC_train_0001_b01,C,train,0,A,0,1,1863,7845,0.1847823204109009,0.5747856497764587,0.8658127188682556,protocol_C/train/PC_train_0001_b01
PC_train_0002_b00,C,train,0,A,0,0,1610,6503,1.0,0.5418422222137451,0.8633638620376587,protocol_C/train/PC_train_0002_b00
PC_train_0003_b02,C,train,0,A,0,2,2125,9130,0.1268054948929353,0.5426175594329834,0.8664944767951965,protocol_C/train/PC_train_0003_b02
PC_train_0004_b01,C,train,0,A,0,1,1965,8308,0.2682753475755657,0.5464851260185242,0.8643300533294678,protocol_C/train/PC_train_0004_b01
PC_train_0005_b00,C,train,0,A,0,0,1610,6503,1.0,0.5418422222137451,0.8633638620376587,protocol_C/train/PC_train_0005_b00
PC_train_0006_b02,C,train,0,A,0,2,2110,8943,0.1255553064871522,0.5700247287750244,0.8616250157356262,protocol_C/train/PC_train_0006_b02
PC_train_0007_b01,C,train,0,A,0,1,1995,8598,0.304267990917847,0.5351211428642273,0.8672565817832947,protocol_C/train/PC_train_0007_b01
PC_train_0008_b00,C,train,0,A,0,0,1610,6503,1.0,0.5418422222137451,0.8633638620376587,protocol_C/train/PC_train_0008_b00
PC_train_0009_b02,C,train,0,A,0,2,2098,8994,0.14168633631881128,0.5553780794143677,0.8641998171806335,protocol_C/train/PC_train_0009_b02
PC_train_0010_b01,C,train,0,A,0,1,1949,8157,0.11640255781978365,0.5547224283218384,0.8658525943756104,protocol_C/train/PC_train_0010_b01
PC_train_0011_b00,C,train,0,A,0,0,1610,6503,1.0,0.5418422222137451,0.8633638620376587,protocol_C/train/PC_train_0011_b00
PC_train_0012_b02,C,train,0,A,0,2,2165,9426,0.11720646343216065,0.5128654837608337,0.8681230545043945,protocol_C/train/PC_train_0012_b02
PC_train_0013_b01,C,train,0,A,0,1,1897,8073,0.24937433204298876,0.5599225163459778,0.8668913841247559,protocol_C/train/PC_train_0013_b01
PC_train_0014_b00,C,train,0,A,0,0,1610,6503,1.0,0.5418422222137451,0.8633638620376587,protocol_C/train/PC_train_0014_b00
PC_train_0015_b02,C,train,0,A,0,2,2231,9625,0.10781783894922409,0.4952458441257477,0.8634064793586731,protocol_C/train/PC_train_0015_b02
PC_train_0016_b01,C,train,0,A,0,1,1870,7906,0.14683502521293765,0.5698323249816895,0.8649115562438965,protocol_C/train/PC_train_0016_b01
PC_train_0017_b00,C,train,0,A,0,0,1610,6503,1.0,0.5418422222137451,0.8633638620376587,protocol_C/train/PC_train_0017_b00
PC_train_0018_b02,C,train,0,A,0,2,2254,9857,0.17403084070146402,0.5688289403915405,0.8678597211837769,protocol_C/train/PC_train_0018_b02
PC_train_0019_b01,C,train,0,A,0,1,1819,7597,0.14081820045891094,0.5653640031814575,0.863448977470398,protocol_C/train/PC_train_0019_b01
PC_train_0020_b00,C,train,0,A,0,0,1610,6503,1.0,0.5418422222137451,0.8633638620376587,protocol_C/train/PC_train_0020_b00
PC_train_0021_b02,C,train,0,A,0,2,2173,9411,0.118602424808255,0.567639172077179,0.8652079105377197,protocol_C/train/PC_train_0021_b02
PC_train_0022_b01,C,train,0,A,0,1,1865,7800,0.12301498797959382,0.4413318634033203,0.8605648875236511,protocol_C/train/PC_train_0022_b01
PC_train_0023_b00,C,train,0,A,0,0,1610,6503,1.0,0.5418422222137451,0.8633638620376587,protocol_C/train/PC_train_0023_b00
PC_train_0024_b02,C,train,0,A,0,2,2135,9210,0.11313834133386244,0.43762287497520447,0.8646829128265381,protocol_C/train/PC_train_0024_b02
PC_train_0025_b01,C,train,0,A,0,1,1893,7983,0.12964688507805253,0.5116809606552124,0.865392804145813,protocol_C/train/PC_train_0025_b01
PC_train_0026_b00,C,train,0,A,0,0,1610,6503,1.0,0.5418422222137451,0.8633638620376587,protocol_C/train/PC_train_0026_b00
PC_train_0027_b02,C,train,0,A,0,2,2097,8926,0.11185895760128983,0.48975297808647156,0.8627604842185974,protocol_C/train/PC_train_0027_b02
PC_train_0028_b01,C,train,0,A,0,1,1883,7863,0.1554258396412841,0.5201355218887329,0.8645226955413818,protocol_C/train/PC_train_0028_b01
PC_train_0029_b00,C,train,0,A,0,0,1610,6503,1.0,0.5418422222137451,0.8633638620376587,protocol_C/train/PC_train_0029_b00
PC_train_0030_b02,C,train,0,A,0,2,2076,8881,0.10992424049326363,0.5609355568885803,0.8626899123191833,protocol_C/train/PC_train_0030_b02
PC_train_0031_b01,C,train,0,A,0,1,1877,7881,0.12074481920594704,0.5261979103088379,0.8677579760551453,protocol_C/train/PC_train_0031_b01
PC_train_0032_b00,C,train,0,A,0,0,1610,6503,1.0,0.5418422222137451,0.8633638620376587,protocol_C/train/PC_train_0032_b00
PC_train_0033_b02,C,train,0,A,0,2,2210,9623,0.10203324944613013,0.5043294429779053,0.8653755187988281,protocol_C/train/PC_train_0033_b02
PC_train_0034_b01,C,train,0,A,0,1,1947,8275,0.23990990559237296,0.5301088094711304,0.8650232553482056,protocol_C/train/PC_train_0034_b01
PC_train_0035_b00,C,train,0,A,0,0,1610,6503,1.0,0.5418422222137451,0.8633638620376587,protocol_C/train/PC_train_0035_b00
PC_train_0036_b02,C,train,0,A,0,2,2165,9407,0.14125215072525127,0.5852881669998169,0.8681626915931702,protocol_C/train/PC_train_0036_b02
PC_train_0037_b01,C,train,0,A,0,1,1926,8145,0.13575394508952518,0.4954279959201813,0.8651690483093262,protocol_C/train/PC_train_0037_b01
PC_train_0038_b00,C,train,0,A,0,0,1610,6503,1.0,0.5418422222137451,0.8633638620376587,protocol_C/train/PC_train_0038_b00
PC_train_0039_b02,C,train,0,A,0,2,2169,9418,0.2633150627287497,0.5545199513435364,0.8663118481636047,protocol_C/train/PC_train_0039_b02
PC_train_0040_b01,C,train,0,A,0,1,1852,7795,0.22367642540689506,0.5341339111328125,0.8674874901771545,protocol_C/train/PC_train_0040_b01
PC_train_0041_b00,C,train,0,A,0,0,1610,6503,1.0,0.5418422222137451,0.8633638620376587,protocol_C/train/PC_train_0041_b00
PC_train_0042_b02,C,train,0,A,0,2,2185,9531,0.11121657298828069,0.5492717623710632,0.8659290671348572,protocol_C/train/PC_train_0042_b02
PC_train_0043_b01,C,train,0,A,0,1,1846,7694,0.10572533626061334,0.4928121566772461,0.864563524723053,protocol_C/train/PC_train_0043_b01
PC_train_0044_b00,C,train,0,A,0,0,1610,6503,1.0,0.5418422222137451,0.8633638620376587,protocol_C/train/PC_train_0044_b00
PC_train_0045_b02,C,train,0,A,0,2,2156,9361,0.11270166882428469,0.5179657340049744,0.8669866323471069,protocol_C/train/PC_train_0045_b02
PC_train_0046_b01,C,train,0,A,0,1,1808,7573,0.14156328383344804,0.575411319732666,0.8619418740272522,protocol_C/train/PC_train_0046_b01
PC_train_0047_b00,C,train,0,A,0,0,1610,6503,1.0,0.5418422222137451,0.8633638620376587,protocol_C/train/PC_train_0047_b00
PC_train_0048_b02,C,train,0,A,0,2,2181,9477,0.141660271433761,0.5560984015464783,0.8676199913024902,protocol_C/train/PC_train_0048_b02
PC_train_0049_b01,C,train,0,A,0,1,1934,8112,0.14218022600273184,0.5491889715194702,0.8638504147529602,protocol_C/train/PC_train_0049_b01
PC_train_0050_b00,C,train,0,A,0,0,1610,6503,1.0,0.5418422222137451,0.8633638620376587,protocol_C/train/PC_train_0050_b00
PC_train_0051_b02,C,train,0,A,0,2,2028,8732,0.1422917208785835,0.5717162489891052,0.8655561208724976,protocol_C/train/PC_train_0051_b02
PC_train_0052_b01,C,train,0,A,0,1,1798,7465,0.16709002736444517,0.5406214594841003,0.8613431453704834,protocol_C/train/PC_train_0052_b01
PC_train_0053_b00,C,train,0,A,0,0,1610,6503,1.0,0.5418422222137451,0.8633638620376587,protocol_C/train/PC_train_0053_b00
PC_train_0054_b02,C,train,0,A,0,2,2101,9028,0.13177667867714002,0.5040857791900635,0.8636664152145386,protocol_C/train/PC_train_0054_b02
PC_train_0055_b01,C,train,0,A,0,1,1867,7844,0.11101777171965732,0.5252490639686584,0.8643902540206909,protocol_C/train/PC_train_0055_b01
PC_train_0056_b00,C,train,0,A,0,0,1610,6503,1.0,0.5418422222137451,0.8633638620376587,protocol_C/train/PC_train_0056_b00
PC_train_0057_b02,C,train,0,A,0,2,2092,9058,0.12410778168542122,0.5473248362541199,0.8647414445877075,protocol_C/train/PC_train_0057_b02
PC_train_0058_b01,C,train,0,A,0,1,1941,8272,0.2109812277480832,0.5516396760940552,0.8642849326133728,protocol_C/train/PC_train_0058_b01
PC_train_0059_b00,C,train,0,A,0,0,1610,6503,1.0,0.5418422222137451,0.8633638620376587,protocol_C/train/PC_train_0059_b00
PC_train_0060_b02,C,train,0,A,0,2,2225,9637,0.12052535197532893,0.5409381985664368,0.8649101853370667,protocol_C/train/PC_train_0060_b02
PC_train_0061_b01,C,train,0,A,0,1,1919,8042,0.164351530045802,0.5838834643363953,0.8628929257392883,protocol_C/train/PC_train_0061_b01
PC_train_0062_b00,C,train,0,A,0,0,1610,6503,1.0,0.5418422222137451,0.8633638620376587,protocol_C/train/PC_train_0062_b00
PC_train_0063_b02,C,train,0,A,0,2,2168,9298,0.1118984043997808,0.5342118740081787,0.8587070107460022,protocol_C/train/PC_train_0063_b02
PC_train_0064_b01,C,train,0,A,0,1,1877,7864,0.17879225844397337,0.5288282632827759,0.8617571592330933,protocol_C/train/PC_train_0064_b01
PC_train_0065_b00,C,train,0,A,0,0,1610,6503,1.0,0.5418422222137451,0.8633638620376587,protocol_C/train/PC_train_0065_b00
PC_train_0066_b02,C,train,0,A,0,2,2094,8906,0.1180697770691061,0.5295976996421814,0.8615738153457642,protocol_C/train/PC_train_0066_b02
PC_train_0067_b01,C,train,0,A,0,1,1812,7574,0.15391215704027503,0.5718834400177002,0.8652358055114746,protocol_C/train/PC_train_0067_b01
PC_train_0068_b00,C,train,0,A,0,0,1610,6503,1.0,0.5418422222137451,0.8633638620376587,protocol_C/train/PC_train_0068_b00
PC_train_0069_b02,C,train,0,A,0,2,2258,9927,0.1867172520421679,0.5672166347503662,0.8696962594985962,protocol_C/train/PC_train_0069_b02
PC_train_0070_b01,C,train,0,A,0,1,1960,8297,0.18995765093950606,0.5691846013069153,0.8622280955314636,protocol_C/train/PC_train_0070_b01
PC_train_0071_b00,C,train,0,A,0,0,1610,6503,1.0,0.5418422222137451,0.8633638620376587,protocol_C/train/PC_train_0071_b00
PC_train_0072_b02,C,train,0,A,0,2,2139,9241,0.15022670382860964,0.5410152673721313,0.8650889992713928,protocol_C/train/PC_train_0072_b02
PC_train_0073_b01,C,train,0,A,0,1,1863,7728,0.10569423675977652,0.5598037242889404,0.8611664772033691,protocol_C/train/PC_train_0073_b01
PC_train_0074_b00,C,train,0,A,0,0,1610,6503,1.0,0.5418422222137451,0.8633638620376587,protocol_C/train/PC_train_0074_b00
PC_train_0075_b02,C,train,0,A,0,2,2243,9738,0.11710493828370783,0.4776160717010498,0.8664873242378235,protocol_C/train/PC_train_0075_b02
PC_train_0076_b01,C,train,0,A,0,1,1974,8363,0.22646120039484652,0.5764209628105164,0.8647760152816772,protocol_C/train/PC_train_0076_b01
PC_train_0077_b00,C,train,0,A,0,0,1610,6503,1.0,0.5418422222137451,0.8633638620376587,protocol_C/train/PC_train_0077_b00
PC_train_0078_b02,C,train,0,A,0,2,2216,9728,0.13566322825397498,0.5944607853889465,0.8674397468566895,protocol_C/train/PC_train_0078_b02
PC_train_0079_b01,C,train,0,A,0,1,1899,8069,0.32477508167388786,0.5349091291427612,0.8664403557777405,protocol_C/train/PC_train_0079_b01
PC_train_0080_b00,C,train,0,A,0,0,1610,6503,1.0,0.5418422222137451,0.8633638620376587,protocol_C/train/PC_train_0080_b00
PC_train_0081_b02,C,train,0,A,0,2,2068,8817,0.10491689851676247,0.48068469762802124,0.8630939722061157,protocol_C/train/PC_train_0081_b02
PC_train_0082_b01,C,train,0,A,0,1,1921,8085,0.12070052610831267,0.487409383058548,0.8623288869857788,protocol_C/train/PC_train_0082_b01
PC_train_0083_b00,C,train,0,A,0,0,1610,6503,1.0,0.5418422222137451,0.8633638620376587,protocol_C/train/PC_train_0083_b00
PC_train_0084_b02,C,train,0,A,0,2,2103,9122,0.16543305177424333,0.5451590418815613,0.8670262694358826,protocol_C/train/PC_train_0084_b02
PC_train_0085_b01,C,train,0,A,0,1,1986,8413,0.1276315632260952,0.5702647566795349,0.8639943599700928,protocol_C/train/PC_train_0085_b01
PC_train_0086_b00,C,train,0,A,0,0,1610,6503,1.0,0.5418422222137451,0.8633638620376587,protocol_C/train/PC_train_0086_b00
PC_train_0087_b02,C,train,0,A,0,2,2163,9396,0.19255007680941408,0.537778377532959,0.8638249039649963,protocol_C/train/PC_train_0087_b02
PC_train_0088_b01,C,train,0,A,0,1,1897,7988,0.1650949808249813,0.543486475944519,0.8651721477508545,protocol_C/train/PC_train_0088_b01
PC_train_0089_b00,C,train,0,A,0,0,1610,6503,1.0,0.5418422222137451,0.8633638620376587,protocol_C/train/PC_train_0089_b00
PC_train_0090_b02,C,train,0,A,0,2,2100,9037,0.13918622384074106,0.5579744577407837,0.8643586039543152,protocol_C/train/PC_train_0090_b02
PC_train_0091_b01,C,train,0,A,0,1,1933,8206,0.19592092078196666,0.5446143746376038,0.8655460476875305,protocol_C/train/PC_train_0091_b01
PC_train_0092_b00,C,train,0,A,0,0,1610,6503,1.0,0.5418422222137451,0.8633638620376587,protocol_C/train/PC_train_0092_b00
PC_train_0093_b02,C,train,0,A,0,2,2159,9418,0.1600444381431494,0.5610177516937256,0.8657582998275757,protocol_C/train/PC_train_0093_b02
PC_train_0094_b01,C,train,0,A,0,1,1876,7883,0.16384925849609444,0.5815699696540833,0.8629040122032166,protocol_C/train/PC_train_0094_b01
PC_train_0095_b00,C,train,0,A,0,0,1610,6503,1.0,0.5418422222137451,0.8633638620376587,protocol_C/train/PC_train_0095_b00
PC_train_0096_b02,C,train,0,A,0,2,2196,9547,0.15082462152983306,0.5302905440330505,0.864763617515564,protocol_C/train/PC_train_0096_b02
PC_train_0097_b01,C,train,0,A,0,1,1881,7883,0.20092103801512687,0.5483610033988953,0.8656296730041504,protocol_C/train/PC_train_0097_b01
PC_train_0098_b00,C,train,0,A,0,0,1610,6503,1.0,0.5418422222137451,0.8633638620376587,protocol_C/train/PC_train_0098_b00
PC_train_0099_b02,C,train,0,A,0,2,2122,9053,0.10605095037910961,0.5241247415542603,0.8641223907470703,protocol_C/train/PC_train_0099_b02
PC_train_0100_b01,C,train,0,A,0,1,1929,8207,0.21623178372499546,0.5649422407150269,0.8649280071258545,protocol_C/train/PC_train_0100_b01
PC_train_0101_b00,C,train,0,A,0,0,1610,6503,1.0,0.5418422222137451,0.8633638620376587,protocol_C/train/PC_train_0101_b00
PC_train_0102_b02,C,train,0,A,0,2,2204,9622,0.14428170682505076,0.5779955983161926,0.8669679760932922,protocol_C/train/PC_train_0102_b02
PC_train_0103_b01,C,train,0,A,0,1,2013,8603,0.17307419141376926,0.519659161567688,0.8644493818283081,protocol_C/train/PC_train_0103_b01
PC_train_0104_b00,C,train,0,A,0,0,1610,6503,1.0,0.5418422222137451,0.8633638620376587,protocol_C/train/PC_train_0104_b00
PC_train_0105_b02,C,train,0,A,0,2,2122,9138,0.18577029746534315,0.5536770224571228,0.8652878999710083,protocol_C/train/PC_train_0105_b02
PC_train_0106_b01,C,train,0,A,0,1,1967,8328,0.21381910718001085,0.5633847713470459,0.8616169691085815,protocol_C/train/PC_train_0106_b01
PC_train_0107_b00,C,train,0,A,0,0,1610,6503,1.0,0.5418422222137451,0.8633638620376587,protocol_C/train/PC_train_0107_b00
PC_train_0108_b02,C,train,0,A,0,2,2027,8522,0.11363660766273143,0.5219091773033142,0.8592032194137573,protocol_C/train/PC_train_0108_b02
PC_train_0109_b01,C,train,0,A,0,1,1982,8397,0.18303043913400524,0.5916903614997864,0.8652856349945068,protocol_C/train/PC_train_0109_b01
PC_train_0110_b00,C,train,0,A,0,0,1610,6503,1.0,0.5418422222137451,0.8633638620376587,protocol_C/train/PC_train_0110_b00
PC_train_0111_b02,C,train,0,A,0,2,2139,9276,0.11029127094113741,0.5310450196266174,0.8659071326255798,protocol_C/train/PC_train_0111_b02
PC_train_0112_b01,C,train,0,A,0,1,1848,7779,0.26076936640743903,0.5178033709526062,0.865361750125885,protocol_C/train/PC_train_0112_b01
PC_train_0113_b00,C,train,0,A,0,0,1610,6503,1.0,0.5418422222137451,0.8633638620376587,protocol_C/train/PC_train_0113_b00
PC_train_0114_b02,C,train,0,A,0,2,2223,9664,0.10916064354068461,0.5519989728927612,0.8659546971321106,protocol_C/train/PC_train_0114_b02
PC_train_0115_b01,C,train,0,A,0,1,1958,8363,0.25872571558007174,0.5673250555992126,0.865639328956604,protocol_C/train/PC_train_0115_b01
PC_train_0116_b00,C,train,0,A,0,0,1610,6503,1.0,0.5418422222137451,0.8633638620376587,protocol_C/train/PC_train_0116_b00
PC_train_0117_b02,C,train,0,A,0,2,2072,8856,0.13460310694854713,0.4489178955554962,0.8615580201148987,protocol_C/train/PC_train_0117_b02
PC_train_0118_b01,C,train,0,A,0,1,1995,8511,0.1984261154695108,0.5664774775505066,0.8650446534156799,protocol_C/train/PC_train_0118_b01
PC_train_0119_b00,C,train,0,A,0,0,1610,6503,1.0,0.5418422222137451,0.8633638620376587,protocol_C/train/PC_train_0119_b00
PC_train_0120_b02,C,train,0,A,0,2,2162,9429,0.20114023678892146,0.571796178817749,0.8685368895530701,protocol_C/train/PC_train_0120_b02
PC_train_0121_b01,C,train,0,A,0,1,1832,7685,0.19741404605929538,0.5694063305854797,0.8653103709220886,protocol_C/train/PC_train_0121_b01
PC_train_0122_b00,C,train,0,A,0,0,1610,6503,1.0,0.5418422222137451,0.8633638620376587,protocol_C/train/PC_train_0122_b00
PC_train_0123_b02,C,train,0,A,0,2,2049,8738,0.11396483277742056,0.5135670900344849,0.8623855113983154,protocol_C/train/PC_train_0123_b02
PC_train_0124_b01,C,train,0,A,0,1,1864,7814,0.16550318424540375,0.5300193428993225,0.8637087941169739,protocol_C/train/PC_train_0124_b01
PC_train_0125_b00,C,train,0,A,0,0,1610,6503,1.0,0.5418422222137451,0.8633638620376587,protocol_C/train/PC_train_0125_b00
PC_train_0126_b02,C,train,0,A,0,2,2168,9463,0.12128199650341101,0.45215922594070435,0.8662472367286682,protocol_C/train/PC_train_0126_b02
PC_train_0127_b01,C,train,0,A,0,1,1946,8284,0.2164177714027108,0.5659116506576538,0.8654330372810364,protocol_C/train/PC_train_0127_b01
PC_train_0128_b00,C,train,0,A,0,0,1610,6503,1.0,0.5418422222137451,0.8633638620376587,protocol_C/train/PC_train_0128_b00
PC_train_0129_b02,C,train,0,A,0,2,2142,9224,0.10235933907381259,0.5349754691123962,0.8651238679885864,protocol_C/train/PC_train_0129_b02
PC_train_0130_b01,C,train,0,A,0,1,1974,8332,0.1055425101786768,0.5282379388809204,0.8630908727645874,protocol_C/train/PC_train_0130_b01
PC_train_0131_b00,C,train,0,A,0,0,1610,6503,1.0,0.5418422222137451,0.8633638620376587,protocol_C/train/PC_train_0131_b00
PC_train_0132_b02,C,train,0,A,0,2,2055,8706,0.10376741223165226,0.46941179037094116,0.8609247803688049,protocol_C/train/PC_train_0132_b02
PC_train_0133_b01,C,train,0,A,0,1,1903,8082,0.350571846064861,0.4923933446407318,0.8685246706008911,protocol_C/train/PC_train_0133_b01
PC_train_0134_b00,C,train,0,A,0,0,1610,6503,1.0,0.5418422222137451,0.8633638620376587,protocol_C/train/PC_train_0134_b00
PC_train_0135_b02,C,train,0,A,0,2,2174,9301,0.10540852083697033,0.5225083827972412,0.8634676933288574,protocol_C/train/PC_train_0135_b02
PC_train_0136_b01,C,train,0,A,0,1,1843,7721,0.11616732189980841,0.5368216633796692,0.8655056953430176,protocol_C/train/PC_train_0136_b01
PC_train_0137_b00,C,train,0,A,0,0,1610,6503,1.0,0.5418422222137451,0.8633638620376587,protocol_C/train/PC_train_0137_b00
PC_train_0138_b02,C,train,0,A,0,2,2173,9549,0.17176422369248648,0.5747050642967224,0.8680753111839294,protocol_C/train/PC_train_0138_b02
PC_train_0139_b01,C,train,0,A,0,1,1841,7735,0.1422718714609469,0.520746111869812,0.8638264536857605,protocol_C/train/PC_train_0139_b01
PC_train_0140_b00,C,train,0,A,0,0,1610,6503,1.0,0.5418422222137451,0.8633638620376587,protocol_C/train/PC_train_0140_b00
PC_train_0141_b02,C,train,0,A,0,2,2135,9073,0.13413946885140138,0.5547833442687988,0.8631907105445862,protocol_C/train/PC_train_0141_b02
PC_train_0142_b01,C,train,0,A,0,1,1920,8108,0.12594051238092183,0.5641167163848877,0.8659913539886475,protocol_C/train/PC_train_0142_b01
PC_train_0143_b00,C,train,0,A,0,0,1610,6503,1.0,0.5418422222137451,0.8633638620376587,protocol_C/train/PC_train_0143_b00
PC_train_0144_b02,C,train,0,A,0,2,2245,9867,0.16914332204319718,0.532700777053833,0.8668218851089478,protocol_C/train/PC_train_0144_b02
PC_train_0145_b01,C,train,0,A,0,1,1853,7808,0.1668208460188296,0.5217165350914001,0.8657582998275757,protocol_C/train/PC_train_0145_b01
PC_train_0146_b00,C,train,0,A,0,0,1610,6503,1.0,0.5418422222137451,0.8633638620376587,protocol_C/train/PC_train_0146_b00
PC_train_0147_b02,C,train,0,A,0,2,2202,9592,0.1816924516553916,0.5655233860015869,0.8677219152450562,protocol_C/train/PC_train_0147_b02
PC_train_0148_b01,C,train,0,A,0,1,1889,7946,0.19915458801491762,0.560911238193512,0.8629696369171143,protocol_C/train/PC_train_0148_b01
PC_train_0149_b00,C,train,0,A,0,0,1610,6503,1.0,0.5418422222137451,0.8633638620376587,protocol_C/train/PC_train_0149_b00
PC_train_0150_b02,C,train,0,A,0,2,2202,9603,0.13925135187175444,0.5344191193580627,0.8653852939605713,protocol_C/train/PC_train_0150_b02
PC_train_0151_b01,C,train,0,A,0,1,2023,8645,0.13733372822910533,0.5235050320625305,0.8674834370613098,protocol_C/train/PC_train_0151_b01
PC_train_0152_b00,C,train,0,A,0,0,1610,6503,1.0,0.5418422222137451,0.8633638620376587,protocol_C/train/PC_train_0152_b00
PC_train_0153_b02,C,train,0,A,0,2,2193,9545,0.15314368762387273,0.5539552569389343,0.8663069009780884,protocol_C/train/PC_train_0153_b02
PC_train_0154_b01,C,train,0,A,0,1,1862,7718,0.10649112060976224,0.5467791557312012,0.8629178404808044,protocol_C/train/PC_train_0154_b01
PC_train_0155_b00,C,train,0,A,0,0,1610,6503,1.0,0.5418422222137451,0.8633638620376587,protocol_C/train/PC_train_0155_b00
PC_train_0156_b02,C,train,0,A,0,2,2104,9081,0.19067081535279165,0.5176523923873901,0.866070032119751,protocol_C/train/PC_train_0156_b02
PC_train_0157_b01,C,train,0,A,0,1,1867,7917,0.245809767638011,0.5704160928726196,0.8658932447433472,protocol_C/train/PC_train_0157_b01
PC_train_0158_b00,C,train,0,A,0,0,1610,6503,1.0,0.5418422222137451,0.8633638620376587,protocol_C/train/PC_train_0158_b00
PC_train_0159_b02,C,train,0,A,0,2,2008,8417,0.1068158122677344,0.4620068669319153,0.8596267104148865,protocol_C/train/PC_train_0159_b02
PC_train_0160_b01,C,train,0,A,0,1,1987,8428,0.21173158889184174,0.5269075036048889,0.8642554879188538,protocol_C/train/PC_train_0160_b01
PC_train_0161_b00,C,train,0,A,0,0,1610,6503,1.0,0.5418422222137451,0.8633638620376587,protocol_C/train/PC_train_0161_b00
PC_train_0162_b02,C,train,0,A,0,2,2100,8967,0.10589929325139819,0.5334888100624084,0.8621113896369934,protocol_C/train/PC_train_0162_b02
PC_train_0163_b01,C,train,0,A,0,1,1911,8165,0.31065120505776544,0.532891571521759,0.8695952892303467,protocol_C/train/PC_train_0163_b01
PC_train_0164_b00,C,train,0,A,0,0,1610,6503,1.0,0.5418422222137451,0.8633638620376587,protocol_C/train/PC_train_0164_b00
PC_train_0165_b02,C,train,0,A,0,2,2234,9684,0.10262362196308317,0.5290272235870361,0.8626059889793396,protocol_C/train/PC_train_0165_b02
PC_train_0166_b01,C,train,0,A,0,1,1887,7952,0.20270290153431514,0.4946916997432709,0.865709662437439,protocol_C/train/PC_train_0166_b01
PC_train_0167_b00,C,train,0,A,0,0,1610,6503,1.0,0.5418422222137451,0.8633638620376587,protocol_C/train/PC_train_0167_b00
PC_train_0168_b02,C,train,0,A,0,2,2210,9607,0.13610945312344602,0.5594964027404785,0.8684783577919006,protocol_C/train/PC_train_0168_b02
PC_train_0169_b01,C,train,0,A,0,1,1905,8056,0.17672059086285452,0.5797808766365051,0.8648841381072998,protocol_C/train/PC_train_0169_b01
PC_train_0170_b00,C,train,0,A,0,0,1610,6503,1.0,0.5418422222137451,0.8633638620376587,protocol_C/train/PC_train_0170_b00
PC_train_0171_b02,C,train,0,A,0,2,2162,9433,0.18764265001502772,0.5562236309051514,0.8689145445823669,protocol_C/train/PC_train_0171_b02
PC_train_0172_b01,C,train,0,A,0,1,1865,7824,0.13386583709097455,0.5631352663040161,0.8667417764663696,protocol_C/train/PC_train_0172_b01
PC_train_0173_b00,C,train,0,A,0,0,1610,6503,1.0,0.5418422222137451,0.8633638620376587,protocol_C/train/PC_train_0173_b00
PC_train_0174_b02,C,train,0,A,0,2,2193,9536,0.19116581778752734,0.5500847697257996,0.8678951263427734,protocol_C/train/PC_train_0174_b02
PC_train_0175_b01,C,train,0,A,0,1,1947,8238,0.11399522196427295,0.529472827911377,0.8658685088157654,protocol_C/train/PC_train_0175_b01
PC_train_0176_b00,C,train,0,A,0,0,1610,6503,1.0,0.5418422222137451,0.8633638620376587,protocol_C/train/PC_train_0176_b00
PC_train_0177_b02,C,train,0,A,0,2,2203,9549,0.14321815069022012,0.5083134770393372,0.8686000108718872,protocol_C/train/PC_train_0177_b02
PC_train_0178_b01,C,train,0,A,0,1,1981,8387,0.11809158864217531,0.5633703470230103,0.8629137873649597,protocol_C/train/PC_train_0178_b01
PC_train_0179_b00,C,train,0,A,0,0,1610,6503,1.0,0.5418422222137451,0.8633638620376587,protocol_C/train/PC_train_0179_b00
PC_train_0180_b02,C,train,0,A,0,2,2153,9354,0.11434881522311166,0.5372393131256104,0.8643814325332642,protocol_C/train/PC_train_0180_b02
PC_train_0181_b01,C,train,0,A,0,1,1944,8249,0.1526551771406174,0.5406658053398132,0.8667483329772949,protocol_C/train/PC_train_0181_b01
PC_train_0182_b00,C,train,0,A,0,0,1610,6503,1.0,0.5418422222137451,0.8633638620376587,protocol_C/train/PC_train_0182_b00
PC_train_0183_b02,C,train,0,A,0,2,2158,9378,0.12992464733085246,0.5685652494430542,0.8659213781356812,protocol_C/train/PC_train_0183_b02
PC_train_0184_b01,C,train,0,A,0,1,1855,7820,0.19745165782115423,0.553956925868988,0.864766538143158,protocol_C/train/PC_train_0184_b01
PC_train_0185_b00,C,train,0,A,0,0,1610,6503,1.0,0.5418422222137451,0.8633638620376587,protocol_C/train/PC_train_0185_b00
PC_train_0186_b02,C,train,0,A,0,2,2064,8728,0.10943098256933317,0.524512529373169,0.8631307482719421,protocol_C/train/PC_train_0186_b02
PC_train_0187_b01,C,train,0,A,0,1,1851,7804,0.2476986681249911,0.5749900937080383,0.8652792572975159,protocol_C/train/PC_train_0187_b01
PC_train_0188_b00,C,train,0,A,0,0,1610,6503,1.0,0.5418422222137451,0.8633638620376587,protocol_C/train/PC_train_0188_b00
PC_train_0189_b02,C,train,0,A,0,2,2074,8887,0.14160169439582013,0.5636399984359741,0.8612961769104004,protocol_C/train/PC_train_0189_b02
PC_train_0190_b01,C,train,0,A,0,1,1945,8227,0.11109173389244048,0.5330915451049805,0.865454375743866,protocol_C/train/PC_train_0190_b01
PC_train_0191_b00,C,train,0,A,0,0,1610,6503,1.0,0.5418422222137451,0.8633638620376587,protocol_C/train/PC_train_0191_b00
PC_train_0192_b02,C,train,0,A,0,2,2150,9285,0.10428817677243651,0.4830639958381653,0.8673802614212036,protocol_C/train/PC_train_0192_b02
PC_train_0193_b01,C,train,0,A,0,1,1814,7538,0.11578569630804988,0.5061724781990051,0.8608970046043396,protocol_C/train/PC_train_0193_b01
PC_train_0194_b00,C,train,0,A,0,0,1610,6503,1.0,0.5418422222137451,0.8633638620376587,protocol_C/train/PC_train_0194_b00
PC_train_0195_b02,C,train,0,A,0,2,2260,9894,0.16939959712047375,0.53955078125,0.866860568523407,protocol_C/train/PC_train_0195_b02
PC_train_0196_b01,C,train,0,A,0,1,1818,7600,0.13456969017524173,0.5742273330688477,0.8649379014968872,protocol_C/train/PC_train_0196_b01
PC_train_0197_b00,C,train,0,A,0,0,1610,6503,1.0,0.5418422222137451,0.8633638620376587,protocol_C/train/PC_train_0197_b00
PC_train_0198_b02,C,train,0,A,0,2,2111,9161,0.1648503316980816,0.5583167672157288,0.867855429649353,protocol_C/train/PC_train_0198_b02
PC_train_0199_b01,C,train,0,A,0,1,1800,7484,0.1658810954346017,0.5644412636756897,0.8670482635498047,protocol_C/train/PC_train_0199_b01
PC_train_0200_b00,C,train,0,A,0,0,1610,6503,1.0,0.5418422222137451,0.8633638620376587,protocol_C/train/PC_train_0200_b00
PC_train_0201_b02,C,train,0,A,0,2,2122,9060,0.11983105545748957,0.5164456367492676,0.864591121673584,protocol_C/train/PC_train_0201_b02
PC_train_0202_b01,C,train,0,A,0,1,1828,7641,0.16727365855484452,0.5401319861412048,0.863066554069519,protocol_C/train/PC_train_0202_b01
PC_train_0203_b00,C,train,0,A,0,0,1610,6503,1.0,0.5418422222137451,0.8633638620376587,protocol_C/train/PC_train_0203_b00
PC_train_0204_b02,C,train,0,A,0,2,2243,9761,0.12857066684051288,0.5177441239356995,0.8678506016731262,protocol_C/train/PC_train_0204_b02
PC_train_0205_b01,C,train,0,A,0,1,1909,8065,0.15979545571558412,0.5357595086097717,0.8674604296684265,protocol_C/train/PC_train_0205_b01
PC_train_0206_b00,C,train,0,A,0,0,1610,6503,1.0,0.5418422222137451,0.8633638620376587,protocol_C/train/PC_train_0206_b00
PC_train_0207_b02,C,train,0,A,0,2,2087,8798,0.1063396960893527,0.5043030977249146,0.8629125952720642,protocol_C/train/PC_train_0207_b02
PC_train_0208_b01,C,train,0,A,0,1,1925,8101,0.10661449509767673,0.5227062702178955,0.8665398955345154,protocol_C/train/PC_train_0208_b01
PC_train_0209_b00,C,train,0,A,0,0,1610,6503,1.0,0.5418422222137451,0.8633638620376587,protocol_C/train/PC_train_0209_b00
PC_train_0210_b02,C,train,0,A,0,2,2274,10022,0.1015637442947333,0.5165651440620422,0.864262580871582,protocol_C/train/PC_train_0210_b02
PC_train_0211_b01,C,train,0,A,0,1,1911,8034,0.10849984935858509,0.5794500112533569,0.8651153445243835,protocol_C/train/PC_train_0211_b01
PC_train_0212_b00,C,train,0,A,0,0,1610,6503,1.0,0.5418422222137451,0.8633638620376587,protocol_C/train/PC_train_0212_b00
PC_train_0213_b02,C,train,0,A,0,2,2122,9102,0.1218816412917838,0.5597550868988037,0.8658910393714905,protocol_C/train/PC_train_0213_b02
PC_train_0214_b01,C,train,0,A,0,1,1892,8060,0.20988702456368685,0.5446781516075134,0.8667342662811279,protocol_C/train/PC_train_0214_b01
PC_train_0215_b00,C,train,0,A,0,0,1610,6503,1.0,0.5418422222137451,0.8633638620376587,protocol_C/train/PC_train_0215_b00
PC_train_0216_b02,C,train,0,A,0,2,2188,9573,0.23025259366620096,0.522121012210846,0.8700410723686218,protocol_C/train/PC_train_0216_b02
PC_train_0217_b01,C,train,0,A,0,1,1852,7693,0.1650092255800889,0.5604872107505798,0.8638133406639099,protocol_C/train/PC_train_0217_b01
PC_train_0218_b00,C,train,0,A,0,0,1610,6503,1.0,0.5418422222137451,0.8633638620376587,protocol_C/train/PC_train_0218_b00
PC_train_0219_b02,C,train,0,A,0,2,2253,9887,0.14999601987983924,0.54643714427948,0.8668204545974731,protocol_C/train/PC_train_0219_b02
PC_train_0220_b01,C,train,0,A,0,1,2009,8552,0.18038388601803498,0.526447594165802,0.8661113977432251,protocol_C/train/PC_train_0220_b01
PC_train_0221_b00,C,train,0,A,0,0,1610,6503,1.0,0.5418422222137451,0.8633638620376587,protocol_C/train/PC_train_0221_b00
PC_train_0222_b02,C,train,0,A,0,2,2107,8992,0.10508340045875764,0.5331524014472961,0.8610891699790955,protocol_C/train/PC_train_0222_b02
PC_train_0223_b01,C,train,0,A,0,1,1930,8172,0.13272840278647854,0.48975634574890137,0.8630660772323608,protocol_C/train/PC_train_0223_b01
PC_train_0224_b00,C,train,0,A,0,0,1610,6503,1.0,0.5418422222137451,0.8633638620376587,protocol_C/train/PC_train_0224_b00
PC_train_0225_b02,C,train,0,A,0,2,2194,9613,0.2936664567839502,0.555400013923645,0.8687306046485901,protocol_C/train/PC_train_0225_b02
PC_train_0226_b01,C,train,0,A,0,1,1940,8263,0.18283964542224646,0.5261020660400391,0.8636201620101929,protocol_C/train/PC_train_0226_b01
PC_train_0227_b00,C,train,0,A,0,0,1610,6503,1.0,0.5418422222137451,0.8633638620376587,protocol_C/train/PC_train_0227_b00
PC_train_0228_b02,C,train,0,A,0,2,2118,9103,0.16361296910137885,0.5562713146209717,0.8638697266578674,protocol_C/train/PC_train_0228_b02
PC_train_0229_b01,C,train,0,A,0,1,1852,7699,0.11366734023412198,0.5031588077545166,0.8626829981803894,protocol_C/train/PC_train_0229_b01
PC_train_0230_b00,C,train,0,A,0,0,1610,6503,1.0,0.5418422222137451,0.8633638620376587,protocol_C/train/PC_train_0230_b00
PC_train_0231_b02,C,train,0,A,0,2,2156,9374,0.1053224784172391,0.5651747584342957,0.8674281239509583,protocol_C/train/PC_train_0231_b02
PC_train_0232_b01,C,train,0,A,0,1,1864,7883,0.222472015790055,0.4754236340522766,0.8672691583633423,protocol_C/train/PC_train_0232_b01
PC_train_0233_b00,C,train,0,A,0,0,1610,6503,1.0,0.5418422222137451,0.8633638620376587,protocol_C/train/PC_train_0233_b00
PC_train_0234_b02,C,train,0,A,0,2,2128,9092,0.11392763551794005,0.47494053840637207,0.8599789142608643,protocol_C/train/PC_train_0234_b02
PC_train_0235_b01,C,train,0,A,0,1,1877,7866,0.10812838105670458,0.5730319619178772,0.8625807762145996,protocol_C/train/PC_train_0235_b01
PC_train_0236_b00,C,train,0,A,0,0,1610,6503,1.0,0.5418422222137451,0.8633638620376587,protocol_C/train/PC_train_0236_b00
PC_train_0237_b02,C,train,0,A,0,2,2227,9789,0.10856893941430834,0.5071947574615479,0.8669903874397278,protocol_C/train/PC_train_0237_b02
PC_train_0238_b01,C,train,0,A,0,1,1885,7995,0.18654408617423457,0.5692179799079895,0.865841805934906,protocol_C/train/PC_train_0238_b01
PC_train_0239_b00,C,train,0,A,0,0,1610,6503,1.0,0.5418422222137451,0.8633638620376587,protocol_C/train/PC_train_0239_b00
PC_train_0240_b02,C,train,0,A,0,2,2174,9454,0.1376636485196879,0.4947381317615509,0.8652904629707336,protocol_C/train/PC_train_0240_b02
PC_train_0241_b01,C,train,0,A,0,1,1874,7838,0.1086364645266017,0.5437347888946533,0.859660267829895,protocol_C/train/PC_train_0241_b01
PC_train_0242_b00,C,train,0,A,0,0,1610,6503,1.0,0.5418422222137451,0.8633638620376587,protocol_C/train/PC_train_0242_b00
PC_train_0243_b02,C,train,0,A,0,2,2254,9807,0.14053483242582077,0.542136013507843,0.8671988248825073,protocol_C/train/PC_train_0243_b02
PC_train_0244_b01,C,train,0,A,0,1,1871,7896,0.1299432197264484,0.5834444165229797,0.8671278953552246,protocol_C/train/PC_train_0244_b01
PC_train_0245_b00,C,train,0,A,0,0,1610,6503,1.0,0.5418422222137451,0.8633638620376587,protocol_C/train/PC_train_0245_b00
PC_train_0246_b02,C,train,0,A,0,2,2230,9673,0.1091087141277104,0.49655330181121826,0.866060197353363,protocol_C/train/PC_train_0246_b02
PC_train_0247_b01,C,train,0,A,0,1,1892,8020,0.15874293269468215,0.5486751794815063,0.8652933239936829,protocol_C/train/PC_train_0247_b01
PC_train_0248_b00,C,train,0,A,0,0,1610,6503,1.0,0.5418422222137451,0.8633638620376587,protocol_C/train/PC_train_0248_b00
PC_train_0249_b02,C,train,0,A,0,2,2188,9579,0.21398144251162798,0.5447224378585815,0.8658461570739746,protocol_C/train/PC_train_0249_b02
PC_train_0250_b01,C,train,0,A,0,1,1975,8436,0.1753010648646279,0.5245018601417542,0.8666170835494995,protocol_C/train/PC_train_0250_b01
PC_train_0251_b00,C,train,0,A,0,0,1610,6503,1.0,0.5418422222137451,0.8633638620376587,protocol_C/train/PC_train_0251_b00
PC_train_0252_b02,C,train,0,A,0,2,2220,9719,0.17750351836244546,0.5671966075897217,0.8681239485740662,protocol_C/train/PC_train_0252_b02
PC_train_0253_b01,C,train,0,A,0,1,1926,8137,0.12493569520685235,0.5444138646125793,0.8654106855392456,protocol_C/train/PC_train_0253_b01
PC_train_0254_b00,C,train,0,A,0,0,1610,6503,1.0,0.5418422222137451,0.8633638620376587,protocol_C/train/PC_train_0254_b00
PC_train_0255_b02,C,train,0,A,0,2,2001,8420,0.11881031253222052,0.5275018811225891,0.8661009669303894,protocol_C/train/PC_train_0255_b02
PC_train_0256_b01,C,train,0,A,0,1,1928,8087,0.1017310845642993,0.5402662754058838,0.8652547597885132,protocol_C/train/PC_train_0256_b01
PC_train_0257_b00,C,train,0,A,0,0,1610,6503,1.0,0.5418422222137451,0.8633638620376587,protocol_C/train/PC_train_0257_b00
PC_train_0258_b02,C,train,0,A,0,2,2251,9723,0.10416417982123011,0.47699570655822754,0.8609018921852112,protocol_C/train/PC_train_0258_b02
PC_train_0259_b01,C,train,0,A,0,1,1894,7964,0.21910771690793354,0.5326722860336304,0.8650370240211487,protocol_C/train/PC_train_0259_b01
PC_train_0260_b00,C,train,0,A,0,0,1610,6503,1.0,0.5418422222137451,0.8633638620376587,protocol_C/train/PC_train_0260_b00
PC_train_0261_b02,C,train,0,A,0,2,2266,9894,0.10870780705071378,0.4978448152542114,0.8652181625366211,protocol_C/train/PC_train_0261_b02
PC_train_0262_b01,C,train,0,A,0,1,1927,8201,0.22849954250734222,0.4911704659461975,0.862425684928894,protocol_C/train/PC_train_0262_b01
PC_train_0263_b00,C,train,0,A,0,0,1610,6503,1.0,0.5418422222137451,0.8633638620376587,protocol_C/train/PC_train_0263_b00
PC_train_0264_b02,C,train,0,A,0,2,2033,8646,0.10190882484584943,0.5724056959152222,0.8621076941490173,protocol_C/train/PC_train_0264_b02
PC_train_0265_b01,C,train,0,A,0,1,1861,7851,0.1824876774871757,0.5762534737586975,0.8657692670822144,protocol_C/train/PC_train_0265_b01
PC_train_0266_b00,C,train,0,A,0,0,1610,6503,1.0,0.5418422222137451,0.8633638620376587,protocol_C/train/PC_train_0266_b00
PC_train_0267_b02,C,train,0,A,0,2,2210,9548,0.10278515313345776,0.5247215032577515,0.8671343326568604,protocol_C/train/PC_train_0267_b02
PC_train_0268_b01,C,train,0,A,0,1,1922,8060,0.17603714132277515,0.5608260631561279,0.8607249855995178,protocol_C/train/PC_train_0268_b01
PC_train_0269_b00,C,train,0,A,0,0,1610,6503,1.0,0.5418422222137451,0.8633638620376587,protocol_C/train/PC_train_0269_b00
PC_train_0270_b02,C,train,0,A,0,2,2192,9484,0.11720193971403542,0.5042287111282349,0.8611955046653748,protocol_C/train/PC_train_0270_b02
PC_train_0271_b01,C,train,0,A,0,1,1908,8149,0.3376217769838233,0.5836301445960999,0.8687127828598022,protocol_C/train/PC_train_0271_b01
PC_train_0272_b00,C,train,0,A,0,0,1610,6503,1.0,0.5418422222137451,0.8633638620376587,protocol_C/train/PC_train_0272_b00
PC_train_0273_b02,C,train,0,A,0,2,2182,9554,0.1850551412126252,0.5177015066146851,0.8679747581481934,protocol_C/train/PC_train_0273_b02
PC_train_0274_b01,C,train,0,A,0,1,1860,7847,0.28039050993174375,0.5812843441963196,0.8673843741416931,protocol_C/train/PC_train_0274_b01
PC_train_0275_b00,C,train,0,A,0,0,1610,6503,1.0,0.5418422222137451,0.8633638620376587,protocol_C/train/PC_train_0275_b00
PC_train_0276_b02,C,train,0,A,0,2,2035,8718,0.20092770836516352,0.4963407516479492,0.866565465927124,protocol_C/train/PC_train_0276_b02
PC_train_0277_b01,C,train,0,A,0,1,1933,8206,0.20315466519213432,0.5563979148864746,0.8665037155151367,protocol_C/train/PC_train_0277_b01
PC_train_0278_b00,C,train,0,A,0,0,1610,6503,1.0,0.5418422222137451,0.8633638620376587,protocol_C/train/PC_train_0278_b00
PC_train_0279_b02,C,train,0,A,0,2,2200,9569,0.14319072686631298,0.5077317357063293,0.8677911758422852,protocol_C/train/PC_train_0279_b02
PC_train_0280_b01,C,train,0,A,0,1,1906,8020,0.18555612650930906,0.558337926864624,0.8668524026870728,protocol_C/train/PC_train_0280_b01
PC_train_0281_b00,C,train,0,A,0,0,1610,6503,1.0,0.5418422222137451,0.8633638620376587,protocol_C/train/PC_train_0281_b00
PC_train_0282_b02,C,train,0,A,0,2,2124,9195,0.12745085455120791,0.5578458309173584,0.8661282062530518,protocol_C/train/PC_train_0282_b02
PC_train_0283_b01,C,train,0,A,0,1,1858,7762,0.11840191664287725,0.5010876059532166,0.8645366430282593,protocol_C/train/PC_train_0283_b01
PC_train_0284_b00,C,train,0,A,0,0,1610,6503,1.0,0.5418422222137451,0.8633638620376587,protocol_C/train/PC_train_0284_b00
PC_train_0285_b02,C,train,0,A,0,2,1974,8349,0.16012658814759897,0.5166246294975281,0.8616361021995544,protocol_C/train/PC_train_0285_b02
PC_train_0286_b01,C,train,0,A,0,1,1855,7750,0.20703594358727356,0.538532018661499,0.8610430955886841,protocol_C/train/PC_train_0286_b01
PC_train_0287_b00,C,train,0,A,0,0,1610,6503,1.0,0.5418422222137451,0.8633638620376587,protocol_C/train/PC_train_0287_b00
PC_train_0288_b02,C,train,0,A,0,2,2129,9149,0.1006131627359558,0.4069782495498657,0.865052342414856,protocol_C/train/PC_train_0288_b02
PC_train_0289_b01,C,train,0,A,0,1,1911,8071,0.2756443911356528,0.5619072318077087,0.8668702840805054,protocol_C/train/PC_train_0289_b01
PC_train_0290_b00,C,train,0,A,0,0,1610,6503,1.0,0.5418422222137451,0.8633638620376587,protocol_C/train/PC_train_0290_b00
PC_train_0291_b02,C,train,0,A,0,2,2052,8807,0.1738304139942819,0.5357746481895447,0.8663963675498962,protocol_C/train/PC_train_0291_b02
PC_train_0292_b01,C,train,0,A,0,1,1949,8308,0.24788840605728646,0.5751226544380188,0.8661705255508423,protocol_C/train/PC_train_0292_b01
PC_train_0293_b00,C,train,0,A,0,0,1610,6503,1.0,0.5418422222137451,0.8633638620376587,protocol_C/train/PC_train_0293_b00
PC_train_0294_b02,C,train,0,A,0,2,2235,9722,0.11906529398524718,0.545991837978363,0.8672266602516174,protocol_C/train/PC_train_0294_b02
PC_train_0295_b01,C,train,0,A,0,1,1987,8525,0.18158379499445246,0.5549092888832092,0.8663491010665894,protocol_C/train/PC_train_0295_b01
PC_train_0296_b00,C,train,0,A,0,0,1610,6503,1.0,0.5418422222137451,0.8633638620376587,protocol_C/train/PC_train_0296_b00
PC_train_0297_b02,C,train,0,A,0,2,2251,9755,0.10070542709839886,0.4936436712741852,0.8674900531768799,protocol_C/train/PC_train_0297_b02
PC_train_0298_b01,C,train,0,A,0,1,1942,8240,0.22598581907239007,0.4765717387199402,0.8669207096099854,protocol_C/train/PC_train_0298_b01
PC_train_0299_b00,C,train,0,A,0,0,1610,6503,1.0,0.5418422222137451,0.8633638620376587,protocol_C/train/PC_train_0299_b00
PC_train_0300_b02,C,train,0,A,0,2,2060,8754,0.11698390645381151,0.5327742099761963,0.8618698120117188,protocol_C/train/PC_train_0300_b02
PC_train_0301_b01,C,train,0,A,0,1,1848,7803,0.2237224286371958,0.5918671488761902,0.8660322427749634,protocol_C/train/PC_train_0301_b01
PC_train_0302_b00,C,train,0,A,0,0,1610,6503,1.0,0.5418422222137451,0.8633638620376587,protocol_C/train/PC_train_0302_b00
PC_train_0303_b02,C,train,0,A,0,2,2047,8741,0.11256684813986473,0.5419308543205261,0.863223671913147,protocol_C/train/PC_train_0303_b02
PC_train_0304_b01,C,train,0,A,0,1,1961,8281,0.167110905844769,0.5418438911437988,0.862803041934967,protocol_C/train/PC_train_0304_b01
PC_train_0305_b00,C,train,0,A,0,0,1610,6503,1.0,0.5418422222137451,0.8633638620376587,protocol_C/train/PC_train_0305_b00
PC_train_0306_b02,C,train,0,A,0,2,2133,9299,0.17964684568462103,0.5384279489517212,0.8687601685523987,protocol_C/train/PC_train_0306_b02
PC_train_0307_b01,C,train,0,A,0,1,1871,7915,0.26338182676392485,0.5988367795944214,0.8658853769302368,protocol_C/train/PC_train_0307_b01
PC_train_0308_b00,C,train,0,A,0,0,1610,6503,1.0,0.5418422222137451,0.8633638620376587,protocol_C/train/PC_train_0308_b00
PC_train_0309_b02,C,train,0,A,0,2,2203,9533,0.10467963661088003,0.5144367814064026,0.8670325875282288,protocol_C/train/PC_train_0309_b02
PC_train_0310_b01,C,train,0,A,0,1,1832,7680,0.18753375467652397,0.5866042375564575,0.8647156953811646,protocol_C/train/PC_train_0310_b01
PC_train_0311_b00,C,train,0,A,0,0,1610,6503,1.0,0.5418422222137451,0.8633638620376587,protocol_C/train/PC_train_0311_b00
PC_train_0312_b02,C,train,0,A,0,2,2046,8766,0.10822594111485961,0.5286994576454163,0.8627107739448547,protocol_C/train/PC_train_0312_b02
PC_train_0313_b01,C,train,0,A,0,1,2007,8523,0.1239242512509244,0.42457315325737,0.861224889755249,protocol_C/train/PC_train_0313_b01
PC_train_0314_b00,C,train,0,A,0,0,1610,6503,1.0,0.5418422222137451,0.8633638620376587,protocol_C/train/PC_train_0314_b00
PC_train_0315_b02,C,train,0,A,0,2,2067,8930,0.12419939687445236,0.5891239047050476,0.8656098246574402,protocol_C/train/PC_train_0315_b02
PC_train_0316_b01,C,train,0,A,0,1,1933,8107,0.12632117070343812,0.5755777359008789,0.8646510243415833,protocol_C/train/PC_train_0316_b01
PC_train_0317_b00,C,train,0,A,0,0,1610,6503,1.0,0.5418422222137451,0.8633638620376587,protocol_C/train/PC_train_0317_b00
PC_train_0318_b02,C,train,0,A,0,2,2039,8657,0.10992032647884298,0.5309913754463196,0.8642066121101379,protocol_C/train/PC_train_0318_b02
PC_train_0319_b01,C,train,0,A,0,1,1877,7970,0.25570793079272913,0.5587986707687378,0.8663506507873535,protocol_C/train/PC_train_0319_b01
PC_train_0320_b00,C,train,0,A,0,0,1610,6503,1.0,0.5418422222137451,0.8633638620376587,protocol_C/train/PC_train_0320_b00
PC_train_0321_b02,C,train,0,A,0,2,2155,9294,0.14424048366491735,0.5670248866081238,0.8656038045883179,protocol_C/train/PC_train_0321_b02
PC_train_0322_b01,C,train,0,A,0,1,1871,7939,0.23966571535572367,0.4964260756969452,0.8647269606590271,protocol_C/train/PC_train_0322_b01
PC_train_0323_b00,C,train,0,A,0,0,1610,6503,1.0,0.5418422222137451,0.8633638620376587,protocol_C/train/PC_train_0323_b00
PC_train_0324_b02,C,train,0,A,0,2,2096,9021,0.12052013930386105,0.4654581546783447,0.8631243109703064,protocol_C/train/PC_train_0324_b02
PC_train_0325_b01,C,train,0,A,0,1,1911,8081,0.255908148000634,0.5865445137023926,0.8653907179832458,protocol_C/train/PC_train_0325_b01
PC_train_0326_b00,C,train,0,A,0,0,1610,6503,1.0,0.5418422222137451,0.8633638620376587,protocol_C/train/PC_train_0326_b00
PC_train_0327_b02,C,train,0,A,0,2,2146,9329,0.1762865674846152,0.5568505525588989,0.8671796321868896,protocol_C/train/PC_train_0327_b02
PC_train_0328_b01,C,train,0,A,0,1,1872,7841,0.1000086942926521,0.49195200204849243,0.8610158562660217,protocol_C/train/PC_train_0328_b01
PC_train_0329_b00,C,train,0,A,0,0,1610,6503,1.0,0.5418422222137451,0.8633638620376587,protocol_C/train/PC_train_0329_b00
PC_train_0330_b02,C,train,0,A,0,2,2133,9085,0.10891399193110177,0.5367488861083984,0.8613377213478088,protocol_C/train/PC_train_0330_b02
PC_train_0331_b01,C,train,0,A,0,1,1945,8238,0.1603247832116631,0.5874227285385132,0.8694830536842346,protocol_C/train/PC_train_0331_b01
PC_train_0332_b00,C,train,0,A,0,0,1610,6503,1.0,0.5418422222137451,0.8633638620376587,protocol_C/train/PC_train_0332_b00
PC_train_0333_b02,C,train,0,A,0,2,2087,9033,0.13832493031353837,0.526309072971344,0.8688633441925049,protocol_C/train/PC_train_0333_b02
PC_train_0334_b01,C,train,0,A,0,1,1865,7771,0.1007693092255201,0.502050518989563,0.8647431135177612,protocol_C/train/PC_train_0334_b01
PC_train_0335_b00,C,train,0,A,0,0,1610,6503,1.0,0.5418422222137451,0.8633638620376587,protocol_C/train/PC_train_0335_b00
PC_train_0336_b02,C,train,0,A,0,2,2174,9384,0.1521134400775202,0.5227539539337158,0.8691655993461609,protocol_C/train/PC_train_0336_b02
PC_train_0337_b01,C,train,0,A,0,1,1849,7704,0.11851456446791,0.46519970893859863,0.8611288666725159,protocol_C/train/PC_train_0337_b01
PC_train_0338_b00,C,train,0,A,0,0,1610,6503,1.0,0.5418422222137451,0.8633638620376587,protocol_C/train/PC_train_0338_b00
PC_train_0339_b02,C,train,0,A,0,2,2144,9250,0.14044094874645086,0.5337011814117432,0.8669172525405884,protocol_C/train/PC_train_0339_b02
PC_train_0340_b01,C,train,0,A,0,1,1978,8394,0.12989756723012846,0.48672980070114136,0.8634334802627563,protocol_C/train/PC_train_0340_b01
PC_train_0341_b00,C,train,0,A,0,0,1610,6503,1.0,0.5418422222137451,0.8633638620376587,protocol_C/train/PC_train_0341_b00
PC_train_0342_b02,C,train,0,A,0,2,2138,9237,0.17206108048600427,0.5416305661201477,0.8647202253341675,protocol_C/train/PC_train_0342_b02
PC_train_0343_b01,C,train,0,A,0,1,1900,8013,0.1424758573721619,0.5644274353981018,0.8651472926139832,protocol_C/train/PC_train_0343_b01
PC_train_0344_b00,C,train,0,A,0,0,1610,6503,1.0,0.5418422222137451,0.8633638620376587,protocol_C/train/PC_train_0344_b00
PC_train_0345_b02,C,train,0,A,0,2,2197,9624,0.13235958952405982,0.4815458357334137,0.8674798607826233,protocol_C/train/PC_train_0345_b02
PC_train_0346_b01,C,train,0,A,0,1,2018,8613,0.1541537972429759,0.5814620852470398,0.8650952577590942,protocol_C/train/PC_train_0346_b01
PC_train_0347_b00,C,train,0,A,0,0,1610,6503,1.0,0.5418422222137451,0.8633638620376587,protocol_C/train/PC_train_0347_b00
PC_train_0348_b02,C,train,0,A,0,2,2150,9234,0.10797716447985012,0.5420697927474976,0.8654776811599731,protocol_C/train/PC_train_0348_b02
PC_train_0349_b01,C,train,0,A,0,1,1828,7612,0.1020937880596689,0.542119562625885,0.8614531755447388,protocol_C/train/PC_train_0349_b01
PC_train_0350_b00,C,train,0,A,0,0,1610,6503,1.0,0.5418422222137451,0.8633638620376587,protocol_C/train/PC_train_0350_b00
PC_train_0351_b02,C,train,0,A,0,2,2220,9651,0.10416832446235658,0.48464855551719666,0.8637575507164001,protocol_C/train/PC_train_0351_b02
PC_train_0352_b01,C,train,0,A,0,1,1879,7881,0.15356096033633443,0.5763206481933594,0.8637071251869202,protocol_C/train/PC_train_0352_b01
PC_train_0353_b00,C,train,0,A,0,0,1610,6503,1.0,0.5418422222137451,0.8633638620376587,protocol_C/train/PC_train_0353_b00
PC_train_0354_b02,C,train,0,A,0,2,2194,9505,0.10856083911341816,0.5443214178085327,0.8653935194015503,protocol_C/train/PC_train_0354_b02
PC_train_0355_b01,C,train,0,A,0,1,1946,8134,0.11101648214335103,0.5704415440559387,0.8615326285362244,protocol_C/train/PC_train_0355_b01
PC_train_0356_b00,C,train,0,A,0,0,1610,6503,1.0,0.5418422222137451,0.8633638620376587,protocol_C/train/PC_train_0356_b00
PC_train_0357_b02,C,train,0,A,0,2,2274,9962,0.1347576356248471,0.559106707572937,0.8663377165794373,protocol_C/train/PC_train_0357_b02
PC_train_0358_b01,C,train,0,A,0,1,1944,8294,0.29948986952478085,0.5319662094116211,0.8668442964553833,protocol_C/train/PC_train_0358_b01
PC_train_0359_b00,C,train,0,A,0,0,1610,6503,1.0,0.5418422222137451,0.8633638620376587,protocol_C/train/PC_train_0359_b00
PC_train_0360_b02,C,train,0,A,0,2,2092,8904,0.10221209360109537,0.4772559106349945,0.8643356561660767,protocol_C/train/PC_train_0360_b02
PC_train_0361_b01,C,train,0,A,0,1,1969,8425,0.2544461300383106,0.5458678603172302,0.8667864203453064,protocol_C/train/PC_train_0361_b01
PC_train_0362_b00,C,train,0,A,0,0,1610,6503,1.0,0.5418422222137451,0.8633638620376587,protocol_C/train/PC_train_0362_b00
PC_train_0363_b02,C,train,0,A,0,2,2116,9118,0.1475674345880816,0.5568578839302063,0.8621705174446106,protocol_C/train/PC_train_0363_b02
PC_train_0364_b01,C,train,0,A,0,1,1947,8241,0.17766797361784656,0.5384274125099182,0.8654241561889648,protocol_C/train/PC_train_0364_b01
PC_train_0365_b00,C,train,0,A,0,0,1610,6503,1.0,0.5418422222137451,0.8633638620376587,protocol_C/train/PC_train_0365_b00
PC_train_0366_b02,C,train,0,A,0,2,2174,9372,0.11534530963737719,0.5292133092880249,0.865372359752655,protocol_C/train/PC_train_0366_b02
PC_train_0367_b01,C,train,0,A,0,1,2033,8640,0.14429619263221188,0.5205934643745422,0.8647868037223816,protocol_C/train/PC_train_0367_b01
PC_train_0368_b00,C,train,0,A,0,0,1610,6503,1.0,0.5418422222137451,0.8633638620376587,protocol_C/train/PC_train_0368_b00
PC_train_0369_b02,C,train,0,A,0,2,2079,8829,0.13135188118770943,0.48130714893341064,0.8643295764923096,protocol_C/train/PC_train_0369_b02
PC_train_0370_b01,C,train,0,A,0,1,2035,8725,0.26519591747788207,0.5447994470596313,0.8657141923904419,protocol_C/train/PC_train_0370_b01
PC_train_0371_b00,C,train,0,A,0,0,1610,6503,1.0,0.5418422222137451,0.8633638620376587,protocol_C/train/PC_train_0371_b00
PC_train_0372_b02,C,train,0,A,0,2,2119,9123,0.1101738968918427,0.5288562178611755,0.8670487999916077,protocol_C/train/PC_train_0372_b02
PC_train_0373_b01,C,train,0,A,0,1,1928,8164,0.2639967890670346,0.5884774923324585,0.866784393787384,protocol_C/train/PC_train_0373_b01
PC_train_0374_b00,C,train,0,A,0,0,1610,6503,1.0,0.5418422222137451,0.8633638620376587,protocol_C/train/PC_train_0374_b00
PC_train_0375_b02,C,train,0,A,0,2,2170,9455,0.13521979593349148,0.5874073505401611,0.8678465485572815,protocol_C/train/PC_train_0375_b02
PC_train_0376_b01,C,train,0,A,0,1,1972,8447,0.2955287510237747,0.542253851890564,0.8691030144691467,protocol_C/train/PC_train_0376_b01
PC_train_0377_b00,C,train,0,A,0,0,1610,6503,1.0,0.5418422222137451,0.8633638620376587,protocol_C/train/PC_train_0377_b00
PC_train_0378_b02,C,train,0,A,0,2,2251,9783,0.11992436512538479,0.5362669825553894,0.8638304471969604,protocol_C/train/PC_train_0378_b02
PC_train_0379_b01,C,train,0,A,0,1,1957,8271,0.24536135143272475,0.5377418994903564,0.8625993728637695,protocol_C/train/PC_train_0379_b01
PC_train_0380_b00,C,train,0,A,0,0,1610,6503,1.0,0.5418422222137451,0.8633638620376587,protocol_C/train/PC_train_0380_b00
PC_train_0381_b02,C,train,0,A,0,2,2171,9459,0.14477940838256484,0.5267793536186218,0.8665579557418823,protocol_C/train/PC_train_0381_b02
PC_train_0382_b01,C,train,0,A,0,1,1944,8269,0.10845148367552165,0.4714483618736267,0.8650226593017578,protocol_C/train/PC_train_0382_b01
PC_train_0383_b00,C,train,0,A,0,0,1610,6503,1.0,0.5418422222137451,0.8633638620376587,protocol_C/train/PC_train_0383_b00
PC_train_0384_b02,C,train,0,A,0,2,2258,9890,0.12793392217936733,0.5761650800704956,0.8624046444892883,protocol_C/train/PC_train_0384_b02
PC_train_0385_b01,C,train,0,A,0,1,1968,8410,0.15543837379110295,0.5381547808647156,0.8653688430786133,protocol_C/train/PC_train_0385_b01
PC_train_0386_b00,C,train,0,A,0,0,1610,6503,1.0,0.5418422222137451,0.8633638620376587,protocol_C/train/PC_train_0386_b00
PC_train_0387_b02,C,train,0,A,0,2,2115,9084,0.1293915613249629,0.5474730134010315,0.862156093120575,protocol_C/train/PC_train_0387_b02
PC_train_0388_b01,C,train,0,A,0,1,1856,7790,0.13208607040029918,0.5331069231033325,0.8686560988426208,protocol_C/train/PC_train_0388_b01
PC_train_0389_b00,C,train,0,A,0,0,1610,6503,1.0,0.5418422222137451,0.8633638620376587,protocol_C/train/PC_train_0389_b00
PC_train_0390_b02,C,train,0,A,0,2,2074,8915,0.18596861031069456,0.5248270034790039,0.8656392097473145,protocol_C/train/PC_train_0390_b02
PC_train_0391_b01,C,train,0,A,0,1,1879,7866,0.20722356709071457,0.5184305906295776,0.8632752299308777,protocol_C/train/PC_train_0391_b01
PC_train_0392_b00,C,train,0,A,0,0,1610,6503,1.0,0.5418422222137451,0.8633638620376587,protocol_C/train/PC_train_0392_b00
PC_train_0393_b02,C,train,0,A,0,2,2182,9370,0.1460186744385418,0.5182679891586304,0.8629551529884338,protocol_C/train/PC_train_0393_b02
PC_train_0394_b01,C,train,0,A,0,1,1870,7888,0.14690216700172187,0.5457441210746765,0.8654683828353882,protocol_C/train/PC_train_0394_b01
PC_train_0395_b00,C,train,0,A,0,0,1610,6503,1.0,0.5418422222137451,0.8633638620376587,protocol_C/train/PC_train_0395_b00
PC_train_0396_b02,C,train,0,A,0,2,2147,9243,0.1034040247036834,0.5489211678504944,0.8622756600379944,protocol_C/train/PC_train_0396_b02
PC_train_0397_b01,C,train,0,A,0,1,1975,8449,0.2842427775931634,0.5728799700737,0.8673271536827087,protocol_C/train/PC_train_0397_b01
PC_train_0398_b00,C,train,0,A,0,0,1610,6503,1.0,0.5418422222137451,0.8633638620376587,protocol_C/train/PC_train_0398_b00
PC_train_0399_b02,C,train,0,A,0,2,2180,9445,0.19412679432523167,0.5759826898574829,0.8632526993751526,protocol_C/train/PC_train_0399_b02
PC_train_0400_b01,C,train,0,A,0,1,1870,7784,0.12166720029057637,0.5514861345291138,0.8624992966651917,protocol_C/train/PC_train_0400_b01
PC_train_0401_b00,C,train,0,A,0,0,1610,6503,1.0,0.5418422222137451,0.8633638620376587,protocol_C/train/PC_train_0401_b00
PC_train_0402_b02,C,train,0,A,0,2,2031,8608,0.12135537071405275,0.5112284421920776,0.8605087995529175,protocol_C/train/PC_train_0402_b02
PC_train_0403_b01,C,train,0,A,0,1,1912,8022,0.13176201058232148,0.5350895524024963,0.8686656355857849,protocol_C/train/PC_train_0403_b01
PC_train_0404_b00,C,train,0,A,0,0,1610,6503,1.0,0.5418422222137451,0.8633638620376587,protocol_C/train/PC_train_0404_b00
PC_train_0405_b02,C,train,0,A,0,2,2182,9466,0.11161766702420575,0.5492432713508606,0.8665674924850464,protocol_C/train/PC_train_0405_b02
PC_train_0406_b01,C,train,0,A,0,1,1976,8355,0.15502626980792727,0.5842804908752441,0.864771842956543,protocol_C/train/PC_train_0406_b01
PC_train_0407_b00,C,train,0,A,0,0,1610,6503,1.0,0.5418422222137451,0.8633638620376587,protocol_C/train/PC_train_0407_b00
PC_train_0408_b02,C,train,0,A,0,2,2181,9527,0.14359414224238745,0.5016195774078369,0.8668908476829529,protocol_C/train/PC_train_0408_b02
PC_train_0409_b01,C,train,0,A,0,1,1903,8094,0.3176803375283482,0.584602952003479,0.8652920126914978,protocol_C/train/PC_train_0409_b01
PC_train_0410_b00,C,train,0,A,0,0,1610,6503,1.0,0.5418422222137451,0.8633638620376587,protocol_C/train/PC_train_0410_b00
PC_train_0411_b02,C,train,0,A,0,2,2258,9941,0.11108538404055496,0.5331865549087524,0.866028904914856,protocol_C/train/PC_train_0411_b02
PC_train_0412_b01,C,train,0,A,0,1,1948,8317,0.24314252942140632,0.5472694635391235,0.8638041615486145,protocol_C/train/PC_train_0412_b01
PC_train_0413_b00,C,train,0,A,0,0,1610,6503,1.0,0.5418422222137451,0.8633638620376587,protocol_C/train/PC_train_0413_b00
PC_train_0414_b02,C,train,0,A,0,2,2170,9457,0.1841028372159749,0.5621753334999084,0.8647470474243164,protocol_C/train/PC_train_0414_b02
PC_train_0415_b01,C,train,0,A,0,1,1971,8357,0.19462528142106938,0.553881049156189,0.8645249605178833,protocol_C/train/PC_train_0415_b01
PC_train_0416_b00,C,train,0,A,0,0,1610,6503,1.0,0.5418422222137451,0.8633638620376587,protocol_C/train/PC_train_0416_b00
PC_train_0417_b02,C,train,0,A,0,2,2162,9390,0.20101780851380496,0.5385480523109436,0.8688938617706299,protocol_C/train/PC_train_0417_b02
PC_train_0418_b01,C,train,0,A,0,1,1906,8029,0.12066181096867601,0.5358319282531738,0.863570511341095,protocol_C/train/PC_train_0418_b01
PC_train_0419_b00,C,train,0,A,0,0,1610,6503,1.0,0.5418422222137451,0.8633638620376587,protocol_C/train/PC_train_0419_b00
PC_train_0420_b02,C,train,0,A,0,2,2136,9192,0.11680552543614506,0.549334704875946,0.8674126267433167,protocol_C/train/PC_train_0420_b02
PC_train_0421_b01,C,train,0,A,0,1,1856,7737,0.2803859228494029,0.5483931303024292,0.8644587397575378,protocol_C/train/PC_train_0421_b01
PC_train_0422_b00,C,train,0,A,0,0,1610,6503,1.0,0.5418422222137451,0.8633638620376587,protocol_C/train/PC_train_0422_b00
PC_train_0423_b02,C,train,0,A,0,2,2085,8863,0.10158654053965,0.5609967112541199,0.8651224374771118,protocol_C/train/PC_train_0423_b02
PC_train_0424_b01,C,train,0,A,0,1,1837,7724,0.28496202182667246,0.5717307329177856,0.8664172887802124,protocol_C/train/PC_train_0424_b01
PC_train_0425_b00,C,train,0,A,0,0,1610,6503,1.0,0.5418422222137451,0.8633638620376587,protocol_C/train/PC_train_0425_b00
PC_train_0426_b02,C,train,0,A,0,2,2193,9545,0.19903067968386615,0.5136181116104126,0.8668630719184875,protocol_C/train/PC_train_0426_b02
PC_train_0427_b01,C,train,0,A,0,1,1928,8062,0.1321455446802439,0.5330125689506531,0.8622336983680725,protocol_C/train/PC_train_0427_b01
PC_train_0428_b00,C,train,0,A,0,0,1610,6503,1.0,0.5418422222137451,0.8633638620376587,protocol_C/train/PC_train_0428_b00
PC_train_0429_b02,C,train,0,A,0,2,2180,9407,0.15382381857367572,0.5316590666770935,0.8643709421157837,protocol_C/train/PC_train_0429_b02
PC_train_0430_b01,C,train,0,A,0,1,1885,7935,0.1340449063161721,0.5788279175758362,0.8636593222618103,protocol_C/train/PC_train_0430_b01
PC_train_0431_b00,C,train,0,A,0,0,1610,6503,1.0,0.5418422222137451,0.8633638620376587,protocol_C/train/PC_train_0431_b00
PC_train_0432_b02,C,train,0,A,0,2,2173,9401,0.12348471890402479,0.514622151851654,0.8656275272369385,protocol_C/train/PC_train_0432_b02
PC_train_0433_b01,C,train,0,A,0,1,1942,8252,0.10345746794701488,0.4568767249584198,0.8659760355949402,protocol_C/train/PC_train_0433_b01
PC_train_0434_b00,C,train,0,A,0,0,1610,6503,1.0,0.5418422222137451,0.8633638620376587,protocol_C/train/PC_train_0434_b00
PC_train_0435_b02,C,train,0,A,0,2,2199,9603,0.21484543656101263,0.5728757977485657,0.8666320443153381,protocol_C/train/PC_train_0435_b02
PC_train_0436_b01,C,train,0,A,0,1,1928,8109,0.10606401441631483,0.509964644908905,0.8614590167999268,protocol_C/train/PC_train_0436_b01
PC_train_0437_b00,C,train,0,A,0,0,1610,6503,1.0,0.5418422222137451,0.8633638620376587,protocol_C/train/PC_train_0437_b00
PC_train_0438_b02,C,train,0,A,0,2,2192,9489,0.10207089386834364,0.5379260182380676,0.8649243712425232,protocol_C/train/PC_train_0438_b02
PC_train_0439_b01,C,train,0,A,0,1,1828,7674,0.14306549548784497,0.5327737927436829,0.8614727854728699,protocol_C/train/PC_train_0439_b01
PC_train_0440_b00,C,train,0,A,0,0,1610,6503,1.0,0.5418422222137451,0.8633638620376587,protocol_C/train/PC_train_0440_b00
PC_train_0441_b02,C,train,0,A,0,2,2203,9608,0.12674688267703765,0.5515258312225342,0.8658629059791565,protocol_C/train/PC_train_0441_b02
PC_train_0442_b01,C,train,0,A,0,1,1890,7948,0.1909372397892733,0.5486748218536377,0.8676611185073853,protocol_C/train/PC_train_0442_b01
PC_train_0443_b00,C,train,0,A,0,0,1610,6503,1.0,0.5418422222137451,0.8633638620376587,protocol_C/train/PC_train_0443_b00
PC_train_0444_b02,C,train,0,A,0,2,2169,9434,0.18360074135822302,0.5534255504608154,0.8656713962554932,protocol_C/train/PC_train_0444_b02
PC_train_0445_b01,C,train,0,A,0,1,1951,8299,0.1692364637390227,0.5221189856529236,0.8660464882850647,protocol_C/train/PC_train_0445_b01
PC_train_0446_b00,C,train,0,A,0,0,1610,6503,1.0,0.5418422222137451,0.8633638620376587,protocol_C/train/PC_train_0446_b00
PC_train_0447_b02,C,train,0,A,0,2,2108,9052,0.18788008350267443,0.5474073886871338,0.8648043870925903,protocol_C/train/PC_train_0447_b02
PC_train_0448_b01,C,train,0,A,0,1,1866,7810,0.15138799038933926,0.5574209094047546,0.863732635974884,protocol_C/train/PC_train_0448_b01
PC_train_0449_b00,C,train,0,A,0,0,1610,6503,1.0,0.5418422222137451,0.8633638620376587,protocol_C/train/PC_train_0449_b00
PC_train_0450_b02,C,train,0,A,0,2,2051,8728,0.11248719720986483,0.5202183723449707,0.8617781400680542,protocol_C/train/PC_train_0450_b02
PC_train_0451_b01,C,train,0,A,0,1,1980,8433,0.17225001078743402,0.5580068230628967,0.8649058938026428,protocol_C/train/PC_train_0451_b01
PC_train_0452_b00,C,train,0,A,0,0,1610,6503,1.0,0.5418422222137451,0.8633638620376587,protocol_C/train/PC_train_0452_b00
PC_train_0453_b02,C,train,0,A,0,2,2153,9322,0.11268210144084845,0.5222370624542236,0.8673605918884277,protocol_C/train/PC_train_0453_b02
PC_train_0454_b01,C,train,0,A,0,1,1980,8507,0.21926469533755752,0.5496804118156433,0.8654227256774902,protocol_C/train/PC_train_0454_b01
PC_train_0455_b00,C,train,0,A,0,0,1610,6503,1.0,0.5418422222137451,0.8633638620376587,protocol_C/train/PC_train_0455_b00
PC_train_0456_b02,C,train,0,A,0,2,2021,8626,0.15933952347897906,0.552882969379425,0.8632899522781372,protocol_C/train/PC_train_0456_b02
PC_train_0457_b01,C,train,0,A,0,1,1810,7539,0.18305302067176252,0.569024384021759,0.8647365570068359,protocol_C/train/PC_train_0457_b01
PC_train_0458_b00,C,train,0,A,0,0,1610,6503,1.0,0.5418422222137451,0.8633638620376587,protocol_C/train/PC_train_0458_b00
PC_train_0459_b02,C,train,0,A,0,2,2175,9488,0.11175868149965087,0.41317611932754517,0.8644947409629822,protocol_C/train/PC_train_0459_b02
PC_train_0460_b01,C,train,0,A,0,1,1888,8019,0.3053157085593943,0.5850062370300293,0.8702007532119751,protocol_C/train/PC_train_0460_b01
PC_train_0461_b00,C,train,0,A,0,0,1610,6503,1.0,0.5418422222137451,0.8633638620376587,protocol_C/train/PC_train_0461_b00
PC_train_0462_b02,C,train,0,A,0,2,2121,9124,0.11889525700350193,0.5873693227767944,0.8649538159370422,protocol_C/train/PC_train_0462_b02
PC_train_0463_b01,C,train,0,A,0,1,1961,8340,0.1525678747951931,0.558790385723114,0.868084192276001,protocol_C/train/PC_train_0463_b01
PC_train_0464_b00,C,train,0,A,0,0,1610,6503,1.0,0.5418422222137451,0.8633638620376587,protocol_C/train/PC_train_0464_b00
PC_train_0465_b02,C,train,0,A,0,2,2238,9809,0.24820518464961308,0.5487435460090637,0.8707112669944763,protocol_C/train/PC_train_0465_b02
PC_train_0466_b01,C,train,0,A,0,1,1854,7820,0.18864361266134916,0.561022162437439,0.8631600141525269,protocol_C/train/PC_train_0466_b01
PC_train_0467_b00,C,train,0,A,0,0,1610,6503,1.0,0.5418422222137451,0.8633638620376587,protocol_C/train/PC_train_0467_b00
PC_train_0468_b02,C,train,0,A,0,2,2160,9300,0.13713527588230556,0.5569337606430054,0.8658215403556824,protocol_C/train/PC_train_0468_b02
PC_train_0469_b01,C,train,0,A,0,1,1952,8240,0.22500957834139448,0.48903313279151917,0.8630000352859497,protocol_C/train/PC_train_0469_b01
PC_train_0470_b00,C,train,0,A,0,0,1610,6503,1.0,0.5418422222137451,0.8633638620376587,protocol_C/train/PC_train_0470_b00
PC_train_0471_b02,C,train,0,A,0,2,2215,9659,0.14638765615873583,0.3955328166484833,0.8666155338287354,protocol_C/train/PC_train_0471_b02
PC_train_0472_b01,C,train,0,A,0,1,1960,8311,0.11462021769610606,0.5512884259223938,0.8654726147651672,protocol_C/train/PC_train_0472_b01
PC_train_0473_b00,C,train,0,A,0,0,1610,6503,1.0,0.5418422222137451,0.8633638620376587,protocol_C/train/PC_train_0473_b00
PC_train_0474_b02,C,train,0,A,0,2,2227,9675,0.1322450080014846,0.5474638342857361,0.8675656914710999,protocol_C/train/PC_train_0474_b02
PC_train_0475_b01,C,train,0,A,0,1,2027,8643,0.11968092263455413,0.534416139125824,0.864836573600769,protocol_C/train/PC_train_0475_b01
PC_train_0476_b00,C,train,0,A,0,0,1610,6503,1.0,0.5418422222137451,0.8633638620376587,protocol_C/train/PC_train_0476_b00
PC_train_0477_b02,C,train,0,A,0,2,2076,8870,0.10935156246939393,0.5405585765838623,0.8646976351737976,protocol_C/train/PC_train_0477_b02
PC_train_0478_b01,C,train,0,A,0,1,1868,7866,0.11013221151861555,0.5408657193183899,0.8672462105751038,protocol_C/train/PC_train_0478_b01
PC_train_0479_b00,C,train,0,A,0,0,1610,6503,1.0,0.5418422222137451,0.8633638620376587,protocol_C/train/PC_train_0479_b00
PC_train_0480_b02,C,train,0,A,0,2,2043,8645,0.147027832453118,0.5687808990478516,0.8626337647438049,protocol_C/train/PC_train_0480_b02
PC_train_0481_b01,C,train,0,A,0,1,1799,7463,0.12892400447949917,0.578702986240387,0.8649194240570068,protocol_C/train/PC_train_0481_b01
PC_train_0482_b00,C,train,0,A,0,0,1610,6503,1.0,0.5418422222137451,0.8633638620376587,protocol_C/train/PC_train_0482_b00
PC_train_0483_b02,C,train,0,A,0,2,2045,8701,0.1385888269446429,0.5097228288650513,0.8626505136489868,protocol_C/train/PC_train_0483_b02
PC_train_0484_b01,C,train,0,A,0,1,1883,7948,0.12001279760792166,0.5603107810020447,0.8662866353988647,protocol_C/train/PC_train_0484_b01
PC_train_0485_b00,C,train,0,A,0,0,1610,6503,1.0,0.5418422222137451,0.8633638620376587,protocol_C/train/PC_train_0485_b00
PC_train_0486_b02,C,train,0,A,0,2,2025,8633,0.12378597229518545,0.5226988792419434,0.8631079792976379,protocol_C/train/PC_train_0486_b02
PC_train_0487_b01,C,train,0,A,0,1,1878,7948,0.1526624257279402,0.5423586368560791,0.8649110794067383,protocol_C/train/PC_train_0487_b01
PC_train_0488_b00,C,train,0,A,0,0,1610,6503,1.0,0.5418422222137451,0.8633638620376587,protocol_C/train/PC_train_0488_b00
PC_train_0489_b02,C,train,0,A,0,2,2129,9173,0.1502781675370176,0.5701525211334229,0.8639269471168518,protocol_C/train/PC_train_0489_b02
PC_train_0490_b01,C,train,0,A,0,1,1870,7839,0.15207084721852046,0.5566220879554749,0.8624494671821594,protocol_C/train/PC_train_0490_b01
PC_train_0491_b00,C,train,0,A,0,0,1610,6503,1.0,0.5418422222137451,0.8633638620376587,protocol_C/train/PC_train_0491_b00
PC_train_0492_b02,C,train,0,A,0,2,2004,8496,0.15717947453501102,0.5259678363800049,0.8636341094970703,protocol_C/train/PC_train_0492_b02
PC_train_0493_b01,C,train,0,A,0,1,1898,7987,0.11884124085847875,0.5216376185417175,0.8629185557365417,protocol_C/train/PC_train_0493_b01
PC_train_0494_b00,C,train,0,A,0,0,1610,6503,1.0,0.5418422222137451,0.8633638620376587,protocol_C/train/PC_train_0494_b00
PC_train_0495_b02,C,train,0,A,0,2,2243,9772,0.11462327262984506,0.5348358750343323,0.8632742762565613,protocol_C/train/PC_train_0495_b02
PC_train_0496_b01,C,train,0,A,0,1,1877,7884,0.18648878957761333,0.5110765695571899,0.862080454826355,protocol_C/train/PC_train_0496_b01
PC_train_0497_b00,C,train,0,A,0,0,1610,6503,1.0,0.5418422222137451,0.8633638620376587,protocol_C/train/PC_train_0497_b00
PC_train_0498_b02,C,train,0,A,0,2,2188,9582,0.16812412768849105,0.43701979517936707,0.8674559593200684,protocol_C/train/PC_train_0498_b02
PC_train_0499_b01,C,train,0,A,0,1,1963,8363,0.1480706522379495,0.5745107531547546,0.8652873039245605,protocol_C/train/PC_train_0499_b01
PC_train_0500_b00,C,train,0,A,0,0,1610,6503,1.0,0.5418422222137451,0.8633638620376587,protocol_C/train/PC_train_0500_b00
PC_train_0501_b02,C,train,0,A,0,2,2104,9107,0.1372290222097941,0.539068877696991,0.8640236854553223,protocol_C/train/PC_train_0501_b02
PC_train_0502_b01,C,train,0,A,0,1,1899,8101,0.2569774220920736,0.529711127281189,0.8653316497802734,protocol_C/train/PC_train_0502_b01
PC_train_0503_b00,C,train,0,A,0,0,1610,6503,1.0,0.5418422222137451,0.8633638620376587,protocol_C/train/PC_train_0503_b00
PC_train_0504_b02,C,train,0,A,0,2,2279,10038,0.22814795070608376,0.5490787625312805,0.868779718875885,protocol_C/train/PC_train_0504_b02
PC_train_0505_b01,C,train,0,A,0,1,1861,7839,0.27717236586651484,0.5872570276260376,0.8660402297973633,protocol_C/train/PC_train_0505_b01
PC_train_0506_b00,C,train,0,A,0,0,1610,6503,1.0,0.5418422222137451,0.8633638620376587,protocol_C/train/PC_train_0506_b00
PC_train_0507_b02,C,train,0,A,0,2,2169,9394,0.13117162426692586,0.5535920858383179,0.8669034242630005,protocol_C/train/PC_train_0507_b02
PC_train_0508_b01,C,train,0,A,0,1,1839,7725,0.19703765615214264,0.514900267124176,0.8632853627204895,protocol_C/train/PC_train_0508_b01
PC_train_0509_b00,C,train,0,A,0,0,1610,6503,1.0,0.5418422222137451,0.8633638620376587,protocol_C/train/PC_train_0509_b00
PC_train_0510_b02,C,train,0,A,0,2,2222,9659,0.11137328002007074,0.4852299392223358,0.8635724186897278,protocol_C/train/PC_train_0510_b02
PC_train_0511_b01,C,train,0,A,0,1,1963,8250,0.11536265655791411,0.565065860748291,0.8650394678115845,protocol_C/train/PC_train_0511_b01
PC_train_0512_b00,C,train,0,A,0,0,1610,6503,1.0,0.5418422222137451,0.8633638620376587,protocol_C/train/PC_train_0512_b00
PC_train_0513_b02,C,train,0,A,0,2,2184,9469,0.12220328323574481,0.5366649031639099,0.866132378578186,protocol_C/train/PC_train_0513_b02
PC_train_0514_b01,C,train,0,A,0,1,1811,7569,0.20449567527920298,0.5013443231582642,0.8629769086837769,protocol_C/train/PC_train_0514_b01
PC_train_0515_b00,C,train,0,A,0,0,1610,6503,1.0,0.5418422222137451,0.8633638620376587,protocol_C/train/PC_train_0515_b00
PC_train_0516_b02,C,train,0,A,0,2,2103,8995,0.13381066126843583,0.5696512460708618,0.8638216257095337,protocol_C/train/PC_train_0516_b02
PC_train_0517_b01,C,train,0,A,0,1,1943,8153,0.11530182272389328,0.5385828018188477,0.8629036545753479,protocol_C/train/PC_train_0517_b01
PC_train_0518_b00,C,train,0,A,0,0,1610,6503,1.0,0.5418422222137451,0.8633638620376587,protocol_C/train/PC_train_0518_b00
PC_train_0519_b02,C,train,0,A,0,2,2158,9286,0.10974252850428867,0.531592607498169,0.8629552721977234,protocol_C/train/PC_train_0519_b02
PC_train_0520_b01,C,train,0,A,0,1,1935,8224,0.264453709192756,0.561640202999115,0.8657791018486023,protocol_C/train/PC_train_0520_b01
PC_train_0521_b00,C,train,0,A,0,0,1610,6503,1.0,0.5418422222137451,0.8633638620376587,protocol_C/train/PC_train_0521_b00
PC_train_0522_b02,C,train,0,A,0,2,2182,9459,0.121385680973292,0.582278847694397,0.8659526109695435,protocol_C/train/PC_train_0522_b02
PC_train_0523_b01,C,train,0,A,0,1,1978,8464,0.24873858429809592,0.5702208280563354,0.8699138760566711,protocol_C/train/PC_train_0523_b01
PC_train_0524_b00,C,train,0,A,0,0,1610,6503,1.0,0.5418422222137451,0.8633638620376587,protocol_C/train/PC_train_0524_b00
PC_train_0525_b02,C,train,0,A,0,2,2197,9590,0.1404927531156866,0.5100321769714355,0.8664873242378235,protocol_C/train/PC_train_0525_b02
PC_train_0526_b01,C,train,0,A,0,1,1899,8081,0.2744629312619866,0.5731585025787354,0.8658400774002075,protocol_C/train/PC_train_0526_b01
PC_train_0527_b00,C,train,0,A,0,0,1610,6503,1.0,0.5418422222137451,0.8633638620376587,protocol_C/train/PC_train_0527_b00
PC_train_0528_b02,C,train,0,A,0,2,2108,8959,0.10793534946763131,0.49494874477386475,0.8604267835617065,protocol_C/train/PC_train_0528_b02
PC_train_0529_b01,C,train,0,A,0,1,1929,8079,0.14414414612780116,0.5854135155677795,0.8651091456413269,protocol_C/train/PC_train_0529_b01
PC_train_0530_b00,C,train,0,A,0,0,1610,6503,1.0,0.5418422222137451,0.8633638620376587,protocol_C/train/PC_train_0530_b00
PC_train_0531_b02,C,train,0,A,0,2,2126,9074,0.11880564276420975,0.5352287292480469,0.8628175854682922,protocol_C/train/PC_train_0531_b02
PC_train_0532_b01,C,train,0,A,0,1,1986,8459,0.13376539817030975,0.5681673288345337,0.8666988611221313,protocol_C/train/PC_train_0532_b01
PC_train_0533_b00,C,train,0,A,0,0,1610,6503,1.0,0.5418422222137451,0.8633638620376587,protocol_C/train/PC_train_0533_b00
PC_train_0534_b02,C,train,0,A,0,2,2111,8989,0.11278620122766836,0.5511958599090576,0.8637914061546326,protocol_C/train/PC_train_0534_b02
PC_train_0535_b01,C,train,0,A,0,1,1868,7805,0.136402505909255,0.5917565226554871,0.8648547530174255,protocol_C/train/PC_train_0535_b01
PC_train_0536_b00,C,train,0,A,0,0,1610,6503,1.0,0.5418422222137451,0.8633638620376587,protocol_C/train/PC_train_0536_b00
PC_train_0537_b02,C,train,0,A,0,2,2157,9291,0.1544089037578099,0.5714852809906006,0.8658163547515869,protocol_C/train/PC_train_0537_b02
PC_train_0538_b01,C,train,0,A,0,1,1842,7734,0.16417404650329848,0.5558371543884277,0.8629335761070251,protocol_C/train/PC_train_0538_b01
PC_train_0539_b00,C,train,0,A,0,0,1610,6503,1.0,0.5418422222137451,0.8633638620376587,protocol_C/train/PC_train_0539_b00
PC_train_0540_b02,C,train,0,A,0,2,2186,9554,0.19495561018352717,0.5191419720649719,0.8694856762886047,protocol_C/train/PC_train_0540_b02
PC_train_0541_b01,C,train,0,A,0,1,1919,8134,0.1657445466006774,0.5544326901435852,0.8654072284698486,protocol_C/train/PC_train_0541_b01
PC_train_0542_b00,C,train,0,A,0,0,1610,6503,1.0,0.5418422222137451,0.8633638620376587,protocol_C/train/PC_train_0542_b00
PC_train_0543_b02,C,train,0,A,0,2,2069,8923,0.12854230777244954,0.5255780220031738,0.8661638498306274,protocol_C/train/PC_train_0543_b02
PC_train_0544_b01,C,train,0,A,0,1,1865,7899,0.17102529215332452,0.5210535526275635,0.8655163645744324,protocol_C/train/PC_train_0544_b01
PC_train_0545_b00,C,train,0,A,0,0,1610,6503,1.0,0.5418422222137451,0.8633638620376587,protocol_C/train/PC_train_0545_b00
PC_train_0546_b02,C,train,0,A,0,2,2104,9010,0.13493825451728336,0.5802783966064453,0.8631454110145569,protocol_C/train/PC_train_0546_b02
PC_train_0547_b01,C,train,0,A,0,1,1994,8488,0.20527547923698608,0.5602906346321106,0.864245593547821,protocol_C/train/PC_train_0547_b01
PC_train_0548_b00,C,train,0,A,0,0,1610,6503,1.0,0.5418422222137451,0.8633638620376587,protocol_C/train/PC_train_0548_b00
PC_train_0549_b02,C,train,0,A,0,2,2151,9305,0.13746117394093935,0.5901341438293457,0.8665237426757812,protocol_C/train/PC_train_0549_b02
PC_train_0550_b01,C,train,0,A,0,1,1910,8091,0.18660533164101886,0.5692340731620789,0.8646191358566284,protocol_C/train/PC_train_0550_b01
PC_train_0551_b00,C,train,0,A,0,0,1610,6503,1.0,0.5418422222137451,0.8633638620376587,protocol_C/train/PC_train_0551_b00
PC_train_0552_b02,C,train,0,A,0,2,2100,9111,0.14455790670521929,0.5747981667518616,0.8697541356086731,protocol_C/train/PC_train_0552_b02
PC_train_0553_b01,C,train,0,A,0,1,1888,7845,0.10163528060900506,0.49327126145362854,0.859615683555603,protocol_C/train/PC_train_0553_b01
PC_train_0554_b00,C,train,0,A,0,0,1610,6503,1.0,0.5418422222137451,0.8633638620376587,protocol_C/train/PC_train_0554_b00
PC_train_0555_b02,C,train,0,A,0,2,2079,8958,0.15970234004710213,0.5665006637573242,0.8676730394363403,protocol_C/train/PC_train_0555_b02
PC_train_0556_b01,C,train,0,A,0,1,1899,7955,0.141522514789329,0.5703431367874146,0.8659050464630127,protocol_C/train/PC_train_0556_b01
PC_train_0557_b00,C,train,0,A,0,0,1610,6503,1.0,0.5418422222137451,0.8633638620376587,protocol_C/train/PC_train_0557_b00
PC_train_0558_b02,C,train,0,A,0,2,2196,9619,0.20299482204695057,0.5458976626396179,0.8702868223190308,protocol_C/train/PC_train_0558_b02
PC_train_0559_b01,C,train,0,A,0,1,1945,8256,0.10899506320722743,0.4407356381416321,0.8659650683403015,protocol_C/train/PC_train_0559_b01
PC_train_0560_b00,C,train,0,A,0,0,1610,6503,1.0,0.5418422222137451,0.8633638620376587,protocol_C/train/PC_train_0560_b00
PC_train_0561_b02,C,train,0,A,0,2,2111,9078,0.10725804191970859,0.5399664640426636,0.8662130236625671,protocol_C/train/PC_train_0561_b02
PC_train_0562_b01,C,train,0,A,0,1,1998,8479,0.12452198256485231,0.5417570471763611,0.8669242262840271,protocol_C/train/PC_train_0562_b01
PC_train_0563_b00,C,train,0,A,0,0,1610,6503,1.0,0.5418422222137451,0.8633638620376587,protocol_C/train/PC_train_0563_b00
PC_train_0564_b02,C,train,0,A,0,2,2185,9456,0.10827782242068276,0.4742508828639984,0.8627655506134033,protocol_C/train/PC_train_0564_b02
PC_train_0565_b01,C,train,0,A,0,1,1920,8014,0.11957225495366033,0.5379047989845276,0.8638855218887329,protocol_C/train/PC_train_0565_b01
PC_train_0566_b00,C,train,0,A,0,0,1610,6503,1.0,0.5418422222137451,0.8633638620376587,protocol_C/train/PC_train_0566_b00
PC_train_0567_b02,C,train,0,A,0,2,2138,9224,0.10648334089299943,0.5005331635475159,0.8648234605789185,protocol_C/train/PC_train_0567_b02
PC_train_0568_b01,C,train,0,A,0,1,1988,8409,0.15474760856274428,0.5566843152046204,0.8625762462615967,protocol_C/train/PC_train_0568_b01
PC_train_0569_b00,C,train,0,A,0,0,1610,6503,1.0,0.5418422222137451,0.8633638620376587,protocol_C/train/PC_train_0569_b00
PC_train_0570_b02,C,train,0,A,0,2,2242,9804,0.12010125147905282,0.5091258883476257,0.8669102191925049,protocol_C/train/PC_train_0570_b02
PC_train_0571_b01,C,train,0,A,0,1,1863,7734,0.10321503241764404,0.5125699043273926,0.858495831489563,protocol_C/train/PC_train_0571_b01
PC_train_0572_b00,C,train,0,A,0,0,1610,6503,1.0,0.5418422222137451,0.8633638620376587,protocol_C/train/PC_train_0572_b00
PC_train_0573_b02,C,train,0,A,0,2,2151,9233,0.11242150380939156,0.4856993854045868,0.8669504523277283,protocol_C/train/PC_train_0573_b02
PC_train_0574_b01,C,train,0,A,0,1,1881,7976,0.27114964086548365,0.5090917944908142,0.8667653203010559,protocol_C/train/PC_train_0574_b01
PC_train_0575_b00,C,train,0,A,0,0,1610,6503,1.0,0.5418422222137451,0.8633638620376587,protocol_C/train/PC_train_0575_b00
PC_train_0576_b02,C,train,0,A,0,2,2148,9318,0.11298456821041439,0.5808520913124084,0.8654657006263733,protocol_C/train/PC_train_0576_b02
PC_train_0577_b01,C,train,0,A,0,1,1861,7879,0.19314451489957019,0.5768513083457947,0.8653601408004761,protocol_C/train/PC_train_0577_b01
PC_train_0578_b00,C,train,0,A,0,0,1610,6503,1.0,0.5418422222137451,0.8633638620376587,protocol_C/train/PC_train_0578_b00
PC_train_0579_b02,C,train,0,A,0,2,2204,9572,0.13743745207589458,0.5527627468109131,0.8672042489051819,protocol_C/train/PC_train_0579_b02
PC_train_0580_b01,C,train,0,A,0,1,1952,8308,0.2178307450797175,0.5251301527023315,0.86714106798172,protocol_C/train/PC_train_0580_b01
PC_train_0581_b00,C,train,0,A,0,0,1610,6503,1.0,0.5418422222137451,0.8633638620376587,protocol_C/train/PC_train_0581_b00
PC_train_0582_b02,C,train,0,A,0,2,2244,9808,0.11799389337168184,0.5327439308166504,0.8678485155105591,protocol_C/train/PC_train_0582_b02
PC_train_0583_b01,C,train,0,A,0,1,1986,8430,0.1345828859664586,0.5150240659713745,0.8629382848739624,protocol_C/train/PC_train_0583_b01
PC_train_0584_b00,C,train,0,A,0,0,1610,6503,1.0,0.5418422222137451,0.8633638620376587,protocol_C/train/PC_train_0584_b00
PC_train_0585_b02,C,train,0,A,0,2,2211,9646,0.15615872916639367,0.533012866973877,0.8689985871315002,protocol_C/train/PC_train_0585_b02
PC_train_0586_b01,C,train,0,A,0,1,1805,7519,0.12384531519162623,0.5642567276954651,0.865156888961792,protocol_C/train/PC_train_0586_b01
PC_train_0587_b00,C,train,0,A,0,0,1610,6503,1.0,0.5418422222137451,0.8633638620376587,protocol_C/train/PC_train_0587_b00
PC_train_0588_b02,C,train,0,A,0,2,1985,8358,0.1179283587705374,0.4857347011566162,0.8626419305801392,protocol_C/train/PC_train_0588_b02
PC_train_0589_b01,C,train,0,A,0,1,1973,8459,0.34913067278083254,0.5045517683029175,0.8643743991851807,protocol_C/train/PC_train_0589_b01
PC_train_0590_b00,C,train,0,A,0,0,1610,6503,1.0,0.5418422222137451,0.8633638620376587,protocol_C/train/PC_train_0590_b00
PC_train_0591_b02,C,train,0,A,0,2,2210,9601,0.1645768063210153,0.5727525949478149,0.8665454983711243,protocol_C/train/PC_train_0591_b02
PC_train_0592_b01,C,train,0,A,0,1,1858,7837,0.21415205151286845,0.5510557293891907,0.8645185232162476,protocol_C/train/PC_train_0592_b01
PC_train_0593_b00,C,train,0,A,0,0,1610,6503,1.0,0.5418422222137451,0.8633638620376587,protocol_C/train/PC_train_0593_b00
PC_train_0594_b02,C,train,0,A,0,2,2086,9020,0.153861530882008,0.5663531422615051,0.8661799430847168,protocol_C/train/PC_train_0594_b02
PC_train_0595_b01,C,train,0,A,0,1,1994,8491,0.24088553128717916,0.539797842502594,0.8660294413566589,protocol_C/train/PC_train_0595_b01
PC_train_0596_b00,C,train,0,A,0,0,1610,6503,1.0,0.5418422222137451,0.8633638620376587,protocol_C/train/PC_train_0596_b00
PC_train_0597_b02,C,train,0,A,0,2,2024,8656,0.13050788395695162,0.5284777879714966,0.8616602420806885,protocol_C/train/PC_train_0597_b02
PC_train_0598_b01,C,train,0,A,0,1,1941,8165,0.10840997744930306,0.5061743259429932,0.8620115518569946,protocol_C/train/PC_train_0598_b01
PC_train_0599_b00,C,train,0,A,0,0,1610,6503,1.0,0.5418422222137451,0.8633638620376587,protocol_C/train/PC_train_0599_b00
PC_train_0600_b02,C,train,0,A,0,2,2153,9312,0.14475707229443163,0.5485437512397766,0.8638235330581665,protocol_C/train/PC_train_0600_b02
PC_train_0601_b01,C,train,0,A,0,1,1956,8294,0.14985281232896658,0.5331298112869263,0.8659815192222595,protocol_C/train/PC_train_0601_b01
PC_train_0602_b00,C,train,0,A,0,0,1610,6503,1.0,0.5418422222137451,0.8633638620376587,protocol_C/train/PC_train_0602_b00
PC_train_0603_b02,C,train,0,A,0,2,2150,9285,0.1260160943130803,0.5405279994010925,0.867816150188446,protocol_C/train/PC_train_0603_b02
PC_train_0604_b01,C,train,0,A,0,1,1882,7902,0.11728095131796346,0.5238212943077087,0.8627850413322449,protocol_C/train/PC_train_0604_b01
PC_train_0605_b00,C,train,0,A,0,0,1610,6503,1.0,0.5418422222137451,0.8633638620376587,protocol_C/train/PC_train_0605_b00
PC_train_0606_b02,C,train,0,A,0,2,2189,9595,0.21254703697559196,0.5300134420394897,0.8675919771194458,protocol_C/train/PC_train_0606_b02
PC_train_0607_b01,C,train,0,A,0,1,1826,7634,0.14857947773161878,0.5694738030433655,0.8662917613983154,protocol_C/train/PC_train_0607_b01
PC_train_0608_b00,C,train,0,A,0,0,1610,6503,1.0,0.5418422222137451,0.8633638620376587,protocol_C/train/PC_train_0608_b00
PC_train_0609_b02,C,train,0,A,0,2,2140,9211,0.12777651431242723,0.5737629532814026,0.8630812168121338,protocol_C/train/PC_train_0609_b02
PC_train_0610_b01,C,train,0,A,0,1,2024,8652,0.2809942578735001,0.5761920809745789,0.8693203926086426,protocol_C/train/PC_train_0610_b01
PC_train_0611_b00,C,train,0,A,0,0,1610,6503,1.0,0.5418422222137451,0.8633638620376587,protocol_C/train/PC_train_0611_b00
PC_train_0612_b02,C,train,0,A,0,2,2201,9500,0.10305685851493576,0.5002039670944214,0.8625722527503967,protocol_C/train/PC_train_0612_b02
PC_train_0613_b01,C,train,0,A,0,1,1944,8271,0.29887890462409844,0.4922972619533539,0.8668156862258911,protocol_C/train/PC_train_0613_b01
PC_train_0614_b00,C,train,0,A,0,0,1610,6503,1.0,0.5418422222137451,0.8633638620376587,protocol_C/train/PC_train_0614_b00
PC_train_0615_b02,C,train,0,A,0,2,2265,9946,0.20805044765230804,0.5153385400772095,0.8668272495269775,protocol_C/train/PC_train_0615_b02
PC_train_0616_b01,C,train,0,A,0,1,1869,7741,0.12026586414318458,0.4326302707195282,0.8595948815345764,protocol_C/train/PC_train_0616_b01
PC_train_0617_b00,C,train,0,A,0,0,1610,6503,1.0,0.5418422222137451,0.8633638620376587,protocol_C/train/PC_train_0617_b00
PC_train_0618_b02,C,train,0,A,0,2,2240,9791,0.11510445399725522,0.5081225633621216,0.8657565116882324,protocol_C/train/PC_train_0618_b02
PC_train_0619_b01,C,train,0,A,0,1,1865,7806,0.1257703621073994,0.5548999905586243,0.8633942008018494,protocol_C/train/PC_train_0619_b01
PC_train_0620_b00,C,train,0,A,0,0,1610,6503,1.0,0.5418422222137451,0.8633638620376587,protocol_C/train/PC_train_0620_b00
PC_train_0621_b02,C,train,0,A,0,2,2151,9235,0.10926706390565366,0.47206467390060425,0.8630226850509644,protocol_C/train/PC_train_0621_b02
PC_train_0622_b01,C,train,0,A,0,1,1870,7920,0.1740704668546144,0.5686023831367493,0.864007294178009,protocol_C/train/PC_train_0622_b01
PC_train_0623_b00,C,train,0,A,0,0,1610,6503,1.0,0.5418422222137451,0.8633638620376587,protocol_C/train/PC_train_0623_b00
PC_train_0624_b02,C,train,0,A,0,2,2112,9038,0.14766508794177813,0.5801337957382202,0.8656408786773682,protocol_C/train/PC_train_0624_b02
PC_train_0625_b01,C,train,0,A,0,1,1920,8109,0.269250903437409,0.5598892569541931,0.8671200275421143,protocol_C/train/PC_train_0625_b01
PC_train_0626_b00,C,train,0,A,0,0,1610,6503,1.0,0.5418422222137451,0.8633638620376587,protocol_C/train/PC_train_0626_b00
PC_train_0627_b02,C,train,0,A,0,2,2214,9633,0.13826251999437913,0.5718459486961365,0.8694043159484863,protocol_C/train/PC_train_0627_b02
PC_train_0628_b01,C,train,0,A,0,1,1864,7747,0.11556252415558166,0.47058364748954773,0.8608792424201965,protocol_C/train/PC_train_0628_b01
PC_train_0629_b00,C,train,0,A,0,0,1610,6503,1.0,0.5418422222137451,0.8633638620376587,protocol_C/train/PC_train_0629_b00
PC_train_0630_b02,C,train,0,A,0,2,2169,9446,0.10305662552635819,0.4372169077396393,0.8666290640830994,protocol_C/train/PC_train_0630_b02
PC_train_0631_b01,C,train,0,A,0,1,1880,7843,0.11556176929033782,0.5221542716026306,0.8645316362380981,protocol_C/train/PC_train_0631_b01
PC_train_0632_b00,C,train,0,A,0,0,1610,6503,1.0,0.5418422222137451,0.8633638620376587,protocol_C/train/PC_train_0632_b00
PC_train_0633_b02,C,train,0,A,0,2,2215,9637,0.15263418230637185,0.546951413154602,0.8653122186660767,protocol_C/train/PC_train_0633_b02
PC_train_0634_b01,C,train,0,A,0,1,1936,8236,0.1800657869965158,0.5239937901496887,0.864471971988678,protocol_C/train/PC_train_0634_b01
PC_train_0635_b00,C,train,0,A,0,0,1610,6503,1.0,0.5418422222137451,0.8633638620376587,protocol_C/train/PC_train_0635_b00
PC_train_0636_b02,C,train,0,A,0,2,2044,8621,0.11692355414052494,0.5645455121994019,0.8648752570152283,protocol_C/train/PC_train_0636_b02
PC_train_0637_b01,C,train,0,A,0,1,1911,8072,0.2427869577472797,0.5861261487007141,0.8643547892570496,protocol_C/train/PC_train_0637_b01
PC_train_0638_b00,C,train,0,A,0,0,1610,6503,1.0,0.5418422222137451,0.8633638620376587,protocol_C/train/PC_train_0638_b00
PC_train_0639_b02,C,train,0,A,0,2,2215,9638,0.17438854317987798,0.5380184054374695,0.8654949069023132,protocol_C/train/PC_train_0639_b02
PC_train_0640_b01,C,train,0,A,0,1,1943,8196,0.18544789518595636,0.5574796795845032,0.8621344566345215,protocol_C/train/PC_train_0640_b01
PC_train_0641_b00,C,train,0,A,0,0,1610,6503,1.0,0.5418422222137451,0.8633638620376587,protocol_C/train/PC_train_0641_b00
PC_train_0642_b02,C,train,0,A,0,2,2214,9614,0.12863726300306064,0.48487189412117004,0.8668333888053894,protocol_C/train/PC_train_0642_b02
PC_train_0643_b01,C,train,0,A,0,1,1867,7809,0.14048283590969593,0.5549274682998657,0.8621424436569214,protocol_C/train/PC_train_0643_b01
PC_train_0644_b00,C,train,0,A,0,0,1610,6503,1.0,0.5418422222137451,0.8633638620376587,protocol_C/train/PC_train_0644_b00
PC_train_0645_b02,C,train,0,A,0,2,2039,8693,0.14464353211805303,0.449197918176651,0.8655473589897156,protocol_C/train/PC_train_0645_b02
PC_train_0646_b01,C,train,0,A,0,1,1949,8315,0.3255677110448111,0.5733179450035095,0.8637028336524963,protocol_C/train/PC_train_0646_b01
PC_train_0647_b00,C,train,0,A,0,0,1610,6503,1.0,0.5418422222137451,0.8633638620376587,protocol_C/train/PC_train_0647_b00
PC_train_0648_b02,C,train,0,A,0,2,2207,9684,0.12345212413881818,0.5677907466888428,0.8685880899429321,protocol_C/train/PC_train_0648_b02
PC_train_0649_b01,C,train,0,A,0,1,1882,7877,0.242900983066968,0.5834729671478271,0.8644711375236511,protocol_C/train/PC_train_0649_b01
PC_train_0650_b00,C,train,0,A,0,0,1610,6503,1.0,0.5418422222137451,0.8633638620376587,protocol_C/train/PC_train_0650_b00
PC_train_0651_b02,C,train,0,A,0,2,2096,9001,0.15639284162318978,0.5439821481704712,0.8620535731315613,protocol_C/train/PC_train_0651_b02
PC_train_0652_b01,C,train,0,A,0,1,1865,7868,0.16238900406511012,0.5539730787277222,0.8653625845909119,protocol_C/train/PC_train_0652_b01
PC_train_0653_b00,C,train,0,A,0,0,1610,6503,1.0,0.5418422222137451,0.8633638620376587,protocol_C/train/PC_train_0653_b00
PC_train_0654_b02,C,train,0,A,0,2,2231,9718,0.10684890286898463,0.46581506729125977,0.8647367358207703,protocol_C/train/PC_train_0654_b02
PC_train_0655_b01,C,train,0,A,0,1,1943,8282,0.2685672129352388,0.5883482098579407,0.8658345341682434,protocol_C/train/PC_train_0655_b01
PC_train_0656_b00,C,train,0,A,0,0,1610,6503,1.0,0.5418422222137451,0.8633638620376587,protocol_C/train/PC_train_0656_b00
PC_train_0657_b02,C,train,0,A,0,2,2132,9203,0.12301796457748157,0.5329455733299255,0.8656041622161865,protocol_C/train/PC_train_0657_b02
PC_train_0658_b01,C,train,0,A,0,1,1948,8332,0.3125885329687703,0.5676432847976685,0.8652758598327637,protocol_C/train/PC_train_0658_b01
PC_train_0659_b00,C,train,0,A,0,0,1610,6503,1.0,0.5418422222137451,0.8633638620376587,protocol_C/train/PC_train_0659_b00
PC_train_0660_b02,C,train,0,A,0,2,2232,9799,0.1580611467483573,0.576307475566864,0.867728054523468,protocol_C/train/PC_train_0660_b02
PC_train_0661_b01,C,train,0,A,0,1,1908,8144,0.24870403650431752,0.42513859272003174,0.8648855686187744,protocol_C/train/PC_train_0661_b01
PC_train_0662_b00,C,train,0,A,0,0,1610,6503,1.0,0.5418422222137451,0.8633638620376587,protocol_C/train/PC_train_0662_b00
PC_train_0663_b02,C,train,0,A,0,2,2249,9819,0.11168047607425732,0.5562396049499512,0.8667784333229065,protocol_C/train/PC_train_0663_b02
PC_train_0664_b01,C,train,0,A,0,1,1942,8282,0.15707219536021522,0.537105917930603,0.8650124669075012,protocol_C/train/PC_train_0664_b01
PC_train_0665_b00,C,train,0,A,0,0,1610,6503,1.0,0.5418422222137451,0.8633638620376587,protocol_C/train/PC_train_0665_b00
PC_train_0666_b02,C,train,0,A,0,2,2175,9473,0.13358583187877687,0.5576239824295044,0.8647077083587646,protocol_C/train/PC_train_0666_b02
PC_train_0667_b01,C,train,0,A,0,1,1823,7627,0.17871903868653083,0.5552692413330078,0.864319920539856,protocol_C/train/PC_train_0667_b01
PC_train_0668_b00,C,train,0,A,0,0,1610,6503,1.0,0.5418422222137451,0.8633638620376587,protocol_C/train/PC_train_0668_b00
PC_train_0669_b02,C,train,0,A,0,2,2116,9092,0.16725263578661267,0.5357275009155273,0.8624994158744812,protocol_C/train/PC_train_0669_b02
PC_train_0670_b01,C,train,0,A,0,1,1867,7766,0.10819259911625734,0.44681182503700256,0.8616841435432434,protocol_C/train/PC_train_0670_b01
PC_train_0671_b00,C,train,0,A,0,0,1610,6503,1.0,0.5418422222137451,0.8633638620376587,protocol_C/train/PC_train_0671_b00
PC_train_0672_b02,C,train,0,A,0,2,2031,8615,0.10872066497340394,0.47183749079704285,0.863448441028595,protocol_C/train/PC_train_0672_b02
PC_train_0673_b01,C,train,0,A,0,1,1864,7811,0.16295638381141597,0.5031561851501465,0.8620765209197998,protocol_C/train/PC_train_0673_b01
PC_train_0674_b00,C,train,0,A,0,0,1610,6503,1.0,0.5418422222137451,0.8633638620376587,protocol_C/train/PC_train_0674_b00
PC_train_0675_b02,C,train,0,A,0,2,2228,9744,0.12558634294326682,0.5099950432777405,0.8675286769866943,protocol_C/train/PC_train_0675_b02
PC_train_0676_b01,C,train,0,A,0,1,1896,8047,0.15345757483743852,0.5674901604652405,0.8671120405197144,protocol_C/train/PC_train_0676_b01
PC_train_0677_b00,C,train,0,A,0,0,1610,6503,1.0,0.5418422222137451,0.8633638620376587,protocol_C/train/PC_train_0677_b00
PC_train_0678_b02,C,train,0,A,0,2,2150,9331,0.10183841455291615,0.5072450041770935,0.8673648834228516,protocol_C/train/PC_train_0678_b02
PC_train_0679_b01,C,train,0,A,0,1,1878,7839,0.10938744669186778,0.5394780039787292,0.8639122843742371,protocol_C/train/PC_train_0679_b01
PC_train_0680_b00,C,train,0,A,0,0,1610,6503,1.0,0.5418422222137451,0.8633638620376587,protocol_C/train/PC_train_0680_b00
PC_train_0681_b02,C,train,0,A,0,2,2226,9686,0.12537805477578848,0.535109281539917,0.8641494512557983,protocol_C/train/PC_train_0681_b02
PC_train_0682_b01,C,train,0,A,0,1,1960,8382,0.19049870751428238,0.547582745552063,0.8636167645454407,protocol_C/train/PC_train_0682_b01
PC_train_0683_b00,C,train,0,A,0,0,1610,6503,1.0,0.5418422222137451,0.8633638620376587,protocol_C/train/PC_train_0683_b00
PC_train_0684_b02,C,train,0,A,0,2,2147,9230,0.13574064842599687,0.5165905356407166,0.8630135655403137,protocol_C/train/PC_train_0684_b02
PC_train_0685_b01,C,train,0,A,0,1,1848,7784,0.20060737592784023,0.5228384137153625,0.8646275997161865,protocol_C/train/PC_train_0685_b01
PC_train_0686_b00,C,train,0,A,0,0,1610,6503,1.0,0.5418422222137451,0.8633638620376587,protocol_C/train/PC_train_0686_b00
PC_train_0687_b02,C,train,0,A,0,2,2134,9202,0.12634693396907543,0.5497683882713318,0.8647240400314331,protocol_C/train/PC_train_0687_b02
PC_train_0688_b01,C,train,0,A,0,1,1938,8164,0.18964960192375313,0.5663681030273438,0.8634033799171448,protocol_C/train/PC_train_0688_b01
PC_train_0689_b00,C,train,0,A,0,0,1610,6503,1.0,0.5418422222137451,0.8633638620376587,protocol_C/train/PC_train_0689_b00
PC_train_0690_b02,C,train,0,A,0,2,2228,9632,0.10043592104248039,0.5576737523078918,0.8635316491127014,protocol_C/train/PC_train_0690_b02
PC_train_0691_b01,C,train,0,A,0,1,1953,8335,0.34972642831023293,0.5364906191825867,0.8639589548110962,protocol_C/train/PC_train_0691_b01
PC_train_0692_b00,C,train,0,A,0,0,1610,6503,1.0,0.5418422222137451,0.8633638620376587,protocol_C/train/PC_train_0692_b00
PC_train_0693_b02,C,train,0,A,0,2,2207,9698,0.2540007503074866,0.5084530115127563,0.86955326795578,protocol_C/train/PC_train_0693_b02
PC_train_0694_b01,C,train,0,A,0,1,1967,8401,0.11602979046124648,0.5166833996772766,0.867883026599884,protocol_C/train/PC_train_0694_b01
PC_train_0695_b00,C,train,0,A,0,0,1610,6503,1.0,0.5418422222137451,0.8633638620376587,protocol_C/train/PC_train_0695_b00
PC_train_0696_b02,C,train,0,A,0,2,2149,9291,0.14200898985681465,0.5636703372001648,0.866152286529541,protocol_C/train/PC_train_0696_b02
PC_train_0697_b01,C,train,0,A,0,1,1846,7664,0.11772194305855377,0.5567362904548645,0.8622257113456726,protocol_C/train/PC_train_0697_b01
PC_train_0698_b00,C,train,0,A,0,0,1610,6503,1.0,0.5418422222137451,0.8633638620376587,protocol_C/train/PC_train_0698_b00
PC_train_0699_b02,C,train,0,A,0,2,2097,9071,0.11057662981422202,0.5340052843093872,0.8673993349075317,protocol_C/train/PC_train_0699_b02
PC_train_0700_b01,C,train,0,A,0,1,1949,8243,0.25403866137383924,0.5277615785598755,0.8631681203842163,protocol_C/train/PC_train_0700_b01
PC_train_0701_b00,C,train,0,A,0,0,1610,6503,1.0,0.5418422222137451,0.8633638620376587,protocol_C/train/PC_train_0701_b00
PC_train_0702_b02,C,train,0,A,0,2,1980,8386,0.1261444657671006,0.5226134061813354,0.8637763261795044,protocol_C/train/PC_train_0702_b02
PC_train_0703_b01,C,train,0,A,0,1,1903,7944,0.1344683114015488,0.5616135001182556,0.8676176071166992,protocol_C/train/PC_train_0703_b01
PC_train_0704_b00,C,train,0,A,0,0,1610,6503,1.0,0.5418422222137451,0.8633638620376587,protocol_C/train/PC_train_0704_b00
PC_train_0705_b02,C,train,0,A,0,2,2202,9626,0.1688979121982064,0.5766637325286865,0.8642342686653137,protocol_C/train/PC_train_0705_b02
PC_train_0706_b01,C,train,0,A,0,1,1929,8144,0.10850589826947787,0.5588746070861816,0.8618653416633606,protocol_C/train/PC_train_0706_b01
PC_train_0707_b00,C,train,0,A,0,0,1610,6503,1.0,0.5418422222137451,0.8633638620376587,protocol_C/train/PC_train_0707_b00
PC_train_0708_b02,C,train,0,A,0,2,2251,9742,0.12388106951459585,0.5446045398712158,0.865098237991333,protocol_C/train/PC_train_0708_b02
PC_train_0709_b01,C,train,0,A,0,1,1906,8063,0.190304998276012,0.5418012142181396,0.8602665662765503,protocol_C/train/PC_train_0709_b01
PC_train_0710_b00,C,train,0,A,0,0,1610,6503,1.0,0.5418422222137451,0.8633638620376587,protocol_C/train/PC_train_0710_b00
PC_train_0711_b02,C,train,0,A,0,2,2195,9528,0.10290955167020925,0.4807945787906647,0.862488329410553,protocol_C/train/PC_train_0711_b02
PC_train_0712_b01,C,train,0,A,0,1,2001,8504,0.1273813470155506,0.594234824180603,0.8644112348556519,protocol_C/train/PC_train_0712_b01
PC_train_0713_b00,C,train,0,A,0,0,1610,6503,1.0,0.5418422222137451,0.8633638620376587,protocol_C/train/PC_train_0713_b00
PC_train_0714_b02,C,train,0,A,0,2,2261,9914,0.12225527188960447,0.5129032135009766,0.8646453022956848,protocol_C/train/PC_train_0714_b02
PC_train_0715_b01,C,train,0,A,0,1,1977,8384,0.16688079898806052,0.5575008392333984,0.8646553754806519,protocol_C/train/PC_train_0715_b01
PC_train_0716_b00,C,train,0,A,0,0,1610,6503,1.0,0.5418422222137451,0.8633638620376587,protocol_C/train/PC_train_0716_b00
PC_train_0717_b02,C,train,0,A,0,2,2248,9833,0.2583628872168713,0.5582662224769592,0.8689658045768738,protocol_C/train/PC_train_0717_b02
PC_train_0718_b01,C,train,0,A,0,1,1869,7912,0.1716333322314954,0.5817089676856995,0.8657311797142029,protocol_C/train/PC_train_0718_b01
PC_train_0719_b00,C,train,0,A,0,0,1610,6503,1.0,0.5418422222137451,0.8633638620376587,protocol_C/train/PC_train_0719_b00
PC_train_0720_b02,C,train,0,A,0,2,2185,9403,0.1332304294113077,0.5633938312530518,0.8636731505393982,protocol_C/train/PC_train_0720_b02
PC_train_0721_b01,C,train,0,A,0,1,1864,7875,0.23115641999378986,0.5531765818595886,0.8679491281509399,protocol_C/train/PC_train_0721_b01
PC_train_0722_b00,C,train,0,A,0,0,1610,6503,1.0,0.5418422222137451,0.8633638620376587,protocol_C/train/PC_train_0722_b00
PC_train_0723_b02,C,train,0,A,0,2,2138,9149,0.10809449289563339,0.5569766163825989,0.8628637194633484,protocol_C/train/PC_train_0723_b02
PC_train_0724_b01,C,train,0,A,0,1,1997,8521,0.1830727134490289,0.5605537295341492,0.864523708820343,protocol_C/train/PC_train_0724_b01
PC_train_0725_b00,C,train,0,A,0,0,1610,6503,1.0,0.5418422222137451,0.8633638620376587,protocol_C/train/PC_train_0725_b00
PC_train_0726_b02,C,train,0,A,0,2,1995,8444,0.1251637127776175,0.5238842964172363,0.8607749342918396,protocol_C/train/PC_train_0726_b02
PC_train_0727_b01,C,train,0,A,0,1,1798,7492,0.23856649066935207,0.5754516124725342,0.8661855459213257,protocol_C/train/PC_train_0727_b01
PC_train_0728_b00,C,train,0,A,0,0,1610,6503,1.0,0.5418422222137451,0.8633638620376587,protocol_C/train/PC_train_0728_b00
PC_train_0729_b02,C,train,0,A,0,2,2167,9439,0.1648803675248142,0.5115270018577576,0.8682315945625305,protocol_C/train/PC_train_0729_b02
PC_train_0730_b01,C,train,0,A,0,1,2008,8553,0.28225515709121257,0.5581614971160889,0.8644342422485352,protocol_C/train/PC_train_0730_b01
PC_train_0731_b00,C,train,0,A,0,0,1610,6503,1.0,0.5418422222137451,0.8633638620376587,protocol_C/train/PC_train_0731_b00
PC_train_0732_b02,C,train,0,A,0,2,2226,9666,0.10119994953903946,0.5080133676528931,0.8654633164405823,protocol_C/train/PC_train_0732_b02
PC_train_0733_b01,C,train,0,A,0,1,1914,8091,0.17190506067357011,0.5330501794815063,0.860973060131073,protocol_C/train/PC_train_0733_b01
PC_train_0734_b00,C,train,0,A,0,0,1610,6503,1.0,0.5418422222137451,0.8633638620376587,protocol_C/train/PC_train_0734_b00
PC_train_0735_b02,C,train,0,A,0,2,2201,9553,0.10548260000445397,0.5367503762245178,0.8673001527786255,protocol_C/train/PC_train_0735_b02
PC_train_0736_b01,C,train,0,A,0,1,1944,8193,0.1920002942196655,0.552162230014801,0.861132025718689,protocol_C/train/PC_train_0736_b01
PC_train_0737_b00,C,train,0,A,0,0,1610,6503,1.0,0.5418422222137451,0.8633638620376587,protocol_C/train/PC_train_0737_b00
PC_train_0738_b02,C,train,0,A,0,2,2138,9074,0.1144998818067417,0.5504969954490662,0.8588161468505859,protocol_C/train/PC_train_0738_b02
PC_train_0739_b01,C,train,0,A,0,1,1866,7783,0.11471661300095795,0.5684489011764526,0.8643477559089661,protocol_C/train/PC_train_0739_b01
PC_train_0740_b00,C,train,0,A,0,0,1610,6503,1.0,0.5418422222137451,0.8633638620376587,protocol_C/train/PC_train_0740_b00
PC_train_0741_b02,C,train,0,A,0,2,1989,8304,0.10873855046213815,0.45897212624549866,0.8614356517791748,protocol_C/train/PC_train_0741_b02
PC_train_0742_b01,C,train,0,A,0,1,1877,7856,0.22041738309421025,0.5099651217460632,0.8646970987319946,protocol_C/train/PC_train_0742_b01
PC_train_0743_b00,C,train,0,A,0,0,1610,6503,1.0,0.5418422222137451,0.8633638620376587,protocol_C/train/PC_train_0743_b00
PC_train_0744_b02,C,train,0,A,0,2,2198,9525,0.1587592437419811,0.532884955406189,0.8667823076248169,protocol_C/train/PC_train_0744_b02
PC_train_0745_b01,C,train,0,A,0,1,1931,8188,0.16228678408878586,0.583347499370575,0.8660909533500671,protocol_C/train/PC_train_0745_b01
PC_train_0746_b00,C,train,0,A,0,0,1610,6503,1.0,0.5418422222137451,0.8633638620376587,protocol_C/train/PC_train_0746_b00
PC_train_0747_b02,C,train,0,A,0,2,2227,9640,0.18608667209135493,0.5416802763938904,0.8631913661956787,protocol_C/train/PC_train_0747_b02
PC_train_0748_b01,C,train,0,A,0,1,1932,8178,0.10961681357235484,0.573244035243988,0.8637839555740356,protocol_C/train/PC_train_0748_b01
PC_train_0749_b00,C,train,0,A,0,0,1610,6503,1.0,0.5418422222137451,0.8633638620376587,protocol_C/train/PC_train_0749_b00
PC_train_0750_b02,C,train,0,A,0,2,2061,8792,0.10317678884018743,0.5598464012145996,0.8657488226890564,protocol_C/train/PC_train_0750_b02
PC_train_0751_b01,C,train,0,A,0,1,1798,7474,0.15351554846312943,0.5872781872749329,0.8657291531562805,protocol_C/train/PC_train_0751_b01
PC_train_0752_b00,C,train,0,A,0,0,1610,6503,1.0,0.5418422222137451,0.8633638620376587,protocol_C/train/PC_train_0752_b00
PC_train_0753_b02,C,train,0,A,0,2,2100,9006,0.18113495650313896,0.5398236513137817,0.8626483678817749,protocol_C/train/PC_train_0753_b02
PC_train_0754_b01,C,train,0,A,0,1,1794,7468,0.16677881935890346,0.5622670650482178,0.8640708923339844,protocol_C/train/PC_train_0754_b01
PC_train_0755_b00,C,train,0,A,0,0,1610,6503,1.0,0.5418422222137451,0.8633638620376587,protocol_C/train/PC_train_0755_b00
PC_train_0756_b02,C,train,0,A,0,2,2113,9038,0.1577054838190267,0.5279961824417114,0.8572470545768738,protocol_C/train/PC_train_0756_b02
PC_train_0757_b01,C,train,0,A,0,1,1944,8278,0.16042289553393427,0.5740689635276794,0.8646634221076965,protocol_C/train/PC_train_0757_b01
PC_train_0758_b00,C,train,0,A,0,0,1610,6503,1.0,0.5418422222137451,0.8633638620376587,protocol_C/train/PC_train_0758_b00
PC_train_0759_b02,C,train,0,A,0,2,2047,8697,0.1053313166101405,0.5218409895896912,0.8629150390625,protocol_C/train/PC_train_0759_b02
PC_train_0760_b01,C,train,0,A,0,1,1861,7838,0.1621757984829836,0.5407872796058655,0.8642370104789734,protocol_C/train/PC_train_0760_b01
PC_train_0761_b00,C,train,0,A,0,0,1610,6503,1.0,0.5418422222137451,0.8633638620376587,protocol_C/train/PC_train_0761_b00
PC_train_0762_b02,C,train,0,A,0,2,2160,9377,0.1259645133198762,0.5284633636474609,0.8685873746871948,protocol_C/train/PC_train_0762_b02
PC_train_0763_b01,C,train,0,A,0,1,1984,8442,0.1842496917358991,0.4225151240825653,0.8641902804374695,protocol_C/train/PC_train_0763_b01
PC_train_0764_b00,C,train,0,A,0,0,1610,6503,1.0,0.5418422222137451,0.8633638620376587,protocol_C/train/PC_train_0764_b00
PC_train_0765_b02,C,train,0,A,0,2,2050,8803,0.12570583689851883,0.4579319655895233,0.8664836287498474,protocol_C/train/PC_train_0765_b02
PC_train_0766_b01,C,train,0,A,0,1,1835,7700,0.21044690164132188,0.5677761435508728,0.8671524524688721,protocol_C/train/PC_train_0766_b01
PC_train_0767_b00,C,train,0,A,0,0,1610,6503,1.0,0.5418422222137451,0.8633638620376587,protocol_C/train/PC_train_0767_b00
PC_train_0768_b02,C,train,0,A,0,2,2222,9782,0.14580989857526078,0.5428197383880615,0.8668708205223083,protocol_C/train/PC_train_0768_b02
PC_train_0769_b01,C,train,0,A,0,1,1881,7904,0.18480607290025955,0.5264794826507568,0.8641523122787476,protocol_C/train/PC_train_0769_b01
PC_train_0770_b00,C,train,0,A,0,0,1610,6503,1.0,0.5418422222137451,0.8633638620376587,protocol_C/train/PC_train_0770_b00
PC_train_0771_b02,C,train,0,A,0,2,2173,9303,0.10154652693485777,0.5221640467643738,0.863228440284729,protocol_C/train/PC_train_0771_b02
PC_train_0772_b01,C,train,0,A,0,1,1851,7750,0.1120191012888574,0.5434871912002563,0.8636177778244019,protocol_C/train/PC_train_0772_b01
PC_train_0773_b00,C,train,0,A,0,0,1610,6503,1.0,0.5418422222137451,0.8633638620376587,protocol_C/train/PC_train_0773_b00
PC_train_0774_b02,C,train,0,A,0,2,2104,8956,0.12553672478142175,0.5372653007507324,0.8617222905158997,protocol_C/train/PC_train_0774_b02
PC_train_0775_b01,C,train,0,A,0,1,1933,8236,0.15496318325739147,0.5470709800720215,0.8645280599594116,protocol_C/train/PC_train_0775_b01
PC_train_0776_b00,C,train,0,A,0,0,1610,6503,1.0,0.5418422222137451,0.8633638620376587,protocol_C/train/PC_train_0776_b00
PC_train_0777_b02,C,train,0,A,0,2,2031,8598,0.10512312598187692,0.5070845484733582,0.8617767095565796,protocol_C/train/PC_train_0777_b02
PC_train_0778_b01,C,train,0,A,0,1,1888,7933,0.19297882366130537,0.5505508780479431,0.8627085089683533,protocol_C/train/PC_train_0778_b01
PC_train_0779_b00,C,train,0,A,0,0,1610,6503,1.0,0.5418422222137451,0.8633638620376587,protocol_C/train/PC_train_0779_b00
PC_train_0780_b02,C,train,0,A,0,2,1972,8365,0.11431689412222515,0.4746149480342865,0.8620994687080383,protocol_C/train/PC_train_0780_b02
PC_train_0781_b01,C,train,0,A,0,1,2013,8538,0.10038005036847822,0.5206420421600342,0.8661630749702454,protocol_C/train/PC_train_0781_b01
PC_train_0782_b00,C,train,0,A,0,0,1610,6503,1.0,0.5418422222137451,0.8633638620376587,protocol_C/train/PC_train_0782_b00
PC_train_0783_b02,C,train,0,A,0,2,2168,9472,0.24456990689599245,0.5365254282951355,0.8692818880081177,protocol_C/train/PC_train_0783_b02
PC_train_0784_b01,C,train,0,A,0,1,1927,8178,0.1613142689816317,0.534022867679596,0.866078794002533,protocol_C/train/PC_train_0784_b01
PC_train_0785_b00,C,train,0,A,0,0,1610,6503,1.0,0.5418422222137451,0.8633638620376587,protocol_C/train/PC_train_0785_b00
PC_train_0786_b02,C,train,0,A,0,2,2158,9313,0.12196491698169148,0.5580340027809143,0.864081859588623,protocol_C/train/PC_train_0786_b02
PC_train_0787_b01,C,train,0,A,0,1,1884,7938,0.1797998477694282,0.5669205188751221,0.8641521334648132,protocol_C/train/PC_train_0787_b01
PC_train_0788_b00,C,train,0,A,0,0,1610,6503,1.0,0.5418422222137451,0.8633638620376587,protocol_C/train/PC_train_0788_b00
PC_train_0789_b02,C,train,0,A,0,2,2151,9347,0.15343806876054433,0.5766470432281494,0.8652763962745667,protocol_C/train/PC_train_0789_b02
PC_train_0790_b01,C,train,0,A,0,1,1947,8327,0.19697068745206234,0.5151053071022034,0.8641666769981384,protocol_C/train/PC_train_0790_b01
PC_train_0791_b00,C,train,0,A,0,0,1610,6503,1.0,0.5418422222137451,0.8633638620376587,protocol_C/train/PC_train_0791_b00
PC_train_0792_b02,C,train,0,A,0,2,2213,9652,0.1491902122332595,0.5580722689628601,0.866333544254303,protocol_C/train/PC_train_0792_b02
PC_train_0793_b01,C,train,0,A,0,1,1969,8317,0.2572148831983325,0.5670930743217468,0.8655155301094055,protocol_C/train/PC_train_0793_b01
PC_train_0794_b00,C,train,0,A,0,0,1610,6503,1.0,0.5418422222137451,0.8633638620376587,protocol_C/train/PC_train_0794_b00
PC_train_0795_b02,C,train,0,A,0,2,2180,9412,0.19853478210167844,0.573209285736084,0.8673622012138367,protocol_C/train/PC_train_0795_b02
PC_train_0796_b01,C,train,0,A,0,1,1985,8469,0.18774454913716107,0.5324177742004395,0.8633340001106262,protocol_C/train/PC_train_0796_b01
PC_train_0797_b00,C,train,0,A,0,0,1610,6503,1.0,0.5418422222137451,0.8633638620376587,protocol_C/train/PC_train_0797_b00
PC_train_0798_b02,C,train,0,A,0,2,2109,9085,0.1000464353609581,0.3402040898799896,0.8655609488487244,protocol_C/train/PC_train_0798_b02
PC_train_0799_b01,C,train,0,A,0,1,1995,8502,0.23590203625212905,0.5662499666213989,0.8649717569351196,protocol_C/train/PC_train_0799_b01
PC_validation_0000_b02,C,validation,0,A,0,2,2158,9351,0.1254124291715017,0.5552480220794678,0.8658707141876221,protocol_C/validation/PC_validation_0000_b02
PC_validation_0001_b01,C,validation,0,A,0,1,1896,7909,0.1342360220988899,0.5444714426994324,0.862469494342804,protocol_C/validation/PC_validation_0001_b01
PC_validation_0002_b00,C,validation,0,A,0,0,1610,6503,1.0,0.5418422222137451,0.8633638620376587,protocol_C/validation/PC_validation_0002_b00
PC_validation_0003_b02,C,validation,0,A,0,2,2116,9060,0.16829152041538256,0.553244948387146,0.8649193048477173,protocol_C/validation/PC_validation_0003_b02
PC_validation_0004_b01,C,validation,0,A,0,1,1907,8050,0.1101761245438615,0.5435841083526611,0.8625783920288086,protocol_C/validation/PC_validation_0004_b01
PC_validation_0005_b00,C,validation,0,A,0,0,1610,6503,1.0,0.5418422222137451,0.8633638620376587,protocol_C/validation/PC_validation_0005_b00
PC_validation_0006_b02,C,validation,0,A,0,2,2104,8989,0.15399168441617284,0.5362565517425537,0.8653884530067444,protocol_C/validation/PC_validation_0006_b02
PC_validation_0007_b01,C,validation,0,A,0,1,1825,7631,0.15178225570758236,0.566910445690155,0.8671401739120483,protocol_C/validation/PC_validation_0007_b01
PC_validation_0008_b00,C,validation,0,A,0,0,1610,6503,1.0,0.5418422222137451,0.8633638620376587,protocol_C/validation/PC_validation_0008_b00
PC_validation_0009_b02,C,validation,0,A,0,2,2136,9062,0.11198842370569811,0.5190370082855225,0.8603852987289429,protocol_C/validation/PC_validation_0009_b02
PC_validation_0010_b01,C,validation,0,A,0,1,1915,8112,0.16095232370326978,0.547994077205658,0.8635120391845703,protocol_C/validation/PC_validation_0010_b01
PC_validation_0011_b00,C,validation,0,A,0,0,1610,6503,1.0,0.5418422222137451,0.8633638620376587,protocol_C/validation/PC_validation_0011_b00
PC_validation_0012_b02,C,validation,0,A,0,2,2061,8733,0.105293908236755,0.4112401604652405,0.8641482591629028,protocol_C/validation/PC_validation_0012_b02
PC_validation_0013_b01,C,validation,0,A,0,1,1940,8244,0.25677278370012857,0.5148347020149231,0.8675650954246521,protocol_C/validation/PC_validation_0013_b01
PC_validation_0014_b00,C,validation,0,A,0,0,1610,6503,1.0,0.5418422222137451,0.8633638620376587,protocol_C/validation/PC_validation_0014_b00
PC_validation_0015_b02,C,validation,0,A,0,2,2098,8947,0.1423126474886605,0.43666547536849976,0.8646661043167114,protocol_C/validation/PC_validation_0015_b02
PC_validation_0016_b01,C,validation,0,A,0,1,1896,7964,0.1314485063655577,0.5805191993713379,0.8653389811515808,protocol_C/validation/PC_validation_0016_b01
PC_validation_0017_b00,C,validation,0,A,0,0,1610,6503,1.0,0.5418422222137451,0.8633638620376587,protocol_C/validation/PC_validation_0017_b00
PC_validation_0018_b02,C,validation,0,A,0,2,2156,9380,0.10888379438855544,0.4984721839427948,0.8643094301223755,protocol_C/validation/PC_validation_0018_b02
PC_validation_0019_b01,C,validation,0,A,0,1,1947,8195,0.19868045349937064,0.5556960701942444,0.8641467094421387,protocol_C/validation/PC_validation_0019_b01
PC_validation_0020_b00,C,validation,0,A,0,0,1610,6503,1.0,0.5418422222137451,0.8633638620376587,protocol_C/validation/PC_validation_0020_b00
PC_validation_0021_b02,C,validation,0,A,0,2,2230,9681,0.1552706748446018,0.5629690289497375,0.8618926405906677,protocol_C/validation/PC_validation_0021_b02
PC_validation_0022_b01,C,validation,0,A,0,1,1866,7892,0.24002764817619138,0.5484970808029175,0.8653692603111267,protocol_C/validation/PC_validation_0022_b01
PC_validation_0023_b00,C,validation,0,A,0,0,1610,6503,1.0,0.5418422222137451,0.8633638620376587,protocol_C/validation/PC_validation_0023_b00
PC_validation_0024_b02,C,validation,0,A,0,2,2195,9436,0.11275035613614492,0.4461157023906708,0.8645235300064087,protocol_C/validation/PC_validation_0024_b02
PC_validation_0025_b01,C,validation,0,A,0,1,1952,8305,0.15039962814329236,0.5552562475204468,0.865996778011322,protocol_C/validation/PC_validation_0025_b01
PC_validation_0026_b00,C,validation,0,A,0,0,1610,6503,1.0,0.5418422222137451,0.8633638620376587,protocol_C/validation/PC_validation_0026_b00
PC_validation_0027_b02,C,validation,0,A,0,2,2142,9252,0.14206121876937206,0.5150004625320435,0.864625871181488,protocol_C/validation/PC_validation_0027_b02
PC_validation_0028_b01,C,validation,0,A,0,1,1923,8133,0.2612451496016678,0.5256593227386475,0.8668496608734131,protocol_C/validation/PC_validation_0028_b01
PC_validation_0029_b00,C,validation,0,A,0,0,1610,6503,1.0,0.5418422222137451,0.8633638620376587,protocol_C/validation/PC_validation_0029_b00
PC_validation_0030_b02,C,validation,0,A,0,2,2168,9450,0.21528515627615163,0.5244131088256836,0.8687154054641724,protocol_C/validation/PC_validation_0030_b02
PC_validation_0031_b01,C,validation,0,A,0,1,1948,8285,0.11621439672636416,0.5736712217330933,0.8646888136863708,protocol_C/validation/PC_validation_0031_b01
PC_validation_0032_b00,C,validation,0,A,0,0,1610,6503,1.0,0.5418422222137451,0.8633638620376587,protocol_C/validation/PC_validation_0032_b00
PC_validation_0033_b02,C,validation,0,A,0,2,2225,9680,0.11845965497151459,0.5550664663314819,0.8636643290519714,protocol_C/validation/PC_validation_0033_b02
PC_validation_0034_b01,C,validation,0,A,0,1,1903,8050,0.18527067964570923,0.5824254155158997,0.8656776547431946,protocol_C/validation/PC_validation_0034_b01
PC_validation_0035_b00,C,validation,0,A,0,0,1610,6503,1.0,0.5418422222137451,0.8633638620376587,protocol_C/validation/PC_validation_0035_b00
PC_validation_0036_b02,C,validation,0,A,0,2,2151,9326,0.11652789106322894,0.5716176629066467,0.8682948350906372,protocol_C/validation/PC_validation_0036_b02
PC_validation_0037_b01,C,validation,0,A,0,1,1941,8264,0.22737713733837653,0.5487967133522034,0.8675339221954346,protocol_C/validation/PC_validation_0037_b01
PC_validation_0038_b00,C,validation,0,A,0,0,1610,6503,1.0,0.5418422222137451,0.8633638620376587,protocol_C/validation/PC_validation_0038_b00
PC_validation_0039_b02,C,validation,0,A,0,2,2141,9275,0.11701898402340112,0.4748104512691498,0.8664344549179077,protocol_C/validation/PC_validation_0039_b02
PC_validation_0040_b01,C,validation,0,A,0,1,1825,7630,0.2461112377268608,0.5586205124855042,0.868339478969574,protocol_C/validation/PC_validation_0040_b01
PC_validation_0041_b00,C,validation,0,A,0,0,1610,6503,1.0,0.5418422222137451,0.8633638620376587,protocol_C/validation/PC_validation_0041_b00
PC_validation_0042_b02,C,validation,0,A,0,2,2001,8374,0.10066761943033631,0.451961487531662,0.8616344928741455,protocol_C/validation/PC_validation_0042_b02
PC_validation_0043_b01,C,validation,0,A,0,1,1903,8016,0.1519663116558279,0.5193408131599426,0.865167498588562,protocol_C/validation/PC_validation_0043_b01
PC_validation_0044_b00,C,validation,0,A,0,0,1610,6503,1.0,0.5418422222137451,0.8633638620376587,protocol_C/validation/PC_validation_0044_b00
PC_validation_0045_b02,C,validation,0,A,0,2,2069,8920,0.1723739242174368,0.5510297417640686,0.8667727708816528,protocol_C/validation/PC_validation_0045_b02
PC_validation_0046_b01,C,validation,0,A,0,1,1978,8457,0.1431390685281257,0.5556734800338745,0.8676279187202454,protocol_C/validation/PC_validation_0046_b01
PC_validation_0047_b00,C,validation,0,A,0,0,1610,6503,1.0,0.5418422222137451,0.8633638620376587,protocol_C/validation/PC_validation_0047_b00
PC_validation_0048_b02,C,validation,0,A,0,2,2163,9367,0.1017425668405571,0.5646219849586487,0.8667978048324585,protocol_C/validation/PC_validation_0048_b02
PC_validation_0049_b01,C,validation,0,A,0,1,1876,7878,0.13399252011634413,0.5599359273910522,0.8620952367782593,protocol_C/validation/PC_validation_0049_b01
PC_validation_0050_b00,C,validation,0,A,0,0,1610,6503,1.0,0.5418422222137451,0.8633638620376587,protocol_C/validation/PC_validation_0050_b00
PC_validation_0051_b02,C,validation,0,A,0,2,2084,8968,0.11779606018446567,0.5113316774368286,0.8651672601699829,protocol_C/validation/PC_validation_0051_b02
PC_validation_0052_b01,C,validation,0,A,0,1,1867,7893,0.349114791815054,0.5327205657958984,0.8664026260375977,protocol_C/validation/PC_validation_0052_b01
PC_validation_0053_b00,C,validation,0,A,0,0,1610,6503,1.0,0.5418422222137451,0.8633638620376587,protocol_C/validation/PC_validation_0053_b00
PC_validation_0054_b02,C,validation,0,A,0,2,2216,9636,0.20520130642820084,0.528095543384552,0.8639944195747375,protocol_C/validation/PC_validation_0054_b02
PC_validation_0055_b01,C,validation,0,A,0,1,1964,8307,0.1888513393490978,0.5787413716316223,0.8650925755500793,protocol_C/validation/PC_validation_0055_b01
PC_validation_0056_b00,C,validation,0,A,0,0,1610,6503,1.0,0.5418422222137451,0.8633638620376587,protocol_C/validation/PC_validation_0056_b00
PC_validation_0057_b02,C,validation,0,A,0,2,2067,8763,0.11132681368444566,0.5202978253364563,0.86383455991745,protocol_C/validation/PC_validation_0057_b02
PC_validation_0058_b01,C,validation,0,A,0,1,1881,7906,0.12610578828775598,0.5357494354248047,0.8602526187896729,protocol_C/validation/PC_validation_0058_b01
PC_validation_0059_b00,C,validation,0,A,0,0,1610,6503,1.0,0.5418422222137451,0.8633638620376587,protocol_C/validation/PC_validation_0059_b00
PC_validation_0060_b02,C,validation,0,A,0,2,2105,9081,0.1403553345533108,0.5727108120918274,0.8643316626548767,protocol_C/validation/PC_validation_0060_b02
PC_validation_0061_b01,C,validation,0,A,0,1,1916,8014,0.1603164796943917,0.5565102100372314,0.8611710667610168,protocol_C/validation/PC_validation_0061_b01
PC_validation_0062_b00,C,validation,0,A,0,0,1610,6503,1.0,0.5418422222137451,0.8633638620376587,protocol_C/validation/PC_validation_0062_b00
PC_validation_0063_b02,C,validation,0,A,0,2,2052,8645,0.10169487037139988,0.5082352757453918,0.8595880270004272,protocol_C/validation/PC_validation_0063_b02
PC_validation_0064_b01,C,validation,0,A,0,1,1995,8501,0.2782595241122622,0.5663975477218628,0.8669171333312988,protocol_C/validation/PC_validation_0064_b01
PC_validation_0065_b00,C,validation,0,A,0,0,1610,6503,1.0,0.5418422222137451,0.8633638620376587,protocol_C/validation/PC_validation_0065_b00
PC_validation_0066_b02,C,validation,0,A,0,2,2053,8742,0.10072432784734558,0.5426860451698303,0.8601589202880859,protocol_C/validation/PC_validation_0066_b02
PC_validation_0067_b01,C,validation,0,A,0,1,1887,7942,0.14275075200842696,0.5652459859848022,0.8647643327713013,protocol_C/validation/PC_validation_0067_b01
PC_validation_0068_b00,C,validation,0,A,0,0,1610,6503,1.0,0.5418422222137451,0.8633638620376587,protocol_C/validation/PC_validation_0068_b00
PC_validation_0069_b02,C,validation,0,A,0,2,2192,9566,0.17173831222482766,0.5319809913635254,0.8685973286628723,protocol_C/validation/PC_validation_0069_b02
PC_validation_0070_b01,C,validation,0,A,0,1,1882,7908,0.16293975484546813,0.5339177250862122,0.8638272285461426,protocol_C/validation/PC_validation_0070_b01
PC_validation_0071_b00,C,validation,0,A,0,0,1610,6503,1.0,0.5418422222137451,0.8633638620376587,protocol_C/validation/PC_validation_0071_b00
PC_validation_0072_b02,C,validation,0,A,0,2,2188,9519,0.14672901426812607,0.5625542998313904,0.8629277348518372,protocol_C/validation/PC_validation_0072_b02
PC_validation_0073_b01,C,validation,0,A,0,1,1988,8458,0.2555876465720457,0.5424820780754089,0.865263819694519,protocol_C/validation/PC_validation_0073_b01
PC_validation_0074_b00,C,validation,0,A,0,0,1610,6503,1.0,0.5418422222137451,0.8633638620376587,protocol_C/validation/PC_validation_0074_b00
PC_validation_0075_b02,C,validation,0,A,0,2,2211,9579,0.14604613648487336,0.5794536471366882,0.8686500787734985,protocol_C/validation/PC_validation_0075_b02
PC_validation_0076_b01,C,validation,0,A,0,1,1969,8424,0.28827351231314147,0.5513498783111572,0.8667615652084351,protocol_C/validation/PC_validation_0076_b01
PC_validation_0077_b00,C,validation,0,A,0,0,1610,6503,1.0,0.5418422222137451,0.8633638620376587,protocol_C/validation/PC_validation_0077_b00
PC_validation_0078_b02,C,validation,0,A,0,2,2095,8931,0.16780142440992515,0.5323881506919861,0.8618444204330444,protocol_C/validation/PC_validation_0078_b02
PC_validation_0079_b01,C,validation,0,A,0,1,1819,7520,0.10951564952036819,0.5592188239097595,0.861177384853363,protocol_C/validation/PC_validation_0079_b01
PC_validation_0080_b00,C,validation,0,A,0,0,1610,6503,1.0,0.5418422222137451,0.8633638620376587,protocol_C/validation/PC_validation_0080_b00
PC_validation_0081_b02,C,validation,0,A,0,2,2245,9852,0.14798581917609688,0.5728643536567688,0.867775022983551,protocol_C/validation/PC_validation_0081_b02
PC_validation_0082_b01,C,validation,0,A,0,1,1935,8222,0.24127091748370172,0.5201982855796814,0.8672269582748413,protocol_C/validation/PC_validation_0082_b01
PC_validation_0083_b00,C,validation,0,A,0,0,1610,6503,1.0,0.5418422222137451,0.8633638620376587,protocol_C/validation/PC_validation_0083_b00
PC_validation_0084_b02,C,validation,0,A,0,2,2172,9344,0.16730161689429773,0.44843509793281555,0.8680714964866638,protocol_C/validation/PC_validation_0084_b02
PC_validation_0085_b01,C,validation,0,A,0,1,1896,7967,0.1607087103470288,0.5116145014762878,0.862709641456604,protocol_C/validation/PC_validation_0085_b01
PC_validation_0086_b00,C,validation,0,A,0,0,1610,6503,1.0,0.5418422222137451,0.8633638620376587,protocol_C/validation/PC_validation_0086_b00
PC_validation_0087_b02,C,validation,0,A,0,2,2114,9067,0.10132331572149056,0.5282736420631409,0.8656624555587769,protocol_C/validation/PC_validation_0087_b02
PC_validation_0088_b01,C,validation,0,A,0,1,1859,7839,0.2125765141406078,0.5857739448547363,0.8673560619354248,protocol_C/validation/PC_validation_0088_b01
PC_validation_0089_b00,C,validation,0,A,0,0,1610,6503,1.0,0.5418422222137451,0.8633638620376587,protocol_C/validation/PC_validation_0089_b00
PC_validation_0090_b02,C,validation,0,A,0,2,2105,9128,0.13537099764352525,0.5773681402206421,0.8672928810119629,protocol_C/validation/PC_validation_0090_b02
PC_validation_0091_b01,C,validation,0,A,0,1,1902,8013,0.15439512236224195,0.544665515422821,0.8667731285095215,protocol_C/validation/PC_validation_0091_b01
PC_validation_0092_b00,C,validation,0,A,0,0,1610,6503,1.0,0.5418422222137451,0.8633638620376587,protocol_C/validation/PC_validation_0092_b00
PC_validation_0093_b02,C,validation,0,A,0,2,2134,9134,0.11961410549644419,0.4751375913619995,0.8636486530303955,protocol_C/validation/PC_validation_0093_b02
PC_validation_0094_b01,C,validation,0,A,0,1,1932,8096,0.11652454980642729,0.5677386522293091,0.8641479015350342,protocol_C/validation/PC_validation_0094_b01
PC_validation_0095_b00,C,validation,0,A,0,0,1610,6503,1.0,0.5418422222137451,0.8633638620376587,protocol_C/validation/PC_validation_0095_b00
PC_validation_0096_b02,C,validation,0,A,0,2,2036,8629,0.11722963458023508,0.4372902810573578,0.862882673740387,protocol_C/validation/PC_validation_0096_b02
PC_validation_0097_b01,C,validation,0,A,0,1,1944,8153,0.10357413397904494,0.5315808057785034,0.8625475168228149,protocol_C/validation/PC_validation_0097_b01
PC_validation_0098_b00,C,validation,0,A,0,0,1610,6503,1.0,0.5418422222137451,0.8633638620376587,protocol_C/validation/PC_validation_0098_b00
PC_validation_0099_b02,C,validation,0,A,0,2,2112,9072,0.14357849762641486,0.5797526836395264,0.8662545084953308,protocol_C/validation/PC_validation_0099_b02
PC_validation_0100_b01,C,validation,0,A,0,1,1873,7936,0.1574962694791658,0.4267641603946686,0.8652724027633667,protocol_C/validation/PC_validation_0100_b01
PC_validation_0101_b00,C,validation,0,A,0,0,1610,6503,1.0,0.5418422222137451,0.8633638620376587,protocol_C/validation/PC_validation_0101_b00
PC_validation_0102_b02,C,validation,0,A,0,2,2156,9311,0.160130598250316,0.5384607315063477,0.8673281073570251,protocol_C/validation/PC_validation_0102_b02
PC_validation_0103_b01,C,validation,0,A,0,1,1875,7867,0.17902476941733259,0.5413442850112915,0.8602935671806335,protocol_C/validation/PC_validation_0103_b01
PC_validation_0104_b00,C,validation,0,A,0,0,1610,6503,1.0,0.5418422222137451,0.8633638620376587,protocol_C/validation/PC_validation_0104_b00
PC_validation_0105_b02,C,validation,0,A,0,2,2155,9383,0.11977551514533757,0.5785922408103943,0.8655223846435547,protocol_C/validation/PC_validation_0105_b02
PC_validation_0106_b01,C,validation,0,A,0,1,1900,8062,0.22074987522919848,0.6008346676826477,0.8681789636611938,protocol_C/validation/PC_validation_0106_b01
PC_validation_0107_b00,C,validation,0,A,0,0,1610,6503,1.0,0.5418422222137451,0.8633638620376587,protocol_C/validation/PC_validation_0107_b00
PC_validation_0108_b02,C,validation,0,A,0,2,2083,8981,0.18208788750900565,0.5751631855964661,0.8642591834068298,protocol_C/validation/PC_validation_0108_b02
PC_validation_0109_b01,C,validation,0,A,0,1,1919,8044,0.13707616495929312,0.5392065048217773,0.8652350306510925,protocol_C/validation/PC_validation_0109_b01
PC_validation_0110_b00,C,validation,0,A,0,0,1610,6503,1.0,0.5418422222137451,0.8633638620376587,protocol_C/validation/PC_validation_0110_b00
PC_validation_0111_b02,C,validation,0,A,0,2,2202,9590,0.15084758790882746,0.586442768573761,0.8682054281234741,protocol_C/validation/PC_validation_0111_b02
PC_validation_0112_b01,C,validation,0,A,0,1,1857,7828,0.20926361987017514,0.5207308530807495,0.8654112219810486,protocol_C/validation/PC_validation_0112_b01
PC_validation_0113_b00,C,validation,0,A,0,0,1610,6503,1.0,0.5418422222137451,0.8633638620376587,protocol_C/validation/PC_validation_0113_b00
PC_validation_0114_b02,C,validation,0,A,0,2,2177,9491,0.18991621970337252,0.4915713667869568,0.8662013411521912,protocol_C/validation/PC_validation_0114_b02
PC_validation_0115_b01,C,validation,0,A,0,1,1911,8047,0.11985080141874549,0.5474720597267151,0.8631102442741394,protocol_C/validation/PC_validation_0115_b01
PC_validation_0116_b00,C,validation,0,A,0,0,1610,6503,1.0,0.5418422222137451,0.8633638620376587,protocol_C/validation/PC_validation_0116_b00
PC_validation_0117_b02,C,validation,0,A,0,2,2104,8970,0.12141849989189521,0.564057469367981,0.8648264408111572,protocol_C/validation/PC_validation_0117_b02
PC_validation_0118_b01,C,validation,0,A,0,1,1976,8466,0.18861444209800476,0.5095157027244568,0.8660574555397034,protocol_C/validation/PC_validation_0118_b01
PC_validation_0119_b00,C,validation,0,A,0,0,1610,6503,1.0,0.5418422222137451,0.8633638620376587,protocol_C/validation/PC_validation_0119_b00
PD_test_iid_0000_b10,D,test_iid,0,A,1,0,2314,9708,0.36168904925997614,0.5567795038223267,0.8620795607566833,protocol_D/test_iid/PD_test_iid_0000_b10
PD_test_iid_0001_b01,D,test_iid,0,A,0,1,1942,8235,0.16794613265896477,0.5305121541023254,0.8660226464271545,protocol_D/test_iid/PD_test_iid_0001_b01
PD_test_iid_0002_b12,D,test_iid,0,A,1,2,2666,11566,0.14109630574228318,0.5259520411491394,0.8637617826461792,protocol_D/test_iid/PD_test_iid_0002_b12
PD_test_iid_0003_b21,D,test_iid,0,A,2,1,3023,12868,0.12114903642643146,0.46792176365852356,0.85880446434021,protocol_D/test_iid/PD_test_iid_0003_b21
PD_test_iid_0004_b20,D,test_iid,0,A,2,0,2668,10964,0.10195893353012349,0.4715058207511902,0.8533284068107605,protocol_D/test_iid/PD_test_iid_0004_b20
PD_test_iid_0005_b22,D,test_iid,0,A,2,2,3165,13569,0.11630554672280893,0.5093516707420349,0.857253909111023,protocol_D/test_iid/PD_test_iid_0005_b22
PD_test_iid_0006_b00,D,test_iid,0,A,0,0,1610,6503,1.0,0.5418422222137451,0.8633638620376587,protocol_D/test_iid/PD_test_iid_0006_b00
PD_test_iid_0007_b11,D,test_iid,0,A,1,1,2541,10790,0.10208747706315369,0.4635842442512512,0.8623294830322266,protocol_D/test_iid/PD_test_iid_0007_b11
PD_test_iid_0008_b02,D,test_iid,0,A,0,2,2223,9646,0.10401302858802391,0.5475435256958008,0.8671582341194153,protocol_D/test_iid/PD_test_iid_0008_b02
PD_test_iid_0009_b10,D,test_iid,0,A,1,0,2272,9536,0.2898907154794701,0.48632127046585083,0.8603887557983398,protocol_D/test_iid/PD_test_iid_0009_b10
PD_test_iid_0010_b01,D,test_iid,0,A,0,1,1896,8003,0.33274172527319756,0.5635975003242493,0.8679556846618652,protocol_D/test_iid/PD_test_iid_0010_b01
PD_test_iid_0011_b12,D,test_iid,0,A,1,2,2848,12414,0.19245129562466068,0.41269537806510925,0.8645488023757935,protocol_D/test_iid/PD_test_iid_0011_b12
PD_test_iid_0012_b21,D,test_iid,0,A,2,1,2968,12599,0.11726575013376228,0.4880504608154297,0.8606103658676147,protocol_D/test_iid/PD_test_iid_0012_b21
PD_test_iid_0013_b20,D,test_iid,0,A,2,0,2502,10133,0.10308220132419393,0.4790274202823639,0.8512837886810303,protocol_D/test_iid/PD_test_iid_0013_b20
PD_test_iid_0014_b22,D,test_iid,0,A,2,2,3273,14088,0.1050287579868382,0.4533544182777405,0.8578617572784424,protocol_D/test_iid/PD_test_iid_0014_b22
PD_test_iid_0015_b00,D,test_iid,0,A,0,0,1610,6503,1.0,0.5418422222137451,0.8633638620376587,protocol_D/test_iid/PD_test_iid_0015_b00
PD_test_iid_0016_b11,D,test_iid,0,A,1,1,2492,10677,0.14127301202576087,0.4608837068080902,0.8626309633255005,protocol_D/test_iid/PD_test_iid_0016_b11
PD_test_iid_0017_b02,D,test_iid,0,A,0,2,2129,9163,0.1353147431509063,0.5497836470603943,0.8635495901107788,protocol_D/test_iid/PD_test_iid_0017_b02
PD_test_iid_0018_b10,D,test_iid,0,A,1,0,2254,9451,0.3306287606517303,0.5461136698722839,0.8599494099617004,protocol_D/test_iid/PD_test_iid_0018_b10
PD_test_iid_0019_b01,D,test_iid,0,A,0,1,1917,8014,0.1396413113443475,0.5545046329498291,0.86223304271698,protocol_D/test_iid/PD_test_iid_0019_b01
PD_test_iid_0020_b12,D,test_iid,0,A,1,2,2677,11492,0.16684296400704837,0.5524057149887085,0.8620985150337219,protocol_D/test_iid/PD_test_iid_0020_b12
PD_test_iid_0021_b21,D,test_iid,0,A,2,1,2942,12519,0.12979648002685384,0.5638805627822876,0.8602500557899475,protocol_D/test_iid/PD_test_iid_0021_b21
PD_test_iid_0022_b20,D,test_iid,0,A,2,0,2482,10138,0.10311383522385256,0.46091821789741516,0.8495671153068542,protocol_D/test_iid/PD_test_iid_0022_b20
PD_test_iid_0023_b22,D,test_iid,0,A,2,2,3022,12887,0.11999544242526403,0.45481017231941223,0.855209231376648,protocol_D/test_iid/PD_test_iid_0023_b22
PD_test_iid_0024_b00,D,test_iid,0,A,0,0,1610,6503,1.0,0.5418422222137451,0.8633638620376587,protocol_D/test_iid/PD_test_iid_0024_b00
PD_test_iid_0025_b11,D,test_iid,0,A,1,1,2555,11117,0.22345398280678316,0.541211724281311,0.8645196557044983,protocol_D/test_iid/PD_test_iid_0025_b11
PD_test_iid_0026_b02,D,test_iid,0,A,0,2,2011,8561,0.10792008123801672,0.550832211971283,0.8659617900848389,protocol_D/test_iid/PD_test_iid_0026_b02
PD_test_iid_0027_b10,D,test_iid,0,A,1,0,2224,9291,0.26245439033649315,0.5250212550163269,0.8615177869796753,protocol_D/test_iid/PD_test_iid_0027_b10
PD_test_iid_0028_b01,D,test_iid,0,A,0,1,2035,8705,0.13462042286508397,0.5308196544647217,0.8631923794746399,protocol_D/test_iid/PD_test_iid_0028_b01
PD_test_iid_0029_b12,D,test_iid,0,A,1,2,2696,11699,0.1591770571844127,0.4317541718482971,0.8620572090148926,protocol_D/test_iid/PD_test_iid_0029_b12
PD_test_iid_0030_b21,D,test_iid,0,A,2,1,3075,13185,0.11962298629081078,0.4502006471157074,0.8573441505432129,protocol_D/test_iid/PD_test_iid_0030_b21
PD_test_iid_0031_b20,D,test_iid,0,A,2,0,2738,11515,0.1695894336638365,0.4836423099040985,0.8578503131866455,protocol_D/test_iid/PD_test_iid_0031_b20
PD_test_iid_0032_b22,D,test_iid,0,A,2,2,3121,13430,0.10749538325349232,0.47265034914016724,0.8591737151145935,protocol_D/test_iid/PD_test_iid_0032_b22
PD_test_iid_0033_b00,D,test_iid,0,A,0,0,1610,6503,1.0,0.5418422222137451,0.8633638620376587,protocol_D/test_iid/PD_test_iid_0033_b00
PD_test_iid_0034_b11,D,test_iid,0,A,1,1,2511,10716,0.11248560899378929,0.4722141623497009,0.8618777990341187,protocol_D/test_iid/PD_test_iid_0034_b11
PD_test_iid_0035_b02,D,test_iid,0,A,0,2,2294,10012,0.11510669354723968,0.48921307921409607,0.8656463623046875,protocol_D/test_iid/PD_test_iid_0035_b02
PD_test_iid_0036_b10,D,test_iid,0,A,1,0,2310,9734,0.1726889039728217,0.5445547103881836,0.8610509037971497,protocol_D/test_iid/PD_test_iid_0036_b10
PD_test_iid_0037_b01,D,test_iid,0,A,0,1,1992,8461,0.20659119155132072,0.519222617149353,0.8658053278923035,protocol_D/test_iid/PD_test_iid_0037_b01
PD_test_iid_0038_b12,D,test_iid,0,A,1,2,2785,11999,0.10892568907511158,0.4111240804195404,0.8586198687553406,protocol_D/test_iid/PD_test_iid_0038_b12
PD_test_iid_0039_b21,D,test_iid,0,A,2,1,2956,12659,0.15187317179099097,0.44792917370796204,0.8614540100097656,protocol_D/test_iid/PD_test_iid_0039_b21
PD_test_iid_0040_b20,D,test_iid,0,A,2,0,2622,10768,0.11254937809425955,0.4024481475353241,0.8499011993408203,protocol_D/test_iid/PD_test_iid_0040_b20
PD_test_iid_0041_b22,D,test_iid,0,A,2,2,3203,13732,0.1111993344132303,0.465216726064682,0.8587973713874817,protocol_D/test_iid/PD_test_iid_0041_b22
PD_test_iid_0042_b00,D,test_iid,0,A,0,0,1610,6503,1.0,0.5418422222137451,0.8633638620376587,protocol_D/test_iid/PD_test_iid_0042_b00
PD_test_iid_0043_b11,D,test_iid,0,A,1,1,2463,10551,0.16272130146596525,0.4745226204395294,0.8598180413246155,protocol_D/test_iid/PD_test_iid_0043_b11
PD_test_iid_0044_b02,D,test_iid,0,A,0,2,2260,9905,0.1434535726307638,0.5491766929626465,0.8677151799201965,protocol_D/test_iid/PD_test_iid_0044_b02
PD_test_iid_0045_b10,D,test_iid,0,A,1,0,2238,9344,0.3294139658289428,0.5648373365402222,0.8599807620048523,protocol_D/test_iid/PD_test_iid_0045_b10
PD_test_iid_0046_b01,D,test_iid,0,A,0,1,1948,8318,0.30902531800342503,0.5067706108093262,0.8632909059524536,protocol_D/test_iid/PD_test_iid_0046_b01
PD_test_iid_0047_b12,D,test_iid,0,A,1,2,2675,11524,0.107115612409166,0.5308247208595276,0.8588685989379883,protocol_D/test_iid/PD_test_iid_0047_b12
PD_test_iid_0048_b21,D,test_iid,0,A,2,1,2757,11503,0.1158596547599871,0.368204265832901,0.8556728363037109,protocol_D/test_iid/PD_test_iid_0048_b21
PD_test_iid_0049_b20,D,test_iid,0,A,2,0,2798,11800,0.14136528822390304,0.4161716103553772,0.8620812296867371,protocol_D/test_iid/PD_test_iid_0049_b20
PD_test_iid_0050_b22,D,test_iid,0,A,2,2,3154,13487,0.11524493360667183,0.4370790123939514,0.8539063334465027,protocol_D/test_iid/PD_test_iid_0050_b22
PD_test_iid_0051_b00,D,test_iid,0,A,0,0,1610,6503,1.0,0.5418422222137451,0.8633638620376587,protocol_D/test_iid/PD_test_iid_0051_b00
PD_test_iid_0052_b11,D,test_iid,0,A,1,1,2459,10535,0.10712406865879197,0.4081827700138092,0.860769510269165,protocol_D/test_iid/PD_test_iid_0052_b11
PD_test_iid_0053_b02,D,test_iid,0,A,0,2,2038,8599,0.11901317147607185,0.5128398537635803,0.8613191246986389,protocol_D/test_iid/PD_test_iid_0053_b02
PD_test_iid_0054_b10,D,test_iid,0,A,1,0,2277,9536,0.31908510181679406,0.4815772771835327,0.8598949313163757,protocol_D/test_iid/PD_test_iid_0054_b10
PD_test_iid_0055_b01,D,test_iid,0,A,0,1,1951,8236,0.12128427861818786,0.49787086248397827,0.8648048639297485,protocol_D/test_iid/PD_test_iid_0055_b01
PD_test_iid_0056_b12,D,test_iid,0,A,1,2,2654,11466,0.10906188208201305,0.4626402258872986,0.8596156239509583,protocol_D/test_iid/PD_test_iid_0056_b12
PD_test_iid_0057_b21,D,test_iid,0,A,2,1,2909,12384,0.13060725074890284,0.46165305376052856,0.8583366274833679,protocol_D/test_iid/PD_test_iid_0057_b21
PD_test_iid_0058_b20,D,test_iid,0,A,2,0,2704,11229,0.13308506079234683,0.3944509029388428,0.8560916781425476,protocol_D/test_iid/PD_test_iid_0058_b20
PD_test_iid_0059_b22,D,test_iid,0,A,2,2,2935,12444,0.10704536656674249,0.417945921421051,0.8537071347236633,protocol_D/test_iid/PD_test_iid_0059_b22
PD_test_iid_0060_b00,D,test_iid,0,A,0,0,1610,6503,1.0,0.5418422222137451,0.8633638620376587,protocol_D/test_iid/PD_test_iid_0060_b00
PD_test_iid_0061_b11,D,test_iid,0,A,1,1,2404,10151,0.15825588096281196,0.5297783613204956,0.859537661075592,protocol_D/test_iid/PD_test_iid_0061_b11
PD_test_iid_0062_b02,D,test_iid,0,A,0,2,2152,9261,0.19164955301297715,0.563300371170044,0.8642001152038574,protocol_D/test_iid/PD_test_iid_0062_b02
PD_test_iid_0063_b10,D,test_iid,0,A,1,0,2334,9831,0.181726782610799,0.4504337012767792,0.859143853187561,protocol_D/test_iid/PD_test_iid_0063_b10
PD_test_iid_0064_b01,D,test_iid,0,A,0,1,1953,8257,0.11838549075580654,0.49201491475105286,0.8655010461807251,protocol_D/test_iid/PD_test_iid_0064_b01
PD_test_iid_0065_b12,D,test_iid,0,A,1,2,2760,11915,0.10683700753231211,0.48636454343795776,0.860514760017395,protocol_D/test_iid/PD_test_iid_0065_b12
PD_test_iid_0066_b21,D,test_iid,0,A,2,1,2851,12110,0.13454252513141451,0.5277798771858215,0.8589404821395874,protocol_D/test_iid/PD_test_iid_0066_b21
PD_test_iid_0067_b20,D,test_iid,0,A,2,0,2823,12113,0.15158606180424916,0.5116515755653381,0.8608356714248657,protocol_D/test_iid/PD_test_iid_0067_b20
PD_test_iid_0068_b22,D,test_iid,0,A,2,2,3128,13303,0.11161986599501961,0.4728984534740448,0.8558310270309448,protocol_D/test_iid/PD_test_iid_0068_b22
PD_test_iid_0069_b00,D,test_iid,0,A,0,0,1610,6503,1.0,0.5418422222137451,0.8633638620376587,protocol_D/test_iid/PD_test_iid_0069_b00
PD_test_iid_0070_b11,D,test_iid,0,A,1,1,2638,11292,0.10013194667824984,0.46652767062187195,0.8613373041152954,protocol_D/test_iid/PD_test_iid_0070_b11
PD_test_iid_0071_b02,D,test_iid,0,A,0,2,2172,9391,0.1062827126167099,0.5572161078453064,0.8657546043395996,protocol_D/test_iid/PD_test_iid_0071_b02
PD_test_iid_0072_b10,D,test_iid,0,A,1,0,2239,9402,0.19672374995329173,0.49083301424980164,0.860051155090332,protocol_D/test_iid/PD_test_iid_0072_b10
PD_test_iid_0073_b01,D,test_iid,0,A,0,1,1880,7948,0.30856084945720874,0.5704353451728821,0.8673378229141235,protocol_D/test_iid/PD_test_iid_0073_b01
PD_test_iid_0074_b12,D,test_iid,0,A,1,2,2658,11332,0.11645273446297832,0.4962492883205414,0.8636382818222046,protocol_D/test_iid/PD_test_iid_0074_b12
PD_test_iid_0075_b21,D,test_iid,0,A,2,1,2833,12128,0.12910645115816308,0.4690118730068207,0.8583844304084778,protocol_D/test_iid/PD_test_iid_0075_b21
PD_test_iid_0076_b20,D,test_iid,0,A,2,0,2846,12125,0.21190606404651885,0.44257664680480957,0.8600189089775085,protocol_D/test_iid/PD_test_iid_0076_b20
PD_test_iid_0077_b22,D,test_iid,0,A,2,2,3084,13172,0.1140168283953985,0.47217369079589844,0.8576647639274597,protocol_D/test_iid/PD_test_iid_0077_b22
PD_test_iid_0078_b00,D,test_iid,0,A,0,0,1610,6503,1.0,0.5418422222137451,0.8633638620376587,protocol_D/test_iid/PD_test_iid_0078_b00
PD_test_iid_0079_b11,D,test_iid,0,A,1,1,2475,10511,0.14632806899959305,0.45934611558914185,0.8621676564216614,protocol_D/test_iid/PD_test_iid_0079_b11
PD_test_iid_0080_b02,D,test_iid,0,A,0,2,2055,8797,0.14242904391658953,0.5285734534263611,0.8641319274902344,protocol_D/test_iid/PD_test_iid_0080_b02
PD_test_iid_0081_b10,D,test_iid,0,A,1,0,2195,9175,0.3370557963516004,0.5456229448318481,0.8591598868370056,protocol_D/test_iid/PD_test_iid_0081_b10
PD_test_iid_0082_b01,D,test_iid,0,A,0,1,1856,7731,0.12774661112298652,0.5478691458702087,0.8627066016197205,protocol_D/test_iid/PD_test_iid_0082_b01
PD_test_iid_0083_b12,D,test_iid,0,A,1,2,2690,11615,0.12384551805989305,0.47492244839668274,0.8592641949653625,protocol_D/test_iid/PD_test_iid_0083_b12
PD_test_iid_0084_b21,D,test_iid,0,A,2,1,2953,12758,0.1459393284950157,0.44386568665504456,0.8603653311729431,protocol_D/test_iid/PD_test_iid_0084_b21
PD_test_iid_0085_b20,D,test_iid,0,A,2,0,2847,11977,0.11657668364268062,0.4584709107875824,0.8585759401321411,protocol_D/test_iid/PD_test_iid_0085_b20
PD_test_iid_0086_b22,D,test_iid,0,A,2,2,3174,13517,0.10003489518518285,0.49687373638153076,0.8563954830169678,protocol_D/test_iid/PD_test_iid_0086_b22
PD_test_iid_0087_b00,D,test_iid,0,A,0,0,1610,6503,1.0,0.5418422222137451,0.8633638620376587,protocol_D/test_iid/PD_test_iid_0087_b00
PD_test_iid_0088_b11,D,test_iid,0,A,1,1,2447,10392,0.11428703554389003,0.4289090037345886,0.8620952367782593,protocol_D/test_iid/PD_test_iid_0088_b11
PD_test_iid_0089_b02,D,test_iid,0,A,0,2,2273,9976,0.127586254134671,0.5384885668754578,0.8664607405662537,protocol_D/test_iid/PD_test_iid_0089_b02
PD_test_iid_0090_b10,D,test_iid,0,A,1,0,2360,9914,0.19543336643509457,0.5290375351905823,0.8609020709991455,protocol_D/test_iid/PD_test_iid_0090_b10
PD_test_iid_0091_b01,D,test_iid,0,A,0,1,1816,7555,0.10369599795193271,0.5442624092102051,0.8642553687095642,protocol_D/test_iid/PD_test_iid_0091_b01
PD_test_iid_0092_b12,D,test_iid,0,A,1,2,2635,11409,0.18889253189787172,0.4989689290523529,0.8631663918495178,protocol_D/test_iid/PD_test_iid_0092_b12
PD_test_iid_0093_b21,D,test_iid,0,A,2,1,2957,12536,0.10643987172790523,0.5281924605369568,0.8581080436706543,protocol_D/test_iid/PD_test_iid_0093_b21
PD_test_iid_0094_b20,D,test_iid,0,A,2,0,2814,11888,0.15833656540133065,0.4936276078224182,0.857747495174408,protocol_D/test_iid/PD_test_iid_0094_b20
PD_test_iid_0095_b22,D,test_iid,0,A,2,2,3197,13618,0.10668626380367241,0.43751323223114014,0.8568429946899414,protocol_D/test_iid/PD_test_iid_0095_b22
PD_test_iid_0096_b00,D,test_iid,0,A,0,0,1610,6503,1.0,0.5418422222137451,0.8633638620376587,protocol_D/test_iid/PD_test_iid_0096_b00
PD_test_iid_0097_b11,D,test_iid,0,A,1,1,2448,10445,0.10192332022113923,0.47622159123420715,0.860984742641449,protocol_D/test_iid/PD_test_iid_0097_b11
PD_test_iid_0098_b02,D,test_iid,0,A,0,2,2232,9729,0.15112189818804822,0.5493708252906799,0.8666495084762573,protocol_D/test_iid/PD_test_iid_0098_b02
PD_test_iid_0099_b10,D,test_iid,0,A,1,0,2306,9666,0.14106223931537762,0.5565871596336365,0.8625888824462891,protocol_D/test_iid/PD_test_iid_0099_b10
PD_test_iid_0100_b01,D,test_iid,0,A,0,1,1955,8355,0.20406257947977108,0.5672392845153809,0.8658014535903931,protocol_D/test_iid/PD_test_iid_0100_b01
PD_test_iid_0101_b12,D,test_iid,0,A,1,2,2643,11311,0.14014194177606284,0.5303574204444885,0.8609554767608643,protocol_D/test_iid/PD_test_iid_0101_b12
PD_test_iid_0102_b21,D,test_iid,0,A,2,1,2928,12359,0.11704282449982964,0.46865782141685486,0.8567415475845337,protocol_D/test_iid/PD_test_iid_0102_b21
PD_test_iid_0103_b20,D,test_iid,0,A,2,0,2880,12231,0.2687489619967387,0.5277637839317322,0.8619215488433838,protocol_D/test_iid/PD_test_iid_0103_b20
PD_test_iid_0104_b22,D,test_iid,0,A,2,2,2895,12278,0.10148100565543727,0.429813027381897,0.8538442850112915,protocol_D/test_iid/PD_test_iid_0104_b22
PD_test_iid_0105_b00,D,test_iid,0,A,0,0,1610,6503,1.0,0.5418422222137451,0.8633638620376587,protocol_D/test_iid/PD_test_iid_0105_b00
PD_test_iid_0106_b11,D,test_iid,0,A,1,1,2514,10743,0.16977767578507613,0.504453182220459,0.8612439632415771,protocol_D/test_iid/PD_test_iid_0106_b11
PD_test_iid_0107_b02,D,test_iid,0,A,0,2,2174,9428,0.134376600358872,0.5406447649002075,0.8667570352554321,protocol_D/test_iid/PD_test_iid_0107_b02
PD_test_iid_0108_b10,D,test_iid,0,A,1,0,2171,8919,0.1488452688199532,0.5309471487998962,0.8593597412109375,protocol_D/test_iid/PD_test_iid_0108_b10
PD_test_iid_0109_b01,D,test_iid,0,A,0,1,2004,8650,0.24055421432321242,0.5455384254455566,0.8656495213508606,protocol_D/test_iid/PD_test_iid_0109_b01
PD_test_iid_0110_b12,D,test_iid,0,A,1,2,2619,11144,0.13804625854715855,0.5464045405387878,0.8581050634384155,protocol_D/test_iid/PD_test_iid_0110_b12
PD_test_iid_0111_b21,D,test_iid,0,A,2,1,2992,12694,0.11954243598571218,0.44819942116737366,0.8593628406524658,protocol_D/test_iid/PD_test_iid_0111_b21
PD_test_iid_0112_b20,D,test_iid,0,A,2,0,2595,10767,0.24106452188694472,0.4451477527618408,0.8542655110359192,protocol_D/test_iid/PD_test_iid_0112_b20
PD_test_iid_0113_b22,D,test_iid,0,A,2,2,3126,13437,0.1066855036055189,0.4216644763946533,0.8538004755973816,protocol_D/test_iid/PD_test_iid_0113_b22
PD_test_iid_0114_b00,D,test_iid,0,A,0,0,1610,6503,1.0,0.5418422222137451,0.8633638620376587,protocol_D/test_iid/PD_test_iid_0114_b00
PD_test_iid_0115_b11,D,test_iid,0,A,1,1,2529,10907,0.21507904510878081,0.5027427077293396,0.8624036908149719,protocol_D/test_iid/PD_test_iid_0115_b11
PD_test_iid_0116_b02,D,test_iid,0,A,0,2,2077,8917,0.18825056283795827,0.46857380867004395,0.8657660484313965,protocol_D/test_iid/PD_test_iid_0116_b02
PD_test_iid_0117_b10,D,test_iid,0,A,1,0,2319,9774,0.34622014621418734,0.5343837738037109,0.8642780780792236,protocol_D/test_iid/PD_test_iid_0117_b10
PD_test_iid_0118_b01,D,test_iid,0,A,0,1,1850,7661,0.12412532679405655,0.5814583897590637,0.8617593050003052,protocol_D/test_iid/PD_test_iid_0118_b01
PD_test_iid_0119_b12,D,test_iid,0,A,1,2,2710,11783,0.10006394728037124,0.5085499882698059,0.8607378602027893,protocol_D/test_iid/PD_test_iid_0119_b12
PD_test_iid_0120_b21,D,test_iid,0,A,2,1,2790,11770,0.14349272874003183,0.5080877542495728,0.858368992805481,protocol_D/test_iid/PD_test_iid_0120_b21
PD_test_iid_0121_b20,D,test_iid,0,A,2,0,2652,11082,0.14923093721376118,0.45983973145484924,0.8547558188438416,protocol_D/test_iid/PD_test_iid_0121_b20
PD_test_iid_0122_b22,D,test_iid,0,A,2,2,3102,13282,0.12015158222363076,0.43182840943336487,0.8578802347183228,protocol_D/test_iid/PD_test_iid_0122_b22
PD_test_iid_0123_b00,D,test_iid,0,A,0,0,1610,6503,1.0,0.5418422222137451,0.8633638620376587,protocol_D/test_iid/PD_test_iid_0123_b00
PD_test_iid_0124_b11,D,test_iid,0,A,1,1,2498,10656,0.17947277919376015,0.4970572292804718,0.8582151532173157,protocol_D/test_iid/PD_test_iid_0124_b11
PD_test_iid_0125_b02,D,test_iid,0,A,0,2,2198,9635,0.2022949070289602,0.5138530731201172,0.8665416836738586,protocol_D/test_iid/PD_test_iid_0125_b02
PD_test_iid_0126_b10,D,test_iid,0,A,1,0,2248,9447,0.29110883425268164,0.5327255129814148,0.8644513487815857,protocol_D/test_iid/PD_test_iid_0126_b10
PD_test_iid_0127_b01,D,test_iid,0,A,0,1,1819,7562,0.16154986709166688,0.5147068500518799,0.8675036430358887,protocol_D/test_iid/PD_test_iid_0127_b01
PD_test_iid_0128_b12,D,test_iid,0,A,1,2,2669,11515,0.11547478953007409,0.5089839100837708,0.8591054677963257,protocol_D/test_iid/PD_test_iid_0128_b12
PD_test_iid_0129_b21,D,test_iid,0,A,2,1,3090,13223,0.13467559007298013,0.46691951155662537,0.8579226136207581,protocol_D/test_iid/PD_test_iid_0129_b21
PD_test_iid_0130_b20,D,test_iid,0,A,2,0,2698,11175,0.14280384796467138,0.4506109058856964,0.8548886775970459,protocol_D/test_iid/PD_test_iid_0130_b20
PD_test_iid_0131_b22,D,test_iid,0,A,2,2,3299,14107,0.1015279309324334,0.46279799938201904,0.8589260578155518,protocol_D/test_iid/PD_test_iid_0131_b22
PD_test_iid_0132_b00,D,test_iid,0,A,0,0,1610,6503,1.0,0.5418422222137451,0.8633638620376587,protocol_D/test_iid/PD_test_iid_0132_b00
PD_test_iid_0133_b11,D,test_iid,0,A,1,1,2510,10549,0.15106117636958,0.4513471722602844,0.8599649667739868,protocol_D/test_iid/PD_test_iid_0133_b11
PD_test_iid_0134_b02,D,test_iid,0,A,0,2,2224,9635,0.12096988241507609,0.5320647358894348,0.8651605844497681,protocol_D/test_iid/PD_test_iid_0134_b02
PD_test_iid_0135_b10,D,test_iid,0,A,1,0,2213,9241,0.31359419470826094,0.5481185913085938,0.8618166446685791,protocol_D/test_iid/PD_test_iid_0135_b10
PD_test_iid_0136_b01,D,test_iid,0,A,0,1,1873,7888,0.1547654163291488,0.5540773868560791,0.8645793199539185,protocol_D/test_iid/PD_test_iid_0136_b01
PD_test_iid_0137_b12,D,test_iid,0,A,1,2,2557,10906,0.11699767190285891,0.5154603123664856,0.8600713014602661,protocol_D/test_iid/PD_test_iid_0137_b12
PD_test_iid_0138_b21,D,test_iid,0,A,2,1,2817,11928,0.15583052697760513,0.43751198053359985,0.8556367754936218,protocol_D/test_iid/PD_test_iid_0138_b21
PD_test_iid_0139_b20,D,test_iid,0,A,2,0,2715,11359,0.25012176710999434,0.4571378231048584,0.8591243028640747,protocol_D/test_iid/PD_test_iid_0139_b20
PD_test_iid_0140_b22,D,test_iid,0,A,2,2,3060,13047,0.10978679785700846,0.38005512952804565,0.8566873073577881,protocol_D/test_iid/PD_test_iid_0140_b22
PD_test_iid_0141_b00,D,test_iid,0,A,0,0,1610,6503,1.0,0.5418422222137451,0.8633638620376587,protocol_D/test_iid/PD_test_iid_0141_b00
PD_test_iid_0142_b11,D,test_iid,0,A,1,1,2469,10635,0.28734567861308996,0.4682251513004303,0.8633055686950684,protocol_D/test_iid/PD_test_iid_0142_b11
PD_test_iid_0143_b02,D,test_iid,0,A,0,2,2195,9475,0.11397046921633938,0.5409402847290039,0.8637769222259521,protocol_D/test_iid/PD_test_iid_0143_b02
PD_test_iid_0144_b10,D,test_iid,0,A,1,0,2142,8817,0.13412540941649417,0.5306532979011536,0.8599990606307983,protocol_D/test_iid/PD_test_iid_0144_b10
PD_test_iid_0145_b01,D,test_iid,0,A,0,1,1920,8161,0.11077518768014825,0.5241139531135559,0.8652544617652893,protocol_D/test_iid/PD_test_iid_0145_b01
PD_test_iid_0146_b12,D,test_iid,0,A,1,2,2569,10874,0.1367159347752071,0.5189032554626465,0.8579868674278259,protocol_D/test_iid/PD_test_iid_0146_b12
PD_test_iid_0147_b21,D,test_iid,0,A,2,1,2775,11727,0.11868848842646337,0.48493126034736633,0.8588505983352661,protocol_D/test_iid/PD_test_iid_0147_b21
PD_test_iid_0148_b20,D,test_iid,0,A,2,0,2823,11785,0.1030560944637405,0.48832932114601135,0.856159508228302,protocol_D/test_iid/PD_test_iid_0148_b20
PD_test_iid_0149_b22,D,test_iid,0,A,2,2,3065,13006,0.12842531457935558,0.41407686471939087,0.8563445210456848,protocol_D/test_iid/PD_test_iid_0149_b22
PD_test_iid_0150_b00,D,test_iid,0,A,0,0,1610,6503,1.0,0.5418422222137451,0.8633638620376587,protocol_D/test_iid/PD_test_iid_0150_b00
PD_test_iid_0151_b11,D,test_iid,0,A,1,1,2500,10739,0.2293815273466879,0.4284640848636627,0.863761842250824,protocol_D/test_iid/PD_test_iid_0151_b11
PD_test_iid_0152_b02,D,test_iid,0,A,0,2,2129,9202,0.13861636997387253,0.5075626969337463,0.8649885654449463,protocol_D/test_iid/PD_test_iid_0152_b02
PD_test_iid_0153_b10,D,test_iid,0,A,1,0,2145,8812,0.10515188547623683,0.4409133195877075,0.8566725850105286,protocol_D/test_iid/PD_test_iid_0153_b10
PD_test_iid_0154_b01,D,test_iid,0,A,0,1,1913,8117,0.18962660010680757,0.5876060128211975,0.8642711639404297,protocol_D/test_iid/PD_test_iid_0154_b01
PD_test_iid_0155_b12,D,test_iid,0,A,1,2,2681,11545,0.10878419850538387,0.4313427209854126,0.8587552905082703,protocol_D/test_iid/PD_test_iid_0155_b12
PD_test_iid_0156_b21,D,test_iid,0,A,2,1,2974,12651,0.14447044999223269,0.42856448888778687,0.8607505559921265,protocol_D/test_iid/PD_test_iid_0156_b21
PD_test_iid_0157_b20,D,test_iid,0,A,2,0,2848,12039,0.22676204587559695,0.5238819122314453,0.8583348989486694,protocol_D/test_iid/PD_test_iid_0157_b20
PD_test_iid_0158_b22,D,test_iid,0,A,2,2,3006,12721,0.110942982972041,0.4494352638721466,0.8502316474914551,protocol_D/test_iid/PD_test_iid_0158_b22
PD_test_iid_0159_b00,D,test_iid,0,A,0,0,1610,6503,1.0,0.5418422222137451,0.8633638620376587,protocol_D/test_iid/PD_test_iid_0159_b00
PD_test_iid_0160_b11,D,test_iid,0,A,1,1,2315,9662,0.11047545157817229,0.508314847946167,0.8585332632064819,protocol_D/test_iid/PD_test_iid_0160_b11
PD_test_iid_0161_b02,D,test_iid,0,A,0,2,2054,8709,0.10959971640870983,0.5429563522338867,0.86662757396698,protocol_D/test_iid/PD_test_iid_0161_b02
PD_test_iid_0162_b10,D,test_iid,0,A,1,0,2276,9551,0.3531206304478505,0.4408726692199707,0.8607191443443298,protocol_D/test_iid/PD_test_iid_0162_b10
PD_test_iid_0163_b01,D,test_iid,0,A,0,1,1996,8511,0.149854569298502,0.5526539087295532,0.8634434342384338,protocol_D/test_iid/PD_test_iid_0163_b01
PD_test_iid_0164_b12,D,test_iid,0,A,1,2,2629,11303,0.11162319029756972,0.5250004529953003,0.859637975692749,protocol_D/test_iid/PD_test_iid_0164_b12
PD_test_iid_0165_b21,D,test_iid,0,A,2,1,2941,12489,0.1263006481240232,0.501822292804718,0.8595679998397827,protocol_D/test_iid/PD_test_iid_0165_b21
PD_test_iid_0166_b20,D,test_iid,0,A,2,0,2727,11511,0.20016614642010033,0.4984550178050995,0.8544130921363831,protocol_D/test_iid/PD_test_iid_0166_b20
PD_test_iid_0167_b22,D,test_iid,0,A,2,2,3068,13018,0.10260269048853288,0.4821203351020813,0.8559567332267761,protocol_D/test_iid/PD_test_iid_0167_b22
PD_test_iid_0168_b00,D,test_iid,0,A,0,0,1610,6503,1.0,0.5418422222137451,0.8633638620376587,protocol_D/test_iid/PD_test_iid_0168_b00
PD_test_iid_0169_b11,D,test_iid,0,A,1,1,2540,10954,0.12556203333426919,0.4397200644016266,0.8618824481964111,protocol_D/test_iid/PD_test_iid_0169_b11
PD_test_iid_0170_b02,D,test_iid,0,A,0,2,2159,9351,0.1598120163425756,0.5257705450057983,0.8645267486572266,protocol_D/test_iid/PD_test_iid_0170_b02
PD_test_iid_0171_b10,D,test_iid,0,A,1,0,2192,9096,0.20241662990812398,0.5213463306427002,0.8617992401123047,protocol_D/test_iid/PD_test_iid_0171_b10
PD_test_iid_0172_b01,D,test_iid,0,A,0,1,2024,8616,0.10943137178661105,0.4932083487510681,0.8634904623031616,protocol_D/test_iid/PD_test_iid_0172_b01
PD_test_iid_0173_b12,D,test_iid,0,A,1,2,2709,11767,0.13574387244208355,0.4943722188472748,0.8654860854148865,protocol_D/test_iid/PD_test_iid_0173_b12
PD_test_iid_0174_b21,D,test_iid,0,A,2,1,2950,12551,0.14512336712530735,0.5073226690292358,0.8609393239021301,protocol_D/test_iid/PD_test_iid_0174_b21
PD_test_iid_0175_b20,D,test_iid,0,A,2,0,2890,12265,0.1665788275260251,0.4812292158603668,0.8594413995742798,protocol_D/test_iid/PD_test_iid_0175_b20
PD_test_iid_0176_b22,D,test_iid,0,A,2,2,3194,13664,0.12147772075971593,0.4334467053413391,0.8566824197769165,protocol_D/test_iid/PD_test_iid_0176_b22
PD_test_iid_0177_b00,D,test_iid,0,A,0,0,1610,6503,1.0,0.5418422222137451,0.8633638620376587,protocol_D/test_iid/PD_test_iid_0177_b00
PD_test_iid_0178_b11,D,test_iid,0,A,1,1,2517,10766,0.10016592431270915,0.42576801776885986,0.8580914735794067,protocol_D/test_iid/PD_test_iid_0178_b11
PD_test_iid_0179_b02,D,test_iid,0,A,0,2,2215,9726,0.13244726350048922,0.5438579320907593,0.8689693212509155,protocol_D/test_iid/PD_test_iid_0179_b02
PD_test_iid_0180_b10,D,test_iid,0,A,1,0,2381,10012,0.24267351818832125,0.5068356394767761,0.8600013256072998,protocol_D/test_iid/PD_test_iid_0180_b10
PD_test_iid_0181_b01,D,test_iid,0,A,0,1,1874,7823,0.11687536321439218,0.5461052656173706,0.8634247779846191,protocol_D/test_iid/PD_test_iid_0181_b01
PD_test_iid_0182_b12,D,test_iid,0,A,1,2,2764,11981,0.10984041663942365,0.4852312207221985,0.8639853000640869,protocol_D/test_iid/PD_test_iid_0182_b12
PD_test_iid_0183_b21,D,test_iid,0,A,2,1,2975,12719,0.13189146463525703,0.3912566006183624,0.8610449433326721,protocol_D/test_iid/PD_test_iid_0183_b21
PD_test_iid_0184_b20,D,test_iid,0,A,2,0,2895,12274,0.15931750824856106,0.48422688245773315,0.8580996990203857,protocol_D/test_iid/PD_test_iid_0184_b20
PD_test_iid_0185_b22,D,test_iid,0,A,2,2,2998,12767,0.11102229774883055,0.419528990983963,0.8562598824501038,protocol_D/test_iid/PD_test_iid_0185_b22
PD_test_iid_0186_b00,D,test_iid,0,A,0,0,1610,6503,1.0,0.5418422222137451,0.8633638620376587,protocol_D/test_iid/PD_test_iid_0186_b00
PD_test_iid_0187_b11,D,test_iid,0,A,1,1,2535,10856,0.15009535464753612,0.45327040553092957,0.8622695803642273,protocol_D/test_iid/PD_test_iid_0187_b11
PD_test_iid_0188_b02,D,test_iid,0,A,0,2,2199,9494,0.1241728513476803,0.5609283447265625,0.8627930879592896,protocol_D/test_iid/PD_test_iid_0188_b02
PD_test_iid_0189_b10,D,test_iid,0,A,1,0,2240,9375,0.24756820659263956,0.4263736605644226,0.8605607151985168,protocol_D/test_iid/PD_test_iid_0189_b10
PD_test_iid_0190_b01,D,test_iid,0,A,0,1,1877,7878,0.10855768039501063,0.4973830282688141,0.8654747605323792,protocol_D/test_iid/PD_test_iid_0190_b01
PD_test_iid_0191_b12,D,test_iid,0,A,1,2,2836,12205,0.10307666970934876,0.4008789658546448,0.8603861927986145,protocol_D/test_iid/PD_test_iid_0191_b12
PD_test_iid_0192_b21,D,test_iid,0,A,2,1,2865,12137,0.10333142560756926,0.4690471589565277,0.8569638729095459,protocol_D/test_iid/PD_test_iid_0192_b21
PD_test_iid_0193_b20,D,test_iid,0,A,2,0,2636,10828,0.10132079550575071,0.46340885758399963,0.8539270758628845,protocol_D/test_iid/PD_test_iid_0193_b20
PD_test_iid_0194_b22,D,test_iid,0,A,2,2,3034,13034,0.11533674311634615,0.42447429895401,0.8580598831176758,protocol_D/test_iid/PD_test_iid_0194_b22
PD_test_iid_0195_b00,D,test_iid,0,A,0,0,1610,6503,1.0,0.5418422222137451,0.8633638620376587,protocol_D/test_iid/PD_test_iid_0195_b00
PD_test_iid_0196_b11,D,test_iid,0,A,1,1,2432,10348,0.16345548569089935,0.5434994101524353,0.8627210855484009,protocol_D/test_iid/PD_test_iid_0196_b11
PD_test_iid_0197_b02,D,test_iid,0,A,0,2,2125,9169,0.18846734354453806,0.5762692093849182,0.8636663556098938,protocol_D/test_iid/PD_test_iid_0197_b02
PD_test_iid_0198_b10,D,test_iid,0,A,1,0,2262,9466,0.3210447480302183,0.4757915139198303,0.8583168387413025,protocol_D/test_iid/PD_test_iid_0198_b10
PD_test_iid_0199_b01,D,test_iid,0,A,0,1,1852,7805,0.16619565718566245,0.5605437755584717,0.8647308945655823,protocol_D/test_iid/PD_test_iid_0199_b01
PD_test_ood_0000_b33,D,test_ood,1,A,3,3,3455,14802,0.1,0.4522865414619446,0.8545948266983032,protocol_D/test_ood/PD_test_ood_0000_b33
PD_test_ood_0001_b33,D,test_ood,1,A,3,3,3421,14556,0.1,0.46744439005851746,0.8539136052131653,protocol_D/test_ood/PD_test_ood_0001_b33
PD_test_ood_0002_b33,D,test_ood,1,A,3,3,3428,14611,0.1,0.4613443613052368,0.8543509840965271,protocol_D/test_ood/PD_test_ood_0002_b33
PD_test_ood_0003_b33,D,test_ood,1,A,3,3,3433,14693,0.09999999999999995,0.4288208484649658,0.8541694283485413,protocol_D/test_ood/PD_test_ood_0003_b33
PD_test_ood_0004_b33,D,test_ood,1,A,3,3,3433,14681,0.1,0.44665321707725525,0.856560468673706,protocol_D/test_ood/PD_test_ood_0004_b33
PD_test_ood_0005_b33,D,test_ood,1,A,3,3,3444,14741,0.09999999999999995,0.42734408378601074,0.8555845022201538,protocol_D/test_ood/PD_test_ood_0005_b33
PD_test_ood_0006_b33,D,test_ood,1,A,3,3,3436,14660,0.1,0.49956226348876953,0.8540946245193481,protocol_D/test_ood/PD_test_ood_0006_b33
PD_test_ood_0007_b33,D,test_ood,1,A,3,3,3438,14660,0.1,0.48433974385261536,0.8554083704948425,protocol_D/test_ood/PD_test_ood_0007_b33
PD_test_ood_0008_b33,D,test_ood,1,A,3,3,3429,14644,0.1,0.5033097863197327,0.8538013100624084,protocol_D/test_ood/PD_test_ood_0008_b33
PD_test_ood_0009_b33,D,test_ood,1,A,3,3,3420,14590,0.09999999999999995,0.43368926644325256,0.8540867567062378,protocol_D/test_ood/PD_test_ood_0009_b33
PD_test_ood_0010_b33,D,test_ood,1,A,3,3,3458,14833,0.09999999999999995,0.4295809864997864,0.8554205298423767,protocol_D/test_ood/PD_test_ood_0010_b33
PD_test_ood_0011_b33,D,test_ood,1,A,3,3,3432,14639,0.1,0.4411812722682953,0.8539727330207825,protocol_D/test_ood/PD_test_ood_0011_b33
PD_test_ood_0012_b33,D,test_ood,1,A,3,3,3441,14714,0.09999999999999995,0.41650572419166565,0.855516791343689,protocol_D/test_ood/PD_test_ood_0012_b33
PD_test_ood_0013_b33,D,test_ood,1,A,3,3,3445,14691,0.1,0.3596001863479614,0.8541727662086487,protocol_D/test_ood/PD_test_ood_0013_b33
PD_test_ood_0014_b33,D,test_ood,1,A,3,3,3395,14451,0.09999999999999995,0.4294110834598541,0.8535833358764648,protocol_D/test_ood/PD_test_ood_0014_b33
PD_test_ood_0015_b33,D,test_ood,1,A,3,3,3438,14703,0.09999999999999995,0.42930877208709717,0.8535078167915344,protocol_D/test_ood/PD_test_ood_0015_b33
PD_test_ood_0016_b33,D,test_ood,1,A,3,3,3442,14723,0.1,0.46304020285606384,0.8546652793884277,protocol_D/test_ood/PD_test_ood_0016_b33
PD_test_ood_0017_b33,D,test_ood,1,A,3,3,3410,14556,0.09999999999999995,0.4611942172050476,0.8553411960601807,protocol_D/test_ood/PD_test_ood_0017_b33
PD_test_ood_0018_b33,D,test_ood,1,A,3,3,3432,14684,0.09999999999999995,0.43084850907325745,0.8549892902374268,protocol_D/test_ood/PD_test_ood_0018_b33
PD_test_ood_0019_b33,D,test_ood,1,A,3,3,3436,14657,0.1,0.46178415417671204,0.8541495203971863,protocol_D/test_ood/PD_test_ood_0019_b33
PD_test_ood_0020_b33,D,test_ood,1,A,3,3,3454,14768,0.1,0.45605215430259705,0.8565613627433777,protocol_D/test_ood/PD_test_ood_0020_b33
PD_test_ood_0021_b33,D,test_ood,1,A,3,3,3436,14667,0.1,0.4063645005226135,0.8544392585754395,protocol_D/test_ood/PD_test_ood_0021_b33
PD_test_ood_0022_b33,D,test_ood,1,A,3,3,3463,14850,0.09999999999999995,0.4132949709892273,0.853562593460083,protocol_D/test_ood/PD_test_ood_0022_b33
PD_test_ood_0023_b33,D,test_ood,1,A,3,3,3417,14578,0.09999999999999995,0.41680827736854553,0.8527429699897766,protocol_D/test_ood/PD_test_ood_0023_b33
PD_test_ood_0024_b33,D,test_ood,1,A,3,3,3468,14886,0.09999999999999995,0.4275592267513275,0.854653000831604,protocol_D/test_ood/PD_test_ood_0024_b33
PD_test_ood_0025_b33,D,test_ood,1,A,3,3,3404,14494,0.09999999999999995,0.4299653172492981,0.8548888564109802,protocol_D/test_ood/PD_test_ood_0025_b33
PD_test_ood_0026_b33,D,test_ood,1,A,3,3,3443,14747,0.09999999999999995,0.45862215757369995,0.8541691899299622,protocol_D/test_ood/PD_test_ood_0026_b33
PD_test_ood_0027_b33,D,test_ood,1,A,3,3,3414,14535,0.1,0.5158277750015259,0.855177104473114,protocol_D/test_ood/PD_test_ood_0027_b33
PD_test_ood_0028_b33,D,test_ood,1,A,3,3,3441,14703,0.1,0.3943760097026825,0.8547264337539673,protocol_D/test_ood/PD_test_ood_0028_b33
PD_test_ood_0029_b33,D,test_ood,1,A,3,3,3402,14507,0.09999999999999995,0.4383932650089264,0.855247974395752,protocol_D/test_ood/PD_test_ood_0029_b33
PD_test_ood_0030_b33,D,test_ood,1,A,3,3,3404,14472,0.1,0.5047463774681091,0.8563531637191772,protocol_D/test_ood/PD_test_ood_0030_b33
PD_test_ood_0031_b33,D,test_ood,1,A,3,3,3455,14813,0.09999999999999995,0.4295484125614166,0.857215940952301,protocol_D/test_ood/PD_test_ood_0031_b33
PD_test_ood_0032_b33,D,test_ood,1,A,3,3,3399,14432,0.1,0.47070086002349854,0.855514645576477,protocol_D/test_ood/PD_test_ood_0032_b33
PD_test_ood_0033_b33,D,test_ood,1,A,3,3,3425,14594,0.1,0.40794235467910767,0.8542553186416626,protocol_D/test_ood/PD_test_ood_0033_b33
PD_test_ood_0034_b33,D,test_ood,1,A,3,3,3424,14613,0.1,0.4996127188205719,0.8548133373260498,protocol_D/test_ood/PD_test_ood_0034_b33
PD_test_ood_0035_b33,D,test_ood,1,A,3,3,3442,14691,0.1,0.46634864807128906,0.8552274703979492,protocol_D/test_ood/PD_test_ood_0035_b33
PD_test_ood_0036_b33,D,test_ood,1,A,3,3,3451,14756,0.1,0.46883872151374817,0.8558160662651062,protocol_D/test_ood/PD_test_ood_0036_b33
PD_test_ood_0037_b33,D,test_ood,1,A,3,3,3472,14866,0.1,0.3728957176208496,0.8534286618232727,protocol_D/test_ood/PD_test_ood_0037_b33
PD_test_ood_0038_b33,D,test_ood,1,A,3,3,3453,14803,0.09999999999999995,0.4294165074825287,0.8562012910842896,protocol_D/test_ood/PD_test_ood_0038_b33
PD_test_ood_0039_b33,D,test_ood,1,A,3,3,3427,14641,0.09999999999999995,0.4355528652667999,0.8573184609413147,protocol_D/test_ood/PD_test_ood_0039_b33
PD_test_ood_0040_b33,D,test_ood,1,A,3,3,3419,14572,0.1,0.5016744136810303,0.8541080355644226,protocol_D/test_ood/PD_test_ood_0040_b33
PD_test_ood_0041_b33,D,test_ood,1,A,3,3,3417,14631,0.09999999999999995,0.4572007954120636,0.855424702167511,protocol_D/test_ood/PD_test_ood_0041_b33
PD_test_ood_0042_b33,D,test_ood,1,A,3,3,3420,14581,0.09999999999999995,0.4161335229873657,0.8561633229255676,protocol_D/test_ood/PD_test_ood_0042_b33
PD_test_ood_0043_b33,D,test_ood,1,A,3,3,3421,14589,0.1,0.433226615190506,0.8549082279205322,protocol_D/test_ood/PD_test_ood_0043_b33
PD_test_ood_0044_b33,D,test_ood,1,A,3,3,3464,14860,0.09999999999999995,0.4308472275733948,0.8559185266494751,protocol_D/test_ood/PD_test_ood_0044_b33
PD_test_ood_0045_b33,D,test_ood,1,A,3,3,3431,14656,0.09999999999999995,0.46257999539375305,0.8551529049873352,protocol_D/test_ood/PD_test_ood_0045_b33
PD_test_ood_0046_b33,D,test_ood,1,A,3,3,3427,14646,0.09999999999999995,0.44926923513412476,0.8554232716560364,protocol_D/test_ood/PD_test_ood_0046_b33
PD_test_ood_0047_b33,D,test_ood,1,A,3,3,3427,14619,0.1,0.4536326229572296,0.8550047278404236,protocol_D/test_ood/PD_test_ood_0047_b33
PD_test_ood_0048_b33,D,test_ood,1,A,3,3,3417,14596,0.09999999999999995,0.42732691764831543,0.8543440699577332,protocol_D/test_ood/PD_test_ood_0048_b33
PD_test_ood_0049_b33,D,test_ood,1,A,3,3,3461,14874,0.09999999999999995,0.4324248433113098,0.8551543354988098,protocol_D/test_ood/PD_test_ood_0049_b33
PD_test_ood_0050_b33,D,test_ood,1,A,3,3,3446,14759,0.09999999999999995,0.42726096510887146,0.8534162044525146,protocol_D/test_ood/PD_test_ood_0050_b33
PD_test_ood_0051_b33,D,test_ood,1,A,3,3,3438,14709,0.09999999999999995,0.42916396260261536,0.856037437915802,protocol_D/test_ood/PD_test_ood_0051_b33
PD_test_ood_0052_b33,D,test_ood,1,A,3,3,3446,14785,0.09999999999999995,0.35760602355003357,0.8549038767814636,protocol_D/test_ood/PD_test_ood_0052_b33
PD_test_ood_0053_b33,D,test_ood,1,A,3,3,3424,14594,0.1,0.41203516721725464,0.8536521196365356,protocol_D/test_ood/PD_test_ood_0053_b33
PD_test_ood_0054_b33,D,test_ood,1,A,3,3,3433,14698,0.09999999999999995,0.4602821469306946,0.8550512194633484,protocol_D/test_ood/PD_test_ood_0054_b33
PD_test_ood_0055_b33,D,test_ood,1,A,3,3,3431,14692,0.09999999999999995,0.3948628604412079,0.8545271754264832,protocol_D/test_ood/PD_test_ood_0055_b33
PD_test_ood_0056_b33,D,test_ood,1,A,3,3,3428,14632,0.1,0.4552883207798004,0.8513343334197998,protocol_D/test_ood/PD_test_ood_0056_b33
PD_test_ood_0057_b33,D,test_ood,1,A,3,3,3464,14827,0.1,0.4239804148674011,0.8537073135375977,protocol_D/test_ood/PD_test_ood_0057_b33
PD_test_ood_0058_b33,D,test_ood,1,A,3,3,3445,14754,0.09999999999999995,0.4093204736709595,0.855096161365509,protocol_D/test_ood/PD_test_ood_0058_b33
PD_test_ood_0059_b33,D,test_ood,1,A,3,3,3438,14649,0.1,0.43371865153312683,0.8548833727836609,protocol_D/test_ood/PD_test_ood_0059_b33
PD_test_ood_0060_b33,D,test_ood,1,A,3,3,3458,14842,0.09999999999999995,0.4614514410495758,0.8562127351760864,protocol_D/test_ood/PD_test_ood_0060_b33
PD_test_ood_0061_b33,D,test_ood,1,A,3,3,3437,14666,0.1,0.4682849943637848,0.8558023571968079,protocol_D/test_ood/PD_test_ood_0061_b33
PD_test_ood_0062_b33,D,test_ood,1,A,3,3,3400,14495,0.09999999999999995,0.460549920797348,0.8554794192314148,protocol_D/test_ood/PD_test_ood_0062_b33
PD_test_ood_0063_b33,D,test_ood,1,A,3,3,3429,14628,0.1,0.4550722539424896,0.8558856248855591,protocol_D/test_ood/PD_test_ood_0063_b33
PD_test_ood_0064_b33,D,test_ood,1,A,3,3,3390,14416,0.1,0.4049929678440094,0.8527265787124634,protocol_D/test_ood/PD_test_ood_0064_b33
PD_test_ood_0065_b33,D,test_ood,1,A,3,3,3416,14511,0.1,0.4672762453556061,0.8536859154701233,protocol_D/test_ood/PD_test_ood_0065_b33
PD_test_ood_0066_b33,D,test_ood,1,A,3,3,3406,14521,0.09999999999999995,0.42975088953971863,0.8539110422134399,protocol_D/test_ood/PD_test_ood_0066_b33
PD_test_ood_0067_b33,D,test_ood,1,A,3,3,3448,14773,0.09999999999999995,0.5226851105690002,0.8565751910209656,protocol_D/test_ood/PD_test_ood_0067_b33
PD_test_ood_0068_b33,D,test_ood,1,A,3,3,3442,14746,0.09999999999999995,0.4294106960296631,0.8547486066818237,protocol_D/test_ood/PD_test_ood_0068_b33
PD_test_ood_0069_b33,D,test_ood,1,A,3,3,3391,14445,0.09999999999999995,0.41824615001678467,0.8541253209114075,protocol_D/test_ood/PD_test_ood_0069_b33
PD_test_ood_0070_b33,D,test_ood,1,A,3,3,3448,14746,0.09999999999999995,0.4295620620250702,0.8551091551780701,protocol_D/test_ood/PD_test_ood_0070_b33
PD_test_ood_0071_b33,D,test_ood,1,A,3,3,3437,14709,0.09999999999999995,0.43253734707832336,0.85511714220047,protocol_D/test_ood/PD_test_ood_0071_b33
PD_test_ood_0072_b33,D,test_ood,1,A,3,3,3424,14605,0.09999999999999995,0.4268507957458496,0.8566521406173706,protocol_D/test_ood/PD_test_ood_0072_b33
PD_test_ood_0073_b33,D,test_ood,1,A,3,3,3397,14425,0.1,0.4674783945083618,0.8545948266983032,protocol_D/test_ood/PD_test_ood_0073_b33
PD_test_ood_0074_b33,D,test_ood,1,A,3,3,3442,14718,0.09999999999999995,0.42226433753967285,0.8566332459449768,protocol_D/test_ood/PD_test_ood_0074_b33
PD_test_ood_0075_b33,D,test_ood,1,A,3,3,3442,14706,0.1,0.45152056217193604,0.8559914827346802,protocol_D/test_ood/PD_test_ood_0075_b33
PD_test_ood_0076_b33,D,test_ood,1,A,3,3,3431,14653,0.09999999999999995,0.42916685342788696,0.8545101284980774,protocol_D/test_ood/PD_test_ood_0076_b33
PD_test_ood_0077_b33,D,test_ood,1,A,3,3,3463,14857,0.09999999999999995,0.4160812199115753,0.8557462692260742,protocol_D/test_ood/PD_test_ood_0077_b33
PD_test_ood_0078_b33,D,test_ood,1,A,3,3,3435,14707,0.09999999999999995,0.46285784244537354,0.8565179705619812,protocol_D/test_ood/PD_test_ood_0078_b33
PD_test_ood_0079_b33,D,test_ood,1,A,3,3,3430,14662,0.1,0.477013498544693,0.8520684838294983,protocol_D/test_ood/PD_test_ood_0079_b33
PD_test_ood_0080_b33,D,test_ood,1,A,3,3,3433,14655,0.09999999999999995,0.4306420683860779,0.8546136617660522,protocol_D/test_ood/PD_test_ood_0080_b33
PD_test_ood_0081_b33,D,test_ood,1,A,3,3,3438,14687,0.1,0.4699634611606598,0.8539949059486389,protocol_D/test_ood/PD_test_ood_0081_b33
PD_test_ood_0082_b33,D,test_ood,1,A,3,3,3410,14501,0.1,0.4666883945465088,0.8556524515151978,protocol_D/test_ood/PD_test_ood_0082_b33
PD_test_ood_0083_b33,D,test_ood,1,A,3,3,3439,14704,0.1,0.5047463774681091,0.8548949360847473,protocol_D/test_ood/PD_test_ood_0083_b33
PD_test_ood_0084_b33,D,test_ood,1,A,3,3,3468,14838,0.1,0.3796733319759369,0.8556790947914124,protocol_D/test_ood/PD_test_ood_0084_b33
PD_test_ood_0085_b33,D,test_ood,1,A,3,3,3425,14620,0.09999999999999995,0.4266166687011719,0.8554871678352356,protocol_D/test_ood/PD_test_ood_0085_b33
PD_test_ood_0086_b33,D,test_ood,1,A,3,3,3421,14598,0.1,0.4582940638065338,0.8552188277244568,protocol_D/test_ood/PD_test_ood_0086_b33
PD_test_ood_0087_b33,D,test_ood,1,A,3,3,3432,14662,0.09999999999999995,0.4490097165107727,0.8559630513191223,protocol_D/test_ood/PD_test_ood_0087_b33
PD_test_ood_0088_b33,D,test_ood,1,A,3,3,3436,14688,0.09999999999999995,0.4309052526950836,0.8552981019020081,protocol_D/test_ood/PD_test_ood_0088_b33
PD_test_ood_0089_b33,D,test_ood,1,A,3,3,3417,14556,0.1,0.42653387784957886,0.8527602553367615,protocol_D/test_ood/PD_test_ood_0089_b33
PD_test_ood_0090_b33,D,test_ood,1,A,3,3,3388,14378,0.1,0.46604618430137634,0.8535177707672119,protocol_D/test_ood/PD_test_ood_0090_b33
PD_test_ood_0091_b33,D,test_ood,1,A,3,3,3456,14824,0.09999999999999995,0.4279272258281708,0.8545814752578735,protocol_D/test_ood/PD_test_ood_0091_b33
PD_test_ood_0092_b33,D,test_ood,1,A,3,3,3403,14442,0.1,0.4427492618560791,0.8540501594543457,protocol_D/test_ood/PD_test_ood_0092_b33
PD_test_ood_0093_b33,D,test_ood,1,A,3,3,3429,14671,0.09999999999999995,0.46273788809776306,0.8548147678375244,protocol_D/test_ood/PD_test_ood_0093_b33
PD_test_ood_0094_b33,D,test_ood,1,A,3,3,3455,14813,0.09999999999999995,0.4309838116168976,0.8570110201835632,protocol_D/test_ood/PD_test_ood_0094_b33
PD_test_ood_0095_b33,D,test_ood,1,A,3,3,3424,14617,0.09999999999999995,0.4119280278682709,0.8549329042434692,protocol_D/test_ood/PD_test_ood_0095_b33
PD_test_ood_0096_b33,D,test_ood,1,A,3,3,3423,14601,0.1,0.44887375831604004,0.8516766428947449,protocol_D/test_ood/PD_test_ood_0096_b33
PD_test_ood_0097_b33,D,test_ood,1,A,3,3,3450,14770,0.09999999999999995,0.4523126482963562,0.8562715649604797,protocol_D/test_ood/PD_test_ood_0097_b33
PD_test_ood_0098_b33,D,test_ood,1,A,3,3,3407,14478,0.1,0.5158277750015259,0.8540213704109192,protocol_D/test_ood/PD_test_ood_0098_b33
PD_test_ood_0099_b33,D,test_ood,1,A,3,3,3416,14619,0.09999999999999995,0.4327717125415802,0.8549779057502747,protocol_D/test_ood/PD_test_ood_0099_b33
PD_test_ood_0100_b33,D,test_ood,1,A,3,3,3416,14528,0.1,0.39955025911331177,0.8547380566596985,protocol_D/test_ood/PD_test_ood_0100_b33
PD_test_ood_0101_b33,D,test_ood,1,A,3,3,3431,14668,0.09999999999999995,0.42829716205596924,0.8530523180961609,protocol_D/test_ood/PD_test_ood_0101_b33
PD_test_ood_0102_b33,D,test_ood,1,A,3,3,3430,14645,0.09999999999999995,0.4304726719856262,0.8561370372772217,protocol_D/test_ood/PD_test_ood_0102_b33
PD_test_ood_0103_b33,D,test_ood,1,A,3,3,3446,14719,0.1,0.45575785636901855,0.854345440864563,protocol_D/test_ood/PD_test_ood_0103_b33
PD_test_ood_0104_b33,D,test_ood,1,A,3,3,3446,14722,0.1,0.4220140278339386,0.8546059727668762,protocol_D/test_ood/PD_test_ood_0104_b33
PD_test_ood_0105_b33,D,test_ood,1,A,3,3,3436,14667,0.09999999999999995,0.46119460463523865,0.8553826212882996,protocol_D/test_ood/PD_test_ood_0105_b33
PD_test_ood_0106_b33,D,test_ood,1,A,3,3,3444,14764,0.09999999999999995,0.4491402208805084,0.8559489250183105,protocol_D/test_ood/PD_test_ood_0106_b33
PD_test_ood_0107_b33,D,test_ood,1,A,3,3,3418,14546,0.1,0.44747865200042725,0.8546209335327148,protocol_D/test_ood/PD_test_ood_0107_b33
PD_test_ood_0108_b33,D,test_ood,1,A,3,3,3442,14690,0.1,0.46580392122268677,0.8548550009727478,protocol_D/test_ood/PD_test_ood_0108_b33
PD_test_ood_0109_b33,D,test_ood,1,A,3,3,3469,14922,0.09999999999999995,0.42947670817375183,0.8555948138237,protocol_D/test_ood/PD_test_ood_0109_b33
PD_test_ood_0110_b33,D,test_ood,1,A,3,3,3465,14845,0.09999999999999995,0.43056097626686096,0.8555113673210144,protocol_D/test_ood/PD_test_ood_0110_b33
PD_test_ood_0111_b33,D,test_ood,1,A,3,3,3446,14725,0.1,0.3818008303642273,0.853941023349762,protocol_D/test_ood/PD_test_ood_0111_b33
PD_test_ood_0112_b33,D,test_ood,1,A,3,3,3408,14523,0.1,0.3625973165035248,0.8521511554718018,protocol_D/test_ood/PD_test_ood_0112_b33
PD_test_ood_0113_b33,D,test_ood,1,A,3,3,3434,14707,0.09999999999999995,0.5226842761039734,0.8556939959526062,protocol_D/test_ood/PD_test_ood_0113_b33
PD_test_ood_0114_b33,D,test_ood,1,A,3,3,3454,14788,0.09999999999999995,0.45671147108078003,0.8569740653038025,protocol_D/test_ood/PD_test_ood_0114_b33
PD_test_ood_0115_b33,D,test_ood,1,A,3,3,3434,14665,0.09999999999999995,0.4661685526371002,0.8560343980789185,protocol_D/test_ood/PD_test_ood_0115_b33
PD_test_ood_0116_b33,D,test_ood,1,A,3,3,3402,14429,0.1,0.39677512645721436,0.8562381267547607,protocol_D/test_ood/PD_test_ood_0116_b33
PD_test_ood_0117_b33,D,test_ood,1,A,3,3,3456,14785,0.1,0.5158277750015259,0.8564548492431641,protocol_D/test_ood/PD_test_ood_0117_b33
PD_test_ood_0118_b33,D,test_ood,1,A,3,3,3425,14616,0.1,0.46963930130004883,0.8529448509216309,protocol_D/test_ood/PD_test_ood_0118_b33
PD_test_ood_0119_b33,D,test_ood,1,A,3,3,3453,14811,0.09999999999999995,0.42776253819465637,0.8524489402770996,protocol_D/test_ood/PD_test_ood_0119_b33
PD_test_ood_0120_b33,D,test_ood,1,A,3,3,3426,14618,0.09999999999999995,0.4156605899333954,0.8544322848320007,protocol_D/test_ood/PD_test_ood_0120_b33
PD_test_ood_0121_b33,D,test_ood,1,A,3,3,3423,14577,0.1,0.5163953900337219,0.8554727435112,protocol_D/test_ood/PD_test_ood_0121_b33
PD_test_ood_0122_b33,D,test_ood,1,A,3,3,3418,14608,0.09999999999999995,0.4130660593509674,0.8559278845787048,protocol_D/test_ood/PD_test_ood_0122_b33
PD_test_ood_0123_b33,D,test_ood,1,A,3,3,3408,14469,0.1,0.46262726187705994,0.8535040020942688,protocol_D/test_ood/PD_test_ood_0123_b33
PD_test_ood_0124_b33,D,test_ood,1,A,3,3,3453,14788,0.09999999999999995,0.4317740201950073,0.8543914556503296,protocol_D/test_ood/PD_test_ood_0124_b33
PD_test_ood_0125_b33,D,test_ood,1,A,3,3,3460,14821,0.09999999999999995,0.4622061252593994,0.8570493459701538,protocol_D/test_ood/PD_test_ood_0125_b33
PD_test_ood_0126_b33,D,test_ood,1,A,3,3,3423,14642,0.09999999999999995,0.4350053369998932,0.8543205857276917,protocol_D/test_ood/PD_test_ood_0126_b33
PD_test_ood_0127_b33,D,test_ood,1,A,3,3,3414,14551,0.1,0.4443185329437256,0.8555383086204529,protocol_D/test_ood/PD_test_ood_0127_b33
PD_test_ood_0128_b33,D,test_ood,1,A,3,3,3421,14602,0.1,0.4214887022972107,0.8544520735740662,protocol_D/test_ood/PD_test_ood_0128_b33
PD_test_ood_0129_b33,D,test_ood,1,A,3,3,3447,14755,0.09999999999999995,0.43108507990837097,0.8563662767410278,protocol_D/test_ood/PD_test_ood_0129_b33
PD_test_ood_0130_b33,D,test_ood,1,A,3,3,3438,14721,0.09999999999999995,0.4313746690750122,0.854779839515686,protocol_D/test_ood/PD_test_ood_0130_b33
PD_test_ood_0131_b33,D,test_ood,1,A,3,3,3446,14750,0.09999999999999995,0.43556132912635803,0.854728102684021,protocol_D/test_ood/PD_test_ood_0131_b33
PD_test_ood_0132_b33,D,test_ood,1,A,3,3,3419,14585,0.09999999999999995,0.43100884556770325,0.8560046553611755,protocol_D/test_ood/PD_test_ood_0132_b33
PD_test_ood_0133_b33,D,test_ood,1,A,3,3,3463,14814,0.1,0.4922158122062683,0.856249213218689,protocol_D/test_ood/PD_test_ood_0133_b33
PD_test_ood_0134_b33,D,test_ood,1,A,3,3,3455,14794,0.1,0.49370434880256653,0.8557384610176086,protocol_D/test_ood/PD_test_ood_0134_b33
PD_test_ood_0135_b33,D,test_ood,1,A,3,3,3416,14564,0.1,0.40325263142585754,0.8519200086593628,protocol_D/test_ood/PD_test_ood_0135_b33
PD_test_ood_0136_b33,D,test_ood,1,A,3,3,3424,14588,0.1,0.4083510935306549,0.8544888496398926,protocol_D/test_ood/PD_test_ood_0136_b33
PD_test_ood_0137_b33,D,test_ood,1,A,3,3,3454,14782,0.1,0.4041467607021332,0.8551196455955505,protocol_D/test_ood/PD_test_ood_0137_b33
PD_test_ood_0138_b33,D,test_ood,1,A,3,3,3459,14807,0.1,0.4072142541408539,0.8552330136299133,protocol_D/test_ood/PD_test_ood_0138_b33
PD_test_ood_0139_b33,D,test_ood,1,A,3,3,3444,14694,0.1,0.42602473497390747,0.855729341506958,protocol_D/test_ood/PD_test_ood_0139_b33
PD_test_ood_0140_b33,D,test_ood,1,A,3,3,3420,14599,0.1,0.4220808744430542,0.8534273505210876,protocol_D/test_ood/PD_test_ood_0140_b33
PD_test_ood_0141_b33,D,test_ood,1,A,3,3,3459,14839,0.09999999999999995,0.46261096000671387,0.8587521910667419,protocol_D/test_ood/PD_test_ood_0141_b33
PD_test_ood_0142_b33,D,test_ood,1,A,3,3,3451,14833,0.09999999999999995,0.3891764283180237,0.8547480702400208,protocol_D/test_ood/PD_test_ood_0142_b33
PD_test_ood_0143_b33,D,test_ood,1,A,3,3,3408,14500,0.1,0.4027547836303711,0.8561050891876221,protocol_D/test_ood/PD_test_ood_0143_b33
PD_test_ood_0144_b33,D,test_ood,1,A,3,3,3433,14650,0.1,0.41942572593688965,0.8556010127067566,protocol_D/test_ood/PD_test_ood_0144_b33
PD_test_ood_0145_b33,D,test_ood,1,A,3,3,3430,14600,0.1,0.49837392568588257,0.8556037545204163,protocol_D/test_ood/PD_test_ood_0145_b33
PD_test_ood_0146_b33,D,test_ood,1,A,3,3,3436,14678,0.1,0.4655713140964508,0.8535449504852295,protocol_D/test_ood/PD_test_ood_0146_b33
PD_test_ood_0147_b33,D,test_ood,1,A,3,3,3440,14768,0.09999999999999995,0.4322919547557831,0.8536765575408936,protocol_D/test_ood/PD_test_ood_0147_b33
PD_test_ood_0148_b33,D,test_ood,1,A,3,3,3429,14619,0.1,0.40572136640548706,0.8547398447990417,protocol_D/test_ood/PD_test_ood_0148_b33
PD_test_ood_0149_b33,D,test_ood,1,A,3,3,3427,14599,0.1,0.42080044746398926,0.8553870320320129,protocol_D/test_ood/PD_test_ood_0149_b33
PD_test_ood_0150_b33,D,test_ood,1,A,3,3,3423,14582,0.1,0.4543425738811493,0.85422682762146,protocol_D/test_ood/PD_test_ood_0150_b33
PD_test_ood_0151_b33,D,test_ood,1,A,3,3,3420,14610,0.09999999999999995,0.42943790555000305,0.8561602830886841,protocol_D/test_ood/PD_test_ood_0151_b33
PD_test_ood_0152_b33,D,test_ood,1,A,3,3,3445,14698,0.1,0.5151424407958984,0.8545490503311157,protocol_D/test_ood/PD_test_ood_0152_b33
PD_test_ood_0153_b33,D,test_ood,1,A,3,3,3457,14826,0.09999999999999995,0.4622194170951843,0.8562315106391907,protocol_D/test_ood/PD_test_ood_0153_b33
PD_test_ood_0154_b33,D,test_ood,1,A,3,3,3425,14597,0.09999999999999995,0.4499787986278534,0.8566604256629944,protocol_D/test_ood/PD_test_ood_0154_b33
PD_test_ood_0155_b33,D,test_ood,1,A,3,3,3414,14532,0.1,0.4619808495044708,0.8530153632164001,protocol_D/test_ood/PD_test_ood_0155_b33
PD_test_ood_0156_b33,D,test_ood,1,A,3,3,3452,14819,0.09999999999999995,0.459225594997406,0.8575243949890137,protocol_D/test_ood/PD_test_ood_0156_b33
PD_test_ood_0157_b33,D,test_ood,1,A,3,3,3439,14714,0.09999999999999995,0.48144811391830444,0.8537858128547668,protocol_D/test_ood/PD_test_ood_0157_b33
PD_test_ood_0158_b33,D,test_ood,1,A,3,3,3435,14651,0.1,0.46492356061935425,0.8530100584030151,protocol_D/test_ood/PD_test_ood_0158_b33
PD_test_ood_0159_b33,D,test_ood,1,A,3,3,3424,14633,0.09999999999999995,0.4309658706188202,0.8543556928634644,protocol_D/test_ood/PD_test_ood_0159_b33
PD_test_ood_0160_b33,D,test_ood,1,A,3,3,3437,14663,0.1,0.41251763701438904,0.8547205328941345,protocol_D/test_ood/PD_test_ood_0160_b33
PD_test_ood_0161_b33,D,test_ood,1,A,3,3,3387,14355,0.1,0.4952501654624939,0.8538768887519836,protocol_D/test_ood/PD_test_ood_0161_b33
PD_test_ood_0162_b33,D,test_ood,1,A,3,3,3467,14902,0.09999999999999995,0.43074437975883484,0.8565567135810852,protocol_D/test_ood/PD_test_ood_0162_b33
PD_test_ood_0163_b33,D,test_ood,1,A,3,3,3416,14600,0.09999999999999995,0.46049535274505615,0.8572898507118225,protocol_D/test_ood/PD_test_ood_0163_b33
PD_test_ood_0164_b33,D,test_ood,1,A,3,3,3436,14669,0.09999999999999995,0.43085822463035583,0.8565323948860168,protocol_D/test_ood/PD_test_ood_0164_b33
PD_test_ood_0165_b33,D,test_ood,1,A,3,3,3425,14639,0.1,0.39632490277290344,0.8555954694747925,protocol_D/test_ood/PD_test_ood_0165_b33
PD_test_ood_0166_b33,D,test_ood,1,A,3,3,3426,14596,0.1,0.4117504954338074,0.8550984263420105,protocol_D/test_ood/PD_test_ood_0166_b33
PD_test_ood_0167_b33,D,test_ood,1,A,3,3,3479,14920,0.1,0.4404982030391693,0.8535347580909729,protocol_D/test_ood/PD_test_ood_0167_b33
PD_test_ood_0168_b33,D,test_ood,1,A,3,3,3429,14656,0.09999999999999995,0.42707106471061707,0.8536857962608337,protocol_D/test_ood/PD_test_ood_0168_b33
PD_test_ood_0169_b33,D,test_ood,1,A,3,3,3398,14474,0.1,0.35632818937301636,0.8520976901054382,protocol_D/test_ood/PD_test_ood_0169_b33
PD_test_ood_0170_b33,D,test_ood,1,A,3,3,3449,14764,0.09999999999999995,0.4195689558982849,0.8568366169929504,protocol_D/test_ood/PD_test_ood_0170_b33
PD_test_ood_0171_b33,D,test_ood,1,A,3,3,3437,14674,0.1,0.4651767313480377,0.855978786945343,protocol_D/test_ood/PD_test_ood_0171_b33
PD_test_ood_0172_b33,D,test_ood,1,A,3,3,3441,14714,0.1,0.44374486804008484,0.854751706123352,protocol_D/test_ood/PD_test_ood_0172_b33
PD_test_ood_0173_b33,D,test_ood,1,A,3,3,3408,14485,0.1,0.4862631559371948,0.8556638360023499,protocol_D/test_ood/PD_test_ood_0173_b33
PD_test_ood_0174_b33,D,test_ood,1,A,3,3,3417,14524,0.1,0.40821531414985657,0.8536876440048218,protocol_D/test_ood/PD_test_ood_0174_b33
PD_test_ood_0175_b33,D,test_ood,1,A,3,3,3425,14628,0.09999999999999995,0.4288795590400696,0.8554062247276306,protocol_D/test_ood/PD_test_ood_0175_b33
PD_test_ood_0176_b33,D,test_ood,1,A,3,3,3418,14553,0.1,0.4787639379501343,0.8546372056007385,protocol_D/test_ood/PD_test_ood_0176_b33
PD_test_ood_0177_b33,D,test_ood,1,A,3,3,3416,14536,0.09999999999999995,0.42910024523735046,0.8554418683052063,protocol_D/test_ood/PD_test_ood_0177_b33
PD_test_ood_0178_b33,D,test_ood,1,A,3,3,3403,14479,0.1,0.4075644910335541,0.8536919355392456,protocol_D/test_ood/PD_test_ood_0178_b33
PD_test_ood_0179_b33,D,test_ood,1,A,3,3,3445,14773,0.09999999999999995,0.46208977699279785,0.8558767437934875,protocol_D/test_ood/PD_test_ood_0179_b33
PD_test_ood_0180_b33,D,test_ood,1,A,3,3,3445,14711,0.09999999999999995,0.4309709370136261,0.8562124967575073,protocol_D/test_ood/PD_test_ood_0180_b33
PD_test_ood_0181_b33,D,test_ood,1,A,3,3,3444,14741,0.09999999999999995,0.42885348200798035,0.8542394042015076,protocol_D/test_ood/PD_test_ood_0181_b33
PD_test_ood_0182_b33,D,test_ood,1,A,3,3,3439,14725,0.09999999999999995,0.4286356568336487,0.8558796048164368,protocol_D/test_ood/PD_test_ood_0182_b33
PD_test_ood_0183_b33,D,test_ood,1,A,3,3,3466,14897,0.09999999999999995,0.44162508845329285,0.8555394411087036,protocol_D/test_ood/PD_test_ood_0183_b33
PD_test_ood_0184_b33,D,test_ood,1,A,3,3,3448,14724,0.1,0.43829259276390076,0.8555541634559631,protocol_D/test_ood/PD_test_ood_0184_b33
PD_test_ood_0185_b33,D,test_ood,1,A,3,3,3425,14616,0.09999999999999995,0.4290236532688141,0.8557301163673401,protocol_D/test_ood/PD_test_ood_0185_b33
PD_test_ood_0186_b33,D,test_ood,1,A,3,3,3422,14628,0.09999999999999995,0.46255379915237427,0.8560014367103577,protocol_D/test_ood/PD_test_ood_0186_b33
PD_test_ood_0187_b33,D,test_ood,1,A,3,3,3428,14663,0.09999999999999995,0.40873441100120544,0.8550831079483032,protocol_D/test_ood/PD_test_ood_0187_b33
PD_test_ood_0188_b33,D,test_ood,1,A,3,3,3432,14676,0.09999999999999995,0.4205154776573181,0.8545314073562622,protocol_D/test_ood/PD_test_ood_0188_b33
PD_test_ood_0189_b33,D,test_ood,1,A,3,3,3417,14557,0.09999999999999995,0.4296077489852905,0.8564441204071045,protocol_D/test_ood/PD_test_ood_0189_b33
PD_test_ood_0190_b33,D,test_ood,1,A,3,3,3395,14464,0.09999999999999995,0.44397926330566406,0.8561872839927673,protocol_D/test_ood/PD_test_ood_0190_b33
PD_test_ood_0191_b33,D,test_ood,1,A,3,3,3444,14757,0.09999999999999995,0.41156646609306335,0.853455126285553,protocol_D/test_ood/PD_test_ood_0191_b33
PD_test_ood_0192_b33,D,test_ood,1,A,3,3,3428,14670,0.09999999999999995,0.40050870180130005,0.8555486798286438,protocol_D/test_ood/PD_test_ood_0192_b33
PD_test_ood_0193_b33,D,test_ood,1,A,3,3,3430,14619,0.1,0.45332473516464233,0.8554813861846924,protocol_D/test_ood/PD_test_ood_0193_b33
PD_test_ood_0194_b33,D,test_ood,1,A,3,3,3434,14623,0.1,0.4636113941669464,0.8555620908737183,protocol_D/test_ood/PD_test_ood_0194_b33
PD_test_ood_0195_b33,D,test_ood,1,A,3,3,3440,14717,0.1,0.41223734617233276,0.8533389568328857,protocol_D/test_ood/PD_test_ood_0195_b33
PD_test_ood_0196_b33,D,test_ood,1,A,3,3,3427,14637,0.1,0.3645460307598114,0.8521337509155273,protocol_D/test_ood/PD_test_ood_0196_b33
PD_test_ood_0197_b33,D,test_ood,1,A,3,3,3430,14656,0.1,0.47861248254776,0.8535872101783752,protocol_D/test_ood/PD_test_ood_0197_b33
PD_test_ood_0198_b33,D,test_ood,1,A,3,3,3447,14726,0.1,0.457641065120697,0.8541087508201599,protocol_D/test_ood/PD_test_ood_0198_b33
PD_test_ood_0199_b33,D,test_ood,1,A,3,3,3430,14621,0.09999999999999995,0.39897334575653076,0.8553683161735535,protocol_D/test_ood/PD_test_ood_0199_b33
PD_train_0000_b02,D,train,0,A,0,2,1975,8296,0.1452963405912568,0.517788290977478,0.8619980812072754,protocol_D/train/PD_train_0000_b02
PD_train_0001_b21,D,train,0,A,2,1,3004,12832,0.15555979381573323,0.5173301100730896,0.8581832051277161,protocol_D/train/PD_train_0001_b21
PD_train_0002_b22,D,train,0,A,2,2,3183,13450,0.10219377989761863,0.49647870659828186,0.8572959899902344,protocol_D/train/PD_train_0002_b22
PD_train_0003_b11,D,train,0,A,1,1,2552,10982,0.10316825207472681,0.4036276042461395,0.8624637722969055,protocol_D/train/PD_train_0003_b11
PD_train_0004_b00,D,train,0,A,0,0,1610,6503,1.0,0.5418422222137451,0.8633638620376587,protocol_D/train/PD_train_0004_b00
PD_train_0005_b12,D,train,0,A,1,2,2709,11721,0.1291089842644499,0.4601801037788391,0.8633281588554382,protocol_D/train/PD_train_0005_b12
PD_train_0006_b01,D,train,0,A,0,1,1899,8085,0.27852869919891865,0.5478531718254089,0.8661680817604065,protocol_D/train/PD_train_0006_b01
PD_train_0007_b20,D,train,0,A,2,0,2699,11349,0.17376928380506396,0.44626718759536743,0.8571065664291382,protocol_D/train/PD_train_0007_b20
PD_train_0008_b10,D,train,0,A,1,0,2165,8956,0.24456025081648317,0.5089309215545654,0.8558067083358765,protocol_D/train/PD_train_0008_b10
PD_train_0009_b02,D,train,0,A,0,2,2169,9428,0.13817667173534748,0.5643755793571472,0.8661953210830688,protocol_D/train/PD_train_0009_b02
PD_train_0010_b21,D,train,0,A,2,1,3066,13035,0.14124055220781245,0.4664246439933777,0.8582596182823181,protocol_D/train/PD_train_0010_b21
PD_train_0011_b22,D,train,0,A,2,2,3150,13579,0.10613607897570362,0.44293615221977234,0.8577344417572021,protocol_D/train/PD_train_0011_b22
PD_train_0012_b11,D,train,0,A,1,1,2499,10626,0.11989403903586582,0.5334867238998413,0.862023115158081,protocol_D/train/PD_train_0012_b11
PD_train_0013_b00,D,train,0,A,0,0,1610,6503,1.0,0.5418422222137451,0.8633638620376587,protocol_D/train/PD_train_0013_b00
PD_train_0014_b12,D,train,0,A,1,2,2879,12507,0.11708989123606581,0.4702392518520355,0.8629664778709412,protocol_D/train/PD_train_0014_b12
PD_train_0015_b01,D,train,0,A,0,1,1899,8017,0.2817988000516872,0.5375583171844482,0.8652526140213013,protocol_D/train/PD_train_0015_b01
PD_train_0016_b20,D,train,0,A,2,0,2885,12270,0.171613181375778,0.41848719120025635,0.8602073192596436,protocol_D/train/PD_train_0016_b20
PD_train_0017_b10,D,train,0,A,1,0,2260,9396,0.19939341473565028,0.5492548942565918,0.8617882132530212,protocol_D/train/PD_train_0017_b10
PD_train_0018_b02,D,train,0,A,0,2,2160,9368,0.14170464493679732,0.529946506023407,0.8641151785850525,protocol_D/train/PD_train_0018_b02
PD_train_0019_b21,D,train,0,A,2,1,2900,12315,0.1073718710701522,0.4634295701980591,0.8603710532188416,protocol_D/train/PD_train_0019_b21
PD_train_0020_b22,D,train,0,A,2,2,3153,13463,0.1202602616641067,0.4920187294483185,0.85764080286026,protocol_D/train/PD_train_0020_b22
PD_train_0021_b11,D,train,0,A,1,1,2672,11404,0.12829529418810218,0.47932446002960205,0.8628517389297485,protocol_D/train/PD_train_0021_b11
PD_train_0022_b00,D,train,0,A,0,0,1610,6503,1.0,0.5418422222137451,0.8633638620376587,protocol_D/train/PD_train_0022_b00
PD_train_0023_b12,D,train,0,A,1,2,2712,11765,0.10786930826424934,0.5382327437400818,0.8616335988044739,protocol_D/train/PD_train_0023_b12
PD_train_0024_b01,D,train,0,A,0,1,1896,7928,0.1333452059729248,0.506193995475769,0.8587092161178589,protocol_D/train/PD_train_0024_b01
PD_train_0025_b20,D,train,0,A,2,0,2767,11607,0.20317862918807894,0.5337072014808655,0.855851411819458,protocol_D/train/PD_train_0025_b20
PD_train_0026_b10,D,train,0,A,1,0,2142,8806,0.16261354004520517,0.49669715762138367,0.8596476316452026,protocol_D/train/PD_train_0026_b10
PD_train_0027_b02,D,train,0,A,0,2,2112,9021,0.11275095864339227,0.549568772315979,0.8629874587059021,protocol_D/train/PD_train_0027_b02
PD_train_0028_b21,D,train,0,A,2,1,3092,13309,0.13017182784810438,0.4306620657444,0.8615335822105408,protocol_D/train/PD_train_0028_b21
PD_train_0029_b22,D,train,0,A,2,2,2977,12675,0.12379911024620768,0.5097605586051941,0.856342613697052,protocol_D/train/PD_train_0029_b22
PD_train_0030_b11,D,train,0,A,1,1,2350,9847,0.13462285067319424,0.5543472170829773,0.8591167330741882,protocol_D/train/PD_train_0030_b11
PD_train_0031_b00,D,train,0,A,0,0,1610,6503,1.0,0.5418422222137451,0.8633638620376587,protocol_D/train/PD_train_0031_b00
PD_train_0032_b12,D,train,0,A,1,2,2680,11502,0.1447215404936777,0.4605555236339569,0.86001056432724,protocol_D/train/PD_train_0032_b12
PD_train_0033_b01,D,train,0,A,0,1,1824,7631,0.18590416472043103,0.5693027973175049,0.8626741170883179,protocol_D/train/PD_train_0033_b01
PD_train_0034_b20,D,train,0,A,2,0,2516,10291,0.13080437307068976,0.4805433452129364,0.8543476462364197,protocol_D/train/PD_train_0034_b20
PD_train_0035_b10,D,train,0,A,1,0,2194,9146,0.2446522131309838,0.47503334283828735,0.8566943407058716,protocol_D/train/PD_train_0035_b10
PD_train_0036_b02,D,train,0,A,0,2,2271,9918,0.11997899871357676,0.5576138496398926,0.8640902042388916,protocol_D/train/PD_train_0036_b02
PD_train_0037_b21,D,train,0,A,2,1,2915,12394,0.1386461320301589,0.4734417796134949,0.8609261512756348,protocol_D/train/PD_train_0037_b21
PD_train_0038_b22,D,train,0,A,2,2,2940,12321,0.10196588880541155,0.5065389275550842,0.8541902303695679,protocol_D/train/PD_train_0038_b22
PD_train_0039_b11,D,train,0,A,1,1,2547,10684,0.13344360970358238,0.5009852051734924,0.8603947162628174,protocol_D/train/PD_train_0039_b11
PD_train_0040_b00,D,train,0,A,0,0,1610,6503,1.0,0.5418422222137451,0.8633638620376587,protocol_D/train/PD_train_0040_b00
PD_train_0041_b12,D,train,0,A,1,2,2691,11528,0.11279633274600614,0.5258369445800781,0.8610625267028809,protocol_D/train/PD_train_0041_b12
PD_train_0042_b01,D,train,0,A,0,1,1907,8061,0.16140415816340026,0.5549788475036621,0.8658691048622131,protocol_D/train/PD_train_0042_b01
PD_train_0043_b20,D,train,0,A,2,0,2797,11841,0.14388236456688724,0.45601165294647217,0.8595441579818726,protocol_D/train/PD_train_0043_b20
PD_train_0044_b10,D,train,0,A,1,0,2281,9478,0.14084330759463415,0.45020851492881775,0.8609468340873718,protocol_D/train/PD_train_0044_b10
PD_train_0045_b02,D,train,0,A,0,2,2173,9358,0.113533553012138,0.5478828549385071,0.8646570444107056,protocol_D/train/PD_train_0045_b02
PD_train_0046_b21,D,train,0,A,2,1,2966,12645,0.10972810200039704,0.4475744962692261,0.8567072153091431,protocol_D/train/PD_train_0046_b21
PD_train_0047_b22,D,train,0,A,2,2,3160,13417,0.10358871076750029,0.4885135591030121,0.8556984663009644,protocol_D/train/PD_train_0047_b22
PD_train_0048_b11,D,train,0,A,1,1,2610,11172,0.17672950398534515,0.525830864906311,0.8633174300193787,protocol_D/train/PD_train_0048_b11
PD_train_0049_b00,D,train,0,A,0,0,1610,6503,1.0,0.5418422222137451,0.8633638620376587,protocol_D/train/PD_train_0049_b00
PD_train_0050_b12,D,train,0,A,1,2,2759,11904,0.11671515938521854,0.5066553354263306,0.8590437173843384,protocol_D/train/PD_train_0050_b12
PD_train_0051_b01,D,train,0,A,0,1,1893,8038,0.19691960108226553,0.5208116173744202,0.8674335479736328,protocol_D/train/PD_train_0051_b01
PD_train_0052_b20,D,train,0,A,2,0,2574,10548,0.128946671721714,0.48475217819213867,0.8546016216278076,protocol_D/train/PD_train_0052_b20
PD_train_0053_b10,D,train,0,A,1,0,2174,9044,0.24616062460904992,0.5713709592819214,0.8605951070785522,protocol_D/train/PD_train_0053_b10
PD_train_0054_b02,D,train,0,A,0,2,2166,9380,0.16267761683010085,0.5519301891326904,0.8674795031547546,protocol_D/train/PD_train_0054_b02
PD_train_0055_b21,D,train,0,A,2,1,3022,12845,0.11426065289474929,0.4638606905937195,0.8615427017211914,protocol_D/train/PD_train_0055_b21
PD_train_0056_b22,D,train,0,A,2,2,3111,13280,0.11460359698426287,0.49893906712532043,0.8568707704544067,protocol_D/train/PD_train_0056_b22
PD_train_0057_b11,D,train,0,A,1,1,2527,10879,0.1434538580085627,0.44565433263778687,0.8654804229736328,protocol_D/train/PD_train_0057_b11
PD_train_0058_b00,D,train,0,A,0,0,1610,6503,1.0,0.5418422222137451,0.8633638620376587,protocol_D/train/PD_train_0058_b00
PD_train_0059_b12,D,train,0,A,1,2,2555,10993,0.12302688628415409,0.539293646812439,0.8610022664070129,protocol_D/train/PD_train_0059_b12
PD_train_0060_b01,D,train,0,A,0,1,1884,7915,0.17009805268678774,0.5668902397155762,0.864189624786377,protocol_D/train/PD_train_0060_b01
PD_train_0061_b20,D,train,0,A,2,0,2647,10981,0.1154834517901679,0.44211506843566895,0.853334367275238,protocol_D/train/PD_train_0061_b20
PD_train_0062_b10,D,train,0,A,1,0,2338,9819,0.12366781045587909,0.3396623134613037,0.8605971932411194,protocol_D/train/PD_train_0062_b10
PD_train_0063_b02,D,train,0,A,0,2,2223,9707,0.1438446082210148,0.49526694416999817,0.8667619228363037,protocol_D/train/PD_train_0063_b02
PD_train_0064_b21,D,train,0,A,2,1,2982,12737,0.1804007036339068,0.46089914441108704,0.8588188886642456,protocol_D/train/PD_train_0064_b21
PD_train_0065_b22,D,train,0,A,2,2,3065,13173,0.12362054670797355,0.4672757089138031,0.8601067066192627,protocol_D/train/PD_train_0065_b22
PD_train_0066_b11,D,train,0,A,1,1,2438,10349,0.16858972752764062,0.5417003035545349,0.859387993812561,protocol_D/train/PD_train_0066_b11
PD_train_0067_b00,D,train,0,A,0,0,1610,6503,1.0,0.5418422222137451,0.8633638620376587,protocol_D/train/PD_train_0067_b00
PD_train_0068_b12,D,train,0,A,1,2,2667,11497,0.15164347614299267,0.4126395285129547,0.8595197200775146,protocol_D/train/PD_train_0068_b12
PD_train_0069_b01,D,train,0,A,0,1,1940,8137,0.13998115705800152,0.5245121717453003,0.8643020987510681,protocol_D/train/PD_train_0069_b01
PD_train_0070_b20,D,train,0,A,2,0,2787,11732,0.1213129534255305,0.46147674322128296,0.8563229441642761,protocol_D/train/PD_train_0070_b20
PD_train_0071_b10,D,train,0,A,1,0,2154,8851,0.19660811763095132,0.39588463306427,0.8591263890266418,protocol_D/train/PD_train_0071_b10
PD_train_0072_b02,D,train,0,A,0,2,2190,9529,0.1394840098592905,0.5624576210975647,0.8673297762870789,protocol_D/train/PD_train_0072_b02
PD_train_0073_b21,D,train,0,A,2,1,2910,12345,0.14900645845574062,0.4656842350959778,0.8594651818275452,protocol_D/train/PD_train_0073_b21
PD_train_0074_b22,D,train,0,A,2,2,3021,12907,0.1131779066947361,0.4436943233013153,0.8559351563453674,protocol_D/train/PD_train_0074_b22
PD_train_0075_b11,D,train,0,A,1,1,2548,10959,0.14606097648060323,0.4568083882331848,0.8626949787139893,protocol_D/train/PD_train_0075_b11
PD_train_0076_b00,D,train,0,A,0,0,1610,6503,1.0,0.5418422222137451,0.8633638620376587,protocol_D/train/PD_train_0076_b00
PD_train_0077_b12,D,train,0,A,1,2,2695,11642,0.10202443290786456,0.5035861134529114,0.8636186122894287,protocol_D/train/PD_train_0077_b12
PD_train_0078_b01,D,train,0,A,0,1,1819,7623,0.2402463696975653,0.5001983046531677,0.8665440678596497,protocol_D/train/PD_train_0078_b01
PD_train_0079_b20,D,train,0,A,2,0,2730,11404,0.12879822631269555,0.4638075828552246,0.8585953712463379,protocol_D/train/PD_train_0079_b20
PD_train_0080_b10,D,train,0,A,1,0,2266,9486,0.2751900635249643,0.5420452952384949,0.86074298620224,protocol_D/train/PD_train_0080_b10
PD_train_0081_b02,D,train,0,A,0,2,2155,9315,0.20862333290914412,0.5534305572509766,0.864724338054657,protocol_D/train/PD_train_0081_b02
PD_train_0082_b21,D,train,0,A,2,1,2866,12274,0.17791265080986343,0.47988006472587585,0.8629932403564453,protocol_D/train/PD_train_0082_b21
PD_train_0083_b22,D,train,0,A,2,2,3125,13355,0.12327655854315345,0.43348318338394165,0.858977198600769,protocol_D/train/PD_train_0083_b22
PD_train_0084_b11,D,train,0,A,1,1,2479,10517,0.10430088851318413,0.4105773866176605,0.8610148429870605,protocol_D/train/PD_train_0084_b11
PD_train_0085_b00,D,train,0,A,0,0,1610,6503,1.0,0.5418422222137451,0.8633638620376587,protocol_D/train/PD_train_0085_b00
PD_train_0086_b12,D,train,0,A,1,2,2579,11087,0.11250363069063218,0.5440159440040588,0.8614051938056946,protocol_D/train/PD_train_0086_b12
PD_train_0087_b01,D,train,0,A,0,1,1935,8174,0.17104361620378655,0.5713875889778137,0.8647854924201965,protocol_D/train/PD_train_0087_b01
PD_train_0088_b20,D,train,0,A,2,0,2578,10697,0.1050173553271306,0.437294065952301,0.8558183908462524,protocol_D/train/PD_train_0088_b20
PD_train_0089_b10,D,train,0,A,1,0,2338,9790,0.10786213630988573,0.49947765469551086,0.8602142333984375,protocol_D/train/PD_train_0089_b10
PD_train_0090_b02,D,train,0,A,0,2,2055,8696,0.11488244884530496,0.48661500215530396,0.8608354926109314,protocol_D/train/PD_train_0090_b02
PD_train_0091_b21,D,train,0,A,2,1,2986,12658,0.13033161074174798,0.5124414563179016,0.8605850338935852,protocol_D/train/PD_train_0091_b21
PD_train_0092_b22,D,train,0,A,2,2,3048,13090,0.10059068701691773,0.3809225261211395,0.8566247820854187,protocol_D/train/PD_train_0092_b22
PD_train_0093_b11,D,train,0,A,1,1,2469,10595,0.16988061164602308,0.4527464210987091,0.8641663789749146,protocol_D/train/PD_train_0093_b11
PD_train_0094_b00,D,train,0,A,0,0,1610,6503,1.0,0.5418422222137451,0.8633638620376587,protocol_D/train/PD_train_0094_b00
PD_train_0095_b12,D,train,0,A,1,2,2636,11143,0.12263060313816262,0.4891586899757385,0.8569878935813904,protocol_D/train/PD_train_0095_b12
PD_train_0096_b01,D,train,0,A,0,1,1932,8137,0.16727765770796543,0.573263943195343,0.8636523485183716,protocol_D/train/PD_train_0096_b01
PD_train_0097_b20,D,train,0,A,2,0,2737,11395,0.10187559456094505,0.45786479115486145,0.8570647835731506,protocol_D/train/PD_train_0097_b20
PD_train_0098_b10,D,train,0,A,1,0,2152,8935,0.2583608114629895,0.4876582622528076,0.8570528030395508,protocol_D/train/PD_train_0098_b10
PD_train_0099_b02,D,train,0,A,0,2,2228,9736,0.12386079748625864,0.5512446165084839,0.8652185201644897,protocol_D/train/PD_train_0099_b02
PD_train_0100_b21,D,train,0,A,2,1,3006,12799,0.11355296884127274,0.4373456537723541,0.8591143488883972,protocol_D/train/PD_train_0100_b21
PD_train_0101_b22,D,train,0,A,2,2,2988,12784,0.14893340966056962,0.4624073803424835,0.8566327095031738,protocol_D/train/PD_train_0101_b22
PD_train_0102_b11,D,train,0,A,1,1,2420,10271,0.15269357190443827,0.458732932806015,0.8635203838348389,protocol_D/train/PD_train_0102_b11
PD_train_0103_b00,D,train,0,A,0,0,1610,6503,1.0,0.5418422222137451,0.8633638620376587,protocol_D/train/PD_train_0103_b00
PD_train_0104_b12,D,train,0,A,1,2,2634,11346,0.10213905780077556,0.4199725389480591,0.8558040857315063,protocol_D/train/PD_train_0104_b12
PD_train_0105_b01,D,train,0,A,0,1,1946,8319,0.2366758582874416,0.5076250433921814,0.8631202578544617,protocol_D/train/PD_train_0105_b01
PD_train_0106_b20,D,train,0,A,2,0,2964,12676,0.10607657470386171,0.47301745414733887,0.8617210388183594,protocol_D/train/PD_train_0106_b20
PD_train_0107_b10,D,train,0,A,1,0,2223,9237,0.2537234496511347,0.5679948925971985,0.861228346824646,protocol_D/train/PD_train_0107_b10
PD_train_0108_b02,D,train,0,A,0,2,2102,9017,0.12027977970590459,0.555755615234375,0.8639493584632874,protocol_D/train/PD_train_0108_b02
PD_train_0109_b21,D,train,0,A,2,1,3068,13134,0.11532324422302806,0.4250560998916626,0.8561251163482666,protocol_D/train/PD_train_0109_b21
PD_train_0110_b22,D,train,0,A,2,2,3134,13408,0.11688173892967987,0.4706767797470093,0.8578999042510986,protocol_D/train/PD_train_0110_b22
PD_train_0111_b11,D,train,0,A,1,1,2495,10700,0.11988559090982134,0.4333784282207489,0.8622445464134216,protocol_D/train/PD_train_0111_b11
PD_train_0112_b00,D,train,0,A,0,0,1610,6503,1.0,0.5418422222137451,0.8633638620376587,protocol_D/train/PD_train_0112_b00
PD_train_0113_b12,D,train,0,A,1,2,2792,12070,0.11193929549509152,0.4518176019191742,0.8615139126777649,protocol_D/train/PD_train_0113_b12
PD_train_0114_b01,D,train,0,A,0,1,1950,8274,0.12168918459545869,0.5366496443748474,0.8637928366661072,protocol_D/train/PD_train_0114_b01
PD_train_0115_b20,D,train,0,A,2,0,2861,12147,0.13294300242470242,0.45945829153060913,0.8584481477737427,protocol_D/train/PD_train_0115_b20
PD_train_0116_b10,D,train,0,A,1,0,2369,9870,0.10067014861455845,0.46686458587646484,0.859618604183197,protocol_D/train/PD_train_0116_b10
PD_train_0117_b02,D,train,0,A,0,2,2209,9607,0.13428436999217908,0.538515031337738,0.8667174577713013,protocol_D/train/PD_train_0117_b02
PD_train_0118_b21,D,train,0,A,2,1,3104,13301,0.10554532182613278,0.43969959020614624,0.8604393005371094,protocol_D/train/PD_train_0118_b21
PD_train_0119_b22,D,train,0,A,2,2,3041,12998,0.12404102774209334,0.5103855133056641,0.858177125453949,protocol_D/train/PD_train_0119_b22
PD_train_0120_b11,D,train,0,A,1,1,2507,10623,0.17979726730672704,0.4667622745037079,0.8598091006278992,protocol_D/train/PD_train_0120_b11
PD_train_0121_b00,D,train,0,A,0,0,1610,6503,1.0,0.5418422222137451,0.8633638620376587,protocol_D/train/PD_train_0121_b00
PD_train_0122_b12,D,train,0,A,1,2,2777,11971,0.1380820782402717,0.5144362449645996,0.8613008856773376,protocol_D/train/PD_train_0122_b12
PD_train_0123_b01,D,train,0,A,0,1,1863,7823,0.1330428985811581,0.5542591214179993,0.8652970194816589,protocol_D/train/PD_train_0123_b01
PD_train_0124_b20,D,train,0,A,2,0,2950,12605,0.10769321168434812,0.45388782024383545,0.8588016033172607,protocol_D/train/PD_train_0124_b20
PD_train_0125_b10,D,train,0,A,1,0,2299,9629,0.18947614055263293,0.4570695757865906,0.8601894974708557,protocol_D/train/PD_train_0125_b10
PD_train_0126_b02,D,train,0,A,0,2,2115,9081,0.17606704071310122,0.5669592618942261,0.8672613501548767,protocol_D/train/PD_train_0126_b02
PD_train_0127_b21,D,train,0,A,2,1,2842,12223,0.21512788824337237,0.4513533115386963,0.8562400341033936,protocol_D/train/PD_train_0127_b21
PD_train_0128_b22,D,train,0,A,2,2,3169,13562,0.11072093668258631,0.43122416734695435,0.8600603938102722,protocol_D/train/PD_train_0128_b22
PD_train_0129_b11,D,train,0,A,1,1,2517,10705,0.11340807036327732,0.47522348165512085,0.8630293607711792,protocol_D/train/PD_train_0129_b11
PD_train_0130_b00,D,train,0,A,0,0,1610,6503,1.0,0.5418422222137451,0.8633638620376587,protocol_D/train/PD_train_0130_b00
PD_train_0131_b12,D,train,0,A,1,2,2685,11665,0.11352650082425386,0.47028759121894836,0.8615437150001526,protocol_D/train/PD_train_0131_b12
PD_train_0132_b01,D,train,0,A,0,1,1939,8242,0.29034531213270537,0.5563532114028931,0.8685891032218933,protocol_D/train/PD_train_0132_b01
PD_train_0133_b20,D,train,0,A,2,0,2738,11400,0.10869697333737038,0.48512864112854004,0.8562241196632385,protocol_D/train/PD_train_0133_b20
PD_train_0134_b10,D,train,0,A,1,0,2254,9410,0.24927953507574602,0.5708187222480774,0.8629226088523865,protocol_D/train/PD_train_0134_b10
PD_train_0135_b02,D,train,0,A,0,2,2200,9712,0.19984554789151446,0.5344069600105286,0.8660058379173279,protocol_D/train/PD_train_0135_b02
PD_train_0136_b21,D,train,0,A,2,1,2867,12121,0.11545907363412342,0.4304942786693573,0.8564743995666504,protocol_D/train/PD_train_0136_b21
PD_train_0137_b22,D,train,0,A,2,2,3057,13083,0.1305668274085962,0.4725898206233978,0.8605400919914246,protocol_D/train/PD_train_0137_b22
PD_train_0138_b11,D,train,0,A,1,1,2463,10579,0.2544174537183037,0.536378800868988,0.8589481711387634,protocol_D/train/PD_train_0138_b11
PD_train_0139_b00,D,train,0,A,0,0,1610,6503,1.0,0.5418422222137451,0.8633638620376587,protocol_D/train/PD_train_0139_b00
PD_train_0140_b12,D,train,0,A,1,2,2751,11882,0.11998387936157023,0.39807015657424927,0.8604691624641418,protocol_D/train/PD_train_0140_b12
PD_train_0141_b01,D,train,0,A,0,1,1894,7974,0.1556903953841526,0.5076671838760376,0.8641564249992371,protocol_D/train/PD_train_0141_b01
PD_train_0142_b20,D,train,0,A,2,0,2605,10804,0.12600519675437058,0.4533154368400574,0.8550789952278137,protocol_D/train/PD_train_0142_b20
PD_train_0143_b10,D,train,0,A,1,0,2312,9704,0.13720666619832161,0.519298791885376,0.8618683218955994,protocol_D/train/PD_train_0143_b10
PD_train_0144_b02,D,train,0,A,0,2,2182,9462,0.10981734437612942,0.563153862953186,0.8653451204299927,protocol_D/train/PD_train_0144_b02
PD_train_0145_b21,D,train,0,A,2,1,2931,12488,0.15306147297324435,0.44597288966178894,0.858528733253479,protocol_D/train/PD_train_0145_b21
PD_train_0146_b22,D,train,0,A,2,2,2999,12701,0.10355885207736772,0.4267658591270447,0.8531841039657593,protocol_D/train/PD_train_0146_b22
PD_train_0147_b11,D,train,0,A,1,1,2419,10341,0.12178058313887302,0.407510906457901,0.8605590462684631,protocol_D/train/PD_train_0147_b11
PD_train_0148_b00,D,train,0,A,0,0,1610,6503,1.0,0.5418422222137451,0.8633638620376587,protocol_D/train/PD_train_0148_b00
PD_train_0149_b12,D,train,0,A,1,2,2671,11452,0.10971569022891509,0.5418040156364441,0.8612028360366821,protocol_D/train/PD_train_0149_b12
PD_train_0150_b01,D,train,0,A,0,1,1846,7766,0.31487000191150605,0.5498026013374329,0.8695080876350403,protocol_D/train/PD_train_0150_b01
PD_train_0151_b20,D,train,0,A,2,0,2806,11866,0.1606387224025227,0.43770888447761536,0.8599481582641602,protocol_D/train/PD_train_0151_b20
PD_train_0152_b10,D,train,0,A,1,0,2213,9134,0.12231706322513661,0.4108409583568573,0.8600873947143555,protocol_D/train/PD_train_0152_b10
PD_train_0153_b02,D,train,0,A,0,2,2144,9267,0.15618622411311273,0.5482954382896423,0.8637010455131531,protocol_D/train/PD_train_0153_b02
PD_train_0154_b21,D,train,0,A,2,1,3030,12818,0.12805728213759238,0.44471678137779236,0.85945725440979,protocol_D/train/PD_train_0154_b21
PD_train_0155_b22,D,train,0,A,2,2,3136,13562,0.12075958292759295,0.4031602144241333,0.8570005893707275,protocol_D/train/PD_train_0155_b22
PD_train_0156_b11,D,train,0,A,1,1,2476,10500,0.1648005692308351,0.3987598419189453,0.8618929386138916,protocol_D/train/PD_train_0156_b11
PD_train_0157_b00,D,train,0,A,0,0,1610,6503,1.0,0.5418422222137451,0.8633638620376587,protocol_D/train/PD_train_0157_b00
PD_train_0158_b12,D,train,0,A,1,2,2586,11187,0.14652456989241164,0.46500062942504883,0.8634326457977295,protocol_D/train/PD_train_0158_b12
PD_train_0159_b01,D,train,0,A,0,1,1959,8370,0.2702908400376963,0.5562490820884705,0.867914080619812,protocol_D/train/PD_train_0159_b01
PD_train_0160_b20,D,train,0,A,2,0,2777,11594,0.186855550241695,0.4113103151321411,0.8538613319396973,protocol_D/train/PD_train_0160_b20
PD_train_0161_b10,D,train,0,A,1,0,2334,9846,0.33741402667592046,0.5407071709632874,0.8626513481140137,protocol_D/train/PD_train_0161_b10
PD_train_0162_b02,D,train,0,A,0,2,2154,9318,0.14988947917851358,0.5718456506729126,0.8657329678535461,protocol_D/train/PD_train_0162_b02
PD_train_0163_b21,D,train,0,A,2,1,3022,12922,0.10894829968872193,0.4466511607170105,0.8566561341285706,protocol_D/train/PD_train_0163_b21
PD_train_0164_b22,D,train,0,A,2,2,2998,12753,0.10352145900593157,0.4632939100265503,0.8561842441558838,protocol_D/train/PD_train_0164_b22
PD_train_0165_b11,D,train,0,A,1,1,2528,10898,0.26202340106351096,0.5784474015235901,0.8640214204788208,protocol_D/train/PD_train_0165_b11
PD_train_0166_b00,D,train,0,A,0,0,1610,6503,1.0,0.5418422222137451,0.8633638620376587,protocol_D/train/PD_train_0166_b00
PD_train_0167_b12,D,train,0,A,1,2,2599,11041,0.12424267620621382,0.4207437336444855,0.8603992462158203,protocol_D/train/PD_train_0167_b12
PD_train_0168_b01,D,train,0,A,0,1,1950,8289,0.13112234205958176,0.508547306060791,0.8669895529747009,protocol_D/train/PD_train_0168_b01
PD_train_0169_b20,D,train,0,A,2,0,2835,11871,0.10441886655496772,0.40752312541007996,0.8547616004943848,protocol_D/train/PD_train_0169_b20
PD_train_0170_b10,D,train,0,A,1,0,2227,9379,0.18220882470333838,0.5435225367546082,0.862005352973938,protocol_D/train/PD_train_0170_b10
PD_train_0171_b02,D,train,0,A,0,2,2029,8602,0.11642516863111926,0.5329661965370178,0.8635361194610596,protocol_D/train/PD_train_0171_b02
PD_train_0172_b21,D,train,0,A,2,1,3009,12839,0.10907987494498825,0.4493686258792877,0.862093985080719,protocol_D/train/PD_train_0172_b21
PD_train_0173_b22,D,train,0,A,2,2,3086,13218,0.15081014434410925,0.5304151177406311,0.8565881848335266,protocol_D/train/PD_train_0173_b22
PD_train_0174_b11,D,train,0,A,1,1,2384,10089,0.1701179992009752,0.4940509796142578,0.8621479868888855,protocol_D/train/PD_train_0174_b11
PD_train_0175_b00,D,train,0,A,0,0,1610,6503,1.0,0.5418422222137451,0.8633638620376587,protocol_D/train/PD_train_0175_b00
PD_train_0176_b12,D,train,0,A,1,2,2624,11391,0.14693485067099382,0.539679765701294,0.863288938999176,protocol_D/train/PD_train_0176_b12
PD_train_0177_b01,D,train,0,A,0,1,1828,7647,0.17091230802460836,0.5663927793502808,0.8637502193450928,protocol_D/train/PD_train_0177_b01
PD_train_0178_b20,D,train,0,A,2,0,2560,10654,0.1436826747038048,0.48337581753730774,0.8590294122695923,protocol_D/train/PD_train_0178_b20
PD_train_0179_b10,D,train,0,A,1,0,2211,9167,0.1485896943649959,0.48848554491996765,0.8602561950683594,protocol_D/train/PD_train_0179_b10
PD_train_0180_b02,D,train,0,A,0,2,2167,9229,0.10192975297130177,0.47729024291038513,0.8617712259292603,protocol_D/train/PD_train_0180_b02
PD_train_0181_b21,D,train,0,A,2,1,3015,12875,0.10132599533529048,0.47913214564323425,0.8587590456008911,protocol_D/train/PD_train_0181_b21
PD_train_0182_b22,D,train,0,A,2,2,3024,12920,0.11942740506315896,0.49290281534194946,0.8552488684654236,protocol_D/train/PD_train_0182_b22
PD_train_0183_b11,D,train,0,A,1,1,2546,11057,0.1494244577749143,0.4627671241760254,0.8652738332748413,protocol_D/train/PD_train_0183_b11
PD_train_0184_b00,D,train,0,A,0,0,1610,6503,1.0,0.5418422222137451,0.8633638620376587,protocol_D/train/PD_train_0184_b00
PD_train_0185_b12,D,train,0,A,1,2,2551,10936,0.1344511603333002,0.36983221769332886,0.8616213798522949,protocol_D/train/PD_train_0185_b12
PD_train_0186_b01,D,train,0,A,0,1,1986,8505,0.3329962332882299,0.5357102751731873,0.8689762353897095,protocol_D/train/PD_train_0186_b01
PD_train_0187_b20,D,train,0,A,2,0,2714,11325,0.15846227007246544,0.5188981890678406,0.8573328852653503,protocol_D/train/PD_train_0187_b20
PD_train_0188_b10,D,train,0,A,1,0,2196,9253,0.3505794796523937,0.5432265996932983,0.8598231077194214,protocol_D/train/PD_train_0188_b10
PD_train_0189_b02,D,train,0,A,0,2,2166,9384,0.14833053167318697,0.5018060803413391,0.8641183376312256,protocol_D/train/PD_train_0189_b02
PD_train_0190_b21,D,train,0,A,2,1,2974,12753,0.11002606993627764,0.4485943019390106,0.8578585982322693,protocol_D/train/PD_train_0190_b21
PD_train_0191_b22,D,train,0,A,2,2,3034,12895,0.11180658571052399,0.4439457654953003,0.8544513583183289,protocol_D/train/PD_train_0191_b22
PD_train_0192_b11,D,train,0,A,1,1,2407,10294,0.12255109692509447,0.4821752905845642,0.8615037202835083,protocol_D/train/PD_train_0192_b11
PD_train_0193_b00,D,train,0,A,0,0,1610,6503,1.0,0.5418422222137451,0.8633638620376587,protocol_D/train/PD_train_0193_b00
PD_train_0194_b12,D,train,0,A,1,2,2726,11770,0.10821015155324692,0.4159562885761261,0.860754132270813,protocol_D/train/PD_train_0194_b12
PD_train_0195_b01,D,train,0,A,0,1,1795,7463,0.10941396499559694,0.5622937679290771,0.8617784976959229,protocol_D/train/PD_train_0195_b01
PD_train_0196_b20,D,train,0,A,2,0,2752,11422,0.15571253696274664,0.5052446722984314,0.8579707741737366,protocol_D/train/PD_train_0196_b20
PD_train_0197_b10,D,train,0,A,1,0,2322,9784,0.1424656893028654,0.4288119077682495,0.8622509837150574,protocol_D/train/PD_train_0197_b10
PD_train_0198_b02,D,train,0,A,0,2,2170,9436,0.143136518739967,0.5124992728233337,0.8683567643165588,protocol_D/train/PD_train_0198_b02
PD_train_0199_b21,D,train,0,A,2,1,2935,12450,0.15492670590508606,0.5462893843650818,0.8594872951507568,protocol_D/train/PD_train_0199_b21
PD_train_0200_b22,D,train,0,A,2,2,3090,13128,0.12083353162741778,0.537684440612793,0.8582307696342468,protocol_D/train/PD_train_0200_b22
PD_train_0201_b11,D,train,0,A,1,1,2508,10777,0.217491453704728,0.4866243600845337,0.8614111542701721,protocol_D/train/PD_train_0201_b11
PD_train_0202_b00,D,train,0,A,0,0,1610,6503,1.0,0.5418422222137451,0.8633638620376587,protocol_D/train/PD_train_0202_b00
PD_train_0203_b12,D,train,0,A,1,2,2691,11645,0.14599714520557122,0.4681299030780792,0.8634138107299805,protocol_D/train/PD_train_0203_b12
PD_train_0204_b01,D,train,0,A,0,1,1940,8245,0.2264306457956421,0.5633595585823059,0.8673033714294434,protocol_D/train/PD_train_0204_b01
PD_train_0205_b20,D,train,0,A,2,0,2571,10562,0.14513544544744317,0.5289080739021301,0.8556699156761169,protocol_D/train/PD_train_0205_b20
PD_train_0206_b10,D,train,0,A,1,0,2169,8952,0.13926729130158966,0.4796634018421173,0.8601415753364563,protocol_D/train/PD_train_0206_b10
PD_train_0207_b02,D,train,0,A,0,2,2122,9180,0.10021004737404089,0.4638040065765381,0.8662736415863037,protocol_D/train/PD_train_0207_b02
PD_train_0208_b21,D,train,0,A,2,1,2806,11775,0.10694430214407832,0.5035661458969116,0.8548316359519958,protocol_D/train/PD_train_0208_b21
PD_train_0209_b22,D,train,0,A,2,2,2976,12634,0.10810518148088338,0.4967901110649109,0.8550325036048889,protocol_D/train/PD_train_0209_b22
PD_train_0210_b11,D,train,0,A,1,1,2386,10034,0.10248738804391805,0.44649964570999146,0.8591183423995972,protocol_D/train/PD_train_0210_b11
PD_train_0211_b00,D,train,0,A,0,0,1610,6503,1.0,0.5418422222137451,0.8633638620376587,protocol_D/train/PD_train_0211_b00
PD_train_0212_b12,D,train,0,A,1,2,2777,12055,0.1373621033862097,0.4669981002807617,0.8621246218681335,protocol_D/train/PD_train_0212_b12
PD_train_0213_b01,D,train,0,A,0,1,1842,7646,0.10059914205854735,0.46997231245040894,0.863369882106781,protocol_D/train/PD_train_0213_b01
PD_train_0214_b20,D,train,0,A,2,0,2971,12671,0.12399438075749358,0.4432501494884491,0.8612996339797974,protocol_D/train/PD_train_0214_b20
PD_train_0215_b10,D,train,0,A,1,0,2220,9141,0.10478034916845622,0.4414089024066925,0.8567751049995422,protocol_D/train/PD_train_0215_b10
PD_train_0216_b02,D,train,0,A,0,2,2080,8865,0.1037263118152296,0.44440731406211853,0.8632208704948425,protocol_D/train/PD_train_0216_b02
PD_train_0217_b21,D,train,0,A,2,1,2828,12003,0.19387654906131152,0.4482145309448242,0.8567212224006653,protocol_D/train/PD_train_0217_b21
PD_train_0218_b22,D,train,0,A,2,2,3051,12962,0.12155667729537128,0.4859255254268646,0.8563870191574097,protocol_D/train/PD_train_0218_b22
PD_train_0219_b11,D,train,0,A,1,1,2511,10718,0.164651013987456,0.45801907777786255,0.8614223599433899,protocol_D/train/PD_train_0219_b11
PD_train_0220_b00,D,train,0,A,0,0,1610,6503,1.0,0.5418422222137451,0.8633638620376587,protocol_D/train/PD_train_0220_b00
PD_train_0221_b12,D,train,0,A,1,2,2721,11820,0.10735582103451405,0.4673701524734497,0.8607444167137146,protocol_D/train/PD_train_0221_b12
PD_train_0222_b01,D,train,0,A,0,1,1938,8259,0.2679200716106739,0.5444513559341431,0.8641290664672852,protocol_D/train/PD_train_0222_b01
PD_train_0223_b20,D,train,0,A,2,0,2836,12046,0.14367950347584338,0.5156310796737671,0.8619182109832764,protocol_D/train/PD_train_0223_b20
PD_train_0224_b10,D,train,0,A,1,0,2301,9667,0.19671404478888704,0.4964309632778168,0.85944002866745,protocol_D/train/PD_train_0224_b10
PD_train_0225_b02,D,train,0,A,0,2,2138,9297,0.11227432006539474,0.5216545462608337,0.8668177723884583,protocol_D/train/PD_train_0225_b02
PD_train_0226_b21,D,train,0,A,2,1,2958,12622,0.11316310667077725,0.40280866622924805,0.8556737303733826,protocol_D/train/PD_train_0226_b21
PD_train_0227_b22,D,train,0,A,2,2,3095,13326,0.1267245617508538,0.393944650888443,0.8562333583831787,protocol_D/train/PD_train_0227_b22
PD_train_0228_b11,D,train,0,A,1,1,2534,10790,0.1189423048504496,0.3779701292514801,0.8624998331069946,protocol_D/train/PD_train_0228_b11
PD_train_0229_b00,D,train,0,A,0,0,1610,6503,1.0,0.5418422222137451,0.8633638620376587,protocol_D/train/PD_train_0229_b00
PD_train_0230_b12,D,train,0,A,1,2,2751,11912,0.14389967405458887,0.4662509560585022,0.8622195720672607,protocol_D/train/PD_train_0230_b12
PD_train_0231_b01,D,train,0,A,0,1,1866,7840,0.1919783882343793,0.5326074361801147,0.8629541397094727,protocol_D/train/PD_train_0231_b01
PD_train_0232_b20,D,train,0,A,2,0,2590,10787,0.17146707540714493,0.560093879699707,0.8582525849342346,protocol_D/train/PD_train_0232_b20
PD_train_0233_b10,D,train,0,A,1,0,2136,8826,0.23802059097333383,0.5551663637161255,0.8603132367134094,protocol_D/train/PD_train_0233_b10
PD_train_0234_b02,D,train,0,A,0,2,2150,9348,0.19160721730129537,0.5160239338874817,0.8639367818832397,protocol_D/train/PD_train_0234_b02
PD_train_0235_b21,D,train,0,A,2,1,3012,12849,0.12036172641707221,0.38083919882774353,0.853587806224823,protocol_D/train/PD_train_0235_b21
PD_train_0236_b22,D,train,0,A,2,2,3079,13085,0.10735579395850126,0.4813370704650879,0.8550958633422852,protocol_D/train/PD_train_0236_b22
PD_train_0237_b11,D,train,0,A,1,1,2429,10259,0.11861723751978251,0.4102986454963684,0.8593006730079651,protocol_D/train/PD_train_0237_b11
PD_train_0238_b00,D,train,0,A,0,0,1610,6503,1.0,0.5418422222137451,0.8633638620376587,protocol_D/train/PD_train_0238_b00
PD_train_0239_b12,D,train,0,A,1,2,2604,11143,0.10636740185550664,0.4683294892311096,0.8618704080581665,protocol_D/train/PD_train_0239_b12
PD_train_0240_b01,D,train,0,A,0,1,1822,7583,0.1075989991459638,0.5558419227600098,0.8659132719039917,protocol_D/train/PD_train_0240_b01
PD_train_0241_b20,D,train,0,A,2,0,2656,11107,0.16868172508819904,0.500322163105011,0.8574703335762024,protocol_D/train/PD_train_0241_b20
PD_train_0242_b10,D,train,0,A,1,0,2238,9314,0.2804457267719379,0.5321234464645386,0.8611693978309631,protocol_D/train/PD_train_0242_b10
PD_train_0243_b02,D,train,0,A,0,2,2139,9301,0.18349267459861243,0.5386021137237549,0.8665735125541687,protocol_D/train/PD_train_0243_b02
PD_train_0244_b21,D,train,0,A,2,1,3021,12797,0.10264564542791778,0.46277427673339844,0.856778085231781,protocol_D/train/PD_train_0244_b21
PD_train_0245_b22,D,train,0,A,2,2,3185,13763,0.10698622244383982,0.46352359652519226,0.859493613243103,protocol_D/train/PD_train_0245_b22
PD_train_0246_b11,D,train,0,A,1,1,2421,10272,0.2487191988180396,0.4186202585697174,0.8616341352462769,protocol_D/train/PD_train_0246_b11
PD_train_0247_b00,D,train,0,A,0,0,1610,6503,1.0,0.5418422222137451,0.8633638620376587,protocol_D/train/PD_train_0247_b00
PD_train_0248_b12,D,train,0,A,1,2,2743,11833,0.14903796164723954,0.47104543447494507,0.8573803901672363,protocol_D/train/PD_train_0248_b12
PD_train_0249_b01,D,train,0,A,0,1,1955,8305,0.1223070864992862,0.5920107364654541,0.8655828237533569,protocol_D/train/PD_train_0249_b01
PD_train_0250_b20,D,train,0,A,2,0,2978,12728,0.1496006623160419,0.4306945502758026,0.8622624278068542,protocol_D/train/PD_train_0250_b20
PD_train_0251_b10,D,train,0,A,1,0,2170,8861,0.1066522282610361,0.5235916376113892,0.8579121232032776,protocol_D/train/PD_train_0251_b10
PD_train_0252_b02,D,train,0,A,0,2,2173,9371,0.15288817995715398,0.5656368732452393,0.8685281276702881,protocol_D/train/PD_train_0252_b02
PD_train_0253_b21,D,train,0,A,2,1,3010,12794,0.12575151257598585,0.5187247395515442,0.8620081543922424,protocol_D/train/PD_train_0253_b21
PD_train_0254_b22,D,train,0,A,2,2,3157,13433,0.10950320954951448,0.5364987850189209,0.8590790629386902,protocol_D/train/PD_train_0254_b22
PD_train_0255_b11,D,train,0,A,1,1,2589,11188,0.2314974541678045,0.5362003445625305,0.8620011210441589,protocol_D/train/PD_train_0255_b11
PD_train_0256_b00,D,train,0,A,0,0,1610,6503,1.0,0.5418422222137451,0.8633638620376587,protocol_D/train/PD_train_0256_b00
PD_train_0257_b12,D,train,0,A,1,2,2604,11115,0.10866275345006718,0.4286535382270813,0.8569885492324829,protocol_D/train/PD_train_0257_b12
PD_train_0258_b01,D,train,0,A,0,1,1930,8207,0.24019360746719812,0.5282946228981018,0.8640953898429871,protocol_D/train/PD_train_0258_b01
PD_train_0259_b20,D,train,0,A,2,0,2740,11572,0.18285807398424483,0.4887349307537079,0.8602265119552612,protocol_D/train/PD_train_0259_b20
PD_train_0260_b10,D,train,0,A,1,0,2179,8932,0.10719214572901489,0.4642237424850464,0.8554256558418274,protocol_D/train/PD_train_0260_b10
PD_train_0261_b02,D,train,0,A,0,2,2106,9070,0.11746621464500648,0.531420886516571,0.8625254034996033,protocol_D/train/PD_train_0261_b02
PD_train_0262_b21,D,train,0,A,2,1,2846,12134,0.1280978348053726,0.47905001044273376,0.8576135635375977,protocol_D/train/PD_train_0262_b21
PD_train_0263_b22,D,train,0,A,2,2,3184,13559,0.11524095787599545,0.4433329105377197,0.8548365831375122,protocol_D/train/PD_train_0263_b22
PD_train_0264_b11,D,train,0,A,1,1,2560,11020,0.11542157122973118,0.4642523229122162,0.8651548624038696,protocol_D/train/PD_train_0264_b11
PD_train_0265_b00,D,train,0,A,0,0,1610,6503,1.0,0.5418422222137451,0.8633638620376587,protocol_D/train/PD_train_0265_b00
PD_train_0266_b12,D,train,0,A,1,2,2571,11040,0.13076504640876876,0.5162048935890198,0.8605383038520813,protocol_D/train/PD_train_0266_b12
PD_train_0267_b01,D,train,0,A,0,1,1880,7934,0.13234415588024082,0.5572328567504883,0.8649231195449829,protocol_D/train/PD_train_0267_b01
PD_train_0268_b20,D,train,0,A,2,0,2776,11719,0.11329927880465075,0.3992703855037689,0.8578469753265381,protocol_D/train/PD_train_0268_b20
PD_train_0269_b10,D,train,0,A,1,0,2268,9438,0.1751978950235128,0.44229817390441895,0.8614233732223511,protocol_D/train/PD_train_0269_b10
PD_train_0270_b02,D,train,0,A,0,2,2139,9205,0.10347526542073496,0.5527230501174927,0.862426221370697,protocol_D/train/PD_train_0270_b02
PD_train_0271_b21,D,train,0,A,2,1,3006,12882,0.11182025282853347,0.4688244163990021,0.8579581379890442,protocol_D/train/PD_train_0271_b21
PD_train_0272_b22,D,train,0,A,2,2,3133,13401,0.1039451484434892,0.4904509484767914,0.8570345640182495,protocol_D/train/PD_train_0272_b22
PD_train_0273_b11,D,train,0,A,1,1,2555,11028,0.19902141136583454,0.5240717530250549,0.8595276474952698,protocol_D/train/PD_train_0273_b11
PD_train_0274_b00,D,train,0,A,0,0,1610,6503,1.0,0.5418422222137451,0.8633638620376587,protocol_D/train/PD_train_0274_b00
PD_train_0275_b12,D,train,0,A,1,2,2615,11303,0.1030223450070067,0.46242690086364746,0.8585418462753296,protocol_D/train/PD_train_0275_b12
PD_train_0276_b01,D,train,0,A,0,1,1870,7861,0.16764399332793975,0.5763387680053711,0.8652893900871277,protocol_D/train/PD_train_0276_b01
PD_train_0277_b20,D,train,0,A,2,0,2804,11783,0.1348136400745759,0.41999512910842896,0.8571251630783081,protocol_D/train/PD_train_0277_b20
PD_train_0278_b10,D,train,0,A,1,0,2272,9588,0.24079642529569956,0.4962143003940582,0.8625828623771667,protocol_D/train/PD_train_0278_b10
PD_train_0279_b02,D,train,0,A,0,2,2107,8922,0.10982589597718287,0.5179711580276489,0.8611801862716675,protocol_D/train/PD_train_0279_b02
PD_train_0280_b21,D,train,0,A,2,1,2891,12280,0.12574014121237695,0.43575894832611084,0.8573199510574341,protocol_D/train/PD_train_0280_b21
PD_train_0281_b22,D,train,0,A,2,2,3099,13291,0.12003106002659444,0.4985332190990448,0.8584201335906982,protocol_D/train/PD_train_0281_b22
PD_train_0282_b11,D,train,0,A,1,1,2481,10647,0.173999939833117,0.4513061046600342,0.8631862998008728,protocol_D/train/PD_train_0282_b11
PD_train_0283_b00,D,train,0,A,0,0,1610,6503,1.0,0.5418422222137451,0.8633638620376587,protocol_D/train/PD_train_0283_b00
PD_train_0284_b12,D,train,0,A,1,2,2730,11870,0.11643209894474135,0.48974743485450745,0.8593869209289551,protocol_D/train/PD_train_0284_b12
PD_train_0285_b01,D,train,0,A,0,1,1902,8058,0.1826308180241111,0.5732730627059937,0.8634809851646423,protocol_D/train/PD_train_0285_b01
PD_train_0286_b20,D,train,0,A,2,0,2717,11327,0.11504795555710903,0.44840025901794434,0.8567751049995422,protocol_D/train/PD_train_0286_b20
PD_train_0287_b10,D,train,0,A,1,0,2268,9428,0.18689848505618373,0.5524592399597168,0.8604682087898254,protocol_D/train/PD_train_0287_b10
PD_train_0288_b02,D,train,0,A,0,2,2180,9426,0.18134161730379833,0.5462288856506348,0.8678151965141296,protocol_D/train/PD_train_0288_b02
PD_train_0289_b21,D,train,0,A,2,1,3156,13377,0.10620229522824193,0.44901329278945923,0.8596135973930359,protocol_D/train/PD_train_0289_b21
PD_train_0290_b22,D,train,0,A,2,2,3067,13147,0.12155789024209426,0.5173689723014832,0.8562036752700806,protocol_D/train/PD_train_0290_b22
PD_train_0291_b11,D,train,0,A,1,1,2580,11037,0.10055998352252517,0.48570966720581055,0.8625210523605347,protocol_D/train/PD_train_0291_b11
PD_train_0292_b00,D,train,0,A,0,0,1610,6503,1.0,0.5418422222137451,0.8633638620376587,protocol_D/train/PD_train_0292_b00
PD_train_0293_b12,D,train,0,A,1,2,2522,10695,0.11612150950069816,0.4680807888507843,0.8570509552955627,protocol_D/train/PD_train_0293_b12
PD_train_0294_b01,D,train,0,A,0,1,1827,7657,0.27750726929208175,0.5796204209327698,0.8648741245269775,protocol_D/train/PD_train_0294_b01
PD_train_0295_b20,D,train,0,A,2,0,2759,11597,0.19583344144600734,0.48902982473373413,0.8609029650688171,protocol_D/train/PD_train_0295_b20
PD_train_0296_b10,D,train,0,A,1,0,2232,9331,0.21242965311415013,0.5387123227119446,0.8582975268363953,protocol_D/train/PD_train_0296_b10
PD_train_0297_b02,D,train,0,A,0,2,2104,9005,0.12270006530363362,0.5790520310401917,0.8663610219955444,protocol_D/train/PD_train_0297_b02
PD_train_0298_b21,D,train,0,A,2,1,2916,12355,0.15125410297682607,0.42122262716293335,0.8584173917770386,protocol_D/train/PD_train_0298_b21
PD_train_0299_b22,D,train,0,A,2,2,3121,13408,0.10636399780217587,0.4529702663421631,0.8603861331939697,protocol_D/train/PD_train_0299_b22
PD_train_0300_b11,D,train,0,A,1,1,2583,11091,0.1905254654136545,0.43797826766967773,0.8630937933921814,protocol_D/train/PD_train_0300_b11
PD_train_0301_b00,D,train,0,A,0,0,1610,6503,1.0,0.5418422222137451,0.8633638620376587,protocol_D/train/PD_train_0301_b00
PD_train_0302_b12,D,train,0,A,1,2,2598,11221,0.11540139992972773,0.4612378180027008,0.8612445592880249,protocol_D/train/PD_train_0302_b12
PD_train_0303_b01,D,train,0,A,0,1,1786,7420,0.17259015724776888,0.5751347541809082,0.861894965171814,protocol_D/train/PD_train_0303_b01
PD_train_0304_b20,D,train,0,A,2,0,2777,11615,0.13174404162783732,0.4309619069099426,0.8581553101539612,protocol_D/train/PD_train_0304_b20
PD_train_0305_b10,D,train,0,A,1,0,2213,9226,0.3104064158726484,0.5572967529296875,0.8618866801261902,protocol_D/train/PD_train_0305_b10
PD_train_0306_b02,D,train,0,A,0,2,2126,9160,0.1626860514843604,0.5460453629493713,0.8676069974899292,protocol_D/train/PD_train_0306_b02
PD_train_0307_b21,D,train,0,A,2,1,2722,11521,0.1403563090307282,0.45342954993247986,0.8546047806739807,protocol_D/train/PD_train_0307_b21
PD_train_0308_b22,D,train,0,A,2,2,3023,12923,0.13321583346439445,0.4613076150417328,0.8572756052017212,protocol_D/train/PD_train_0308_b22
PD_train_0309_b11,D,train,0,A,1,1,2455,10521,0.13376166430306657,0.5128965973854065,0.8612725138664246,protocol_D/train/PD_train_0309_b11
PD_train_0310_b00,D,train,0,A,0,0,1610,6503,1.0,0.5418422222137451,0.8633638620376587,protocol_D/train/PD_train_0310_b00
PD_train_0311_b12,D,train,0,A,1,2,2721,11573,0.10869184483690564,0.5021283030509949,0.8585078716278076,protocol_D/train/PD_train_0311_b12
PD_train_0312_b01,D,train,0,A,0,1,1973,8358,0.1834350881011189,0.5371376872062683,0.8619424700737,protocol_D/train/PD_train_0312_b01
PD_train_0313_b20,D,train,0,A,2,0,2780,11636,0.19326990738275004,0.5473990440368652,0.8591074347496033,protocol_D/train/PD_train_0313_b20
PD_train_0314_b10,D,train,0,A,1,0,2310,9711,0.20699994245916,0.5499609112739563,0.864097535610199,protocol_D/train/PD_train_0314_b10
PD_train_0315_b02,D,train,0,A,0,2,2215,9585,0.10352369705677497,0.5150562524795532,0.8637181520462036,protocol_D/train/PD_train_0315_b02
PD_train_0316_b21,D,train,0,A,2,1,2803,11763,0.10156583127661148,0.4476023018360138,0.8542256951332092,protocol_D/train/PD_train_0316_b21
PD_train_0317_b22,D,train,0,A,2,2,3217,13814,0.10402992687808053,0.5004894733428955,0.8590383529663086,protocol_D/train/PD_train_0317_b22
PD_train_0318_b11,D,train,0,A,1,1,2466,10342,0.12340480771841314,0.3593701124191284,0.8582184314727783,protocol_D/train/PD_train_0318_b11
PD_train_0319_b00,D,train,0,A,0,0,1610,6503,1.0,0.5418422222137451,0.8633638620376587,protocol_D/train/PD_train_0319_b00
PD_train_0320_b12,D,train,0,A,1,2,2707,11639,0.11174624772983405,0.45216238498687744,0.860747754573822,protocol_D/train/PD_train_0320_b12
PD_train_0321_b01,D,train,0,A,0,1,1869,7892,0.26818152600540346,0.502346932888031,0.8678374290466309,protocol_D/train/PD_train_0321_b01
PD_train_0322_b20,D,train,0,A,2,0,2754,11531,0.11578068541783458,0.3693324327468872,0.8576826453208923,protocol_D/train/PD_train_0322_b20
PD_train_0323_b10,D,train,0,A,1,0,2323,9833,0.29838169829058137,0.411404013633728,0.8630858063697815,protocol_D/train/PD_train_0323_b10
PD_train_0324_b02,D,train,0,A,0,2,2096,9012,0.12881193307270114,0.4246395230293274,0.8673374056816101,protocol_D/train/PD_train_0324_b02
PD_train_0325_b21,D,train,0,A,2,1,2890,12083,0.11803204040959679,0.47999078035354614,0.854484498500824,protocol_D/train/PD_train_0325_b21
PD_train_0326_b22,D,train,0,A,2,2,3012,12918,0.10663428005395939,0.45486363768577576,0.8590434789657593,protocol_D/train/PD_train_0326_b22
PD_train_0327_b11,D,train,0,A,1,1,2619,11246,0.12899614953758623,0.5299782752990723,0.8637515306472778,protocol_D/train/PD_train_0327_b11
PD_train_0328_b00,D,train,0,A,0,0,1610,6503,1.0,0.5418422222137451,0.8633638620376587,protocol_D/train/PD_train_0328_b00
PD_train_0329_b12,D,train,0,A,1,2,2733,11756,0.11263280357988165,0.4609859585762024,0.859137237071991,protocol_D/train/PD_train_0329_b12
PD_train_0330_b01,D,train,0,A,0,1,1777,7350,0.14488674595882473,0.5451745986938477,0.8615956902503967,protocol_D/train/PD_train_0330_b01
PD_train_0331_b20,D,train,0,A,2,0,2655,11010,0.13159373385117623,0.47262313961982727,0.8570067882537842,protocol_D/train/PD_train_0331_b20
PD_train_0332_b10,D,train,0,A,1,0,2236,9352,0.13932543499445946,0.4965918958187103,0.862191379070282,protocol_D/train/PD_train_0332_b10
PD_train_0333_b02,D,train,0,A,0,2,2184,9402,0.1407144974716363,0.5395858287811279,0.8637762069702148,protocol_D/train/PD_train_0333_b02
PD_train_0334_b21,D,train,0,A,2,1,2909,12325,0.18012381265705626,0.441605806350708,0.8562319874763489,protocol_D/train/PD_train_0334_b21
PD_train_0335_b22,D,train,0,A,2,2,3122,13157,0.10887107500192546,0.4424167573451996,0.8537323474884033,protocol_D/train/PD_train_0335_b22
PD_train_0336_b11,D,train,0,A,1,1,2527,10850,0.1029814562776184,0.4904213845729828,0.8629918098449707,protocol_D/train/PD_train_0336_b11
PD_train_0337_b00,D,train,0,A,0,0,1610,6503,1.0,0.5418422222137451,0.8633638620376587,protocol_D/train/PD_train_0337_b00
PD_train_0338_b12,D,train,0,A,1,2,2684,11691,0.12462135998091067,0.5169733166694641,0.8596338033676147,protocol_D/train/PD_train_0338_b12
PD_train_0339_b01,D,train,0,A,0,1,1867,7801,0.11495847001323659,0.5389426350593567,0.8635537028312683,protocol_D/train/PD_train_0339_b01
PD_train_0340_b20,D,train,0,A,2,0,2890,12174,0.11124890577588466,0.39513272047042847,0.8568262457847595,protocol_D/train/PD_train_0340_b20
PD_train_0341_b10,D,train,0,A,1,0,2273,9495,0.303523700631946,0.5161042213439941,0.8600460886955261,protocol_D/train/PD_train_0341_b10
PD_train_0342_b02,D,train,0,A,0,2,2015,8493,0.11750226506819492,0.565300464630127,0.8620225191116333,protocol_D/train/PD_train_0342_b02
PD_train_0343_b21,D,train,0,A,2,1,2992,12663,0.12625874900920814,0.4541623592376709,0.8570180535316467,protocol_D/train/PD_train_0343_b21
PD_train_0344_b22,D,train,0,A,2,2,3213,13705,0.10222714192235771,0.4541248381137848,0.8564019799232483,protocol_D/train/PD_train_0344_b22
PD_train_0345_b11,D,train,0,A,1,1,2553,10869,0.10092314142026695,0.45230334997177124,0.8591722846031189,protocol_D/train/PD_train_0345_b11
PD_train_0346_b00,D,train,0,A,0,0,1610,6503,1.0,0.5418422222137451,0.8633638620376587,protocol_D/train/PD_train_0346_b00
PD_train_0347_b12,D,train,0,A,1,2,2688,11649,0.13593101165938032,0.5331196784973145,0.860088586807251,protocol_D/train/PD_train_0347_b12
PD_train_0348_b01,D,train,0,A,0,1,1962,8382,0.16490771395131149,0.5617654323577881,0.8691074252128601,protocol_D/train/PD_train_0348_b01
PD_train_0349_b20,D,train,0,A,2,0,2723,11501,0.2405139847615173,0.5158886909484863,0.8592605590820312,protocol_D/train/PD_train_0349_b20
PD_train_0350_b10,D,train,0,A,1,0,2234,9281,0.21503705157271236,0.44730234146118164,0.8591997027397156,protocol_D/train/PD_train_0350_b10
PD_train_0351_b02,D,train,0,A,0,2,2157,9308,0.1149300510892054,0.5198920965194702,0.8636316061019897,protocol_D/train/PD_train_0351_b02
PD_train_0352_b21,D,train,0,A,2,1,3103,13199,0.12304866859597843,0.4688463509082794,0.8605703711509705,protocol_D/train/PD_train_0352_b21
PD_train_0353_b22,D,train,0,A,2,2,3230,13810,0.10567283384566876,0.4431763291358948,0.8575634956359863,protocol_D/train/PD_train_0353_b22
PD_train_0354_b11,D,train,0,A,1,1,2568,11072,0.10966409755984008,0.43612655997276306,0.864003598690033,protocol_D/train/PD_train_0354_b11
PD_train_0355_b00,D,train,0,A,0,0,1610,6503,1.0,0.5418422222137451,0.8633638620376587,protocol_D/train/PD_train_0355_b00
PD_train_0356_b12,D,train,0,A,1,2,2610,11215,0.1072551783501379,0.568482518196106,0.8614388704299927,protocol_D/train/PD_train_0356_b12
PD_train_0357_b01,D,train,0,A,0,1,1864,7899,0.19651782779072005,0.5754128694534302,0.8656342029571533,protocol_D/train/PD_train_0357_b01
PD_train_0358_b20,D,train,0,A,2,0,2638,10968,0.16291857414619465,0.39632588624954224,0.8570979833602905,protocol_D/train/PD_train_0358_b20
PD_train_0359_b10,D,train,0,A,1,0,2146,8907,0.27931953353080297,0.5039881467819214,0.8555418252944946,protocol_D/train/PD_train_0359_b10
PD_train_0360_b02,D,train,0,A,0,2,2196,9535,0.17582375914302203,0.5450083017349243,0.8682882785797119,protocol_D/train/PD_train_0360_b02
PD_train_0361_b21,D,train,0,A,2,1,2912,12373,0.10276799146298721,0.44121140241622925,0.85491943359375,protocol_D/train/PD_train_0361_b21
PD_train_0362_b22,D,train,0,A,2,2,2955,12563,0.11255054369366428,0.41273415088653564,0.8531347513198853,protocol_D/train/PD_train_0362_b22
PD_train_0363_b11,D,train,0,A,1,1,2534,10994,0.25563507929845797,0.5075084567070007,0.8623007535934448,protocol_D/train/PD_train_0363_b11
PD_train_0364_b00,D,train,0,A,0,0,1610,6503,1.0,0.5418422222137451,0.8633638620376587,protocol_D/train/PD_train_0364_b00
PD_train_0365_b12,D,train,0,A,1,2,2576,10915,0.1097401581204836,0.440015971660614,0.8558897972106934,protocol_D/train/PD_train_0365_b12
PD_train_0366_b01,D,train,0,A,0,1,1796,7469,0.18625304189793623,0.5406851768493652,0.8636863827705383,protocol_D/train/PD_train_0366_b01
PD_train_0367_b20,D,train,0,A,2,0,2754,11646,0.1849822157292785,0.4399493932723999,0.8590458035469055,protocol_D/train/PD_train_0367_b20
PD_train_0368_b10,D,train,0,A,1,0,2157,8783,0.11319947420375559,0.46911609172821045,0.856631875038147,protocol_D/train/PD_train_0368_b10
PD_train_0369_b02,D,train,0,A,0,2,2157,9460,0.18200458605233472,0.5630648136138916,0.8699812293052673,protocol_D/train/PD_train_0369_b02
PD_train_0370_b21,D,train,0,A,2,1,3066,12999,0.1014879218430925,0.36701685190200806,0.8567339181900024,protocol_D/train/PD_train_0370_b21
PD_train_0371_b22,D,train,0,A,2,2,3155,13510,0.11452490747059556,0.43967676162719727,0.8535796403884888,protocol_D/train/PD_train_0371_b22
PD_train_0372_b11,D,train,0,A,1,1,2362,9969,0.17028217052400563,0.5171195268630981,0.8591371774673462,protocol_D/train/PD_train_0372_b11
PD_train_0373_b00,D,train,0,A,0,0,1610,6503,1.0,0.5418422222137451,0.8633638620376587,protocol_D/train/PD_train_0373_b00
PD_train_0374_b12,D,train,0,A,1,2,2687,11599,0.13301621507992256,0.4546240270137787,0.8627169132232666,protocol_D/train/PD_train_0374_b12
PD_train_0375_b01,D,train,0,A,0,1,1884,7830,0.10145655452832916,0.5447528958320618,0.8647185564041138,protocol_D/train/PD_train_0375_b01
PD_train_0376_b20,D,train,0,A,2,0,2696,11299,0.20570386930964393,0.4777679145336151,0.8574544787406921,protocol_D/train/PD_train_0376_b20
PD_train_0377_b10,D,train,0,A,1,0,2296,9618,0.2831373820574654,0.5414685606956482,0.8605930209159851,protocol_D/train/PD_train_0377_b10
PD_train_0378_b02,D,train,0,A,0,2,2151,9288,0.1202532088541638,0.5530975461006165,0.8649702668190002,protocol_D/train/PD_train_0378_b02
PD_train_0379_b21,D,train,0,A,2,1,3044,13028,0.12292462492936265,0.4244203567504883,0.8602548837661743,protocol_D/train/PD_train_0379_b21
PD_train_0380_b22,D,train,0,A,2,2,2965,12641,0.10634363445160963,0.43694809079170227,0.855944037437439,protocol_D/train/PD_train_0380_b22
PD_train_0381_b11,D,train,0,A,1,1,2547,10975,0.1630875624351363,0.5334137678146362,0.8644838929176331,protocol_D/train/PD_train_0381_b11
PD_train_0382_b00,D,train,0,A,0,0,1610,6503,1.0,0.5418422222137451,0.8633638620376587,protocol_D/train/PD_train_0382_b00
PD_train_0383_b12,D,train,0,A,1,2,2706,11658,0.12513853795672986,0.5540899634361267,0.8600821495056152,protocol_D/train/PD_train_0383_b12
PD_train_0384_b01,D,train,0,A,0,1,1958,8340,0.128997685331788,0.5427380204200745,0.8640169501304626,protocol_D/train/PD_train_0384_b01
PD_train_0385_b20,D,train,0,A,2,0,2899,12383,0.20570213928415843,0.5650233626365662,0.8613051176071167,protocol_D/train/PD_train_0385_b20
PD_train_0386_b10,D,train,0,A,1,0,2254,9378,0.24731682876035882,0.5243144035339355,0.8601683974266052,protocol_D/train/PD_train_0386_b10
PD_train_0387_b02,D,train,0,A,0,2,2116,9109,0.1444401260994865,0.5436305999755859,0.8637532591819763,protocol_D/train/PD_train_0387_b02
PD_train_0388_b21,D,train,0,A,2,1,3065,13119,0.1423254060606081,0.4717784523963928,0.8574263453483582,protocol_D/train/PD_train_0388_b21
PD_train_0389_b22,D,train,0,A,2,2,3139,13386,0.11587809841678422,0.3808349668979645,0.8555947542190552,protocol_D/train/PD_train_0389_b22
PD_train_0390_b11,D,train,0,A,1,1,2511,10727,0.17604582878862662,0.4220868945121765,0.8614293336868286,protocol_D/train/PD_train_0390_b11
PD_train_0391_b00,D,train,0,A,0,0,1610,6503,1.0,0.5418422222137451,0.8633638620376587,protocol_D/train/PD_train_0391_b00
PD_train_0392_b12,D,train,0,A,1,2,2756,11940,0.10693203584170763,0.4635821580886841,0.858680784702301,protocol_D/train/PD_train_0392_b12
PD_train_0393_b01,D,train,0,A,0,1,1947,8226,0.10426969386984714,0.4455263018608093,0.8658484816551208,protocol_D/train/PD_train_0393_b01
PD_train_0394_b20,D,train,0,A,2,0,2871,12193,0.14867464367676425,0.41736698150634766,0.860267698764801,protocol_D/train/PD_train_0394_b20
PD_train_0395_b10,D,train,0,A,1,0,2175,8870,0.10114833054274508,0.4962466359138489,0.8558776378631592,protocol_D/train/PD_train_0395_b10
PD_train_0396_b02,D,train,0,A,0,2,2022,8604,0.10140378708464559,0.5525500774383545,0.8656189441680908,protocol_D/train/PD_train_0396_b02
PD_train_0397_b21,D,train,0,A,2,1,2921,12497,0.11011630112351659,0.5008713006973267,0.8612552285194397,protocol_D/train/PD_train_0397_b21
PD_train_0398_b22,D,train,0,A,2,2,3170,13518,0.12549015472591155,0.4516092836856842,0.8538596630096436,protocol_D/train/PD_train_0398_b22
PD_train_0399_b11,D,train,0,A,1,1,2552,11026,0.2062678267181131,0.4723915755748749,0.8619220852851868,protocol_D/train/PD_train_0399_b11
PD_train_0400_b00,D,train,0,A,0,0,1610,6503,1.0,0.5418422222137451,0.8633638620376587,protocol_D/train/PD_train_0400_b00
PD_train_0401_b12,D,train,0,A,1,2,2648,11534,0.17260460715642223,0.42616891860961914,0.8634228110313416,protocol_D/train/PD_train_0401_b12
PD_train_0402_b01,D,train,0,A,0,1,1924,8161,0.21713664441535663,0.5692139863967896,0.8656138181686401,protocol_D/train/PD_train_0402_b01
PD_train_0403_b20,D,train,0,A,2,0,2563,10500,0.11519231573202941,0.44499146938323975,0.8536297678947449,protocol_D/train/PD_train_0403_b20
PD_train_0404_b10,D,train,0,A,1,0,2289,9658,0.29912629250961437,0.36124780774116516,0.8609745502471924,protocol_D/train/PD_train_0404_b10
PD_train_0405_b02,D,train,0,A,0,2,2209,9657,0.2018295710010243,0.5369017720222473,0.8671877980232239,protocol_D/train/PD_train_0405_b02
PD_train_0406_b21,D,train,0,A,2,1,3063,13163,0.11426011954479215,0.4567030966281891,0.8596677780151367,protocol_D/train/PD_train_0406_b21
PD_train_0407_b22,D,train,0,A,2,2,3148,13421,0.12309620468186512,0.4159517288208008,0.8557662963867188,protocol_D/train/PD_train_0407_b22
PD_train_0408_b11,D,train,0,A,1,1,2523,10919,0.2589734705230312,0.5009663701057434,0.8639143705368042,protocol_D/train/PD_train_0408_b11
PD_train_0409_b00,D,train,0,A,0,0,1610,6503,1.0,0.5418422222137451,0.8633638620376587,protocol_D/train/PD_train_0409_b00
PD_train_0410_b12,D,train,0,A,1,2,2648,11573,0.11277229899524702,0.5001858472824097,0.8591123223304749,protocol_D/train/PD_train_0410_b12
PD_train_0411_b01,D,train,0,A,0,1,1917,8098,0.15398067739040017,0.5470520257949829,0.8667593002319336,protocol_D/train/PD_train_0411_b01
PD_train_0412_b20,D,train,0,A,2,0,2777,11617,0.1339905756114006,0.44266176223754883,0.8575543761253357,protocol_D/train/PD_train_0412_b20
PD_train_0413_b10,D,train,0,A,1,0,2257,9456,0.24363807468852508,0.5192116498947144,0.8589449524879456,protocol_D/train/PD_train_0413_b10
PD_train_0414_b02,D,train,0,A,0,2,2209,9619,0.15262463854721567,0.5425258874893188,0.8658771514892578,protocol_D/train/PD_train_0414_b02
PD_train_0415_b21,D,train,0,A,2,1,2903,12231,0.11698503597675705,0.4774893820285797,0.8553650379180908,protocol_D/train/PD_train_0415_b21
PD_train_0416_b22,D,train,0,A,2,2,3140,13421,0.11760650351176476,0.3366030156612396,0.8556509017944336,protocol_D/train/PD_train_0416_b22
PD_train_0417_b11,D,train,0,A,1,1,2478,10663,0.21398226892718,0.5342801809310913,0.8635661602020264,protocol_D/train/PD_train_0417_b11
PD_train_0418_b00,D,train,0,A,0,0,1610,6503,1.0,0.5418422222137451,0.8633638620376587,protocol_D/train/PD_train_0418_b00
PD_train_0419_b12,D,train,0,A,1,2,2738,11844,0.11990734373873696,0.4775941073894501,0.8613671064376831,protocol_D/train/PD_train_0419_b12
PD_train_0420_b01,D,train,0,A,0,1,1916,8151,0.15676216096114806,0.5763080716133118,0.8647660613059998,protocol_D/train/PD_train_0420_b01
PD_train_0421_b20,D,train,0,A,2,0,2754,11575,0.11825710058030092,0.47639915347099304,0.8566606044769287,protocol_D/train/PD_train_0421_b20
PD_train_0422_b10,D,train,0,A,1,0,2316,9746,0.21814958550348068,0.4672037363052368,0.8613453507423401,protocol_D/train/PD_train_0422_b10
PD_train_0423_b02,D,train,0,A,0,2,2171,9472,0.124469257978825,0.5456891655921936,0.86598801612854,protocol_D/train/PD_train_0423_b02
PD_train_0424_b21,D,train,0,A,2,1,2947,12560,0.10922247770103263,0.45625102519989014,0.8569746613502502,protocol_D/train/PD_train_0424_b21
PD_train_0425_b22,D,train,0,A,2,2,3241,13957,0.1020943001394431,0.42837944626808167,0.8573572039604187,protocol_D/train/PD_train_0425_b22
PD_train_0426_b11,D,train,0,A,1,1,2409,10196,0.10395262269922978,0.504575788974762,0.8600487112998962,protocol_D/train/PD_train_0426_b11
PD_train_0427_b00,D,train,0,A,0,0,1610,6503,1.0,0.5418422222137451,0.8633638620376587,protocol_D/train/PD_train_0427_b00
PD_train_0428_b12,D,train,0,A,1,2,2682,11592,0.15173310076005497,0.48287710547447205,0.8614729642868042,protocol_D/train/PD_train_0428_b12
PD_train_0429_b01,D,train,0,A,0,1,1934,8208,0.14318969056452321,0.5690107941627502,0.8647787570953369,protocol_D/train/PD_train_0429_b01
PD_train_0430_b20,D,train,0,A,2,0,2853,12081,0.10747075286251152,0.38905906677246094,0.8568451404571533,protocol_D/train/PD_train_0430_b20
PD_train_0431_b10,D,train,0,A,1,0,2343,9825,0.27308128893221456,0.45526984333992004,0.8601326942443848,protocol_D/train/PD_train_0431_b10
PD_train_0432_b02,D,train,0,A,0,2,2272,9883,0.11924013431329678,0.5399971604347229,0.8653081655502319,protocol_D/train/PD_train_0432_b02
PD_train_0433_b21,D,train,0,A,2,1,2878,12258,0.12301104580530917,0.4266795217990875,0.8573991656303406,protocol_D/train/PD_train_0433_b21
PD_train_0434_b22,D,train,0,A,2,2,3084,13059,0.12107715035225528,0.41979336738586426,0.8570128083229065,protocol_D/train/PD_train_0434_b22
PD_train_0435_b11,D,train,0,A,1,1,2538,10932,0.15728529029017074,0.5178853869438171,0.8616629242897034,protocol_D/train/PD_train_0435_b11
PD_train_0436_b00,D,train,0,A,0,0,1610,6503,1.0,0.5418422222137451,0.8633638620376587,protocol_D/train/PD_train_0436_b00
PD_train_0437_b12,D,train,0,A,1,2,2664,11466,0.1485240249991614,0.4503709673881531,0.8608009815216064,protocol_D/train/PD_train_0437_b12
PD_train_0438_b01,D,train,0,A,0,1,1890,8000,0.1477484966074289,0.5432543158531189,0.866238534450531,protocol_D/train/PD_train_0438_b01
PD_train_0439_b20,D,train,0,A,2,0,2912,12284,0.11350366262693765,0.4382646381855011,0.858477771282196,protocol_D/train/PD_train_0439_b20
PD_train_0440_b10,D,train,0,A,1,0,2337,9723,0.1073344446276871,0.4594400227069855,0.8605231046676636,protocol_D/train/PD_train_0440_b10
PD_train_0441_b02,D,train,0,A,0,2,2107,9102,0.13238591887730805,0.5398163795471191,0.8649543523788452,protocol_D/train/PD_train_0441_b02
PD_train_0442_b21,D,train,0,A,2,1,3035,12960,0.12064017994469847,0.45171603560447693,0.8575966954231262,protocol_D/train/PD_train_0442_b21
PD_train_0443_b22,D,train,0,A,2,2,3044,12857,0.11675371962524939,0.422871857881546,0.8570617437362671,protocol_D/train/PD_train_0443_b22
PD_train_0444_b11,D,train,0,A,1,1,2381,9993,0.13318034812955454,0.4545673429965973,0.8634796142578125,protocol_D/train/PD_train_0444_b11
PD_train_0445_b00,D,train,0,A,0,0,1610,6503,1.0,0.5418422222137451,0.8633638620376587,protocol_D/train/PD_train_0445_b00
PD_train_0446_b12,D,train,0,A,1,2,2600,11111,0.11998436078931592,0.5093439817428589,0.8564168214797974,protocol_D/train/PD_train_0446_b12
PD_train_0447_b01,D,train,0,A,0,1,1992,8423,0.13763894701381993,0.5410616993904114,0.865971565246582,protocol_D/train/PD_train_0447_b01
PD_train_0448_b20,D,train,0,A,2,0,2670,11069,0.12187102934420385,0.460366427898407,0.8580429553985596,protocol_D/train/PD_train_0448_b20
PD_train_0449_b10,D,train,0,A,1,0,2337,9845,0.3142082211820504,0.5128544569015503,0.8611451387405396,protocol_D/train/PD_train_0449_b10
PD_train_0450_b02,D,train,0,A,0,2,2026,8532,0.12148859045685922,0.5544719696044922,0.8581042289733887,protocol_D/train/PD_train_0450_b02
PD_train_0451_b21,D,train,0,A,2,1,2968,12584,0.14174608710612632,0.5402909517288208,0.8583946228027344,protocol_D/train/PD_train_0451_b21
PD_train_0452_b22,D,train,0,A,2,2,3172,13627,0.11588184368873994,0.5073809027671814,0.8547794818878174,protocol_D/train/PD_train_0452_b22
PD_train_0453_b11,D,train,0,A,1,1,2368,9950,0.1044709485082717,0.4982418417930603,0.8610473275184631,protocol_D/train/PD_train_0453_b11
PD_train_0454_b00,D,train,0,A,0,0,1610,6503,1.0,0.5418422222137451,0.8633638620376587,protocol_D/train/PD_train_0454_b00
PD_train_0455_b12,D,train,0,A,1,2,2549,10872,0.11699351882277073,0.4747437536716461,0.8614091277122498,protocol_D/train/PD_train_0455_b12
PD_train_0456_b01,D,train,0,A,0,1,1879,7916,0.12507256438824274,0.5131321549415588,0.863219678401947,protocol_D/train/PD_train_0456_b01
PD_train_0457_b20,D,train,0,A,2,0,2828,12023,0.14048419708155974,0.44220420718193054,0.8621500134468079,protocol_D/train/PD_train_0457_b20
PD_train_0458_b10,D,train,0,A,1,0,2188,9070,0.29173990521520676,0.5438152551651001,0.8597212433815002,protocol_D/train/PD_train_0458_b10
PD_train_0459_b02,D,train,0,A,0,2,2152,9307,0.10032056458111553,0.522925853729248,0.8667631149291992,protocol_D/train/PD_train_0459_b02
PD_train_0460_b21,D,train,0,A,2,1,2942,12531,0.2299116586489226,0.4291091561317444,0.8577640056610107,protocol_D/train/PD_train_0460_b21
PD_train_0461_b22,D,train,0,A,2,2,3132,13462,0.10608701180483586,0.4100343585014343,0.8547343611717224,protocol_D/train/PD_train_0461_b22
PD_train_0462_b11,D,train,0,A,1,1,2560,11048,0.19495095546233032,0.5436450242996216,0.8648768067359924,protocol_D/train/PD_train_0462_b11
PD_train_0463_b00,D,train,0,A,0,0,1610,6503,1.0,0.5418422222137451,0.8633638620376587,protocol_D/train/PD_train_0463_b00
PD_train_0464_b12,D,train,0,A,1,2,2718,11800,0.11621872511390202,0.47155115008354187,0.8606683015823364,protocol_D/train/PD_train_0464_b12
PD_train_0465_b01,D,train,0,A,0,1,1880,7889,0.24091905751056314,0.5363626480102539,0.8636433482170105,protocol_D/train/PD_train_0465_b01
PD_train_0466_b20,D,train,0,A,2,0,2621,10880,0.16457131134062983,0.49761366844177246,0.853430986404419,protocol_D/train/PD_train_0466_b20
PD_train_0467_b10,D,train,0,A,1,0,2255,9421,0.22372105326908148,0.5106809735298157,0.8602062463760376,protocol_D/train/PD_train_0467_b10
PD_train_0468_b02,D,train,0,A,0,2,2137,9303,0.15602103236634784,0.5327037572860718,0.8680305480957031,protocol_D/train/PD_train_0468_b02
PD_train_0469_b21,D,train,0,A,2,1,2950,12548,0.10065709298272163,0.44725221395492554,0.8596155047416687,protocol_D/train/PD_train_0469_b21
PD_train_0470_b22,D,train,0,A,2,2,3127,13401,0.10193140315092314,0.3764771819114685,0.859386682510376,protocol_D/train/PD_train_0470_b22
PD_train_0471_b11,D,train,0,A,1,1,2545,10974,0.1327238638194085,0.4852762818336487,0.8630295991897583,protocol_D/train/PD_train_0471_b11
PD_train_0472_b00,D,train,0,A,0,0,1610,6503,1.0,0.5418422222137451,0.8633638620376587,protocol_D/train/PD_train_0472_b00
PD_train_0473_b12,D,train,0,A,1,2,2581,11110,0.1296584424754054,0.4787909686565399,0.8614827990531921,protocol_D/train/PD_train_0473_b12
PD_train_0474_b01,D,train,0,A,0,1,1820,7620,0.20711257831287636,0.5648713111877441,0.8628367781639099,protocol_D/train/PD_train_0474_b01
PD_train_0475_b20,D,train,0,A,2,0,2701,11162,0.12318761334692765,0.3990109860897064,0.8577863574028015,protocol_D/train/PD_train_0475_b20
PD_train_0476_b10,D,train,0,A,1,0,2275,9552,0.3180388911001565,0.5799027681350708,0.8601853251457214,protocol_D/train/PD_train_0476_b10
PD_train_0477_b02,D,train,0,A,0,2,2147,9332,0.13572219173415997,0.5274285674095154,0.8657182455062866,protocol_D/train/PD_train_0477_b02
PD_train_0478_b21,D,train,0,A,2,1,2900,12423,0.14247949538490226,0.5078343749046326,0.8572617769241333,protocol_D/train/PD_train_0478_b21
PD_train_0479_b22,D,train,0,A,2,2,3139,13445,0.1587487311457697,0.4540679156780243,0.8569494485855103,protocol_D/train/PD_train_0479_b22
PD_train_0480_b11,D,train,0,A,1,1,2669,11469,0.11035085563235417,0.45393022894859314,0.8610783219337463,protocol_D/train/PD_train_0480_b11
PD_train_0481_b00,D,train,0,A,0,0,1610,6503,1.0,0.5418422222137451,0.8633638620376587,protocol_D/train/PD_train_0481_b00
PD_train_0482_b12,D,train,0,A,1,2,2672,11491,0.2016981560979609,0.5604696273803711,0.8626841306686401,protocol_D/train/PD_train_0482_b12
PD_train_0483_b01,D,train,0,A,0,1,1821,7625,0.22722733548496066,0.560662031173706,0.8638783693313599,protocol_D/train/PD_train_0483_b01
PD_train_0484_b20,D,train,0,A,2,0,2753,11616,0.16552510601733983,0.47658655047416687,0.8588471412658691,protocol_D/train/PD_train_0484_b20
PD_train_0485_b10,D,train,0,A,1,0,2233,9418,0.3939638561224236,0.5455524921417236,0.8620025515556335,protocol_D/train/PD_train_0485_b10
PD_train_0486_b02,D,train,0,A,0,2,2093,8907,0.13811767564185273,0.5603448748588562,0.8609846234321594,protocol_D/train/PD_train_0486_b02
PD_train_0487_b21,D,train,0,A,2,1,2836,11906,0.10646140388227104,0.44715213775634766,0.8550777435302734,protocol_D/train/PD_train_0487_b21
PD_train_0488_b22,D,train,0,A,2,2,3004,12905,0.12571610975570496,0.45826882123947144,0.8549497127532959,protocol_D/train/PD_train_0488_b22
PD_train_0489_b11,D,train,0,A,1,1,2516,10884,0.12047372481991223,0.4682483375072479,0.862015426158905,protocol_D/train/PD_train_0489_b11
PD_train_0490_b00,D,train,0,A,0,0,1610,6503,1.0,0.5418422222137451,0.8633638620376587,protocol_D/train/PD_train_0490_b00
PD_train_0491_b12,D,train,0,A,1,2,2642,11292,0.12779419366214362,0.5012760758399963,0.8643543124198914,protocol_D/train/PD_train_0491_b12
PD_train_0492_b01,D,train,0,A,0,1,1931,8294,0.29018696706694813,0.5469961166381836,0.8683494329452515,protocol_D/train/PD_train_0492_b01
PD_train_0493_b20,D,train,0,A,2,0,2563,10627,0.12107226145779888,0.43583348393440247,0.8564863801002502,protocol_D/train/PD_train_0493_b20
PD_train_0494_b10,D,train,0,A,1,0,2190,9155,0.14248113324095396,0.5197902917861938,0.8638991713523865,protocol_D/train/PD_train_0494_b10
PD_train_0495_b02,D,train,0,A,0,2,2011,8524,0.13655904989760773,0.5607459545135498,0.8616673350334167,protocol_D/train/PD_train_0495_b02
PD_train_0496_b21,D,train,0,A,2,1,2915,12344,0.10909636558358354,0.48748666048049927,0.858687698841095,protocol_D/train/PD_train_0496_b21
PD_train_0497_b22,D,train,0,A,2,2,3168,13500,0.1020539563656026,0.3228582441806793,0.8548081517219543,protocol_D/train/PD_train_0497_b22
PD_train_0498_b11,D,train,0,A,1,1,2563,11020,0.176848232276752,0.5116816759109497,0.8646841645240784,protocol_D/train/PD_train_0498_b11
PD_train_0499_b00,D,train,0,A,0,0,1610,6503,1.0,0.5418422222137451,0.8633638620376587,protocol_D/train/PD_train_0499_b00
PD_train_0500_b12,D,train,0,A,1,2,2798,12149,0.1025653621157595,0.4503531754016876,0.8595606684684753,protocol_D/train/PD_train_0500_b12
PD_train_0501_b01,D,train,0,A,0,1,1972,8352,0.13594987568223277,0.4575935900211334,0.8636778593063354,protocol_D/train/PD_train_0501_b01
PD_train_0502_b20,D,train,0,A,2,0,2908,12280,0.23456447898714122,0.45447301864624023,0.862629771232605,protocol_D/train/PD_train_0502_b20
PD_train_0503_b10,D,train,0,A,1,0,2208,9056,0.10564728288387595,0.46143287420272827,0.8558821678161621,protocol_D/train/PD_train_0503_b10
PD_train_0504_b02,D,train,0,A,0,2,2098,8923,0.14999543537860968,0.5586211681365967,0.8626811504364014,protocol_D/train/PD_train_0504_b02
PD_train_0505_b21,D,train,0,A,2,1,2938,12410,0.1353505480369367,0.496473491191864,0.8576212525367737,protocol_D/train/PD_train_0505_b21
PD_train_0506_b22,D,train,0,A,2,2,3035,12920,0.141125995012248,0.4769866168498993,0.8551113605499268,protocol_D/train/PD_train_0506_b22
PD_train_0507_b11,D,train,0,A,1,1,2338,9879,0.11702519255281447,0.506381094455719,0.8596929907798767,protocol_D/train/PD_train_0507_b11
PD_train_0508_b00,D,train,0,A,0,0,1610,6503,1.0,0.5418422222137451,0.8633638620376587,protocol_D/train/PD_train_0508_b00
PD_train_0509_b12,D,train,0,A,1,2,2648,11426,0.1257276797194644,0.4317529499530792,0.860230565071106,protocol_D/train/PD_train_0509_b12
PD_train_0510_b01,D,train,0,A,0,1,1892,8043,0.2175075352448803,0.5735819935798645,0.8652018308639526,protocol_D/train/PD_train_0510_b01
PD_train_0511_b20,D,train,0,A,2,0,2767,11581,0.13729080439817556,0.48219597339630127,0.8543862104415894,protocol_D/train/PD_train_0511_b20
PD_train_0512_b10,D,train,0,A,1,0,2167,8869,0.1198168732633347,0.5109297633171082,0.8591273427009583,protocol_D/train/PD_train_0512_b10
PD_train_0513_b02,D,train,0,A,0,2,2267,9906,0.17407894529187515,0.5261262059211731,0.864459216594696,protocol_D/train/PD_train_0513_b02
PD_train_0514_b21,D,train,0,A,2,1,2810,11755,0.10170507866393211,0.4572106599807739,0.8563676476478577,protocol_D/train/PD_train_0514_b21
PD_train_0515_b22,D,train,0,A,2,2,2879,12050,0.12568835379719273,0.463833749294281,0.8551385998725891,protocol_D/train/PD_train_0515_b22
PD_train_0516_b11,D,train,0,A,1,1,2439,10230,0.12002751434703814,0.397176057100296,0.8562111258506775,protocol_D/train/PD_train_0516_b11
PD_train_0517_b00,D,train,0,A,0,0,1610,6503,1.0,0.5418422222137451,0.8633638620376587,protocol_D/train/PD_train_0517_b00
PD_train_0518_b12,D,train,0,A,1,2,2523,10734,0.13384403770760228,0.5274336338043213,0.8627892136573792,protocol_D/train/PD_train_0518_b12
PD_train_0519_b01,D,train,0,A,0,1,1928,8174,0.24872633160076965,0.5512588620185852,0.8664323687553406,protocol_D/train/PD_train_0519_b01
PD_train_0520_b20,D,train,0,A,2,0,2703,11353,0.2308290611698302,0.4560549557209015,0.8586110472679138,protocol_D/train/PD_train_0520_b20
PD_train_0521_b10,D,train,0,A,1,0,2373,9904,0.12524910483781604,0.5154784917831421,0.8570685982704163,protocol_D/train/PD_train_0521_b10
PD_train_0522_b02,D,train,0,A,0,2,2032,8706,0.11392343342216446,0.5286378264427185,0.8661546111106873,protocol_D/train/PD_train_0522_b02
PD_train_0523_b21,D,train,0,A,2,1,2828,11976,0.1470875927436356,0.51076740026474,0.8595763444900513,protocol_D/train/PD_train_0523_b21
PD_train_0524_b22,D,train,0,A,2,2,3137,13366,0.11464892515019823,0.4354484975337982,0.856866717338562,protocol_D/train/PD_train_0524_b22
PD_train_0525_b11,D,train,0,A,1,1,2578,11041,0.16522333861181687,0.4977915287017822,0.8632750511169434,protocol_D/train/PD_train_0525_b11
PD_train_0526_b00,D,train,0,A,0,0,1610,6503,1.0,0.5418422222137451,0.8633638620376587,protocol_D/train/PD_train_0526_b00
PD_train_0527_b12,D,train,0,A,1,2,2636,11388,0.1434506567296167,0.5550393462181091,0.8655734658241272,protocol_D/train/PD_train_0527_b12
PD_train_0528_b01,D,train,0,A,0,1,1852,7788,0.13160255288026682,0.5595881938934326,0.8652101159095764,protocol_D/train/PD_train_0528_b01
PD_train_0529_b20,D,train,0,A,2,0,2536,10287,0.10232063504544929,0.46015211939811707,0.8518552780151367,protocol_D/train/PD_train_0529_b20
PD_train_0530_b10,D,train,0,A,1,0,2381,10033,0.24854858565211543,0.5352242588996887,0.8616742491722107,protocol_D/train/PD_train_0530_b10
PD_train_0531_b02,D,train,0,A,0,2,2215,9694,0.18262369900102,0.49751490354537964,0.866690456867218,protocol_D/train/PD_train_0531_b02
PD_train_0532_b21,D,train,0,A,2,1,3076,13198,0.10949515215921402,0.453952431678772,0.8589127063751221,protocol_D/train/PD_train_0532_b21
PD_train_0533_b22,D,train,0,A,2,2,3081,13190,0.12185160702272502,0.44073498249053955,0.8572207689285278,protocol_D/train/PD_train_0533_b22
PD_train_0534_b11,D,train,0,A,1,1,2654,11426,0.13582377311912353,0.41861438751220703,0.8644974827766418,protocol_D/train/PD_train_0534_b11
PD_train_0535_b00,D,train,0,A,0,0,1610,6503,1.0,0.5418422222137451,0.8633638620376587,protocol_D/train/PD_train_0535_b00
PD_train_0536_b12,D,train,0,A,1,2,2641,11457,0.1620678103587238,0.5095477104187012,0.864095151424408,protocol_D/train/PD_train_0536_b12
PD_train_0537_b01,D,train,0,A,0,1,1895,7981,0.1697206361708391,0.5198293328285217,0.8652905821800232,protocol_D/train/PD_train_0537_b01
PD_train_0538_b20,D,train,0,A,2,0,2917,12397,0.2730971747959573,0.48787251114845276,0.8599598407745361,protocol_D/train/PD_train_0538_b20
PD_train_0539_b10,D,train,0,A,1,0,2121,8650,0.1072791145898317,0.3754723072052002,0.8562596440315247,protocol_D/train/PD_train_0539_b10
PD_train_0540_b02,D,train,0,A,0,2,2182,9555,0.17308011167637846,0.534379780292511,0.867927074432373,protocol_D/train/PD_train_0540_b02
PD_train_0541_b21,D,train,0,A,2,1,2961,12587,0.15499517946439997,0.4909887909889221,0.8590638637542725,protocol_D/train/PD_train_0541_b21
PD_train_0542_b22,D,train,0,A,2,2,3151,13520,0.11137702926990117,0.45976322889328003,0.8582944273948669,protocol_D/train/PD_train_0542_b22
PD_train_0543_b11,D,train,0,A,1,1,2503,10681,0.15558842332250852,0.4481166899204254,0.8628171682357788,protocol_D/train/PD_train_0543_b11
PD_train_0544_b00,D,train,0,A,0,0,1610,6503,1.0,0.5418422222137451,0.8633638620376587,protocol_D/train/PD_train_0544_b00
PD_train_0545_b12,D,train,0,A,1,2,2743,11880,0.11570513686539058,0.4810158908367157,0.8588153719902039,protocol_D/train/PD_train_0545_b12
PD_train_0546_b01,D,train,0,A,0,1,1898,7995,0.13880720643543606,0.5652329325675964,0.8641161322593689,protocol_D/train/PD_train_0546_b01
PD_train_0547_b20,D,train,0,A,2,0,2727,11436,0.23467501445865105,0.478094220161438,0.8592857718467712,protocol_D/train/PD_train_0547_b20
PD_train_0548_b10,D,train,0,A,1,0,2252,9486,0.28541658944489706,0.44852516055107117,0.8589180111885071,protocol_D/train/PD_train_0548_b10
PD_train_0549_b02,D,train,0,A,0,2,2048,8725,0.10997216300626617,0.4362567663192749,0.8650228977203369,protocol_D/train/PD_train_0549_b02
PD_train_0550_b21,D,train,0,A,2,1,2968,12671,0.1308905721940054,0.4569283425807953,0.8590558767318726,protocol_D/train/PD_train_0550_b21
PD_train_0551_b22,D,train,0,A,2,2,3192,13643,0.10008089293342493,0.5138473510742188,0.8570669889450073,protocol_D/train/PD_train_0551_b22
PD_train_0552_b11,D,train,0,A,1,1,2452,10398,0.15304443173816354,0.566755473613739,0.8609588146209717,protocol_D/train/PD_train_0552_b11
PD_train_0553_b00,D,train,0,A,0,0,1610,6503,1.0,0.5418422222137451,0.8633638620376587,protocol_D/train/PD_train_0553_b00
PD_train_0554_b12,D,train,0,A,1,2,2717,11650,0.11523235254968045,0.5181558132171631,0.857671320438385,protocol_D/train/PD_train_0554_b12
PD_train_0555_b01,D,train,0,A,0,1,1983,8416,0.18991267197107004,0.577562689781189,0.8673869967460632,protocol_D/train/PD_train_0555_b01
PD_train_0556_b20,D,train,0,A,2,0,2810,11874,0.12355953504801581,0.4258236885070801,0.8589111566543579,protocol_D/train/PD_train_0556_b20
PD_train_0557_b10,D,train,0,A,1,0,2329,9797,0.21311939919437212,0.5286056399345398,0.8607767224311829,protocol_D/train/PD_train_0557_b10
PD_train_0558_b02,D,train,0,A,0,2,2155,9282,0.1308691198107355,0.49348536133766174,0.8641903400421143,protocol_D/train/PD_train_0558_b02
PD_train_0559_b21,D,train,0,A,2,1,2995,12744,0.12240789481257791,0.425976425409317,0.8599984049797058,protocol_D/train/PD_train_0559_b21
PD_train_0560_b22,D,train,0,A,2,2,3093,13175,0.10200432292919091,0.4352317154407501,0.8566449284553528,protocol_D/train/PD_train_0560_b22
PD_train_0561_b11,D,train,0,A,1,1,2340,9755,0.1448014762036084,0.4520053267478943,0.8574804663658142,protocol_D/train/PD_train_0561_b11
PD_train_0562_b00,D,train,0,A,0,0,1610,6503,1.0,0.5418422222137451,0.8633638620376587,protocol_D/train/PD_train_0562_b00
PD_train_0563_b12,D,train,0,A,1,2,2655,11356,0.14025827305372546,0.5385181903839111,0.8578290343284607,protocol_D/train/PD_train_0563_b12
PD_train_0564_b01,D,train,0,A,0,1,1922,8157,0.21363292554171653,0.5519376993179321,0.864081084728241,protocol_D/train/PD_train_0564_b01
PD_train_0565_b20,D,train,0,A,2,0,2671,11144,0.20773307799567203,0.5012489557266235,0.854997456073761,protocol_D/train/PD_train_0565_b20
PD_train_0566_b10,D,train,0,A,1,0,2225,9268,0.32727213421070955,0.5433207154273987,0.8566597104072571,protocol_D/train/PD_train_0566_b10
PD_train_0567_b02,D,train,0,A,0,2,2067,8824,0.11928798620325487,0.5462692975997925,0.8654352426528931,protocol_D/train/PD_train_0567_b02
PD_train_0568_b21,D,train,0,A,2,1,2924,12250,0.10483425556523131,0.5159302353858948,0.8549333810806274,protocol_D/train/PD_train_0568_b21
PD_train_0569_b22,D,train,0,A,2,2,3003,12907,0.11384329505734592,0.4457930326461792,0.8601707816123962,protocol_D/train/PD_train_0569_b22
PD_train_0570_b11,D,train,0,A,1,1,2502,10763,0.17630520155808443,0.44938844442367554,0.8637381196022034,protocol_D/train/PD_train_0570_b11
PD_train_0571_b00,D,train,0,A,0,0,1610,6503,1.0,0.5418422222137451,0.8633638620376587,protocol_D/train/PD_train_0571_b00
PD_train_0572_b12,D,train,0,A,1,2,2561,11086,0.10819577016251236,0.4380791187286377,0.8615813851356506,protocol_D/train/PD_train_0572_b12
PD_train_0573_b01,D,train,0,A,0,1,1897,8074,0.15914698258367638,0.5181934237480164,0.8654140830039978,protocol_D/train/PD_train_0573_b01
PD_train_0574_b20,D,train,0,A,2,0,2836,12000,0.17697145211813653,0.49458935856819153,0.8586241602897644,protocol_D/train/PD_train_0574_b20
PD_train_0575_b10,D,train,0,A,1,0,2279,9483,0.14909121638064457,0.5325368046760559,0.8622119426727295,protocol_D/train/PD_train_0575_b10
PD_train_0576_b02,D,train,0,A,0,2,2151,9360,0.19245425209693745,0.5508043169975281,0.8672414422035217,protocol_D/train/PD_train_0576_b02
PD_train_0577_b21,D,train,0,A,2,1,2912,12185,0.11892245940903637,0.5091325640678406,0.8553691506385803,protocol_D/train/PD_train_0577_b21
PD_train_0578_b22,D,train,0,A,2,2,2924,12420,0.1151730086096979,0.4331326484680176,0.8557102680206299,protocol_D/train/PD_train_0578_b22
PD_train_0579_b11,D,train,0,A,1,1,2548,10953,0.10497387758102032,0.4650501012802124,0.8638246655464172,protocol_D/train/PD_train_0579_b11
PD_train_0580_b00,D,train,0,A,0,0,1610,6503,1.0,0.5418422222137451,0.8633638620376587,protocol_D/train/PD_train_0580_b00
PD_train_0581_b12,D,train,0,A,1,2,2645,11343,0.1299698141274454,0.4404997229576111,0.8619892597198486,protocol_D/train/PD_train_0581_b12
PD_train_0582_b01,D,train,0,A,0,1,1933,8215,0.21241124916689025,0.5702958703041077,0.8654342293739319,protocol_D/train/PD_train_0582_b01
PD_train_0583_b20,D,train,0,A,2,0,2843,12109,0.11061157685941,0.4722903072834015,0.8562929630279541,protocol_D/train/PD_train_0583_b20
PD_train_0584_b10,D,train,0,A,1,0,2367,9891,0.2068964080392224,0.5180685520172119,0.8605152368545532,protocol_D/train/PD_train_0584_b10
PD_train_0585_b02,D,train,0,A,0,2,2100,8975,0.14226174514507914,0.5429707765579224,0.8639588952064514,protocol_D/train/PD_train_0585_b02
PD_train_0586_b21,D,train,0,A,2,1,3002,12792,0.12884730467414715,0.4798906147480011,0.8581840991973877,protocol_D/train/PD_train_0586_b21
PD_train_0587_b22,D,train,0,A,2,2,3140,13311,0.11372312202293122,0.4619140923023224,0.8588401675224304,protocol_D/train/PD_train_0587_b22
PD_train_0588_b11,D,train,0,A,1,1,2440,10364,0.10311432923294861,0.3974117934703827,0.8605995774269104,protocol_D/train/PD_train_0588_b11
PD_train_0589_b00,D,train,0,A,0,0,1610,6503,1.0,0.5418422222137451,0.8633638620376587,protocol_D/train/PD_train_0589_b00
PD_train_0590_b12,D,train,0,A,1,2,2695,11609,0.10857776649987076,0.4720025956630707,0.8606045842170715,protocol_D/train/PD_train_0590_b12
PD_train_0591_b01,D,train,0,A,0,1,1847,7698,0.16532161716498023,0.5089012384414673,0.8637270331382751,protocol_D/train/PD_train_0591_b01
PD_train_0592_b20,D,train,0,A,2,0,2522,10357,0.1282471690675818,0.42955905199050903,0.8524154424667358,protocol_D/train/PD_train_0592_b20
PD_train_0593_b10,D,train,0,A,1,0,2137,8825,0.17681824862401918,0.543446958065033,0.8552902340888977,protocol_D/train/PD_train_0593_b10
PD_train_0594_b02,D,train,0,A,0,2,2293,10103,0.16989524778882947,0.5704997777938843,0.8661602139472961,protocol_D/train/PD_train_0594_b02
PD_train_0595_b21,D,train,0,A,2,1,2865,11953,0.11996112995741545,0.5208271145820618,0.8565860986709595,protocol_D/train/PD_train_0595_b21
PD_train_0596_b22,D,train,0,A,2,2,3072,13220,0.13254695765363939,0.5099853277206421,0.8587438464164734,protocol_D/train/PD_train_0596_b22
PD_train_0597_b11,D,train,0,A,1,1,2444,10237,0.16548807402860652,0.5277072191238403,0.859726071357727,protocol_D/train/PD_train_0597_b11
PD_train_0598_b00,D,train,0,A,0,0,1610,6503,1.0,0.5418422222137451,0.8633638620376587,protocol_D/train/PD_train_0598_b00
PD_train_0599_b12,D,train,0,A,1,2,2585,11143,0.1331154671546035,0.41405895352363586,0.8592976331710815,protocol_D/train/PD_train_0599_b12
PD_train_0600_b01,D,train,0,A,0,1,1928,8187,0.17600200238366584,0.5195789337158203,0.8678148984909058,protocol_D/train/PD_train_0600_b01
PD_train_0601_b20,D,train,0,A,2,0,2768,11712,0.18478808874499703,0.4535669982433319,0.8597913384437561,protocol_D/train/PD_train_0601_b20
PD_train_0602_b10,D,train,0,A,1,0,2103,8561,0.12103980031045464,0.4867873787879944,0.860209047794342,protocol_D/train/PD_train_0602_b10
PD_train_0603_b02,D,train,0,A,0,2,2023,8486,0.12344169843627689,0.5163164734840393,0.8582817316055298,protocol_D/train/PD_train_0603_b02
PD_train_0604_b21,D,train,0,A,2,1,2978,12747,0.11638859890751527,0.43236860632896423,0.8583559393882751,protocol_D/train/PD_train_0604_b21
PD_train_0605_b22,D,train,0,A,2,2,3212,13729,0.10813960798123962,0.45308470726013184,0.8590379357337952,protocol_D/train/PD_train_0605_b22
PD_train_0606_b11,D,train,0,A,1,1,2523,10901,0.2115128149208353,0.4756007790565491,0.8615033626556396,protocol_D/train/PD_train_0606_b11
PD_train_0607_b00,D,train,0,A,0,0,1610,6503,1.0,0.5418422222137451,0.8633638620376587,protocol_D/train/PD_train_0607_b00
PD_train_0608_b12,D,train,0,A,1,2,2617,11297,0.1136963141118747,0.46675243973731995,0.8626607656478882,protocol_D/train/PD_train_0608_b12
PD_train_0609_b01,D,train,0,A,0,1,1860,7873,0.2785029132022093,0.5517141819000244,0.8678644895553589,protocol_D/train/PD_train_0609_b01
PD_train_0610_b20,D,train,0,A,2,0,2692,11212,0.16363634016077452,0.48773622512817383,0.8571457862854004,protocol_D/train/PD_train_0610_b20
PD_train_0611_b10,D,train,0,A,1,0,2271,9486,0.2249018127985112,0.5163359642028809,0.8602609634399414,protocol_D/train/PD_train_0611_b10
PD_train_0612_b02,D,train,0,A,0,2,2201,9645,0.15385432352975884,0.5608128905296326,0.8678310513496399,protocol_D/train/PD_train_0612_b02
PD_train_0613_b21,D,train,0,A,2,1,2909,12389,0.13203593292306895,0.4621295630931854,0.8600807189941406,protocol_D/train/PD_train_0613_b21
PD_train_0614_b22,D,train,0,A,2,2,2871,12107,0.1365956090323051,0.5081501603126526,0.8546334505081177,protocol_D/train/PD_train_0614_b22
PD_train_0615_b11,D,train,0,A,1,1,2489,10556,0.15199878606654105,0.3837987184524536,0.8628321886062622,protocol_D/train/PD_train_0615_b11
PD_train_0616_b00,D,train,0,A,0,0,1610,6503,1.0,0.5418422222137451,0.8633638620376587,protocol_D/train/PD_train_0616_b00
PD_train_0617_b12,D,train,0,A,1,2,2560,10814,0.12363357957822976,0.4621087908744812,0.8573545217514038,protocol_D/train/PD_train_0617_b12
PD_train_0618_b01,D,train,0,A,0,1,1889,7965,0.2225890843493708,0.5049638152122498,0.8634860515594482,protocol_D/train/PD_train_0618_b01
PD_train_0619_b20,D,train,0,A,2,0,2809,11776,0.14112414494453315,0.5164082646369934,0.8605713248252869,protocol_D/train/PD_train_0619_b20
PD_train_0620_b10,D,train,0,A,1,0,2353,9813,0.11577086147549484,0.5039480924606323,0.8606917858123779,protocol_D/train/PD_train_0620_b10
PD_train_0621_b02,D,train,0,A,0,2,1998,8487,0.13311042232700881,0.5569535493850708,0.8650062084197998,protocol_D/train/PD_train_0621_b02
PD_train_0622_b21,D,train,0,A,2,1,2903,12390,0.11201687401059804,0.4823983907699585,0.8582003116607666,protocol_D/train/PD_train_0622_b21
PD_train_0623_b22,D,train,0,A,2,2,3242,14014,0.1066962447707684,0.4444948732852936,0.8588249087333679,protocol_D/train/PD_train_0623_b22
PD_train_0624_b11,D,train,0,A,1,1,2373,9978,0.11773759022090063,0.4977441132068634,0.8605974912643433,protocol_D/train/PD_train_0624_b11
PD_train_0625_b00,D,train,0,A,0,0,1610,6503,1.0,0.5418422222137451,0.8633638620376587,protocol_D/train/PD_train_0625_b00
PD_train_0626_b12,D,train,0,A,1,2,2593,11170,0.1422700148513232,0.45400214195251465,0.8611979484558105,protocol_D/train/PD_train_0626_b12
PD_train_0627_b01,D,train,0,A,0,1,1915,8109,0.23701822989423335,0.5594914555549622,0.8663027882575989,protocol_D/train/PD_train_0627_b01
PD_train_0628_b20,D,train,0,A,2,0,2779,11776,0.24388594978488604,0.5300763845443726,0.8580580949783325,protocol_D/train/PD_train_0628_b20
PD_train_0629_b10,D,train,0,A,1,0,2251,9287,0.15291202473002186,0.44458621740341187,0.8574544787406921,protocol_D/train/PD_train_0629_b10
PD_train_0630_b02,D,train,0,A,0,2,2150,9407,0.17253020328912072,0.5344414114952087,0.8676267266273499,protocol_D/train/PD_train_0630_b02
PD_train_0631_b21,D,train,0,A,2,1,2859,11994,0.12491683936290152,0.4231969714164734,0.8566526174545288,protocol_D/train/PD_train_0631_b21
PD_train_0632_b22,D,train,0,A,2,2,3099,13150,0.11127415444158811,0.4879937767982483,0.8533458709716797,protocol_D/train/PD_train_0632_b22
PD_train_0633_b11,D,train,0,A,1,1,2621,11230,0.11857111707562842,0.48502033948898315,0.8609409928321838,protocol_D/train/PD_train_0633_b11
PD_train_0634_b00,D,train,0,A,0,0,1610,6503,1.0,0.5418422222137451,0.8633638620376587,protocol_D/train/PD_train_0634_b00
PD_train_0635_b12,D,train,0,A,1,2,2697,11505,0.10568026782086185,0.45837777853012085,0.86002516746521,protocol_D/train/PD_train_0635_b12
PD_train_0636_b01,D,train,0,A,0,1,1820,7569,0.15994225100971413,0.5433679819107056,0.8597443699836731,protocol_D/train/PD_train_0636_b01
PD_train_0637_b20,D,train,0,A,2,0,2622,10926,0.1695174664534138,0.41989865899086,0.8535306453704834,protocol_D/train/PD_train_0637_b20
PD_train_0638_b10,D,train,0,A,1,0,2357,9884,0.3446188454597642,0.46217429637908936,0.8600909113883972,protocol_D/train/PD_train_0638_b10
PD_train_0639_b02,D,train,0,A,0,2,2073,8905,0.1444169188756888,0.5508719086647034,0.866070568561554,protocol_D/train/PD_train_0639_b02
PD_train_0640_b21,D,train,0,A,2,1,2917,12476,0.1546464817352266,0.44560545682907104,0.8563635945320129,protocol_D/train/PD_train_0640_b21
PD_train_0641_b22,D,train,0,A,2,2,3063,13122,0.12029620167279952,0.4065147042274475,0.8586013317108154,protocol_D/train/PD_train_0641_b22
PD_train_0642_b11,D,train,0,A,1,1,2535,10868,0.1504794443942944,0.5378743410110474,0.8630185127258301,protocol_D/train/PD_train_0642_b11
PD_train_0643_b00,D,train,0,A,0,0,1610,6503,1.0,0.5418422222137451,0.8633638620376587,protocol_D/train/PD_train_0643_b00
PD_train_0644_b12,D,train,0,A,1,2,2636,11306,0.10030197817958586,0.407737672328949,0.8606753945350647,protocol_D/train/PD_train_0644_b12
PD_train_0645_b01,D,train,0,A,0,1,1894,7976,0.21913408196549067,0.5729663968086243,0.8679186701774597,protocol_D/train/PD_train_0645_b01
PD_train_0646_b20,D,train,0,A,2,0,2974,12746,0.17953023545546548,0.4379076063632965,0.8607156276702881,protocol_D/train/PD_train_0646_b20
PD_train_0647_b10,D,train,0,A,1,0,2298,9616,0.12090162637741975,0.4639517366886139,0.8599762320518494,protocol_D/train/PD_train_0647_b10
PD_train_0648_b02,D,train,0,A,0,2,2180,9422,0.10330274595576278,0.5370100736618042,0.8611109256744385,protocol_D/train/PD_train_0648_b02
PD_train_0649_b21,D,train,0,A,2,1,2928,12565,0.12649012919477942,0.42340990900993347,0.8584308624267578,protocol_D/train/PD_train_0649_b21
PD_train_0650_b22,D,train,0,A,2,2,3183,13759,0.13392196247328028,0.3925522267818451,0.8615345358848572,protocol_D/train/PD_train_0650_b22
PD_train_0651_b11,D,train,0,A,1,1,2561,11058,0.20058762369065342,0.552139937877655,0.8652647733688354,protocol_D/train/PD_train_0651_b11
PD_train_0652_b00,D,train,0,A,0,0,1610,6503,1.0,0.5418422222137451,0.8633638620376587,protocol_D/train/PD_train_0652_b00
PD_train_0653_b12,D,train,0,A,1,2,2770,12055,0.10258356265222995,0.4682661294937134,0.8662036657333374,protocol_D/train/PD_train_0653_b12
PD_train_0654_b01,D,train,0,A,0,1,1884,7909,0.17486847697068467,0.5841740369796753,0.8646766543388367,protocol_D/train/PD_train_0654_b01
PD_train_0655_b20,D,train,0,A,2,0,2756,11671,0.26390135822361604,0.5011464357376099,0.8596025705337524,protocol_D/train/PD_train_0655_b20
PD_train_0656_b10,D,train,0,A,1,0,2144,8809,0.20905500751039272,0.46231067180633545,0.8582907319068909,protocol_D/train/PD_train_0656_b10
PD_train_0657_b02,D,train,0,A,0,2,2190,9562,0.11291140310254036,0.52939772605896,0.8661532402038574,protocol_D/train/PD_train_0657_b02
PD_train_0658_b21,D,train,0,A,2,1,3003,12827,0.1357257366167634,0.4538603127002716,0.8597148656845093,protocol_D/train/PD_train_0658_b21
PD_train_0659_b22,D,train,0,A,2,2,3029,12873,0.10466500487242723,0.42930951714515686,0.8590550422668457,protocol_D/train/PD_train_0659_b22
PD_train_0660_b11,D,train,0,A,1,1,2562,10960,0.10680880429606181,0.47094064950942993,0.8616878986358643,protocol_D/train/PD_train_0660_b11
PD_train_0661_b00,D,train,0,A,0,0,1610,6503,1.0,0.5418422222137451,0.8633638620376587,protocol_D/train/PD_train_0661_b00
PD_train_0662_b12,D,train,0,A,1,2,2776,11979,0.15036558327518545,0.5567998290061951,0.8641833662986755,protocol_D/train/PD_train_0662_b12
PD_train_0663_b01,D,train,0,A,0,1,1857,7789,0.1301130383368863,0.5704872012138367,0.8654613494873047,protocol_D/train/PD_train_0663_b01
PD_train_0664_b20,D,train,0,A,2,0,2721,11300,0.1069516259376907,0.43617403507232666,0.8564877510070801,protocol_D/train/PD_train_0664_b20
PD_train_0665_b10,D,train,0,A,1,0,2243,9515,0.2653030284721418,0.45152658224105835,0.8624209761619568,protocol_D/train/PD_train_0665_b10
PD_train_0666_b02,D,train,0,A,0,2,2022,8588,0.12277634761536091,0.5330159664154053,0.8641807436943054,protocol_D/train/PD_train_0666_b02
PD_train_0667_b21,D,train,0,A,2,1,2930,12423,0.11646141458354814,0.47143906354904175,0.8576295375823975,protocol_D/train/PD_train_0667_b21
PD_train_0668_b22,D,train,0,A,2,2,3018,12918,0.10087372332951094,0.5198187828063965,0.858273446559906,protocol_D/train/PD_train_0668_b22
PD_train_0669_b11,D,train,0,A,1,1,2538,10900,0.1451726843202183,0.4369979798793793,0.8605126738548279,protocol_D/train/PD_train_0669_b11
PD_train_0670_b00,D,train,0,A,0,0,1610,6503,1.0,0.5418422222137451,0.8633638620376587,protocol_D/train/PD_train_0670_b00
PD_train_0671_b12,D,train,0,A,1,2,2817,12210,0.1116740580117699,0.49160605669021606,0.8626906871795654,protocol_D/train/PD_train_0671_b12
PD_train_0672_b01,D,train,0,A,0,1,1854,7786,0.15077146100313027,0.5377959609031677,0.8664641976356506,protocol_D/train/PD_train_0672_b01
PD_train_0673_b20,D,train,0,A,2,0,2671,11182,0.10401994175564687,0.4465934634208679,0.8562532663345337,protocol_D/train/PD_train_0673_b20
PD_train_0674_b10,D,train,0,A,1,0,2348,9806,0.13023981052085798,0.5201503038406372,0.8609222173690796,protocol_D/train/PD_train_0674_b10
PD_train_0675_b02,D,train,0,A,0,2,2234,9741,0.10975622508187913,0.4646145701408386,0.8663586974143982,protocol_D/train/PD_train_0675_b02
PD_train_0676_b21,D,train,0,A,2,1,2949,12566,0.1439106802913193,0.5246846079826355,0.8586847186088562,protocol_D/train/PD_train_0676_b21
PD_train_0677_b22,D,train,0,A,2,2,3090,13148,0.11979962055399407,0.4829789698123932,0.8593824505805969,protocol_D/train/PD_train_0677_b22
PD_train_0678_b11,D,train,0,A,1,1,2612,11327,0.14230877445328655,0.5217586755752563,0.864625871181488,protocol_D/train/PD_train_0678_b11
PD_train_0679_b00,D,train,0,A,0,0,1610,6503,1.0,0.5418422222137451,0.8633638620376587,protocol_D/train/PD_train_0679_b00
PD_train_0680_b12,D,train,0,A,1,2,2632,11238,0.12888652939662307,0.4872654974460602,0.860678493976593,protocol_D/train/PD_train_0680_b12
PD_train_0681_b01,D,train,0,A,0,1,1910,8138,0.14288973409796313,0.5550825595855713,0.865322470664978,protocol_D/train/PD_train_0681_b01
PD_train_0682_b20,D,train,0,A,2,0,2836,12020,0.1295503251501916,0.4544619917869568,0.860187292098999,protocol_D/train/PD_train_0682_b20
PD_train_0683_b10,D,train,0,A,1,0,2266,9463,0.3175558860973141,0.5021969676017761,0.860560417175293,protocol_D/train/PD_train_0683_b10
PD_train_0684_b02,D,train,0,A,0,2,2093,8884,0.10415886647758096,0.5277529358863831,0.8633832931518555,protocol_D/train/PD_train_0684_b02
PD_train_0685_b21,D,train,0,A,2,1,2866,12054,0.11562585966849384,0.4949386715888977,0.8546456098556519,protocol_D/train/PD_train_0685_b21
PD_train_0686_b22,D,train,0,A,2,2,3119,13353,0.11586200710583387,0.5050830245018005,0.8557019233703613,protocol_D/train/PD_train_0686_b22
PD_train_0687_b11,D,train,0,A,1,1,2527,10895,0.1968159833875644,0.5589635968208313,0.8639142513275146,protocol_D/train/PD_train_0687_b11
PD_train_0688_b00,D,train,0,A,0,0,1610,6503,1.0,0.5418422222137451,0.8633638620376587,protocol_D/train/PD_train_0688_b00
PD_train_0689_b12,D,train,0,A,1,2,2726,11711,0.12128928708893577,0.41274210810661316,0.85926353931427,protocol_D/train/PD_train_0689_b12
PD_train_0690_b01,D,train,0,A,0,1,1964,8240,0.12665256964076965,0.5050579309463501,0.8619062900543213,protocol_D/train/PD_train_0690_b01
PD_train_0691_b20,D,train,0,A,2,0,2772,11711,0.11103226621432079,0.45680513978004456,0.85596764087677,protocol_D/train/PD_train_0691_b20
PD_train_0692_b10,D,train,0,A,1,0,2331,9860,0.3053908816894388,0.4646562933921814,0.8597276210784912,protocol_D/train/PD_train_0692_b10
PD_train_0693_b02,D,train,0,A,0,2,2114,9046,0.127541972500828,0.5196132063865662,0.8631885051727295,protocol_D/train/PD_train_0693_b02
PD_train_0694_b21,D,train,0,A,2,1,2722,11239,0.11040401833358804,0.47125792503356934,0.8541403412818909,protocol_D/train/PD_train_0694_b21
PD_train_0695_b22,D,train,0,A,2,2,3226,13905,0.13837526427583385,0.45619437098503113,0.8606722950935364,protocol_D/train/PD_train_0695_b22
PD_train_0696_b11,D,train,0,A,1,1,2378,9990,0.10632890546503058,0.4372765123844147,0.8572264909744263,protocol_D/train/PD_train_0696_b11
PD_train_0697_b00,D,train,0,A,0,0,1610,6503,1.0,0.5418422222137451,0.8633638620376587,protocol_D/train/PD_train_0697_b00
PD_train_0698_b12,D,train,0,A,1,2,2592,11151,0.11371694173620858,0.5165178775787354,0.8641135692596436,protocol_D/train/PD_train_0698_b12
PD_train_0699_b01,D,train,0,A,0,1,1883,7977,0.16704791934306665,0.5658639669418335,0.868449866771698,protocol_D/train/PD_train_0699_b01
PD_train_0700_b20,D,train,0,A,2,0,2609,10864,0.1428831382156615,0.4021582305431366,0.8535640835762024,protocol_D/train/PD_train_0700_b20
PD_train_0701_b10,D,train,0,A,1,0,2305,9684,0.1704951287417674,0.5475778579711914,0.8637845516204834,protocol_D/train/PD_train_0701_b10
PD_train_0702_b02,D,train,0,A,0,2,2119,9069,0.10625286405784595,0.5503377318382263,0.8656266331672668,protocol_D/train/PD_train_0702_b02
PD_train_0703_b21,D,train,0,A,2,1,2994,12728,0.12242615945405648,0.46989697217941284,0.8599918484687805,protocol_D/train/PD_train_0703_b21
PD_train_0704_b22,D,train,0,A,2,2,3027,12809,0.10098500642275982,0.42374664545059204,0.8535308837890625,protocol_D/train/PD_train_0704_b22
PD_train_0705_b11,D,train,0,A,1,1,2535,10827,0.13521424644417196,0.4946556091308594,0.8619694113731384,protocol_D/train/PD_train_0705_b11
PD_train_0706_b00,D,train,0,A,0,0,1610,6503,1.0,0.5418422222137451,0.8633638620376587,protocol_D/train/PD_train_0706_b00
PD_train_0707_b12,D,train,0,A,1,2,2582,11142,0.1258838218966124,0.5053141713142395,0.8606021404266357,protocol_D/train/PD_train_0707_b12
PD_train_0708_b01,D,train,0,A,0,1,1905,8102,0.23343840496832935,0.5673144459724426,0.8672093152999878,protocol_D/train/PD_train_0708_b01
PD_train_0709_b20,D,train,0,A,2,0,2805,11924,0.2705224392076656,0.5398551821708679,0.8612427711486816,protocol_D/train/PD_train_0709_b20
PD_train_0710_b10,D,train,0,A,1,0,2334,9783,0.12498666786435805,0.49447453022003174,0.8600777387619019,protocol_D/train/PD_train_0710_b10
PD_train_0711_b02,D,train,0,A,0,2,2195,9568,0.16908945028800126,0.514657735824585,0.863968551158905,protocol_D/train/PD_train_0711_b02
PD_train_0712_b21,D,train,0,A,2,1,3148,13400,0.12194045065108758,0.44925984740257263,0.8581186532974243,protocol_D/train/PD_train_0712_b21
PD_train_0713_b22,D,train,0,A,2,2,2998,12644,0.10756566941855124,0.4778998792171478,0.8545360565185547,protocol_D/train/PD_train_0713_b22
PD_train_0714_b11,D,train,0,A,1,1,2511,10809,0.14223227301206545,0.5514095425605774,0.8618510365486145,protocol_D/train/PD_train_0714_b11
PD_train_0715_b00,D,train,0,A,0,0,1610,6503,1.0,0.5418422222137451,0.8633638620376587,protocol_D/train/PD_train_0715_b00
PD_train_0716_b12,D,train,0,A,1,2,2578,11045,0.10386024796885354,0.46390417218208313,0.8606256246566772,protocol_D/train/PD_train_0716_b12
PD_train_0717_b01,D,train,0,A,0,1,1873,7929,0.18074982887147661,0.5355949997901917,0.8659940958023071,protocol_D/train/PD_train_0717_b01
PD_train_0718_b20,D,train,0,A,2,0,2701,11373,0.19189978326933116,0.5029658079147339,0.8582111597061157,protocol_D/train/PD_train_0718_b20
PD_train_0719_b10,D,train,0,A,1,0,2181,9095,0.23709813134046687,0.4573381245136261,0.860162079334259,protocol_D/train/PD_train_0719_b10
PD_train_0720_b02,D,train,0,A,0,2,2191,9550,0.1666927741169492,0.5560149550437927,0.8650642037391663,protocol_D/train/PD_train_0720_b02
PD_train_0721_b21,D,train,0,A,2,1,2942,12458,0.10071654647156247,0.48507067561149597,0.8570418357849121,protocol_D/train/PD_train_0721_b21
PD_train_0722_b22,D,train,0,A,2,2,3066,13098,0.11407988603001504,0.4625697433948517,0.8604001998901367,protocol_D/train/PD_train_0722_b22
PD_train_0723_b11,D,train,0,A,1,1,2563,11133,0.20871158397272585,0.5271140933036804,0.8671534657478333,protocol_D/train/PD_train_0723_b11
PD_train_0724_b00,D,train,0,A,0,0,1610,6503,1.0,0.5418422222137451,0.8633638620376587,protocol_D/train/PD_train_0724_b00
PD_train_0725_b12,D,train,0,A,1,2,2666,11503,0.13742016207995575,0.5463667511940002,0.8627414107322693,protocol_D/train/PD_train_0725_b12
PD_train_0726_b01,D,train,0,A,0,1,1817,7590,0.18717088458827824,0.5820286273956299,0.8647741079330444,protocol_D/train/PD_train_0726_b01
PD_train_0727_b20,D,train,0,A,2,0,2921,12514,0.13816129521841547,0.4746484160423279,0.8595491647720337,protocol_D/train/PD_train_0727_b20
PD_train_0728_b10,D,train,0,A,1,0,2264,9507,0.3486876050658579,0.5562834143638611,0.8596543073654175,protocol_D/train/PD_train_0728_b10
PD_train_0729_b02,D,train,0,A,0,2,2223,9689,0.11548075526855509,0.5640846490859985,0.8687549233436584,protocol_D/train/PD_train_0729_b02
PD_train_0730_b21,D,train,0,A,2,1,2860,12230,0.1407815841945969,0.4291490912437439,0.8557802438735962,protocol_D/train/PD_train_0730_b21
PD_train_0731_b22,D,train,0,A,2,2,3124,13254,0.11223022430043955,0.4942561984062195,0.8572049140930176,protocol_D/train/PD_train_0731_b22
PD_train_0732_b11,D,train,0,A,1,1,2542,10956,0.12066351319878622,0.4142068326473236,0.8588120341300964,protocol_D/train/PD_train_0732_b11
PD_train_0733_b00,D,train,0,A,0,0,1610,6503,1.0,0.5418422222137451,0.8633638620376587,protocol_D/train/PD_train_0733_b00
PD_train_0734_b12,D,train,0,A,1,2,2589,11167,0.10618050212487318,0.5171544551849365,0.8593482375144958,protocol_D/train/PD_train_0734_b12
PD_train_0735_b01,D,train,0,A,0,1,1933,8110,0.19292238112741522,0.5606845021247864,0.8633384704589844,protocol_D/train/PD_train_0735_b01
PD_train_0736_b20,D,train,0,A,2,0,2703,11313,0.17174098088580084,0.5465666055679321,0.8559708595275879,protocol_D/train/PD_train_0736_b20
PD_train_0737_b10,D,train,0,A,1,0,2181,8939,0.10112602142034703,0.5155196785926819,0.8578594326972961,protocol_D/train/PD_train_0737_b10
PD_train_0738_b02,D,train,0,A,0,2,2184,9539,0.25416525861956357,0.5124008655548096,0.8663300275802612,protocol_D/train/PD_train_0738_b02
PD_train_0739_b21,D,train,0,A,2,1,2902,12331,0.12245090944769782,0.4874570071697235,0.8589853644371033,protocol_D/train/PD_train_0739_b21
PD_train_0740_b22,D,train,0,A,2,2,3258,13865,0.12136655519311487,0.4620846211910248,0.857243001461029,protocol_D/train/PD_train_0740_b22
PD_train_0741_b11,D,train,0,A,1,1,2532,10882,0.18400644445831238,0.40744689106941223,0.8636733293533325,protocol_D/train/PD_train_0741_b11
PD_train_0742_b00,D,train,0,A,0,0,1610,6503,1.0,0.5418422222137451,0.8633638620376587,protocol_D/train/PD_train_0742_b00
PD_train_0743_b12,D,train,0,A,1,2,2706,11714,0.13536733858817546,0.4293602406978607,0.8612639904022217,protocol_D/train/PD_train_0743_b12
PD_train_0744_b01,D,train,0,A,0,1,1843,7712,0.1382660157609707,0.5520011782646179,0.8602916598320007,protocol_D/train/PD_train_0744_b01
PD_train_0745_b20,D,train,0,A,2,0,2577,10586,0.12848808421466562,0.431280255317688,0.8559678196907043,protocol_D/train/PD_train_0745_b20
PD_train_0746_b10,D,train,0,A,1,0,2178,9020,0.2245853585473914,0.5037967562675476,0.8601325750350952,protocol_D/train/PD_train_0746_b10
PD_train_0747_b02,D,train,0,A,0,2,2198,9663,0.26405699216984907,0.48970088362693787,0.8711121678352356,protocol_D/train/PD_train_0747_b02
PD_train_0748_b21,D,train,0,A,2,1,2972,12649,0.11370256902049658,0.45171916484832764,0.8570435047149658,protocol_D/train/PD_train_0748_b21
PD_train_0749_b22,D,train,0,A,2,2,3024,12856,0.1621044066611746,0.49426472187042236,0.8559390902519226,protocol_D/train/PD_train_0749_b22
PD_train_0750_b11,D,train,0,A,1,1,2458,10402,0.1020123137840458,0.5248417854309082,0.8590673208236694,protocol_D/train/PD_train_0750_b11
PD_train_0751_b00,D,train,0,A,0,0,1610,6503,1.0,0.5418422222137451,0.8633638620376587,protocol_D/train/PD_train_0751_b00
PD_train_0752_b12,D,train,0,A,1,2,2717,11666,0.11995307716032047,0.4464225769042969,0.8603033423423767,protocol_D/train/PD_train_0752_b12
PD_train_0753_b01,D,train,0,A,0,1,1899,8022,0.1493219162161436,0.5420026779174805,0.8669934272766113,protocol_D/train/PD_train_0753_b01
PD_train_0754_b20,D,train,0,A,2,0,2831,11901,0.11021826699865422,0.4377140700817108,0.8562968969345093,protocol_D/train/PD_train_0754_b20
PD_train_0755_b10,D,train,0,A,1,0,2282,9502,0.15575664300013267,0.5052937269210815,0.8608782887458801,protocol_D/train/PD_train_0755_b10
PD_train_0756_b02,D,train,0,A,0,2,2148,9319,0.1115705375133284,0.5536448955535889,0.8673669099807739,protocol_D/train/PD_train_0756_b02
PD_train_0757_b21,D,train,0,A,2,1,2915,12329,0.10846697661907728,0.4757651686668396,0.8593335151672363,protocol_D/train/PD_train_0757_b21
PD_train_0758_b22,D,train,0,A,2,2,3120,13322,0.14064126559275306,0.476601779460907,0.8599181771278381,protocol_D/train/PD_train_0758_b22
PD_train_0759_b11,D,train,0,A,1,1,2582,11261,0.26136944409818813,0.5753617882728577,0.8676556348800659,protocol_D/train/PD_train_0759_b11
PD_train_0760_b00,D,train,0,A,0,0,1610,6503,1.0,0.5418422222137451,0.8633638620376587,protocol_D/train/PD_train_0760_b00
PD_train_0761_b12,D,train,0,A,1,2,2712,11684,0.10090244452212158,0.5006687641143799,0.8591415286064148,protocol_D/train/PD_train_0761_b12
PD_train_0762_b01,D,train,0,A,0,1,2015,8563,0.12809211578478674,0.5342817902565002,0.863884687423706,protocol_D/train/PD_train_0762_b01
PD_train_0763_b20,D,train,0,A,2,0,2585,10567,0.11467004840936527,0.46158063411712646,0.854581356048584,protocol_D/train/PD_train_0763_b20
PD_train_0764_b10,D,train,0,A,1,0,2308,9702,0.35059762402083317,0.5289572477340698,0.8617006540298462,protocol_D/train/PD_train_0764_b10
PD_train_0765_b02,D,train,0,A,0,2,2095,8950,0.1098728059467736,0.5645601749420166,0.8626217842102051,protocol_D/train/PD_train_0765_b02
PD_train_0766_b21,D,train,0,A,2,1,3087,13181,0.10248433031849502,0.4627029597759247,0.8584311008453369,protocol_D/train/PD_train_0766_b21
PD_train_0767_b22,D,train,0,A,2,2,2979,12751,0.10237517061897411,0.4940001964569092,0.8577825427055359,protocol_D/train/PD_train_0767_b22
PD_train_0768_b11,D,train,0,A,1,1,2510,10824,0.19693488983636193,0.4142254590988159,0.8642144799232483,protocol_D/train/PD_train_0768_b11
PD_train_0769_b00,D,train,0,A,0,0,1610,6503,1.0,0.5418422222137451,0.8633638620376587,protocol_D/train/PD_train_0769_b00
PD_train_0770_b12,D,train,0,A,1,2,2601,11102,0.10311596578214144,0.4823732078075409,0.8617255687713623,protocol_D/train/PD_train_0770_b12
PD_train_0771_b01,D,train,0,A,0,1,1889,7816,0.11224136554366962,0.5227451324462891,0.858150839805603,protocol_D/train/PD_train_0771_b01
PD_train_0772_b20,D,train,0,A,2,0,2819,11868,0.26284512957452605,0.39556822180747986,0.861533522605896,protocol_D/train/PD_train_0772_b20
PD_train_0773_b10,D,train,0,A,1,0,2292,9576,0.24262707794665836,0.4303821623325348,0.8590892553329468,protocol_D/train/PD_train_0773_b10
PD_train_0774_b02,D,train,0,A,0,2,2247,9859,0.1349753076591167,0.517382800579071,0.8659417033195496,protocol_D/train/PD_train_0774_b02
PD_train_0775_b21,D,train,0,A,2,1,3051,13013,0.14324013160283466,0.4903138279914856,0.858015775680542,protocol_D/train/PD_train_0775_b21
PD_train_0776_b22,D,train,0,A,2,2,3132,13335,0.10162172347604542,0.4520636796951294,0.8576194047927856,protocol_D/train/PD_train_0776_b22
PD_train_0777_b11,D,train,0,A,1,1,2473,10546,0.14261883972902253,0.536941409111023,0.8638068437576294,protocol_D/train/PD_train_0777_b11
PD_train_0778_b00,D,train,0,A,0,0,1610,6503,1.0,0.5418422222137451,0.8633638620376587,protocol_D/train/PD_train_0778_b00
PD_train_0779_b12,D,train,0,A,1,2,2568,10977,0.14116942200088312,0.4977201819419861,0.8602888584136963,protocol_D/train/PD_train_0779_b12
PD_train_0780_b01,D,train,0,A,0,1,2008,8554,0.11777631609166384,0.5560864806175232,0.8660457134246826,protocol_D/train/PD_train_0780_b01
PD_train_0781_b20,D,train,0,A,2,0,2673,11092,0.15310905932597774,0.4475114047527313,0.857720673084259,protocol_D/train/PD_train_0781_b20
PD_train_0782_b10,D,train,0,A,1,0,2208,9207,0.1385395487671741,0.44774383306503296,0.8604077696800232,protocol_D/train/PD_train_0782_b10
PD_train_0783_b02,D,train,0,A,0,2,2107,8947,0.10713564810730183,0.5726970434188843,0.8634935617446899,protocol_D/train/PD_train_0783_b02
PD_train_0784_b21,D,train,0,A,2,1,2928,12384,0.10074509897683227,0.4350603222846985,0.8561457991600037,protocol_D/train/PD_train_0784_b21
PD_train_0785_b22,D,train,0,A,2,2,3047,13071,0.1029590351602166,0.5087878108024597,0.8585737943649292,protocol_D/train/PD_train_0785_b22
PD_train_0786_b11,D,train,0,A,1,1,2487,10676,0.14287636438764914,0.39718320965766907,0.8625162839889526,protocol_D/train/PD_train_0786_b11
PD_train_0787_b00,D,train,0,A,0,0,1610,6503,1.0,0.5418422222137451,0.8633638620376587,protocol_D/train/PD_train_0787_b00
PD_train_0788_b12,D,train,0,A,1,2,2614,11226,0.11941497947948568,0.4960818290710449,0.8589729070663452,protocol_D/train/PD_train_0788_b12
PD_train_0789_b01,D,train,0,A,0,1,1819,7594,0.2284902611953889,0.5297613143920898,0.8649641871452332,protocol_D/train/PD_train_0789_b01
PD_train_0790_b20,D,train,0,A,2,0,2863,12167,0.1351823506614405,0.5179704427719116,0.8605060577392578,protocol_D/train/PD_train_0790_b20
PD_train_0791_b10,D,train,0,A,1,0,2279,9539,0.1736003297219768,0.4371820092201233,0.859765887260437,protocol_D/train/PD_train_0791_b10
PD_train_0792_b02,D,train,0,A,0,2,2044,8583,0.10420945969016338,0.45378971099853516,0.8587883114814758,protocol_D/train/PD_train_0792_b02
PD_train_0793_b21,D,train,0,A,2,1,2792,11746,0.1390850636327339,0.48771020770072937,0.8583673238754272,protocol_D/train/PD_train_0793_b21
PD_train_0794_b22,D,train,0,A,2,2,2966,12715,0.10593022936072852,0.4690329134464264,0.8575723171234131,protocol_D/train/PD_train_0794_b22
PD_train_0795_b11,D,train,0,A,1,1,2564,11051,0.22932784195307,0.5287245512008667,0.8654448986053467,protocol_D/train/PD_train_0795_b11
PD_train_0796_b00,D,train,0,A,0,0,1610,6503,1.0,0.5418422222137451,0.8633638620376587,protocol_D/train/PD_train_0796_b00
PD_train_0797_b12,D,train,0,A,1,2,2620,11209,0.11153851568124074,0.4190528988838196,0.8616353869438171,protocol_D/train/PD_train_0797_b12
PD_train_0798_b01,D,train,0,A,0,1,1869,7870,0.10399228185372357,0.5553781390190125,0.8641965985298157,protocol_D/train/PD_train_0798_b01
PD_train_0799_b20,D,train,0,A,2,0,2694,11209,0.11641703354741602,0.5322350263595581,0.8551127910614014,protocol_D/train/PD_train_0799_b20
PD_validation_0000_b12,D,validation,0,A,1,2,2720,11833,0.11205614415787338,0.49968189001083374,0.8601398468017578,protocol_D/validation/PD_validation_0000_b12
PD_validation_0001_b01,D,validation,0,A,0,1,1938,8108,0.11039668531013824,0.4744797945022583,0.8625605702400208,protocol_D/validation/PD_validation_0001_b01
PD_validation_0002_b00,D,validation,0,A,0,0,1610,6503,1.0,0.5418422222137451,0.8633638620376587,protocol_D/validation/PD_validation_0002_b00
PD_validation_0003_b20,D,validation,0,A,2,0,2668,11142,0.10714573819596368,0.44668614864349365,0.8539606928825378,protocol_D/validation/PD_validation_0003_b20
PD_validation_0004_b11,D,validation,0,A,1,1,2584,11107,0.10565279942765346,0.47652965784072876,0.8637470602989197,protocol_D/validation/PD_validation_0004_b11
PD_validation_0005_b10,D,validation,0,A,1,0,2306,9721,0.24261156627358688,0.5244496464729309,0.8615306615829468,protocol_D/validation/PD_validation_0005_b10
PD_validation_0006_b21,D,validation,0,A,2,1,3005,12807,0.12136449817092433,0.4246601164340973,0.8603168725967407,protocol_D/validation/PD_validation_0006_b21
PD_validation_0007_b22,D,validation,0,A,2,2,2967,12717,0.10634669708047358,0.43114256858825684,0.856691300868988,protocol_D/validation/PD_validation_0007_b22
PD_validation_0008_b02,D,validation,0,A,0,2,2108,8983,0.13144375639714437,0.559722363948822,0.8623179197311401,protocol_D/validation/PD_validation_0008_b02
PD_validation_0009_b12,D,validation,0,A,1,2,2714,11709,0.1628692294030711,0.48158061504364014,0.8622208833694458,protocol_D/validation/PD_validation_0009_b12
PD_validation_0010_b01,D,validation,0,A,0,1,1998,8616,0.22091362572600184,0.5755127668380737,0.866054892539978,protocol_D/validation/PD_validation_0010_b01
PD_validation_0011_b00,D,validation,0,A,0,0,1610,6503,1.0,0.5418422222137451,0.8633638620376587,protocol_D/validation/PD_validation_0011_b00
PD_validation_0012_b20,D,validation,0,A,2,0,2851,12164,0.1800182158234914,0.5055266618728638,0.8616997003555298,protocol_D/validation/PD_validation_0012_b20
PD_validation_0013_b11,D,validation,0,A,1,1,2461,10531,0.22536311369342077,0.45056581497192383,0.8599500060081482,protocol_D/validation/PD_validation_0013_b11
PD_validation_0014_b10,D,validation,0,A,1,0,2194,9120,0.19443386990639255,0.4823789596557617,0.8583235144615173,protocol_D/validation/PD_validation_0014_b10
PD_validation_0015_b21,D,validation,0,A,2,1,3125,13383,0.13515810056404695,0.416700154542923,0.859935462474823,protocol_D/validation/PD_validation_0015_b21
PD_validation_0016_b22,D,validation,0,A,2,2,3120,13333,0.12868046166270172,0.47024887800216675,0.8592187166213989,protocol_D/validation/PD_validation_0016_b22
PD_validation_0017_b02,D,validation,0,A,0,2,2037,8617,0.1256070225635218,0.5244386792182922,0.8634701371192932,protocol_D/validation/PD_validation_0017_b02
PD_validation_0018_b12,D,validation,0,A,1,2,2609,11289,0.10481763822264462,0.4653642177581787,0.8639456033706665,protocol_D/validation/PD_validation_0018_b12
PD_validation_0019_b01,D,validation,0,A,0,1,1966,8325,0.211700229903703,0.5169355273246765,0.8639317154884338,protocol_D/validation/PD_validation_0019_b01
PD_validation_0020_b00,D,validation,0,A,0,0,1610,6503,1.0,0.5418422222137451,0.8633638620376587,protocol_D/validation/PD_validation_0020_b00
PD_validation_0021_b20,D,validation,0,A,2,0,2737,11442,0.10308743636728157,0.5088624358177185,0.8539415001869202,protocol_D/validation/PD_validation_0021_b20
PD_validation_0022_b11,D,validation,0,A,1,1,2513,10705,0.1398330949301009,0.4426320493221283,0.8617537617683411,protocol_D/validation/PD_validation_0022_b11
PD_validation_0023_b10,D,validation,0,A,1,0,2261,9385,0.2736306485063957,0.39435502886772156,0.8605241775512695,protocol_D/validation/PD_validation_0023_b10
PD_validation_0024_b21,D,validation,0,A,2,1,2939,12551,0.17165335649592006,0.4925546646118164,0.8595972061157227,protocol_D/validation/PD_validation_0024_b21
PD_validation_0025_b22,D,validation,0,A,2,2,3060,13153,0.12519695019668026,0.46107667684555054,0.8591580986976624,protocol_D/validation/PD_validation_0025_b22
PD_validation_0026_b02,D,validation,0,A,0,2,2209,9681,0.12441055770423029,0.5965713262557983,0.867682695388794,protocol_D/validation/PD_validation_0026_b02
PD_validation_0027_b12,D,validation,0,A,1,2,2657,11506,0.13806423405823817,0.4271788001060486,0.8632045388221741,protocol_D/validation/PD_validation_0027_b12
PD_validation_0028_b01,D,validation,0,A,0,1,1843,7697,0.1322915648021883,0.5057827830314636,0.8648664355278015,protocol_D/validation/PD_validation_0028_b01
PD_validation_0029_b00,D,validation,0,A,0,0,1610,6503,1.0,0.5418422222137451,0.8633638620376587,protocol_D/validation/PD_validation_0029_b00
PD_validation_0030_b20,D,validation,0,A,2,0,2542,10418,0.15011407713484876,0.49264752864837646,0.854203462600708,protocol_D/validation/PD_validation_0030_b20
PD_validation_0031_b11,D,validation,0,A,1,1,2455,10452,0.23017099445975575,0.5365628004074097,0.8620442152023315,protocol_D/validation/PD_validation_0031_b11
PD_validation_0032_b10,D,validation,0,A,1,0,2284,9626,0.34283306532735686,0.4294397830963135,0.8611909747123718,protocol_D/validation/PD_validation_0032_b10
PD_validation_0033_b21,D,validation,0,A,2,1,3009,12854,0.11530163801547459,0.41345691680908203,0.8577101826667786,protocol_D/validation/PD_validation_0033_b21
PD_validation_0034_b22,D,validation,0,A,2,2,3165,13437,0.12615994626379506,0.5297898650169373,0.8564260005950928,protocol_D/validation/PD_validation_0034_b22
PD_validation_0035_b02,D,validation,0,A,0,2,2135,9210,0.18166821103414738,0.5182492733001709,0.8644305467605591,protocol_D/validation/PD_validation_0035_b02
PD_validation_0036_b12,D,validation,0,A,1,2,2629,11365,0.10342786582337116,0.4593089818954468,0.8609018325805664,protocol_D/validation/PD_validation_0036_b12
PD_validation_0037_b01,D,validation,0,A,0,1,1964,8318,0.21445139392262877,0.5731573104858398,0.8646268248558044,protocol_D/validation/PD_validation_0037_b01
PD_validation_0038_b00,D,validation,0,A,0,0,1610,6503,1.0,0.5418422222137451,0.8633638620376587,protocol_D/validation/PD_validation_0038_b00
PD_validation_0039_b20,D,validation,0,A,2,0,2798,11923,0.1842009959668168,0.47736817598342896,0.859782874584198,protocol_D/validation/PD_validation_0039_b20
PD_validation_0040_b11,D,validation,0,A,1,1,2518,10610,0.15351785506406895,0.5728861093521118,0.86049884557724,protocol_D/validation/PD_validation_0040_b11
PD_validation_0041_b10,D,validation,0,A,1,0,2265,9327,0.1000223943097362,0.4564519226551056,0.8556110262870789,protocol_D/validation/PD_validation_0041_b10
PD_validation_0042_b21,D,validation,0,A,2,1,2995,12780,0.1392823301048432,0.34682804346084595,0.8603568077087402,protocol_D/validation/PD_validation_0042_b21
PD_validation_0043_b22,D,validation,0,A,2,2,3130,13393,0.12664503790646697,0.5176312327384949,0.8567208051681519,protocol_D/validation/PD_validation_0043_b22
PD_validation_0044_b02,D,validation,0,A,0,2,2010,8462,0.10790809389267336,0.5000789165496826,0.8602036833763123,protocol_D/validation/PD_validation_0044_b02
PD_validation_0045_b12,D,validation,0,A,1,2,2583,11212,0.12168867872423189,0.5408305525779724,0.8626545071601868,protocol_D/validation/PD_validation_0045_b12
PD_validation_0046_b01,D,validation,0,A,0,1,1941,8222,0.1709212060475186,0.5827038884162903,0.8661541938781738,protocol_D/validation/PD_validation_0046_b01
PD_validation_0047_b00,D,validation,0,A,0,0,1610,6503,1.0,0.5418422222137451,0.8633638620376587,protocol_D/validation/PD_validation_0047_b00
PD_validation_0048_b20,D,validation,0,A,2,0,2767,11659,0.15231553000121886,0.44066765904426575,0.8586596846580505,protocol_D/validation/PD_validation_0048_b20
PD_validation_0049_b11,D,validation,0,A,1,1,2552,10943,0.13979893866711895,0.5189230442047119,0.8645756244659424,protocol_D/validation/PD_validation_0049_b11
PD_validation_0050_b10,D,validation,0,A,1,0,2268,9506,0.2243185286969992,0.5637407898902893,0.8583551049232483,protocol_D/validation/PD_validation_0050_b10
PD_validation_0051_b21,D,validation,0,A,2,1,2932,12477,0.10222477390006601,0.5069358348846436,0.86008220911026,protocol_D/validation/PD_validation_0051_b21
PD_validation_0052_b22,D,validation,0,A,2,2,3201,13639,0.11768043938269293,0.4825557470321655,0.8553342819213867,protocol_D/validation/PD_validation_0052_b22
PD_validation_0053_b02,D,validation,0,A,0,2,2163,9427,0.18131107140610667,0.5760859251022339,0.8657058477401733,protocol_D/validation/PD_validation_0053_b02
PD_validation_0054_b12,D,validation,0,A,1,2,2737,11918,0.1384097960135599,0.5438492298126221,0.8622716665267944,protocol_D/validation/PD_validation_0054_b12
PD_validation_0055_b01,D,validation,0,A,0,1,1938,8253,0.19353536924565068,0.5507590770721436,0.8628905415534973,protocol_D/validation/PD_validation_0055_b01
PD_validation_0056_b00,D,validation,0,A,0,0,1610,6503,1.0,0.5418422222137451,0.8633638620376587,protocol_D/validation/PD_validation_0056_b00
PD_validation_0057_b20,D,validation,0,A,2,0,2880,12228,0.11207507351695893,0.46875834465026855,0.8577043414115906,protocol_D/validation/PD_validation_0057_b20
PD_validation_0058_b11,D,validation,0,A,1,1,2498,10529,0.10334493639459666,0.45543372631073,0.8591495156288147,protocol_D/validation/PD_validation_0058_b11
PD_validation_0059_b10,D,validation,0,A,1,0,2182,9096,0.315501955495838,0.44025516510009766,0.8591052889823914,protocol_D/validation/PD_validation_0059_b10
PD_validation_0060_b21,D,validation,0,A,2,1,2909,12186,0.11445265201734357,0.4865547716617584,0.8549330234527588,protocol_D/validation/PD_validation_0060_b21
PD_validation_0061_b22,D,validation,0,A,2,2,3111,13218,0.10069724152609015,0.46181467175483704,0.857300341129303,protocol_D/validation/PD_validation_0061_b22
PD_validation_0062_b02,D,validation,0,A,0,2,2153,9332,0.2021501382710055,0.5571866035461426,0.8657816648483276,protocol_D/validation/PD_validation_0062_b02
PD_validation_0063_b12,D,validation,0,A,1,2,2737,11930,0.13625367318311152,0.5160741209983826,0.8630821704864502,protocol_D/validation/PD_validation_0063_b12
PD_validation_0064_b01,D,validation,0,A,0,1,1851,7684,0.10878648597539364,0.5520365834236145,0.8645020723342896,protocol_D/validation/PD_validation_0064_b01
PD_validation_0065_b00,D,validation,0,A,0,0,1610,6503,1.0,0.5418422222137451,0.8633638620376587,protocol_D/validation/PD_validation_0065_b00
PD_validation_0066_b20,D,validation,0,A,2,0,2573,10555,0.12143344966585098,0.4333350360393524,0.855646550655365,protocol_D/validation/PD_validation_0066_b20
PD_validation_0067_b11,D,validation,0,A,1,1,2522,10867,0.15330316764647112,0.4849144518375397,0.8634229898452759,protocol_D/validation/PD_validation_0067_b11
PD_validation_0068_b10,D,validation,0,A,1,0,2324,9777,0.32729784864081146,0.5561456084251404,0.8624130487442017,protocol_D/validation/PD_validation_0068_b10
PD_validation_0069_b21,D,validation,0,A,2,1,2783,11664,0.12937393259388855,0.4700007736682892,0.8561660051345825,protocol_D/validation/PD_validation_0069_b21
PD_validation_0070_b22,D,validation,0,A,2,2,3278,14224,0.13774443232350841,0.4292072057723999,0.86006098985672,protocol_D/validation/PD_validation_0070_b22
PD_validation_0071_b02,D,validation,0,A,0,2,2075,8901,0.19319671528486415,0.5589352250099182,0.8652669787406921,protocol_D/validation/PD_validation_0071_b02
PD_validation_0072_b12,D,validation,0,A,1,2,2734,11871,0.11927009640230976,0.46276506781578064,0.8620061278343201,protocol_D/validation/PD_validation_0072_b12
PD_validation_0073_b01,D,validation,0,A,0,1,1966,8372,0.1427048596363962,0.5685616135597229,0.8686184287071228,protocol_D/validation/PD_validation_0073_b01
PD_validation_0074_b00,D,validation,0,A,0,0,1610,6503,1.0,0.5418422222137451,0.8633638620376587,protocol_D/validation/PD_validation_0074_b00
PD_validation_0075_b20,D,validation,0,A,2,0,2703,11249,0.11130118466363581,0.5268407464027405,0.8575705289840698,protocol_D/validation/PD_validation_0075_b20
PD_validation_0076_b11,D,validation,0,A,1,1,2445,10353,0.11992772495656903,0.49950212240219116,0.8605996370315552,protocol_D/validation/PD_validation_0076_b11
PD_validation_0077_b10,D,validation,0,A,1,0,2250,9457,0.24724097986600202,0.4069531261920929,0.8596274852752686,protocol_D/validation/PD_validation_0077_b10
PD_validation_0078_b21,D,validation,0,A,2,1,2980,12535,0.10071090664716195,0.5050511956214905,0.8594048619270325,protocol_D/validation/PD_validation_0078_b21
PD_validation_0079_b22,D,validation,0,A,2,2,3002,12630,0.11698591878612297,0.4354943037033081,0.8569467663764954,protocol_D/validation/PD_validation_0079_b22
PD_validation_0080_b02,D,validation,0,A,0,2,2175,9405,0.11480926228708732,0.4824833869934082,0.8655612468719482,protocol_D/validation/PD_validation_0080_b02
PD_validation_0081_b12,D,validation,0,A,1,2,2584,11063,0.10421382314818678,0.5246744155883789,0.8593656420707703,protocol_D/validation/PD_validation_0081_b12
PD_validation_0082_b01,D,validation,0,A,0,1,1814,7560,0.14580753476749794,0.5645594596862793,0.8644275665283203,protocol_D/validation/PD_validation_0082_b01
PD_validation_0083_b00,D,validation,0,A,0,0,1610,6503,1.0,0.5418422222137451,0.8633638620376587,protocol_D/validation/PD_validation_0083_b00
PD_validation_0084_b20,D,validation,0,A,2,0,2613,10883,0.21441300197090113,0.5535390377044678,0.8573188781738281,protocol_D/validation/PD_validation_0084_b20
PD_validation_0085_b11,D,validation,0,A,1,1,2442,10484,0.17046044887018102,0.46734166145324707,0.8613488078117371,protocol_D/validation/PD_validation_0085_b11
PD_validation_0086_b10,D,validation,0,A,1,0,2348,9946,0.3787304788832501,0.5511165261268616,0.8624409437179565,protocol_D/validation/PD_validation_0086_b10
PD_validation_0087_b21,D,validation,0,A,2,1,2884,12153,0.10369469713151627,0.45415744185447693,0.8558599352836609,protocol_D/validation/PD_validation_0087_b21
PD_validation_0088_b22,D,validation,0,A,2,2,3044,12945,0.10144216289481943,0.43858975172042847,0.8575831055641174,protocol_D/validation/PD_validation_0088_b22
PD_validation_0089_b02,D,validation,0,A,0,2,2155,9382,0.1018427816536839,0.5251436233520508,0.8644629120826721,protocol_D/validation/PD_validation_0089_b02
PD_validation_0090_b12,D,validation,0,A,1,2,2596,11170,0.16483469632493283,0.5274296402931213,0.8610495924949646,protocol_D/validation/PD_validation_0090_b12
PD_validation_0091_b01,D,validation,0,A,0,1,1862,7757,0.11737782095154592,0.5331034064292908,0.8624458312988281,protocol_D/validation/PD_validation_0091_b01
PD_validation_0092_b00,D,validation,0,A,0,0,1610,6503,1.0,0.5418422222137451,0.8633638620376587,protocol_D/validation/PD_validation_0092_b00
PD_validation_0093_b20,D,validation,0,A,2,0,2651,11048,0.1396239737122828,0.5049120783805847,0.8580275177955627,protocol_D/validation/PD_validation_0093_b20
PD_validation_0094_b11,D,validation,0,A,1,1,2522,10767,0.12522776994384574,0.550722062587738,0.8626946210861206,protocol_D/validation/PD_validation_0094_b11
PD_validation_0095_b10,D,validation,0,A,1,0,2127,8730,0.16524627748406223,0.448291152715683,0.8572205305099487,protocol_D/validation/PD_validation_0095_b10
PD_validation_0096_b21,D,validation,0,A,2,1,3054,13104,0.11858763191003535,0.5095131993293762,0.8621976971626282,protocol_D/validation/PD_validation_0096_b21
PD_validation_0097_b22,D,validation,0,A,2,2,3214,13785,0.10065397795434433,0.4814199209213257,0.86087566614151,protocol_D/validation/PD_validation_0097_b22
PD_validation_0098_b02,D,validation,0,A,0,2,2254,9817,0.11039189576790742,0.5461137294769287,0.8649274706840515,protocol_D/validation/PD_validation_0098_b02
PD_validation_0099_b12,D,validation,0,A,1,2,2643,11453,0.1562682384908724,0.48489248752593994,0.8616694211959839,protocol_D/validation/PD_validation_0099_b12
PD_validation_0100_b01,D,validation,0,A,0,1,1991,8441,0.13636777834183372,0.5422500371932983,0.864708423614502,protocol_D/validation/PD_validation_0100_b01
PD_validation_0101_b00,D,validation,0,A,0,0,1610,6503,1.0,0.5418422222137451,0.8633638620376587,protocol_D/validation/PD_validation_0101_b00
PD_validation_0102_b20,D,validation,0,A,2,0,2759,11629,0.1940232730745677,0.5247305631637573,0.8596859574317932,protocol_D/validation/PD_validation_0102_b20
PD_validation_0103_b11,D,validation,0,A,1,1,2515,10797,0.16211170148812462,0.48170024156570435,0.8636552691459656,protocol_D/validation/PD_validation_0103_b11
PD_validation_0104_b10,D,validation,0,A,1,0,2346,9838,0.26052696650115603,0.4612045884132385,0.862573504447937,protocol_D/validation/PD_validation_0104_b10
PD_validation_0105_b21,D,validation,0,A,2,1,3007,12850,0.13381074103140322,0.5022814869880676,0.857774019241333,protocol_D/validation/PD_validation_0105_b21
PD_validation_0106_b22,D,validation,0,A,2,2,2999,12882,0.12912441278495612,0.4255388379096985,0.8579753637313843,protocol_D/validation/PD_validation_0106_b22
PD_validation_0107_b02,D,validation,0,A,0,2,2168,9448,0.22248802466224815,0.5854533314704895,0.8653764128684998,protocol_D/validation/PD_validation_0107_b02
PD_validation_0108_b12,D,validation,0,A,1,2,2695,11649,0.10066105352243074,0.4991817772388458,0.8610413074493408,protocol_D/validation/PD_validation_0108_b12
PD_validation_0109_b01,D,validation,0,A,0,1,1989,8468,0.24005041753044276,0.5519751906394958,0.8638145923614502,protocol_D/validation/PD_validation_0109_b01
PD_validation_0110_b00,D,validation,0,A,0,0,1610,6503,1.0,0.5418422222137451,0.8633638620376587,protocol_D/validation/PD_validation_0110_b00
PD_validation_0111_b20,D,validation,0,A,2,0,2920,12405,0.13733627288044764,0.36796846985816956,0.8611128330230713,protocol_D/validation/PD_validation_0111_b20
PD_validation_0112_b11,D,validation,0,A,1,1,2533,10708,0.12370243563613503,0.45412471890449524,0.8594843745231628,protocol_D/validation/PD_validation_0112_b11
PD_validation_0113_b10,D,validation,0,A,1,0,2093,8590,0.16622889141836178,0.4981342852115631,0.8582817912101746,protocol_D/validation/PD_validation_0113_b10
PD_validation_0114_b21,D,validation,0,A,2,1,2832,12024,0.1034473517353654,0.5246015787124634,0.8582401275634766,protocol_D/validation/PD_validation_0114_b21
PD_validation_0115_b22,D,validation,0,A,2,2,3178,13656,0.10444379298182296,0.48163270950317383,0.8563600778579712,protocol_D/validation/PD_validation_0115_b22
PD_validation_0116_b02,D,validation,0,A,0,2,2209,9645,0.22191805918506183,0.5283733010292053,0.8692248463630676,protocol_D/validation/PD_validation_0116_b02
PD_validation_0117_b12,D,validation,0,A,1,2,2672,11627,0.12860498092099337,0.4690050780773163,0.8593969941139221,protocol_D/validation/PD_validation_0117_b12
PD_validation_0118_b01,D,validation,0,A,0,1,1918,8141,0.27639843452462076,0.5254965424537659,0.8662609457969666,protocol_D/validation/PD_validation_0118_b01
PD_validation_0119_b00,D,validation,0,A,0,0,1610,6503,1.0,0.5418422222137451,0.8633638620376587,protocol_D/validation/PD_validation_0119_b00
