model,protocol,degree,task,scope,n,rho_J_error,p_J_error,rho_R_error,p_R_error,rho_q_error,p_q_error,rho_R_q,partial_rho_J_error_given_R,partial_p_J_error_given_R,partial_rho_J_error_given_q,partial_p_J_error_given_q,partial_rho_J_error_given_R_q,partial_p_J_error_given_R_q,rank_R2_R,rank_R2_q,rank_R2_R_q,rank_R2_R_J,rank_R2_q_J,rank_R2_R_q_J,J_median,J_q25,J_q75,delta_rank_R2_J_over_R,delta_rank_R2_J_over_q,delta_rank_R2_J_over_R_q
GAOT,A,0,A-k0,all,1600,0.1990810474925967,9.161336633156886e-16,0.403532726965909,1.0407399466602714e-63,-0.4022804022579696,2.733479779744749e-63,-0.9968144147712559,-0.23423285139873612,2.215399616232296e-21,-0.20925302586383146,2.7346168157058564e-17,-0.24964051635297826,3.7179253955621454e-24,0.1628386617325429,0.16182952204083378,0.1628388346287919,0.20876954256167124,0.19853034929224755,0.2150110427751315,0.034008176428098946,0.014899400505509496,0.0715284399569586,0.04593088082912833,0.03670082725141377,0.052172208146339605
GAOT,A,0,A-k0,iid,800,0.20678230747235546,3.5595517558214737e-09,0.4068863701349533,2.992324046169524e-33,-0.408875420117844,1.369747757972754e-33,-0.9969254873835742,-0.23493284130498096,1.7093591474661886e-11,-0.21684705440335517,5.730834953003057e-10,-0.23264523103705384,2.710028128606809e-11,0.16555651820159833,0.16717910917654333,0.1672663728330953,0.2116123243839041,0.20634055027715992,0.21233708405794127,0.03389131832094992,0.014712266094190643,0.07291342982445283,0.04605580618230576,0.03916144110061659,0.04507071122484596
GAOT,A,0,A-k0,ood,800,0.19016019556280558,5.971260821287082e-08,0.3988271387924044,6.726618522885136e-32,-0.39508060168844017,2.777521537619063e-31,-0.9966465338227092,-0.23366464933464975,2.2082378526837503e-11,-0.20364019965121855,6.179976485609221e-09,-0.26484268402964883,2.6253986257399255e-14,0.1590630866373357,0.15608868183050006,0.15992986625318595,0.2049775427406474,0.1910851195457307,0.21885376926830147,0.034105749300506874,0.015140121155708175,0.07034023450104183,0.045914456103311685,0.034996437715230644,0.05892390301511552
GAOT,A,1,A-k1,all,1600,0.5566696914896279,7.146182669991496e-131,0.9569407026308463,0.0,-0.8736143765634389,0.0,-0.9471534178333664,0.19399517099762803,4.9481197466744556e-15,0.6460842564701774,1.0130230827292932e-189,-0.13328714368560868,8.736743769123127e-08,0.9157355083516178,0.763202078938326,0.9261621770022801,0.9189067288788504,0.8620474195151746,0.9274739400905181,0.3850501532201115,0.3300625030223757,0.4630594535877467,0.003171220527232621,0.09884534057684857,0.0013117630882379938
GAOT,A,1,A-k1,iid,800,0.5502521175814338,1.6376168833441986e-64,0.960199031560987,0.0,-0.8805167039323499,6.138742056739536e-261,-0.9448129918952999,0.15624415436496167,9.011128659440448e-06,0.6619008442826696,5.48712486317774e-102,-0.13577301502274114,0.00011711539515196812,0.9219821802106569,0.7753096659038895,0.9286202458756899,0.9238867696218671,0.8737493610540474,0.929936082505746,0.4030942044894502,0.34439174113670423,0.478825780080923,0.001904589411210189,0.09843969515015794,0.0013158366300560775
GAOT,A,1,A-k1,ood,800,0.557001893752959,2.1951308436698583e-66,0.9542013425020979,0.0,-0.8727154729929267,1.0751708215678807e-250,-0.9515939399905313,0.2129272063233631,1.1798148792783655e-09,0.6185740849627306,1.2164892440581867e-85,-0.11164245439620572,0.0015632405755836105,0.9105002020328055,0.7616322968012674,0.9236882356883821,0.9145579434427873,0.8528398603735418,0.9246393883898861,0.3725725996445296,0.3170752876895301,0.44757115319576574,0.00405774140998183,0.09120756357227433,0.0009511527015040322
GAOT,A,2,A-k2,all,1600,-0.061113533638099085,0.01448857502284797,0.9053305743478808,0.0,-0.9092758600686954,0.0,-0.9092444508767387,-0.5275974627202424,2.37508382342241e-115,0.1509472163164342,1.2953791366561906e-09,-0.29117594546613246,1.2320296430424919e-32,0.8196234488490634,0.8267825897036656,0.8624154860109514,0.8698329001624068,0.8307293591564384,0.8740803731894171,1.0126226671908718,0.8215427777578459,1.221606298402037,0.05020945131334342,0.003946769452772836,0.0116648871784657
GAOT,A,2,A-k2,iid,800,-0.10820827063792288,0.0021780852190937754,0.9032623879099811,1.8509019701165005e-295,-0.918893982646848,0.0,-0.9193329677077621,-0.533323845957638,5.340806480027136e-60,0.10654646728467157,0.0025489411936781533,-0.2603087293013585,7.406087261480739e-14,0.8158829414128412,0.8443661513445856,0.866464470858364,0.8682521526317627,0.8461329300914839,0.8755129230480364,0.9759788202809327,0.7807286066750648,1.1677320228872095,0.05236921121892146,0.0017667787468983454,0.009048452189672429
GAOT,A,2,A-k2,ood,800,-0.03366652135393962,0.34159743028109213,0.9127349730233953,1.84444001892e-312,-0.9252944692101082,0.0,-0.9125660586969669,-0.5336295312745769,4.450002022369294e-60,0.15947506173952153,5.825615609714167e-06,-0.24520765667483674,2.0314172546360612e-12,0.8330851309800182,0.8561698547508158,0.8841008930265792,0.8806158886418409,0.8598277854802547,0.8910695348597321,1.064557010734342,0.8650877584020948,1.2625218848237507,0.04753075766182269,0.003657930729438985,0.006968641833152822
GAOT,B,0,B-k0,all,1600,0.16332786848744865,4.958150639845964e-11,0.3866532555286155,3.316725122641237e-58,-0.3966659938148414,1.9717755972739747e-61,-0.9953604483829877,-0.2606861004499128,2.881060979675077e-26,-0.24262538624245908,7.21162138831497e-23,-0.2280148904151174,2.5735774426827168e-20,0.14950074001087688,0.1573439106491158,0.16455831309018287,0.2072983248658764,0.20694861242965412,0.207993586601268,0.030972867194587375,0.013798623446911927,0.06584535439276445,0.05779758485499953,0.04960470178053833,0.043435273511085115
GAOT,B,0,B-k0,iid,800,0.16478622622847852,2.790884382180339e-06,0.34890220922220194,2.5781903126840303e-24,-0.3591722565191509,9.082709730266209e-26,-0.9954332897395154,-0.23157328445462638,3.357640909149752e-11,-0.22015384831076862,3.08312133751485e-10,-0.19878177506032146,1.4255931579041965e-08,0.1217327516001332,0.12900470985305879,0.13717734224339317,0.16883087448473688,0.1712198630198155,0.17127108421252824,0.029777172348442127,0.013088453662892019,0.06283039020625204,0.04709812288460369,0.042215153166756725,0.03409374196913506
GAOT,B,0,B-k0,ood,800,0.16909807671574487,1.509176105545395e-06,0.4164024084412632,6.784182426772723e-35,-0.41765200414375653,4.0887620233556305e-35,-0.9962351347423981,-0.26434741203909373,2.9431790523444766e-14,-0.2358277178988351,1.4255043281759119e-11,-0.2752800498662562,2.2344912458447733e-15,0.17339096575568458,0.17443319656529632,0.17444706179135905,0.23115403660916034,0.22034685701211043,0.2370067252842566,0.03275522035153984,0.014575797434962873,0.06733044869893397,0.05776307085347576,0.04591366044681411,0.06255966349289754
GAOT,B,1,B-k1,all,1600,0.6322957220629987,2.2828606543790067e-179,0.770812721096873,3.126797284e-315,-0.609398114957319,2.7201012778321565e-163,-0.9292929489425581,0.4269717210355086,6.745611960957273e-72,0.6407616171735883,1.1618409319392176e-185,0.11134660518574807,8.034161662435462e-06,0.5941522510047658,0.37136606251353366,0.6779433310298207,0.6681402642370875,0.6294677243092874,0.6819362110240985,0.40928451995755444,0.3397323415008917,0.49921287746002996,0.07398801323232174,0.2581016617957538,0.003992879994277776
GAOT,B,1,B-k1,iid,800,0.608350950206666,3.781030769914922e-82,0.6761394901172081,5.658708044845314e-108,-0.46982290872616356,3.6280610331338957e-45,-0.9183045051632893,0.47940286508895374,3.2885523150504604e-47,0.6383272180022008,9.095908450097065e-93,0.11723099763812646,0.0008935232000539055,0.4571646100959582,0.220733565563913,0.6028086536500109,0.5819228973649471,0.5382547427873112,0.6082672967458064,0.4255318183212533,0.35170924693673977,0.508701444397996,0.12475828726898885,0.31752117722339823,0.005458643095795468
GAOT,B,1,B-k1,ood,800,0.6570629954109304,5.003549478196699e-100,0.9133882709191734,1.053382286e-313,-0.7757593058739156,1.0000688892704579e-161,-0.9315524321131752,0.35949110556819786,8.170395505764304e-26,0.69227596647307,3.518390330515431e-115,-0.10131345196353546,0.0041244898999968005,0.8342781334527172,0.6018025006499792,0.8769486812628356,0.855695009121542,0.7926370649011729,0.8782117311321778,0.397050778453767,0.3228559770153962,0.48172198978578223,0.021416875668824775,0.19083456425119372,0.0012630498693421144
GAOT,B,2,B-k2,all,1600,0.8340764104063687,0.0,0.8854999168594646,0.0,-0.167751878639224,1.4508270755974288e-11,-0.251315989771871,0.17231625332577236,3.942405216187046e-12,0.8750364915714639,0.0,0.13220424701445896,1.1123170863864112e-07,0.7841101027581185,0.02814069278698894,0.7873142453331031,0.7905204979795154,0.7722825393444959,0.7910315590686252,0.6392214349539931,0.3611294841049666,0.9983249486924626,0.0064103952213968585,0.7441418465575069,0.0037173137355220875
GAOT,B,2,B-k2,iid,800,0.8835840446625699,3.650972935629056e-265,0.8573885662321349,2.0759550093621214e-232,-0.2841026939104592,2.559135898259327e-16,-0.5803430552235238,0.6050235912377644,4.864893323290444e-81,0.8939637160116489,2.123155991614058e-280,0.3827806687097085,2.5744274810305276e-29,0.7351151535055958,0.08071434068718009,0.8038307951933025,0.8320771908344173,0.8153808957379112,0.832573711163829,0.37669609851004604,0.2310042017417676,0.5899496737126897,0.09696203732882158,0.7346665550507311,0.028742915970526473
GAOT,B,2,B-k2,ood,800,0.5484737007401574,5.0183506870707354e-64,0.7307910402985006,1.7859204135004214e-134,-0.3585105914227991,1.1309659499418171e-25,-0.2713286270759798,-0.2738519009387208,3.1502442392611404e-15,0.663242028481748,1.5470447560695932e-102,-0.12873570463410489,0.0002615233608967502,0.5340555445805646,0.12852984416232527,0.561768113250803,0.5689989854821706,0.5118808408564126,0.5690308784441193,0.915423808984224,0.685322258115284,1.227377195817154,0.03494344090160606,0.38335099669408734,0.007262765193316256
GAOT,C,0,C-k0,all,1600,0.22958113525843749,1.39699478998654e-20,0.3947984494291784,8.035804471705078e-61,-0.39638840903579586,2.431082541736972e-61,-0.9987891948395293,-0.22978743184141256,1.288540548381038e-20,-0.2211913854281452,3.495898147087467e-19,-0.2258487295199329,5.946506596689376e-20,0.15586581567168345,0.15712377081792928,0.15763288230763106,0.2004380115824269,0.19836202048937734,0.20060004826078415,0.03430347642815994,0.014050822173498491,0.07378847334816988,0.04457219591074346,0.04123824967144807,0.042967165953153086
GAOT,C,0,C-k0,iid,800,0.24624861132595524,1.62810794872174e-12,0.42681183876849815,9.355448096522751e-37,-0.42871370111515805,4.207897092928776e-37,-0.9988467325730197,-0.22841421550647328,6.274989347073791e-11,-0.22084216529326223,2.706512087572712e-10,-0.22200054168948163,2.171542427823366e-10,0.1821683457129466,0.18379543752385707,0.18465474927798975,0.2248371206485681,0.22360276406264634,0.2248384207136046,0.0361734059734302,0.014531265110079607,0.07438755495151401,0.04266877493562149,0.03980732653878927,0.040183671435614854
GAOT,C,0,C-k0,ood,800,0.21256753526177385,1.2597611355615332e-09,0.36317477839809126,2.384138893959864e-26,-0.36570554016490653,1.0133764315323625e-26,-0.9987253495708588,-0.23032339436150873,4.304885317826637e-11,-0.22371977724071165,1.5625816288629422e-10,-0.22189198818197475,2.2169379617136877e-10,0.13189591966450276,0.13374054210730602,0.1354136885622701,0.17794785668777235,0.17709729465360957,0.17798250724244302,0.03207794106716522,0.013743558288018806,0.0730414480970383,0.046051937023269596,0.043356752546303556,0.042568818680172926
GAOT,C,1,C-k1,all,1600,0.8366958385530621,0.0,0.14364335493881053,7.871070479531989e-09,0.3995640359625141,2.188757276462291e-62,-0.7348372206395395,0.8334953874892446,0.0,0.8029907729597123,0.0,0.5455634280749612,9.207174726310088e-125,0.020633413418077007,0.15965141883465317,0.575278652844055,0.7010136416399572,0.7015032943669214,0.7016924827361641,0.38049596193983204,0.3117889280467877,0.46832381600280937,0.6803802282218802,0.5418518755322682,0.12641382989210914
GAOT,C,1,C-k1,iid,800,0.773199669061983,5.227275037601215e-160,0.16724716757369934,1.96871857506672e-06,0.3411033220364407,3.015990327374956e-23,-0.7231047001635941,0.7657343882026051,4.0112100951803985e-155,0.7382364500337477,1.3531525889013787e-138,0.48328220834159047,4.69074849606462e-48,0.027971615061425092,0.11635147630429565,0.47540965636536237,0.5979196355304139,0.5979337858031024,0.5979338651034116,0.39674682802795425,0.3267425167327833,0.49174573977353203,0.5699480204689888,0.48158230949880676,0.12252420873804926
GAOT,C,1,C-k1,ood,800,0.9496741244908196,0.0,0.14749984765601196,2.8101273547176068e-05,0.4543282333253646,5.3622102352021765e-42,-0.7526643322880193,0.9486109140943689,0.0,0.9366305024138791,0.0,0.775861683308797,8.527700031853995e-162,0.021756205058546696,0.20641414359654697,0.7590546447292761,0.9020412747041,0.9026085233229969,0.9040944364562309,0.3648579708905231,0.29834421484328194,0.4439330873950113,0.8802850696455533,0.6961943797264499,0.1450397917269548
GAOT,C,2,C-k2,all,1600,0.6653463038462124,4.080764738761095e-205,0.14271308211448522,9.841853390957683e-09,0.18825878642921345,3.13911616986178e-14,-0.8437589370152099,0.6709628447321626,7.984184243006745e-210,0.6620031107188538,2.3171834797529996e-202,0.4127984095851315,7.212787483696722e-67,0.020367023806615814,0.035441370667800176,0.3511182090094892,0.4613891091719259,0.4581573752534197,0.46168930589001633,0.8992186385424108,0.5346233753835151,1.1306250178464852,0.44102208536531007,0.42271600458561953,0.11057109688052713
GAOT,C,2,C-k2,iid,800,0.8013811505955479,2.7762957939732926e-180,-0.11185048726638637,0.001531695019893238,0.43368829482546073,5.0805761786857e-38,-0.8536181931534269,0.7990512186023173,1.7432274731094557e-178,0.749577485220082,3.772060708913322e-145,0.6122098762105952,1.8806658645038582e-83,0.012510531501728095,0.18808553706861564,0.4340781637250569,0.6430056216439655,0.6442729986185391,0.646186195699878,0.7201685808129796,0.2831087248535176,0.966256452261441,0.6304950901422374,0.4561874615499235,0.2121080319748211
GAOT,C,2,C-k2,ood,800,0.3834788569982141,2.0010015881321306e-29,0.41632213487833575,7.007974351261462e-35,-0.29247673824490356,3.0430533746867025e-17,-0.910319172373707,0.34614030568121246,6.209159802948735e-24,0.4479714081794657,9.623166807934287e-41,0.268714531913316,1.0658295054491105e-14,0.17332411998965513,0.0855426424143777,0.21700786700990504,0.2723707291418147,0.2690544658422179,0.27354577118766044,1.0332497087189123,0.8386838553702052,1.2621302581758351,0.09904660915215957,0.18351182342784023,0.056537904177755394
GAOT,D,0,D-k0,all,1600,0.1992893864411666,8.541386025275457e-16,0.4015221168055144,4.89524300436079e-63,-0.4119923230438762,1.3706510487440172e-66,-0.9975581894758554,-0.27091100553499725,2.591468936733788e-28,-0.26700258203104876,1.6075972650168333e-27,-0.2278863491414234,2.7053665943800674e-20,0.16122001028398103,0.16973767424708952,0.18810121109743927,0.22278039959903484,0.22892738996272155,0.23026489174119225,0.03441527478362369,0.014399702891077747,0.0716745907534315,0.06156038931505381,0.05918971571563203,0.042163680643752977
GAOT,D,0,D-k0,iid,800,0.1771223392536551,4.6103144804712786e-07,0.3662630957235871,8.38425140987332e-27,-0.37787030135984595,1.4889480348115766e-28,-0.9967597136870527,-0.2591778787194093,9.56262667984089e-14,-0.2539317829849791,3.0793894499071487e-13,-0.21624917708164337,6.403792742960045e-10,0.1341486552890253,0.14278596464978077,0.1594476753645825,0.1923106373015544,0.19806028323950875,0.1987550176461046,0.03608274407389031,0.015078823499830196,0.0718830104286594,0.05816198201252909,0.05527431858972798,0.039307342281522106
GAOT,D,0,D-k0,ood,800,0.22253535552399303,1.9607970818813297e-10,0.4220290344203664,6.822916217216637e-36,-0.42211272986364046,6.591568779351354e-36,-0.9992675769805891,-0.2603347808606785,7.362505716544578e-14,-0.25018176606226233,6.990350281978975e-13,-0.2687138366370671,1.066003461281769e-14,0.1781085058937868,0.17817915671293472,0.17821387379551723,0.23381154285323258,0.22961767613971873,0.2375526881555906,0.033051242305661005,0.013838395323240743,0.07127635498994045,0.055703036959445784,0.05143851942678401,0.05933881436007338
GAOT,D,1,D-k1,all,1600,0.5801796372138571,1.349542175682072e-144,0.8396519301665147,0.0,-0.6761156024934841,3.0920312569098535e-214,-0.9392648825253448,0.47971862344289706,7.340281315026255e-93,0.6740543530281586,1.844763169472362e-212,-0.016789033452515284,0.5021671539018813,0.7050153638323536,0.45713230793512694,0.8125470792290277,0.772900165669259,0.703783847985338,0.8125999168920286,0.3967037061656719,0.33200354623787554,0.4778460344492761,0.06788480183690537,0.24665154005021106,5.28376630009042e-05
GAOT,D,1,D-k1,iid,800,0.5243769365264633,1.026819162943933e-57,0.8006231337861466,1.0740134728770904e-179,-0.6135427242855067,6.606388250421338e-84,-0.9235265758227749,0.4729938944610826,7.775065928187604e-46,0.6619323250103037,5.326861129863491e-102,0.0652043362391456,0.06528006570526289,0.6409974023535498,0.3764346745236814,0.7486750194538554,0.7213146209942778,0.6496525673728777,0.7497435541144826,0.3955347404868421,0.3314152496516414,0.47078432417468796,0.08031721864072794,0.2732178928491963,0.001068534660627174
GAOT,D,1,D-k1,ood,800,0.648705662040097,1.0020938311816511e-96,0.8919498624216602,2.5337674366138716e-277,-0.742572105581415,4.6379058708958295e-141,-0.9452662738535529,0.46021574153970174,3.5002813852312943e-43,0.6886722338625455,1.5729476070196763e-113,-0.21016587572849746,1.945958014041677e-09,0.7955745570740183,0.5514133319876161,0.890547376663293,0.8388715651270442,0.7641642823712218,0.8953818656881295,0.3997657424156811,0.33319716301647734,0.48369813880668555,0.04329700805302594,0.2127509503836057,0.004834489024836519
GAOT,D,2,D-k2,all,1600,0.5927571417020085,2.075556993710151e-152,-0.14052537520522468,1.6551524215851688e-08,0.4419122107078949,1.824177368799647e-77,-0.7923254462208774,0.645629838309018,2.2665847908836062e-189,0.5235061525229853,2.759003280016935e-113,0.4106284463372566,4.0453034358760826e-66,0.01974738107656926,0.19528640197273883,0.3133282270804236,0.4283538125677401,0.41582515786496366,0.4291118831213324,1.137088971639672,0.8090381363516452,1.4013319808654496,0.4086064314911708,0.22053875589222482,0.11578365604090879
GAOT,D,2,D-k2,iid,800,0.765034031303174,1.1277155800460768e-154,-0.2816382838098185,4.724704259697644e-16,0.6139563733693334,4.769966770857333e-84,-0.7818912451425706,0.8049635771647854,4.2836496167578106e-183,0.660593845922622,1.872583760849475e-101,0.6249775723414109,6.776968605407661e-88,0.07932012290733981,0.37694242840082426,0.4782326910395668,0.6758897121096737,0.6488349265744924,0.6820334188408497,0.8660112549418434,0.4376030875228601,1.1760343020925648,0.5965695892023339,0.2718924981736681,0.2038007278012829
GAOT,D,2,D-k2,ood,800,0.2752000159375249,2.278039173123562e-15,-0.052415800649688524,0.13854185719171908,0.10299726249572266,0.003540884219919704,-0.9179153483052318,0.30327898232144657,1.7546144272397993e-18,0.2767404132644592,1.5694186662157055e-15,0.2895850053209425,6.399719083699304e-17,0.002747416157747984,0.010608436081612771,0.021881163341133658,0.09447285504461322,0.08638124261878555,0.10390569577097541,1.3366968369022223,1.1091152986101287,1.534821011922895,0.09172543888686524,0.07577280653717278,0.08202453242984176
GNOT,A,0,A-k0,all,1600,0.7011042523844736,5.601488220975229e-237,0.8823456317756375,0.0,-0.8710533109583246,0.0,-0.9968144147712559,-0.0393682098799623,0.11546250323977696,0.04851956015231264,0.05233006788374914,-0.12909374671130577,2.202165611205865e-07,0.7785338139135487,0.7587338705314597,0.7898427524156764,0.778877054599591,0.7593018466394277,0.7933450640197937,0.034008176428098946,0.014899400505509496,0.0715284399569586,0.00034324068604230096,0.0005679761079679935,0.003502311604117292
GNOT,A,0,A-k0,iid,800,0.7085559196186244,5.9769780097265875e-123,0.8829232701926097,3.038822799468416e-264,-0.8721762455878838,5.180711090462191e-250,-0.9969254873835742,-0.038294209655666815,0.2793293909769963,0.04362004336011353,0.2177927491996566,-0.11473978890187331,0.0011500011529945162,0.779553501047612,0.7606914033677765,0.7900624586123332,0.7798767740429284,0.7611467377927883,0.7928263323540352,0.03389131832094992,0.014712266094190643,0.07291342982445283,0.00032327299531642595,0.00045533442501177745,0.002763873741702061
GNOT,A,0,A-k0,ood,800,0.7018815420024095,1.0615512200803762e-119,0.8877672933863959,4.012797930243395e-271,-0.8762288066075103,3.193499192536063e-255,-0.9966465338227092,-0.028562839089345527,0.4197929698730192,0.06523211705497062,0.0651653077737231,-0.12536661135894211,0.00037885593204776513,0.7881307672066071,0.7677769215288217,0.7990777229086415,0.7883036177067325,0.7687650839289727,0.8022355755901909,0.034105749300506874,0.015140121155708175,0.07034023450104183,0.00017285050012538772,0.0009881624001509826,0.0031578526815493335
GNOT,A,1,A-k1,all,1600,0.5716479029874622,1.7344642502301943e-139,0.8180681369406786,0.0,-0.7470975457412288,9.939846065806082e-286,-0.9471534178333664,0.2803357013808938,2.804637227405925e-30,0.5549047428034838,6.92635052730688e-130,0.26231284452214293,1.3803985307682817e-26,0.6692354766775928,0.5581547428525675,0.6767128391818096,0.6952296339217642,0.6942074134707361,0.6989575913251627,0.3850501532201115,0.3300625030223757,0.4630594535877467,0.025994157244171423,0.13605267061816861,0.022244752143353086
GNOT,A,1,A-k1,iid,800,0.566897596714995,3.288600094121371e-69,0.8356594150928361,7.307619110615788e-210,-0.7652474300741094,8.233390715213467e-155,-0.9448129918952999,0.25877396236860273,1.0473454681488947e-13,0.5672228379748325,2.6457652676994304e-69,0.25418465714040406,2.9123687554098576e-13,0.698326658033301,0.5856036292350292,0.7038258535892812,0.7185279007238333,0.7189322418967476,0.7229616177789744,0.4030942044894502,0.34439174113670423,0.478825780080923,0.02020124269053236,0.13332861266171847,0.019135764189693205
GNOT,A,1,A-k1,ood,800,0.6019530968017138,5.004077527578785e-80,0.8094337959903064,1.0969320238355284e-186,-0.7311928534263337,1.0789906472804795e-134,-0.9515939399905313,0.35142890269328253,1.1448821641434548e-24,0.5794379322001967,6.272790740141209e-73,0.2907735104185072,4.7197392278748456e-17,0.6551830700912766,0.5346429889017436,0.6713327108509499,0.6977687449273976,0.6908858223089153,0.699121278508041,0.3725725996445296,0.3170752876895301,0.44757115319576574,0.04258567483612097,0.1562428334071717,0.027788567657091034
GNOT,A,2,A-k2,all,1600,0.2051404815001881,1.156577032762059e-16,0.8137729145597323,0.0,-0.7089014956646469,1.4390493746059342e-244,-0.9092444508767387,0.10803884721439747,1.4852925367806319e-05,0.4311943259365787,1.9212697775804795e-73,0.022559263547768077,0.3671737099306722,0.6622263564710413,0.5025413305555732,0.6677785573059327,0.6661689830169713,0.5950330980185907,0.6679476315660744,1.0126226671908718,0.8215427777578459,1.221606298402037,0.003942626545929917,0.09249176746301757,0.00016907426014167726
GNOT,A,2,A-k2,iid,800,0.13792985614040024,9.08298001314387e-05,0.8372181987784357,2.283501922798998e-211,-0.7585105679852625,1.4442523814077802e-150,-0.9193329677077621,0.0515621731487918,0.14509224735931292,0.4066907335794041,3.230458245447139e-33,0.020143227185601145,0.5694217192603798,0.700934312365808,0.5753382817453254,0.7017404216808514,0.7017294256589904,0.6455762057713805,0.7018614403858832,0.9759788202809327,0.7807286066750648,1.1677320228872095,0.0007951132931823812,0.07023792402605511,0.00012101870503178347
GNOT,A,2,A-k2,ood,800,0.19987582793098116,1.1831452602827435e-08,0.8093834521616441,1.2054725601331622e-186,-0.7306727744887103,2.0710916834020673e-134,-0.9125660586969669,0.06982446950931794,0.04835261713747938,0.40337342420832617,1.1743736415354858e-32,0.06547923171922512,0.06415180973133813,0.6551015726331003,0.5338827033790294,0.6554788690943891,0.6567831099272206,0.6097247043468462,0.6569560137052393,1.064557010734342,0.8650877584020948,1.2625218848237507,0.0016815372941202389,0.07584200096781679,0.001477144610850134
GNOT,B,0,B-k0,all,1600,0.3953222393836873,5.4236363419162155e-61,0.565769049128535,4.7119984201339024e-136,-0.5440743736618647,5.8343838980837464e-124,-0.9953604483829877,-0.11235696633019585,6.636116465244023e-06,-0.044113507688487,0.07772861310885824,-0.23837472728336245,4.1550607397927015e-22,0.3200946169518065,0.29601692407555036,0.35937657423058234,0.3286778022594805,0.2973868762399229,0.3957784056367252,0.030972867194587375,0.013798623446911927,0.06584535439276445,0.00858318530767399,0.0013699521643725232,0.03640183140614284
GNOT,B,0,B-k0,iid,800,0.527678582310285,1.5018259252778506e-58,0.6820385031851613,1.4871252575552583e-110,-0.6587749433983492,1.0230204862528293e-100,-0.9954332897395154,-0.0835373226284796,0.01811644340130328,-0.0002143919928363526,0.9951692855897092,-0.2099699129991498,2.015781587947794e-09,0.4651765198270552,0.43398442604949805,0.5097279320291153,0.46890877707170353,0.4339844520657964,0.5313427353276663,0.029777172348442127,0.013088453662892019,0.06283039020625204,0.003732257244648318,2.6016298337872e-08,0.021614803298551033
GNOT,B,0,B-k0,ood,800,0.5432939113967366,1.2605880338024435e-62,0.7865078773560584,3.3736102221819985e-169,-0.7820976829651297,4.419221550096743e-166,-0.9962351347423981,-0.16406783390167787,3.0872303480674084e-06,-0.09745301668087224,0.0058041317872166345,-0.19384349987692814,3.2639983284634236e-08,0.6185946411431326,0.6116767856994245,0.6188740463572144,0.6288614075160248,0.6153647263934335,0.6331949693348045,0.03275522035153984,0.014575797434962873,0.06733044869893397,0.010266766372892255,0.0036879406940090176,0.014320922977590023
GNOT,B,1,B-k1,all,1600,0.24537156362170454,2.284432000364471e-23,0.15712723227626263,2.624630976593871e-10,-0.09938990698824493,6.823632917666836e-05,-0.9292929489425581,0.19408735686019984,4.801095052319245e-15,0.22999980162345066,1.1855839550489282e-20,0.15603281706745506,3.4984943363213625e-10,0.024688967122798555,0.009878353611131985,0.04062646151151661,0.061428838241484485,0.06225569835336087,0.0639835999311309,0.40928451995755444,0.3397323415008917,0.49921287746002996,0.03673987111868593,0.05237734474222888,0.023357138419614287
GNOT,B,1,B-k1,iid,800,0.4452625472852301,3.2335412831862896e-40,0.4459589468108544,2.3703548749858045e-40,-0.325309703608912,3.559167461320611e-21,-0.9183045051632893,0.3146784042986388,7.56821788816818e-20,0.43815832375080244,7.374887015412517e-39,0.21470284294594166,8.521231272063899e-10,0.19887938224064639,0.10582640326211801,0.2441355480191154,0.2782083471161787,0.27749227954033107,0.27897886656137083,0.4255318183212533,0.35170924693673977,0.508701444397996,0.07932896487553232,0.17166587627821306,0.03484331854225542
GNOT,B,1,B-k1,ood,800,0.42132140831470055,9.129871361410267e-36,0.41097164995570307,5.97721599607718e-34,-0.34584330600516566,6.821097036718057e-24,-0.9315524321131752,0.24297598438943296,3.253606311294465e-12,0.35158647141977833,1.088099587910801e-24,0.2615772565782114,5.5519915969677943e-14,0.16889769706731284,0.11960759230858253,0.1792514981119535,0.21796375714990823,0.2284355802781014,0.23540929475338257,0.397050778453767,0.3228559770153962,0.48172198978578223,0.0490660600825954,0.10882798796951887,0.05615779664142906
GNOT,B,2,B-k2,all,1600,0.7784466409947818,0.0,0.8583992649997129,0.0,-0.258428916378483,7.929181270030964e-26,-0.251315989771871,0.014650211601008808,0.5581565115158041,0.847018873468349,0.0,0.16989702958116154,7.899638034679883e-12,0.7368492981520472,0.0667855048205569,0.7387954607476438,0.736905777845077,0.7363118193374028,0.7463351299456892,0.6392214349539931,0.3611294841049666,0.9983249486924626,5.6479693029798383e-05,0.6695263145168459,0.0075396691980453845
GNOT,B,2,B-k2,iid,800,0.8296646088509513,3.225002618148962e-204,0.8750993282802004,9.432160861603873e-254,-0.42264241819127846,5.2975880719994266e-36,-0.5803430552235238,0.39239316793082407,7.595843448543291e-31,0.8686201500669042,1.3856772232196481e-245,0.3739924980200856,5.829868872904106e-28,0.765798834356458,0.17862661365457155,0.776748235905682,0.8018593495009139,0.7983536263615013,0.8079745468996763,0.37669609851004604,0.2310042017417676,0.5899496737126897,0.03606051514445585,0.6197270127069298,0.03122631099399431
GNOT,B,2,B-k2,ood,800,0.4679935124898634,8.758561287631497e-45,0.664622749410546,4.1731573958250747e-103,-0.40887232636300996,1.3714192139858937e-33,-0.2713286270759798,-0.31259220102403196,1.3592953282453537e-19,0.5985499652733393,6.433739536736205e-79,-0.07480841540483413,0.03438241570519357,0.44172339903403335,0.1671765792654999,0.49810524307230764,0.4962747741394803,0.4655456143675448,0.5009139962063275,0.915423808984224,0.685322258115284,1.227377195817154,0.05455137510544694,0.29836903510204493,0.002808753134019848
GNOT,C,0,C-k0,all,1600,0.6090289224722354,4.820184791073026e-163,0.7511084301204807,1.7515763913089287e-290,-0.7419784949134746,8.624365891779845e-280,-0.9987891948395293,-0.10202595410353575,4.34131496349546e-05,-0.060128878149616136,0.01615247149109719,-0.17882171168263764,5.786082323119561e-13,0.5641638737980528,0.550532086914065,0.5920863593266101,0.5687006207427763,0.5521571300578005,0.605130297260953,0.03430347642815994,0.014050822173498491,0.07378847334816988,0.004536746944723502,0.0016250431437355717,0.013043937934342886
GNOT,C,0,C-k0,iid,800,0.5728433247551951,5.935454778358355e-71,0.7337507558605562,4.271038774534029e-136,-0.7247951324923946,2.9590754967106357e-131,-0.9988467325730197,-0.11741447143362785,0.0008769023246928786,-0.0796905253237801,0.024193041588680988,-0.1904366499744791,5.708937095694902e-08,0.5383901717259374,0.5253279840846679,0.5669180364284034,0.5447539977999782,0.5283424266130867,0.5826242378729007,0.0361734059734302,0.014531265110079607,0.07438755495151401,0.006363826074040846,0.0030144425284188703,0.015706201444497303
GNOT,C,0,C-k0,ood,800,0.7635442477253871,1.0044825164387754e-153,0.8863942756160558,3.8465290722461964e-269,-0.8809719546436793,1.4733340015026749e-261,-0.9987253495708588,-0.0465045633436828,0.18884555254915522,0.00269697506628382,0.9392895489781777,-0.09707563626972426,0.0059975959955747,0.7856948118449121,0.7761115848687047,0.7929270374432209,0.7861582841916481,0.7761132133601625,0.794878426604481,0.03207794106716522,0.013743558288018806,0.0730414480970383,0.0004634723467360491,1.6284914577946452e-06,0.001951389161260142
GNOT,C,1,C-k1,all,1600,0.17930943430056032,4.996040276872743e-13,0.42753418946648025,4.21143212332247e-72,-0.2561690863941744,2.163277606205418e-25,-0.7348372206395395,0.10231596970788724,4.127850640416534e-05,0.3348468473280583,3.215408071618948e-43,0.039995533977729716,0.10977374414091018,0.18278548316276022,0.06562260082402604,0.1900980349635455,0.1913405404506252,0.17038724775822245,0.1913935887605407,0.38049596193983204,0.3117889280467877,0.46832381600280937,0.008555057287864987,0.1047646469341964,0.001295553796995197
GNOT,C,1,C-k1,iid,800,0.10736974589022796,0.002358555570595667,0.4108816029400046,6.1947256503798255e-34,-0.29224128475200745,3.23397036538978e-17,-0.7231047001635941,0.01555735648802489,0.6603956039997739,0.26975898941086035,8.33649374337871e-15,0.018640244250934707,0.5985776113713407,0.16882369163454758,0.08540496851350388,0.16887338244968775,0.1690248623509818,0.15195996880695584,0.1691621646285233,0.39674682802795425,0.3267425167327833,0.49174573977353203,0.00020117071643421802,0.06655500029345196,0.0002887821788355449
GNOT,C,1,C-k1,ood,800,0.46359712280800447,7.126011934501343e-44,0.7123214411272518,7.984064065622063e-125,-0.3115190804985633,1.8337821010753487e-19,-0.7526643322880193,0.49665913835691466,4.678995226929512e-51,0.7138890762785775,1.2971613212790912e-125,0.15886514517792094,6.329812147210024e-06,0.5074018354896048,0.09704413751467034,0.6237905339437422,0.6289111723676709,0.557224408123622,0.6332853589927154,0.3648579708905231,0.29834421484328194,0.4439330873950113,0.12150933687806609,0.4601802706089516,0.009494825048973254
GNOT,C,2,C-k2,all,1600,0.6280739963179675,2.6550538833356892e-176,0.49092430211886806,8.286056224493122e-98,-0.10384512552543967,3.1572832583630655e-05,-0.8437589370152099,0.7159104477953205,1.308946812505121e-251,0.7596927092305847,5.70254665671827e-301,0.3838452314717338,2.5436756606973198e-57,0.24100667041089763,0.010783810095394197,0.5754162703070989,0.6300118285103149,0.5816931297473691,0.6379732319540664,0.8992186385424108,0.5346233753835151,1.1306250178464852,0.38900515809941727,0.5709093196519749,0.06255696164696756
GNOT,C,2,C-k2,iid,800,0.6006416494400774,1.3437760005694655e-79,0.44720537844590386,1.357210233561147e-40,-0.07883951381174036,0.025753870613845757,-0.8536181931534269,0.7704079391589544,3.687792912220399e-158,0.801602598248734,1.867836740010614e-180,0.5444047526315934,6.34434345873094e-63,0.19999265051094395,0.006215668938071572,0.5381354506625702,0.6748197268166883,0.6447884124207452,0.6750212652903709,0.7201685808129796,0.2831087248535176,0.966256452261441,0.4748270763057444,0.6385727434826737,0.1368858146278007
GNOT,C,2,C-k2,ood,800,0.4460579000904689,2.2679039489896756e-40,0.6534035521930504,1.4384075000510142e-98,-0.5030466453853835,1.547221192315717e-52,-0.910319172373707,0.44336975073993823,7.493111104832906e-40,0.603047927889412,2.1860170180888502e-80,0.35216135683810407,9.035661472232462e-25,0.42693620201849614,0.2530559274334877,0.47608275742728856,0.5395872128716501,0.5246946905713226,0.5410577275830439,1.0332497087189123,0.8386838553702052,1.2621302581758351,0.11265101085315399,0.27163876313783486,0.06497497015575537
GNOT,D,0,D-k0,all,1600,0.6007571370145066,1.463623318923639e-157,0.7524342079821126,4.4870475162155885e-292,-0.7328357540374041,1.577238855640351e-269,-0.9975581894758554,-0.07754367255033545,0.0019092504432661132,-0.0021814718260993304,0.9305198669302758,-0.23637266394438183,9.36855904200614e-22,0.5661572373416689,0.5370482423955705,0.6308314082702721,0.5687659430504332,0.5370504454993424,0.6514576092135089,0.03441527478362369,0.014399702891077747,0.0716745907534315,0.0026087057087642584,2.203103771969417e-06,0.02062620094323686
GNOT,D,0,D-k0,iid,800,0.6101981878096685,9.03593383303433e-83,0.7565322523941445,2.396069556248733e-149,-0.7391349673983867,4.212522635534932e-139,-0.9967597136870527,-0.0722689208785188,0.04099800189587835,0.005782483291910775,0.8702830565362908,-0.19016614778244897,5.965491981473133e-08,0.5723410489125573,0.546320500031014,0.6068661674533751,0.5745746247672223,0.5463356697637298,0.6210831306203051,0.03608274407389031,0.015078823499830196,0.0718830104286594,0.002233575854664993,1.5169732715869522e-05,0.014216963166929997
GNOT,D,0,D-k0,ood,800,0.7643643271317612,3.0200234499957195e-154,0.9285050132890833,0.0,-0.9240848813826273,0.0,-0.9992675769805891,-0.05358079478119133,0.12997210866627829,-0.004769547887495473,0.8928545965947243,-0.14117205442736225,6.155006982267827e-05,0.8621215597029607,0.8539328679999441,0.8716742864888817,0.8625173951335937,0.8539361908208117,0.8742317600780045,0.033051242305661005,0.013838395323240743,0.07127635498994045,0.0003958354306330403,3.3228208676794324e-06,0.0025574735891228384
GNOT,D,1,D-k1,all,1600,0.3693530485754096,6.855287297643817e-53,0.22603035684779565,5.545097380981609e-20,-0.13790844840173766,3.050565617708453e-08,-0.9392648825253448,0.3116495334038125,2.2399501922423696e-37,0.3578734674829125,1.5416284381074869e-49,0.22947728588694893,1.4549545264598718e-20,0.051089722216741906,0.019018740140574808,0.09807891378751932,0.14325304256331284,0.1446563637991104,0.1455739201150118,0.3967037061656719,0.33200354623787554,0.4778460344492761,0.09216332034657093,0.1256376236585356,0.047495006327492484
GNOT,D,1,D-k1,iid,800,0.368873685740134,3.4350202646690086e-27,0.3019504483600756,2.5085146371419454e-18,-0.20222370659954156,7.902354135716827e-09,-0.9235265758227749,0.3015333210996321,2.8053783352403504e-18,0.37609284042959534,2.789887150395771e-28,0.22885759023209704,5.750920723070949e-11,0.0911740732648505,0.04089442751085759,0.13109971537161436,0.17380665656926597,0.17655590611152427,0.17660905995093823,0.3955347404868421,0.3314152496516414,0.47078432417468796,0.08263258330441547,0.13566147860066669,0.045509344579323874
GNOT,D,1,D-k1,ood,800,0.4712363066192291,1.829627843747018e-45,0.4662763848068513,1.9934158829506302e-44,-0.3962625566602448,1.7791739088919673e-31,-0.9452662738535529,0.29899670152424845,5.516807426214771e-18,0.4098342597168913,9.380483054861822e-34,0.29971815640897886,4.55461559662472e-18,0.2174136670285468,0.15702401381091358,0.23600647971750288,0.28737612414850067,0.2986137338812599,0.3046367612250075,0.3997657424156811,0.33319716301647734,0.48369813880668555,0.06996245711995386,0.14158972007034631,0.06863028150750461
GNOT,D,2,D-k2,all,1600,0.5086441459547445,5.119996771909362e-106,0.6784026400010312,3.183999149332081e-216,-0.3305617004147267,4.220456622822572e-42,-0.7923254462208774,0.5017881408742755,8.768452497936922e-103,0.7017728428685823,1.2799148532617248e-237,0.2291263838837968,1.668934327945053e-20,0.4602301419603688,0.10927103778107561,0.575296239456003,0.5961395169020768,0.5479418002883043,0.5975927196219457,1.137088971639672,0.8090381363516452,1.4013319808654496,0.13590937494170796,0.4386707625072287,0.022296480165942767
GNOT,D,2,D-k2,iid,800,0.5406890635766619,6.243718491005412e-62,0.5879241842565379,1.5396028639597224e-75,-0.1898068278231685,6.323581076244126e-08,-0.7818912451425706,0.6502968073187346,2.400790489874415e-97,0.7634187934974213,1.2066995274277327e-153,0.44287843649320946,9.311629078889371e-40,0.34565484643371547,0.036026631888294025,0.5330706643879612,0.6223682102194594,0.5978382677154861,0.6246547957238535,0.8660112549418434,0.4376030875228601,1.1760343020925648,0.27671336378574396,0.5618116358271921,0.09158413133589227
GNOT,D,2,D-k2,ood,800,0.25475489024201603,2.567653745963108e-13,0.7442825770040267,4.7875828981323224e-142,-0.7316666197915935,5.949427390521591e-135,-0.9179153483052318,0.06529269491612358,0.06491564654952307,0.37301166756441406,8.20965415906093e-28,0.26860253468034423,1.0942134038465441e-14,0.5539565544317547,0.5353360425172562,0.568884564389647,0.5558580983063179,0.5999883187576329,0.5999883883851755,1.3366968369022223,1.1091152986101287,1.534821011922895,0.0019015438745632052,0.06465227624037673,0.03110382399552858
MGN-lite,A,0,A-k0,all,1600,0.7357544153337561,9.29907072590879e-273,0.9222895253084085,0.0,-0.9186261869633543,0.0,-0.9968144147712559,-0.03735091891678885,0.13533507311122187,0.04864149324680877,0.05174000938960383,-0.04857046014823904,0.05208307265480485,0.8506179684936092,0.8438740713748316,0.8507006705207822,0.8508263700428258,0.8442434645202956,0.8510528810160961,0.034008176428098946,0.014899400505509496,0.0715284399569586,0.00020840154921664134,0.00036939314546402535,0.00035221049531386495
MGN-lite,A,0,A-k0,iid,800,0.7333766693385458,6.865269560937558e-136,0.9136686072946989,3.0624065625e-314,-0.9102870160734627,6.904438813713334e-308,-0.9969254873835742,-0.04515120163600031,0.20205359129717648,0.029204488801099965,0.4094215301697754,-0.053430401058984264,0.13105475029441666,0.8347903239558347,0.8286224516319284,0.8348437092056429,0.835127125524434,0.8287686199141582,0.8353151986657734,0.03389131832094992,0.014712266094190643,0.07291342982445283,0.00033680156859927646,0.00014616828222979716,0.0004714894601305364
MGN-lite,A,0,A-k0,ood,800,0.7378463716349557,2.2424255999588778e-138,0.9300207187823731,0.0,-0.92613634552554,0.0,-0.9966465338227092,-0.025885766377194815,0.46469503056561207,0.07113846047619016,0.044272430837798665,-0.03813430055297355,0.2813434743989215,0.8649385373644819,0.8577285305034021,0.8650260732850374,0.8650290383905546,0.8584485209631729,0.8652223557272374,0.034105749300506874,0.015140121155708175,0.07034023450104183,9.050102607266464e-05,0.0007199904597707807,0.0001962824421999354
MGN-lite,A,1,A-k1,all,1600,0.35149366952877714,9.820233092867572e-48,0.8316118824655792,0.0,-0.8121939676538935,0.0,-0.9471534178333664,-0.19313411358934796,6.5536682308531375e-15,0.20333859910863927,2.1548666710310422e-16,-0.13808759021914446,2.92657119270358e-08,0.6915783230579442,0.659659041093374,0.6974258949841079,0.7030826939754885,0.6737309777818286,0.7031954332602709,0.3850501532201115,0.3300625030223757,0.4630594535877467,0.011504370917544304,0.014071936688454523,0.005769538276163
MGN-lite,A,1,A-k1,iid,800,0.3902910473297615,1.657809647329103e-30,0.8588455138211155,4.709229665195107e-234,-0.8258212278456686,1.0294398695977147e-200,-0.9448129918952999,-0.15914953136221432,6.089742431911018e-06,0.2892413849964107,6.986800345067417e-17,-0.15195032334750871,1.587594284353572e-05,0.7376156166106556,0.6819807003605276,0.7395403464589716,0.7442614387067175,0.7085863790362326,0.7455540735529741,0.4030942044894502,0.34439174113670423,0.478825780080923,0.006645822096061904,0.026605678675704958,0.006013727094002497
MGN-lite,A,1,A-k1,ood,800,0.36750589454046023,5.488056289932179e-27,0.8323847459136656,9.440411289665788e-207,-0.8115239086311072,2.1284072193046945e-188,-0.9515939399905313,-0.15108873380039167,1.7754118542324926e-05,0.20988652020934412,2.0462288355364524e-09,-0.099805479375456,0.004719671972738197,0.6928643652297575,0.6585710542799097,0.6968613197814976,0.6998755977567006,0.6736118021631532,0.699880924708847,0.3725725996445296,0.3170752876895301,0.44757115319576574,0.007011232526943134,0.0150407478832435,0.0030196049273494285
MGN-lite,A,2,A-k2,all,1600,0.09606604045548456,0.0001188228281874404,0.7910214740318259,0.0,-0.7252751592871717,2.336792045813049e-261,-0.9092444508767387,-0.07183119930718432,0.004043905299743755,0.28509228782622,2.668932758160635e-31,-0.07907115274481888,0.0015490653150931715,0.6257149723794825,0.5260240566790322,0.625925742853909,0.6276461787690586,0.5645476897715602,0.628264547579394,1.0126226671908718,0.8215427777578459,1.221606298402037,0.0019312063895761122,0.03852363309252804,0.0023388047254849775
MGN-lite,A,2,A-k2,iid,800,0.028996732807395013,0.4127628666735007,0.8771053236020682,2.255543263605281e-256,-0.845832712238613,5.53281312930624e-220,-0.9193329677077621,-0.18108107060532097,2.517107793959443e-07,0.3168690392665234,4.071585531501003e-20,-0.04344860058547193,0.21960836431425243,0.7693137486910887,0.7154329770929281,0.779381374647777,0.776878032564792,0.7440052101931329,0.7797978542733206,0.9759788202809327,0.7807286066750648,1.1677320228872095,0.007564283873703337,0.028572233100204847,0.00041647962554358653
MGN-lite,A,2,A-k2,ood,800,0.09088525919571751,0.010113381728303257,0.7965683696380776,1.3529966031254954e-176,-0.7805573680583877,5.211503320454053e-165,-0.9125660586969669,-0.11180259713901407,0.001538904655940358,0.27344155071189824,3.4756948121724446e-15,0.05827496804409996,0.09954003425089215,0.6345211675078649,0.6092698048302372,0.6517247166962401,0.6390895873935404,0.6384848115744777,0.6529074497719927,1.064557010734342,0.8650877584020948,1.2625218848237507,0.004568419885675468,0.02921500674424049,0.0011827330757525623
MGN-lite,B,0,B-k0,all,1600,0.5835497718944422,1.1752893670395953e-146,0.7630037775405382,3.9093185376327714e-305,-0.7479923312470044,8.80326366484727e-287,-0.9953604483829877,-0.06401577496506342,0.010429414702976389,0.017934200368068785,0.47345738745187727,-0.1558839337654662,3.6374154830076454e-10,0.5821747645411308,0.5594925276043283,0.5963895179348172,0.583887020480393,0.5596342104643383,0.606197172252294,0.030972867194587375,0.013798623446911927,0.06584535439276445,0.001712255939262164,0.00014168286000992847,0.009807654317476766
MGN-lite,B,0,B-k0,iid,800,0.6350526875823245,1.5003754397089737e-91,0.7836260916032681,3.7439246873505345e-167,-0.7653680396375621,6.891256017887593e-155,-0.9954332897395154,-0.03114859339244063,0.37893993167310913,0.05680843550637843,0.10836852695737756,-0.13314755852960605,0.00015877855681154754,0.6140698514414136,0.5857882360986446,0.6377170342376682,0.6144442943290558,0.587124979617455,0.6441396853197134,0.029777172348442127,0.013088453662892019,0.06283039020625204,0.00037444288764221234,0.0013367435188104126,0.006422651082045205
MGN-lite,B,0,B-k0,ood,800,0.6442387253730085,5.287963010295647e-95,0.8813998068746983,3.832691497068315e-262,-0.8822198394059991,2.859725328154124e-263,-0.9962351347423981,-0.12236476027359271,0.00052312139795181,-0.04531078352484191,0.20046209812409158,-0.08828017910959961,0.012492625763193939,0.7768656195587553,0.7783118450415468,0.7791443893246485,0.7802066406613534,0.7787669856997576,0.7808656032375468,0.03275522035153984,0.014575797434962873,0.06733044869893397,0.0033410211025980407,0.0004551406582107287,0.0017212139128983672
MGN-lite,B,1,B-k1,all,1600,0.22864633150247324,2.012799603979447e-20,0.5100952734747163,1.0359296860036369e-106,-0.47998204393829846,5.64301072135066e-93,-0.9292929489425581,-0.04877863897871012,0.05108299033940552,0.1409639256590991,1.4923038572112257e-08,-0.057550531734778275,0.021327824396346232,0.2601971880212455,0.23038276250318668,0.26045706737972707,0.2619574420000742,0.24567569451485438,0.2629064806836362,0.40928451995755444,0.3397323415008917,0.49921287746002996,0.0017602539788287297,0.015292932011667704,0.0024494133039091315
MGN-lite,B,1,B-k1,iid,800,0.20692558113372053,3.4704020541798104e-09,0.4878243872256051,4.645951153983621e-49,-0.42229809734077717,6.106516127669664e-36,-0.9183045051632893,-0.002043244941787401,0.9539864865787764,0.18184105584823435,2.2375834655568635e-07,-0.10743245793435098,0.0023445998148404054,0.23797263277203695,0.17833568301764058,0.24217840301429105,0.23797581412190894,0.20550497467067452,0.2509249775618352,0.4255318183212533,0.35170924693673977,0.508701444397996,3.1813498719834854e-06,0.027169291653033945,0.008746574547544128
MGN-lite,B,1,B-k1,ood,800,0.38113536114900176,4.6507062127295354e-29,0.8181013017207841,6.271154971641621e-194,-0.793181669033858,4.647559927512392e-174,-0.9315524321131752,-0.21870721893779155,4.048537625650331e-10,0.23104397864684884,3.730919157149351e-11,-0.16946997077139436,1.4301888548595842e-06,0.6692897398772412,0.6291371600913365,0.6765948229591234,0.6851085533545764,0.6489343080501864,0.6858830426033242,0.397050778453767,0.3228559770153962,0.48172198978578223,0.01581881347733527,0.019797147958849903,0.00928821964420079
MGN-lite,B,2,B-k2,all,1600,0.4624764599517422,1.3415717295436447e-85,0.6843574811943287,1.7485559192246298e-221,-0.5331538889273004,3.3526354231528113e-118,-0.251315989771871,-0.49682603362345845,1.7288548375507225e-100,0.632497682943755,1.62416495962524e-179,-0.13382251896323583,7.748007474207068e-08,0.46834516206664567,0.2842530692783042,0.6075784705192601,0.5995767728945556,0.5705900044269202,0.6146061383658921,0.6392214349539931,0.3611294841049666,0.9983249486924626,0.1312316108279099,0.286336935148616,0.007027667846632002
MGN-lite,B,2,B-k2,iid,800,0.48539030529735205,1.6108998958496426e-48,0.7950160547125856,1.9934116471197343e-175,-0.7186390291234831,4.883666636253962e-128,-0.5803430552235238,-0.49972866737911614,9.173985115840153e-52,0.5858010974484543,7.040847403953176e-75,-0.16305001969980065,3.559118318302897e-06,0.6320505272507647,0.5164420541795423,0.7318408798937852,0.7239380858322317,0.6823812136474985,0.7389699729426252,0.37669609851004604,0.2310042017417676,0.5899496737126897,0.09188755858146702,0.16593915946795623,0.007129093048840018
MGN-lite,B,2,B-k2,ood,800,0.13632663488536703,0.00010975776010561808,0.42211542518035194,6.584249262873041e-36,-0.563855310711423,2.4860734575533137e-68,-0.2713286270759798,-0.5296612513725842,4.686266873264517e-59,0.2864373856261023,1.4235514753875883e-16,-0.1900133025663654,6.115349945575321e-08,0.17818143217518934,0.3179328114174754,0.39611712756714235,0.40873526887483347,0.3738939523502761,0.4179203519817858,0.915423808984224,0.685322258115284,1.227377195817154,0.23055383669964413,0.05596114093280069,0.02180322441464344
MGN-lite,C,0,C-k0,all,1600,0.7418207311799733,1.3076629095583372e-279,0.8733486194721171,0.0,-0.8681272961434752,0.0,-0.9987891948395293,-0.026607779154311388,0.2874792684285812,0.01665427973191113,0.5056049690019029,-0.0749573286873976,0.002698278748522497,0.7627378111338525,0.7536450023093808,0.7699017639330518,0.7629057865737611,0.7537133325715408,0.7711945941408366,0.03430347642815994,0.014050822173498491,0.07378847334816988,0.0001679754399085409,6.833026216002125e-05,0.001292830207784812
MGN-lite,C,0,C-k0,iid,800,0.7242167878387311,5.986341395499903e-131,0.8739587874356055,2.7855729859711775e-252,-0.8687242480066376,1.0325446882028394e-245,-0.9988467325730197,-0.03668527294956375,0.3000423284431994,0.00416807957030647,0.906299608555567,-0.0853886219957302,0.015701030703817207,0.7638039621359136,0.7546818190746978,0.7715535604837942,0.7641218369488114,0.7546860809598088,0.7732192129938031,0.0361734059734302,0.014531265110079607,0.07438755495151401,0.0003178748128978004,4.261885111045416e-06,0.0016656525100089414
MGN-lite,C,0,C-k0,ood,800,0.8026817932528021,2.6876125597545387e-181,0.9228407466261667,0.0,-0.9210852282581692,0.0,-0.9987253495708588,-0.01693998116613525,0.6323511850349545,0.02587606935258896,0.46486238104876915,-0.025192381956090675,0.47674537605775824,0.8516350436335407,0.8483979977154036,0.8517667301784942,0.851677618880863,0.8484995060143904,0.8518608073286875,0.03207794106716522,0.013743558288018806,0.0730414480970383,4.257524732231843e-05,0.00010150829898680769,9.407715019327245e-05
MGN-lite,C,1,C-k1,all,1600,-0.22155948791386246,3.043590382775006e-19,0.772663180727805,1.10514e-317,-0.8408927259346587,0.0,-0.7348372206395395,-0.6153462786692874,2.4302078314854472e-167,0.2991767520238736,1.9211131511255903e-34,-0.14603604875796494,4.40118448156028e-09,0.5970083908524086,0.7071005765298208,0.759154782072023,0.7496015838442678,0.7333170458364326,0.76429117424428,0.38049596193983204,0.3117889280467877,0.46832381600280937,0.15259319299185914,0.02621646930661181,0.005136392172256921
MGN-lite,C,1,C-k1,iid,800,-0.20432256144150227,5.486283749985322e-09,0.7779296217650341,3.351064441367379e-163,-0.8465475336680215,1.0100626544515974e-220,-0.7231047001635941,-0.6234573061119608,2.3492544295412547e-87,0.331729662405887,5.292590478031396e-22,-0.12764355169127267,0.0002952015373680221,0.6051744964194888,0.7166427267594098,0.7742496035281694,0.7586427797885724,0.7478246557434955,0.7779277268099337,0.39674682802795425,0.3267425167327833,0.49174573977353203,0.15346828336908358,0.031181928984085783,0.0036781232817643117
MGN-lite,C,1,C-k1,ood,800,-0.19492532800832502,2.72728393574261e-08,0.8511231970674956,1.5320901586851808e-225,-0.8725277617621279,1.8602017968660022e-250,-0.7526643322880193,-0.653774864998785,1.0251968099353685e-98,0.46012565924265025,3.651007704308383e-43,-0.16293933103185537,3.6144124856578955e-06,0.7244106965863946,0.7613046950456284,0.8484851158578849,0.8422035104577121,0.811840220072576,0.8525077186982937,0.3648579708905231,0.29834421484328194,0.4439330873950113,0.11779281387131757,0.05053552502694758,0.004022602840408784
MGN-lite,C,2,C-k2,all,1600,0.3175180029367199,8.323115851173346e-39,0.6825574365458738,7.0152576591593875e-220,-0.3992046686346362,2.8780341263544977e-62,-0.8437589370152099,0.4261146350008147,1.3804854069096641e-71,0.6071163698976951,9.226642854395842e-162,0.09023316610043774,0.00030164889210006185,0.4658846541840743,0.15936436745968974,0.5742821712980252,0.5628659442230366,0.46921449618200783,0.5777483761891509,0.8992186385424108,0.5346233753835151,1.1306250178464852,0.09698129003896228,0.3098501287223181,0.0034662048911257015
MGN-lite,C,2,C-k2,iid,800,0.3882782316847371,3.481790607914131e-30,0.5249658046340698,7.298987125728366e-58,-0.24396021712533927,2.64482147710339e-12,-0.8536181931534269,0.5723871927940529,8.099834161595466e-71,0.6769770095090639,2.4549668528739126e-108,0.38799403870050314,3.864776420063383e-30,0.2755890960350962,0.05951658753984268,0.42920442029445605,0.5129257386045206,0.4905381335609481,0.5151316295836119,0.7201685808129796,0.2831087248535176,0.966256452261441,0.23733664256942444,0.43102154602110543,0.08592720928915587
MGN-lite,C,2,C-k2,ood,800,-0.02015206273759803,0.5692523398449783,0.890767930887392,1.5179714142490383e-275,-0.8779303014535961,1.8273870045667265e-257,-0.910319172373707,-0.3977938284899639,9.964212962314844e-32,0.21535971846069907,7.549431035643973e-10,-0.2137914724901391,1.0073629423076509e-09,0.7934675066974056,0.770761614210402,0.8197069995221749,0.8261491939771742,0.7813936466064564,0.8279476145022819,1.0332497087189123,0.8386838553702052,1.2621302581758351,0.03268168727976861,0.01063203239605437,0.008240614980107086
MGN-lite,D,0,D-k0,all,1600,0.6906599973281241,3.434942642383943e-227,0.839887828081183,0.0,-0.8270684217064147,0.0,-0.9975581894758554,-0.03768155249332451,0.1319082958723673,0.03644212848272793,0.14510813502584963,-0.14590511351464086,4.544562124150983e-09,0.7054115637589267,0.6840421741839398,0.729185649161286,0.7058298497022935,0.6844617752535711,0.734950826888421,0.03441527478362369,0.014399702891077747,0.0716745907534315,0.0004182859433667918,0.0004196010696313479,0.005765177727134918
MGN-lite,D,0,D-k0,iid,800,0.68095779837156,4.4630255283865844e-110,0.8318133153333053,3.2433289705584304e-206,-0.8234047240698815,1.4857047676236463e-198,-0.9967597136870527,-0.06024093111389114,0.08861425847595684,0.011334214875181882,0.74890084692972,-0.11257392068443184,0.0014264962243301432,0.6919133915657847,0.6779953396205975,0.6969583955742819,0.6930314285578676,0.6780367057647319,0.7007988077708276,0.03608274407389031,0.015078823499830196,0.0718830104286594,0.0011180369920829047,4.136614413430273e-05,0.0038404121965457394
MGN-lite,D,0,D-k0,ood,800,0.7998422653785398,4.3014558091110675e-179,0.9595015773462148,0.0,-0.9565916431119423,0.0,-0.9992675769805891,-0.008720892279427652,0.8054631099040697,0.046125734992168044,0.19247694777407395,-0.07303598478132911,0.038894783486475716,0.9206432769298738,0.9150675716716057,0.9239701782316015,0.9206493123230866,0.9152482724986652,0.9243757406940672,0.033051242305661005,0.013838395323240743,0.07127635498994045,6.03539321275548e-06,0.00018070082705956558,0.0004055624624657028
MGN-lite,D,1,D-k1,all,1600,0.18321956375764212,1.5169986215621964e-13,0.5257392102496916,2.0755354778639635e-114,-0.48673859442913847,6.136550799787495e-96,-0.9392648825253448,-0.040016437700164824,0.10958806349281315,0.13860697467344035,2.59406158784959e-08,-0.10105308791206699,5.136367396858286e-05,0.27640171719396933,0.2369144593068533,0.2768260779104561,0.27756042618530274,0.25157477739119216,0.28421093227013583,0.3967037061656719,0.33200354623787554,0.4778460344492761,0.0011587089913334125,0.014660318084338875,0.007384854359679727
MGN-lite,D,1,D-k1,iid,800,0.04866563072754802,0.16908976242942567,0.4717174323709881,1.4482347749051044e-45,-0.45764656663526043,1.1592131063175798e-42,-0.9235265758227749,-0.12216028888604107,0.0005346073595736493,0.05332757296137358,0.13179898928060044,-0.11779481724092271,0.0008433542758770943,0.22251733600267765,0.20944037995304177,0.22580853651578037,0.23411981567565954,0.21168859714732224,0.23655092227200225,0.3955347404868421,0.3314152496516414,0.47078432417468796,0.011602479672981891,0.0022482171942804774,0.010742385756221884
MGN-lite,D,1,D-k1,ood,800,0.35566623541599285,2.885976914626018e-25,0.7604922585816541,8.430031636589606e-152,-0.7186359588061857,4.901502338010949e-128,-0.9452662738535529,-0.08516449094083352,0.01597756127072635,0.234684498037398,1.7974732394478988e-11,-0.146079652664915,3.360313585034643e-05,0.5783484753626253,0.5164376412892857,0.5783489796879788,0.5814067098723879,0.5430707151931914,0.5873467025153447,0.3997657424156811,0.33319716301647734,0.48369813880668555,0.003058234509762503,0.02663307390390568,0.008997722827365884
MGN-lite,D,2,D-k2,all,1600,0.19606283537610755,2.50640175724373e-15,0.7753637061967603,2.65e-321,-0.6086007748440527,9.349985111196646e-163,-0.7923254462208774,0.041850233207643237,0.09424185347302087,0.543332810172801,1.4582500816766667e-123,0.05841421993493649,0.01945280331502811,0.6011888768871758,0.3703949031407814,0.6012773815335455,0.6018873714460533,0.5562609654147848,0.602637911261579,1.137088971639672,0.8090381363516452,1.4013319808654496,0.0006984945588774938,0.18586606227400337,0.001360529728033466
MGN-lite,D,2,D-k2,iid,800,0.2804139068967295,6.392687519920109e-16,0.6459187514355492,1.1991864667660484e-95,-0.40253094926710825,1.6261422843571665e-32,-0.7818912451425706,0.3461004259009284,6.288060333350741e-24,0.6275820907408652,7.927040749453888e-89,0.32826420744859025,1.4890023777102262e-21,0.4172110334560587,0.16203116511787918,0.4442478168465862,0.4870207040105259,0.4920729676054211,0.5041342215298961,0.8660112549418434,0.4376030875228601,1.1760343020925648,0.06980967055446718,0.3300418024875419,0.05988640468330986
MGN-lite,D,2,D-k2,ood,800,0.06056596963432756,0.08690449396624943,0.871746096478276,1.8069035967439994e-249,-0.9123019645343198,1.214906031052e-311,-0.9179153483052318,-0.4023215969364107,1.762873812593042e-32,0.14641344790158417,3.222498536728507e-05,-0.008294924678894732,0.8147885104943513,0.7599412567251113,0.8322948744931788,0.8397810373810612,0.7987978052350255,0.8358899521168668,0.8397920613710226,1.3366968369022223,1.1091152986101287,1.534821011922895,0.03885654850991427,0.0035950776236879367,1.1023989961334024e-05
TNO,A,0,A-k0,all,1600,0.7734835169857488,8.89397e-319,0.9479655333849741,0.0,-0.9367811130004349,0.0,-0.9968144147712559,0.04511953100369688,0.07118591583127937,0.16365783923116128,4.529100655278249e-11,-0.07506115132564119,0.0026615903136036293,0.8986386524858583,0.8775588536743333,0.9091181968893708,0.8988450010869153,0.8808383036659635,0.9096302410031297,0.034008176428098946,0.014899400505509496,0.0715284399569586,0.00020634860105706032,0.0032794499916302122,0.000512044113758936
TNO,A,0,A-k0,iid,800,0.7754212662832286,1.6914302914625997e-161,0.9438774826210667,0.0,-0.932718168309638,0.0,-0.9969254873835742,0.03543466665196743,0.31683118211573524,0.1445771053233741,4.052834515514698e-05,-0.07115136162106846,0.04423385469659827,0.8909047021990819,0.8699631814948862,0.9020103363026677,0.8910416839569676,0.8726812812150185,0.9025064105684995,0.03389131832094992,0.014712266094190643,0.07291342982445283,0.00013698175788567912,0.002718099720132372,0.0004960742658317585
TNO,A,0,A-k0,ood,800,0.7716386119353312,5.690456978433937e-159,0.9521675033867242,0.0,-0.9412060018843781,0.0,-0.9966465338227092,0.056506600178471256,0.11026011386076415,0.18346668367463054,1.7366205613231115e-07,-0.0672258490653834,0.05735292488986206,0.9066229545057072,0.8858687379831757,0.9156360196664669,0.9069211070257377,0.8897103990039313,0.9160172870499039,0.034105749300506874,0.015140121155708175,0.07034023450104183,0.0002981525200305146,0.003841661020755671,0.0003812673834370228
TNO,A,1,A-k1,all,1600,0.3120879861671821,1.7559546491238397e-37,0.9097852157364125,0.0,-0.9385379740382711,0.0,-0.9471534178333664,-0.488805245953032,7.380508333424068e-97,0.11203550829899167,7.053532002107074e-06,-0.08017291927282717,0.0013292998066917788,0.8277091387725504,0.8808535287118624,0.8850765049222685,0.8688746921880183,0.8823490498721553,0.885815198325054,0.3850501532201115,0.3300625030223757,0.4630594535877467,0.041165553415467904,0.0014955211602929452,0.0007386934027854286
TNO,A,1,A-k1,iid,800,0.32058535247711323,1.4057023127477215e-20,0.9143096942338974,1.78737364e-315,-0.9361704471413238,0.0,-0.9448129918952999,-0.4915789698310604,6.691990598918123e-50,0.16455712609833154,2.882298720257517e-06,-0.10896705269624904,0.0020257610121270707,0.8359622169700827,0.8764151061007859,0.8846912011468137,0.8756019281420108,0.8797616673438295,0.8860603569043024,0.4030942044894502,0.34439174113670423,0.478825780080923,0.039639711171928105,0.0033465612430436664,0.0013691557574887492
TNO,A,1,A-k1,ood,800,0.3361754158990874,1.3768360054929402e-22,0.9232453956959309,0.0,-0.9481587705605791,0.0,-0.9515939399905313,-0.4605311995728414,3.0195415771685018e-43,0.14248737878934337,5.2434097435607495e-05,-0.04847634453612664,0.17075573352951165,0.8523820606737358,0.8990050541909487,0.9036658120555094,0.8836901997083767,0.9010555195420031,0.903892193156508,0.3725725996445296,0.3170752876895301,0.44757115319576574,0.031308139034640914,0.0020504653510544646,0.0002263811009985961
TNO,A,2,A-k2,all,1600,-0.10842579333038802,1.3835140207759032e-05,0.9070081169953582,0.0,-0.9172892880036282,0.0,-0.9092444508767387,-0.646948424142185,2.1819375233910228e-190,0.040597631987320575,0.10452414135105709,-0.4520450011983239,2.1042724002569813e-81,0.8226637242954653,0.841419637886203,0.8721472796800998,0.8968864505295114,0.8416810049205372,0.8982733032984158,1.0126226671908718,0.8215427777578459,1.221606298402037,0.07422272623404613,0.0002613670343342145,0.026126023618316063
TNO,A,2,A-k2,iid,800,-0.16334465366352136,3.4158523178534042e-06,0.9024290194203429,4.767485481186691e-294,-0.9201180314344242,0.0,-0.9193329677077621,-0.6599945476434808,3.280849445912869e-101,-0.03484720333031477,0.3249259662439757,-0.46832965136902793,7.45207750047342e-45,0.8143781350919616,0.8466171917707599,0.8672603326092622,0.8952336835103287,0.846803448745082,0.8963744772577167,0.9759788202809327,0.7807286066750648,1.1677320228872095,0.08085554841836717,0.00018625697432206323,0.02911414464845452
TNO,A,2,A-k2,ood,800,-0.07247359761499629,0.04042759880737681,0.911526346134916,3.4707979904217e-310,-0.9195363820880972,0.0,-0.9125660586969669,-0.6258055209659206,3.433568794550051e-88,0.05314357880963456,0.13313883687685812,-0.427340829679442,7.494989019724864e-37,0.8308802796980703,0.8455471579836668,0.8768832262023771,0.8971130670272816,0.8459833698733679,0.8993668341743355,1.064557010734342,0.8650877584020948,1.2625218848237507,0.06623278732921123,0.00043621188970111024,0.022483607971958364
TNO,B,0,B-k0,all,1600,0.6128336651694005,1.2780197923032787e-165,0.7823575175224678,0.0,-0.7612880464015808,5.73161734714796e-303,-0.9953604483829877,-0.029580837339651958,0.23698058580408882,0.06439409528122565,0.009982785986159698,-0.17080237053284597,6.097592639883435e-12,0.6120832852239185,0.5795594895939351,0.6449366461262611,0.6124227224110208,0.5813028880071447,0.6552950690490871,0.030972867194587375,0.013798623446911927,0.06584535439276445,0.0003394371871022761,0.0017433984132095848,0.01035842292282596
TNO,B,0,B-k0,iid,800,0.6058500794532492,2.5865219308571107e-81,0.748548958670248,1.532922951454964e-144,-0.7239094045459447,8.699244691537142e-131,-0.9954332897395154,-0.029944059864253553,0.3976580351545196,0.06271241897814783,0.07627068526848174,-0.17152479475727606,1.0604356666530197e-06,0.5603255435263125,0.5240448259900641,0.6097448985898806,0.5607197761860848,0.5259166851034687,0.6212264984004681,0.029777172348442127,0.013088453662892019,0.06283039020625204,0.00039423265977234223,0.0018718591134045948,0.011481599810587495
TNO,B,0,B-k0,ood,800,0.719599241561315,1.5580197154184194e-128,0.9352842504441414,0.0,-0.9261539471155424,0.0,-0.9962351347423981,-0.01321301481423567,0.7090350018878143,0.1130276071316685,0.0013639585739924991,-0.10178627337031314,0.003952387868657195,0.8747566291288593,0.8577611337576988,0.8789428561631253,0.8747784945875212,0.8595782694075613,0.8801970620977704,0.03275522035153984,0.014575797434962873,0.06733044869893397,2.1865458661896042e-05,0.0018171356498625224,0.0012542059346450918
TNO,B,1,B-k1,all,1600,0.3133993411716177,8.457367139416527e-38,0.9294055720334267,0.0,-0.9450261826274151,0.0,-0.9292929489425581,-0.5341678685553839,9.988163519227766e-119,0.3152714789899985,2.9613940839795584e-38,-0.10559889308994512,2.311150450226287e-05,0.8637947173267809,0.8930744858513445,0.9122907477168999,0.9026588941267426,0.9037024655325145,0.9132688046599303,0.40928451995755444,0.3397323415008917,0.49921287746002996,0.03886417679996168,0.010627979681170019,0.0009780569430304364
TNO,B,1,B-k1,iid,800,0.21533016457838217,7.590735638727729e-10,0.9224871679487001,0.0,-0.933627896293588,0.0,-0.9183045051632893,-0.5129843705562398,6.648907756216513e-55,0.3377707484380319,8.446849685634988e-23,-0.11021061767729559,0.0017970781282138134,0.8509825750300128,0.8716610487375906,0.8987304949015164,0.8901969521633325,0.8863031214228252,0.8999605528180514,0.4255318183212533,0.35170924693673977,0.508701444397996,0.039214377133319656,0.014642072685234542,0.0012300579165350767
TNO,B,1,B-k1,ood,800,0.39349470077297005,5.034749628301038e-31,0.942026901604534,0.0,-0.9571243548818046,0.0,-0.9315524321131752,-0.5991096774012563,4.2360180821690546e-79,0.34478874037540297,9.515811563601152e-24,-0.15981825457305304,5.559023217871283e-06,0.887414683346638,0.9160870307079104,0.935311819802372,0.9278252018832949,0.92606254370154,0.9369640771822754,0.397050778453767,0.3228559770153962,0.48172198978578223,0.04041051853665689,0.009975512993629532,0.0016522573799033768
TNO,B,2,B-k2,all,1600,0.6578049044159784,5.937246126094639e-199,0.8062139135601226,0.0,-0.35972467957995297,4.536096520525804e-50,-0.251315989771871,-0.27664765106344225,1.6837491764988595e-29,0.7605894085164456,4.31608556444473e-302,-0.08465170565051205,0.0007001837179391289,0.6499808744179287,0.12940184509889985,0.6763286155213368,0.6767692111673732,0.6330396115273522,0.6786480159430004,0.6392214349539931,0.3611294841049666,0.9983249486924626,0.026788336749444475,0.5036377664284524,0.0023194004216635644
TNO,B,2,B-k2,iid,800,0.6435052242269129,1.0077783196260607e-94,0.8384190444047569,1.5422353034595816e-212,-0.5503536021150034,1.535927718413411e-64,-0.5803430552235238,-0.15850684851728725,6.645158518153558e-06,0.701219640773509,2.204194569729941e-119,-0.07343227073461134,0.03784452694280531,0.7029464940205856,0.3028890873609593,0.7090807680955583,0.710409791372324,0.6456647863728326,0.7106494913999922,0.37669609851004604,0.2310042017417676,0.5899496737126897,0.0074632973517383405,0.3427756990118733,0.0015687233044339166
TNO,B,2,B-k2,ood,800,0.34959921812377837,2.0624339319647727e-24,0.592421214720648,5.925355040236888e-77,-0.47444063975099965,3.82956633534454e-46,-0.2713286270759798,-0.4313385686142225,1.3851723121684886e-37,0.49696624763281283,3.9781446411016824e-51,-0.17444915936993963,6.885414501573759e-07,0.35096289565108807,0.2250939206473378,0.4571908854112766,0.47171817056749465,0.41647669929991105,0.4737099287874901,0.915423808984224,0.685322258115284,1.227377195817154,0.12075527491640659,0.19138277865257325,0.01651904337621346
TNO,C,0,C-k0,all,1600,0.7226388672417452,1.4241308406066391e-258,0.8538312768872176,0.0,-0.8445821062820729,0.0,-0.9987891948395293,-0.03404970902943291,0.17341301123675543,0.018339012780124953,0.46352863261848254,-0.12741696671332123,3.161593243301416e-07,0.7290278493908564,0.7133189342518624,0.7569154145512607,0.7293420098103869,0.7134153506529477,0.7608619130708367,0.03430347642815994,0.014050822173498491,0.07378847334816988,0.0003141604195304737,9.641640108526417e-05,0.003946498519576069
TNO,C,0,C-k0,iid,800,0.6777124026756293,1.1765283684612102e-108,0.8261798690310455,4.8896949200310254e-201,-0.817447019448468,2.2777087549436596e-193,-0.9988467325730197,-0.052508249043497206,0.13784631664715402,-0.008394811307146354,0.8125993601967992,-0.13303570819258145,0.0001608309454629351,0.6825731759921553,0.6682196296051838,0.7088307441890209,0.683448358636533,0.6682430111157431,0.7139840031623348,0.0361734059734302,0.014531265110079607,0.07438755495151401,0.0008751826443776922,2.338151055936155e-05,0.005153258973313868
TNO,C,0,C-k0,ood,800,0.8430394734991774,3.921410908833769e-217,0.957820379406843,0.0,-0.9509155639305688,0.0,-0.9987253495708588,0.047364431931156706,0.18079055871292415,0.1264211054762402,0.0003376872575292073,-0.05672376728949288,0.10889653323445458,0.9174198792070684,0.9042404097253913,0.9301008680453197,0.9176051385757102,0.9057708678333647,0.9303257744980177,0.03207794106716522,0.013743558288018806,0.0730414480970383,0.00018525936864188797,0.0015304581079733648,0.0002249064526980149
TNO,C,1,C-k1,all,1600,-0.352824301884493,4.161508748714054e-48,0.7029050734004194,1.0407916683582984e-238,-0.8735823939774977,0.0,-0.7348372206395395,-0.717023923874561,9.519652770009153e-253,0.0654853205636875,0.008788378268459565,-0.1927138706367315,7.513501728584744e-15,0.49407554221204886,0.763146199067456,0.7712255910380305,0.7541830977488284,0.7641619056666279,0.7797219605238949,0.38049596193983204,0.3117889280467877,0.46832381600280937,0.26010755553677956,0.0010157065991719394,0.008496369485864408
TNO,C,1,C-k1,iid,800,-0.3200269297295777,1.650855506275184e-20,0.7027519886749823,4.048713904876713e-120,-0.8594535069586048,9.578950088679645e-235,-0.7231047001635941,-0.6929603022971409,1.6989827745742857e-115,0.1067806073434229,0.0024934158860889103,-0.18713127339916658,9.726354547993802e-08,0.4938603575866425,0.7386603306234443,0.7525058528966234,0.7369055671961986,0.7416401511723074,0.7611726310265137,0.39674682802795425,0.3267425167327833,0.49174573977353203,0.2430452096095561,0.0029798205488631435,0.008666778129890251
TNO,C,1,C-k1,ood,800,-0.34500164062756355,8.898146263285103e-24,0.7903940084281382,5.238471007636838e-172,-0.9309999859374781,0.0,-0.7526643322880193,-0.7918446152722637,4.522209207698947e-173,0.2360748809713314,1.3555931082107859e-11,-0.19051787355826832,5.634007601486711e-08,0.6247226885590997,0.8667609738155843,0.8853067974454931,0.8600282783208388,0.8741865645409984,0.8894698235168556,0.3648579708905231,0.29834421484328194,0.4439330873950113,0.2353055897617391,0.007425590725414155,0.00416302607136243
TNO,C,2,C-k2,all,1600,-0.39269463972446866,3.869940380922513e-60,0.8773835302279416,0.0,-0.9566173609833443,0.0,-0.8437589370152099,-0.8348817813560927,0.0,0.14486988701252218,5.849688574222493e-09,-0.41898947131583864,4.908992125511877e-69,0.7698018591152451,0.9151167753347378,0.9322379937286566,0.9302563142116707,0.9168982436914611,0.9441337614524609,0.8992186385424108,0.5346233753835151,1.1306250178464852,0.16045445509642553,0.0017814683567233258,0.011895767723804296
TNO,C,2,C-k2,iid,800,-0.5237647011948457,1.463183857309028e-57,0.87816514557054,8.906156201310334e-258,-0.9506444619444718,0.0,-0.8536181931534269,-0.7871744619403817,1.1232702505611022e-169,0.13655678328226709,0.00010682905407025125,-0.31848509243715134,2.568699621578987e-20,0.7711740228949276,0.9037248930256943,0.9201101902900367,0.9129645827946256,0.9055202076389649,0.9282136337138187,0.7201685808129796,0.2831087248535176,0.966256452261441,0.1417905598996979,0.0017953146132706488,0.008103443423781997
TNO,C,2,C-k2,ood,800,-0.09622154097115777,0.006457023230702267,0.929020873470115,0.0,-0.9529134264272289,0.0,-0.910319172373707,-0.7160453764070163,1.0438899816774175e-126,0.12148209738205898,0.0005744048110864357,-0.4141543407646622,1.6779827257470301e-34,0.863079783343175,0.9080439982652816,0.9301682935467416,0.9332816511563086,0.9094010757418427,0.9421460944532588,1.0332497087189123,0.8386838553702052,1.2621302581758351,0.07020186781313353,0.0013570774765611082,0.011977800906517233
TNO,D,0,D-k0,all,1600,0.7042504479493936,5.195574050950986e-240,0.8452382247024317,0.0,-0.8270966023814854,0.0,-0.9975581894758554,-0.007199504584012058,0.7735313407919192,0.07871656379068886,0.0016266115783167255,-0.17640146416752234,1.191605929299006e-12,0.7144276564981181,0.6840887896709968,0.7674229156899749,0.714442458531205,0.6860462694869323,0.7746601276594889,0.03441527478362369,0.014399702891077747,0.0716745907534315,1.4802033086902533e-05,0.0019574798159354145,0.00723721196951399
TNO,D,0,D-k0,iid,800,0.6969021201595628,2.4643045876321798e-117,0.8321899799843437,1.438494371040917e-206,-0.8141688580763409,1.3505090397465127e-190,-0.9967597136870527,-0.008295119047459807,0.814784249236968,0.08237348830928629,0.019795999253960136,-0.14495805214500454,3.865467995273714e-05,0.6925401627863425,0.6628709294613326,0.7288369703235162,0.6925613187902848,0.6651584822166714,0.7345348748344487,0.03608274407389031,0.015078823499830196,0.0718830104286594,2.1156003942368606e-05,0.002287552755338762,0.005697904510932439
TNO,D,0,D-k0,ood,800,0.8108404466256979,7.767169582492341e-188,0.9679074967304637,0.0,-0.9643415927212388,0.0,-0.9992675769805891,0.01900083836576888,0.5915211576786836,0.08166933733811088,0.020876757180074233,-0.07397748908057736,0.036438987966322674,0.9368449222270325,0.9299547074521353,0.9424191331851581,0.936867723222141,0.9304219011943116,0.9427342542036733,0.033051242305661005,0.013838395323240743,0.07127635498994045,2.280099510842959e-05,0.0004671937421762973,0.00031512101851516316
TNO,D,1,D-k1,all,1600,0.18029848546815838,3.7049316322196134e-13,0.922804643673689,0.0,-0.9509827962823424,0.0,-0.9392648825253448,-0.5567165911259653,6.726374489088166e-131,0.18553500057560474,7.396217426155643e-14,-0.09297801395918368,0.000195870497208486,0.851568410385724,0.9043682788249829,0.9117970395746948,0.8975723121058086,0.9076602321740198,0.9125595463245462,0.3967037061656719,0.33200354623787554,0.4778460344492761,0.04600390172008462,0.003291953349036869,0.0007625067498513438
TNO,D,1,D-k1,iid,800,0.03804959851499768,0.2824142872672001,0.8979902546722729,9.654319248682802e-287,-0.9481027079729814,0.0,-0.9235265758227749,-0.5969481807837154,2.117985599196059e-78,0.11151948102907112,0.001582167627727234,-0.0727574224623333,0.03964774689527202,0.8063864974863736,0.8988987448657001,0.9023074158402253,0.8753801135410946,0.9001561001943098,0.9028245654579506,0.3955347404868421,0.3314152496516414,0.47078432417468796,0.06899361605472099,0.0012573553286097106,0.0005171496177253099
TNO,D,1,D-k1,ood,800,0.34583076692307335,6.84820430436624e-24,0.9439951156173683,0.0,-0.9573432614738462,0.0,-0.9452662738535529,-0.5497498952052942,2.2482923215225747e-64,0.2914986317372894,3.9167621900130915e-17,-0.13154251033742054,0.00019072872537743158,0.8911267783094483,0.9165061202893807,0.9308288633091752,0.9240309819948865,0.923600716506947,0.9320257613710572,0.3997657424156811,0.33319716301647734,0.48369813880668555,0.03290420368543823,0.007094596217566251,0.0011968980618819458
TNO,D,2,D-k2,all,1600,-0.23239362300532151,4.610559182306479e-21,0.8529652023301573,0.0,-0.9240030269543076,0.0,-0.7923254462208774,-0.8242224585487856,0.0,0.23590213778010896,1.1328780588455961e-21,-0.47410731890575886,1.882925108496451e-90,0.727549636386126,0.8537815938207225,0.8930210121263582,0.9126367914419997,0.8619186216019294,0.9170675083007568,1.137088971639672,0.8090381363516452,1.4013319808654496,0.1850871550558737,0.008137027781206951,0.02404649617439858
TNO,D,2,D-k2,iid,800,-0.38052610238453505,5.784353451364427e-29,0.8552818363778694,4.599764956930954e-230,-0.9130864423225662,3.96468713113e-313,-0.7818912451425706,-0.7762311641660773,4.79501770096433e-162,0.2743586421016118,2.78944160976373e-15,-0.3682933978170364,4.191598198017435e-27,0.7315070196379004,0.8337268511532809,0.8851338467577904,0.8932833892914146,0.8462426741010869,0.9007142948706626,0.8660112549418434,0.4376030875228601,1.1760343020925648,0.16177636965351416,0.012515822947805955,0.01558044811287218
TNO,D,2,D-k2,ood,800,0.005754243366005259,0.870910995611384,0.9043549755546495,2.5006188500918603e-297,-0.9223868787294981,0.0,-0.9179153483052318,-0.6187299475489967,1.0736476277532086e-85,0.013308186471146144,0.7070355273344727,-0.40033112673047144,3.7874000582832813e-32,0.8178579218104504,0.8507975540523457,0.8719318486925284,0.8875867812766216,0.850823978973353,0.8924566923743209,1.3366968369022223,1.1091152986101287,1.534821011922895,0.06972885946617124,2.6424921007350832e-05,0.020524843681792526
Transolver,A,0,A-k0,all,1600,0.7394644617048679,6.319528264280187e-277,0.8898312557934595,0.0,-0.870046022478915,0.0,-0.9968144147712559,0.07933472861879448,0.001493642913906857,0.1773614608595669,8.957979634947262e-13,-0.09950779499374139,6.68858096147404e-05,0.7917996637869648,0.7569800812313807,0.836968949150758,0.793110076529246,0.7646247801528063,0.8385832502162125,0.034008176428098946,0.014899400505509496,0.0715284399569586,0.001310412742281275,0.007644698921425608,0.0016143010654544598
Transolver,A,0,A-k0,iid,800,0.7477752855863838,4.381516341267565e-144,0.8895737180839347,9.048092638779592e-274,-0.8694712726113636,1.2413871844800222e-246,-0.9969254873835742,0.08814117408400975,0.012632460949487506,0.1820758034005875,2.157470407626151e-07,-0.07605832926383777,0.03147564119341125,0.7913413999056754,0.755980293896424,0.8404698957237063,0.7929624407282633,0.76406993714214,0.8413927565503544,0.03389131832094992,0.014712266094190643,0.07291342982445283,0.0016210408225878492,0.008089643245716038,0.0009228608266480531
Transolver,A,0,A-k0,ood,800,0.7315472992926552,6.912616334599839e-135,0.8899820937220214,2.2479360298806305e-274,-0.8708160715876119,2.650302112581696e-248,-0.9966465338227092,0.07301354048159253,0.03895499876515513,0.1737457676177269,7.644152340290689e-07,-0.10599850476876822,0.0026833268407107625,0.792068127145833,0.7583206305352808,0.8311740275960287,0.7931766071970597,0.765616348678722,0.8330709027063574,0.034105749300506874,0.015140121155708175,0.07034023450104183,0.0011084800512267678,0.00729571814344121,0.0018968751103287662
Transolver,A,1,A-k1,all,1600,0.6055078703155743,1.0876049869666646e-160,0.8278310782543274,0.0,-0.7518337302084883,2.3660684950511634e-291,-0.9471534178333664,0.34775006289530935,1.0753930116500829e-46,0.6109275727217521,2.5217869892470703e-164,0.3360993877628347,1.5032650409071624e-43,0.6853042941237224,0.56525395787921,0.6954113261516177,0.7233604792697741,0.7275153096588692,0.729818515127092,0.3850501532201115,0.3300625030223757,0.4630594535877467,0.03805618514605169,0.16226135177965928,0.034407188975474234
Transolver,A,1,A-k1,iid,800,0.5893305770790268,5.589402721885643e-76,0.8339219905031102,3.333821786049691e-208,-0.7579610983767163,3.1596109179028525e-150,-0.9448129918952999,0.3076306338736916,5.3712478781987985e-19,0.5989328086217491,4.8345074041747196e-79,0.29668193190543146,1.0166374129077471e-17,0.6954258862446694,0.5745050266524381,0.7037774274486435,0.7242497469192959,0.7271388001722405,0.7298509882630313,0.4030942044894502,0.34439174113670423,0.478825780080923,0.0288238606746265,0.15263377351980245,0.02607356081438783
Transolver,A,1,A-k1,ood,800,0.6312719785499665,3.660543686073369e-90,0.823231708174544,2.114796537953438e-198,-0.7454374381834972,1.0227923821323192e-142,-0.9515939399905313,0.4092001444156947,1.2050884036793725e-33,0.6322977757604039,1.545369602871105e-90,0.3771573593919306,1.916309878071676e-28,0.6777104453439776,0.5556769742455752,0.6929515646667541,0.7316761418904617,0.7333175319871623,0.736628490319488,0.3725725996445296,0.3170752876895301,0.44757115319576574,0.05396569654648409,0.17764055774158716,0.043676925652733845
Transolver,A,2,A-k2,all,1600,0.30441241747390263,1.1739032149160142e-35,0.7544481219190283,1.640582905666248e-294,-0.6373462211098614,4.244855756131615e-183,-0.9092444508767387,0.26548531797987196,3.2385490898621e-27,0.5119858446065556,1.2770285733288125e-107,0.20117726646933132,4.51076679141448e-16,0.5691919686671489,0.40621020556302034,0.5828409879704761,0.5995563759454835,0.5618600304988492,0.5997243695427312,1.0126226671908718,0.8215427777578459,1.221606298402037,0.03036440727833456,0.1556498249358289,0.016883381572255107
Transolver,A,2,A-k2,iid,800,0.24002121097064216,6.026830435657491e-12,0.7887045604758759,8.863911347725979e-171,-0.6908842045065696,1.5367234086820453e-114,-0.9193329677077621,0.22383877730160842,1.527237616594776e-10,0.4942599470863756,1.6528455531125356e-50,0.17811213099455422,3.9678982793185414e-07,0.6220548837154443,0.47732098403667544,0.629608457331768,0.6409913695614662,0.6050077541556843,0.6413587331511855,0.9759788202809327,0.7807286066750648,1.1677320228872095,0.018936485846021922,0.12768677011900886,0.011750275819417566
Transolver,A,2,A-k2,ood,800,0.3060958220247219,8.173086633443137e-19,0.7323791209048764,2.4244276267199965e-135,-0.6499718280809814,3.216629535089233e-97,-0.9125660586969669,0.2421098234461098,3.9013395291823885e-12,0.49205105981792285,5.236042675175392e-50,0.2755282076171424,2.104600863746113e-15,0.5363791767373995,0.4224633772989329,0.5383977290102708,0.5635553157780346,0.5622932209343047,0.5734406315520149,1.064557010734342,0.8650877584020948,1.2625218848237507,0.027176139040635094,0.13982984363537176,0.035042902541744025
Transolver,B,0,B-k0,all,1600,0.6333157747327245,4.079468110236809e-180,0.7853063692603005,0.0,-0.7597179442257596,5.303830328450648e-301,-0.9953604483829877,0.018783038812057742,0.4527726665960041,0.11649369530657597,2.9825067844889475e-06,-0.1561836585014318,3.363028001035452e-10,0.6167060936007954,0.5771713547786141,0.66872629660897,0.6168413206672285,0.5829094697429671,0.6768071670930653,0.030972867194587375,0.013798623446911927,0.06584535439276445,0.0001352270664330968,0.005738114964352947,0.008080870484095337
Transolver,B,0,B-k0,iid,800,0.6771330033328178,2.1006915918671695e-108,0.7976406135009587,2.0813706318562697e-177,-0.7680470672610427,1.2871243548968843e-156,-0.9954332897395154,0.057335044139428915,0.10512976262964412,0.16128917674652696,4.542817464418095e-06,-0.12618097364404326,0.0003466771432247548,0.6362305483061856,0.5898962975282884,0.7101342070611492,0.637426370275334,0.600564816664561,0.7147493453167199,0.029777172348442127,0.013088453662892019,0.06283039020625204,0.0011958219691483585,0.010668519136272536,0.004615138255570694
Transolver,B,0,B-k0,ood,800,0.6771595814993462,2.0456261073951507e-108,0.8785358570872768,2.8552676715604006e-258,-0.866809682515129,2.2192498828505913e-243,-0.9962351347423981,-0.005165971319378586,0.88400961746458,0.09106722393135745,0.009963335462970055,-0.10290786936038851,0.0035698752380007017,0.771825252188076,0.7513590257019787,0.7812554147449412,0.7718313415468214,0.7534210647952928,0.7835719263724467,0.03275522035153984,0.014575797434962873,0.06733044869893397,6.089358745464679e-06,0.0020620390933141497,0.0023165116275054576
Transolver,B,1,B-k1,all,1600,0.5529126554346311,8.847046316846023e-129,0.5220126287158706,1.5402424498085037e-112,-0.40281853332755213,1.806046862292821e-63,-0.9292929489425581,0.3869683456089035,2.6356683978802608e-58,0.518245160496186,1.1351091705403485e-110,0.3105059928604179,4.218345952334184e-37,0.2724971845388534,0.16226277079216012,0.32213025866108425,0.3814367302548213,0.3872605991906839,0.38748637265254815,0.40928451995755444,0.3397323415008917,0.49921287746002996,0.10893954571596787,0.22499782839852378,0.0653561139914639
Transolver,B,1,B-k1,iid,800,0.5712595566555573,1.7432798322720825e-70,0.5518118153309616,6.09907312346421e-65,-0.39071742299597345,1.4157327428842085e-30,-0.9183045051632893,0.4448285258922198,3.922592332262314e-40,0.5804307351437141,3.1337513182819794e-73,0.29191536233344795,3.517836939850699e-17,0.30449627953885117,0.15266010463261437,0.39037865474904465,0.44211728205019085,0.4381287783665785,0.4423272808915305,0.4255318183212533,0.35170924693673977,0.508701444397996,0.13762100251133969,0.2854686737339641,0.051948626142485854
Transolver,B,1,B-k1,ood,800,0.6366666197915934,3.784790456858986e-92,0.6836198337809903,2.95278153697771e-111,-0.5797362339628656,5.093434862805997e-73,-0.9315524321131752,0.39595908681940034,1.9950744981838574e-31,0.5887867455435837,8.275223971247273e-76,0.38683313052826407,5.912886388254773e-30,0.4673360771387487,0.33609410096944636,0.4919895527321049,0.5508490437213609,0.5662502472694653,0.5680081704640665,0.397050778453767,0.3228559770153962,0.48172198978578223,0.0835129665826122,0.2301561463000189,0.07601861773196161
Transolver,B,2,B-k2,all,1600,0.8140350894668318,0.0,0.86988610542426,0.0,-0.21333603060001197,6.33891183837743e-18,-0.251315989771871,0.13427513996999657,6.997351078915799e-08,0.8683001648882775,0.0,0.23989181374195462,2.2327191889841085e-22,0.7567018364101867,0.045512261952169175,0.7567315972077325,0.7610884568550109,0.765143687933791,0.7707312272727098,0.6392214349539931,0.3611294841049666,0.9983249486924626,0.004386620444824185,0.7196314259816218,0.013999630064977286
Transolver,B,2,B-k2,iid,800,0.8576632775988713,1.0199754137304451e-232,0.8744620616594715,6.279164425666089e-253,-0.39109033764115264,1.2329371266612187e-30,-0.5803430552235238,0.49569008356378047,7.799220793490901e-51,0.8898389566950449,3.664634843793897e-274,0.45282540929916787,1.0670679715215835e-41,0.764683897281733,0.15295165219627072,0.7851126858938138,0.8225031013084417,0.8236558580513687,0.8291755125863531,0.37669609851004604,0.2310042017417676,0.5899496737126897,0.057819204026708704,0.6707042058550979,0.04406282669253936
Transolver,B,2,B-k2,ood,800,0.5604038053184459,2.405485997958934e-67,0.7087078417310028,5.028572947975766e-123,-0.3301717971434331,8.439721503722657e-22,-0.2713286270759798,-0.17363784285781136,7.767460335133153e-07,0.6635391957166057,1.1675829595979034e-102,0.008954111957255002,0.8003689847972578,0.5022668049310159,0.10901341562892419,0.522788213441844,0.5172735107707518,0.5013007883873596,0.5228264744317584,0.915423808984224,0.685322258115284,1.227377195817154,0.015006705839735845,0.3922873727584354,3.826098991444038e-05
Transolver,C,0,C-k0,all,1600,0.7983373518895907,0.0,0.9057448850565958,0.0,-0.893354065763307,0.0,-0.9987891948395293,0.10108339705132138,5.109642210345966e-05,0.16638806696529101,2.126608286543027e-11,-0.04719189175502881,0.05912645342082236,0.8203737968061858,0.7980814868158309,0.8730803939875293,0.822209190974007,0.8036715985975911,0.8733630534243402,0.03430347642815994,0.014050822173498491,0.07378847334816988,0.0018353941678211916,0.005590111781760165,0.00028265943681082817
Transolver,C,0,C-k0,iid,800,0.7890897095151712,4.662007434736969e-171,0.9085617790027797,9.640410568199408e-305,-0.8964126037696935,3.1682698818715e-284,-0.9988467325730197,0.11521389312031838,0.0010964877239186398,0.1749189361443561,6.41959543341885e-07,-0.02645941805994569,0.4548547271032071,0.8254845062646958,0.8035555561971612,0.8789462221452365,0.8278010670160805,0.8095660949891161,0.8790309719924485,0.0361734059734302,0.014531265110079607,0.07438755495151401,0.0023165607513846442,0.0060105387919549,8.474984721196233e-05
Transolver,C,0,C-k0,ood,800,0.8306879385749041,3.6366874479296042e-205,0.9294741788659046,0.0,-0.9194607022823474,0.0,-0.9987253495708588,0.10588848759976063,0.002711074977591399,0.17521725756607298,6.139688601621188e-07,-0.014743159140345975,0.6771391961983364,0.8639222491784474,0.8454079830415473,0.8945173197350303,0.8654480035152052,0.8501541260576431,0.8945402475286215,0.03207794106716522,0.013743558288018806,0.0730414480970383,0.0015257543367578341,0.004746143016095772,2.2927793591143164e-05
Transolver,C,1,C-k1,all,1600,0.4744051560176391,1.4063274803954687e-90,0.42391465582603743,8.594758128420562e-71,-0.08350481582219368,0.0008275170343026383,-0.7348372206395395,0.43606207077062753,2.982607337053032e-75,0.5698741091270619,1.9169533369387927e-138,0.24940395880921626,4.1151795916086725e-24,0.17970363542410783,0.006973054265498435,0.29271224967982723,0.33568309542972163,0.32946500981952087,0.33670719903302826,0.38049596193983204,0.3117889280467877,0.46832381600280937,0.1559794600056138,0.32249195555402244,0.04399494935320103
Transolver,C,1,C-k1,iid,800,0.4559039857874778,2.5964963409533108e-42,0.4301331017704716,2.310182952620379e-37,-0.10454186647166638,0.003072574710390161,-0.7231047001635941,0.4072138232073221,2.632065255793247e-33,0.5577025251022564,1.3950834767242997e-66,0.25945145064609454,8.99034644359283e-14,0.1850144852386868,0.010929001845379593,0.27437965370758266,0.32015790796760146,0.3185618378848424,0.3232248274032392,0.39674682802795425,0.3267425167327833,0.49174573977353203,0.13514342272891466,0.3076328360394628,0.04884517369565655
Transolver,C,1,C-k1,ood,800,0.5249030857860716,7.56944796068921e-58,0.43772937145214297,8.886493811813413e-39,-0.06528828170044015,0.06493380821910255,-0.7526643322880193,0.5090661922539184,5.82439425381836e-54,0.623319937520577,2.627647696362571e-87,0.27455049322933445,2.6637180757476253e-15,0.19160700263188812,0.004262559727395976,0.35259664856003436,0.4011007448478501,0.39113418152132495,0.40139660112022824,0.3648579708905231,0.29834421484328194,0.4439330873950113,0.20949374221596195,0.386871621793929,0.04879995256019387
Transolver,C,2,C-k2,all,1600,0.6396738377632178,7.671698367452547e-185,0.5001127549268575,5.272022605903063e-102,-0.11282071594559218,6.075306663520055e-06,-0.8437589370152099,0.7335449497221751,2.612858000547492e-270,0.7780633778614315,0.0,0.4266113107433074,9.11827729256129e-72,0.2501127676405308,0.012728513946476006,0.5818926960026101,0.6536182336517606,0.6104055127943856,0.6579870590006289,0.8992186385424108,0.5346233753835151,1.1306250178464852,0.40350546601122983,0.5976769988479096,0.07609436299801886
Transolver,C,2,C-k2,iid,800,0.6407920246750387,1.0782338650252007e-93,0.41556749307420804,9.504103126943383e-35,-0.03206008915638931,0.36514169385286555,-0.8536181931534269,0.7962665160330266,2.2870342163231775e-176,0.8152004776490125,1.8357591707494305e-191,0.5634321192776521,3.288477263485527e-68,0.1726963412999818,0.0010278493167155123,0.5564262307741674,0.6972402546601361,0.6648966089430598,0.6972412757097537,0.7201685808129796,0.2831087248535176,0.966256452261441,0.5245439133601543,0.6638687596263443,0.14081504493558628
Transolver,C,2,C-k2,ood,800,0.4408971654643211,2.2283916915234037e-39,0.7002864301350473,6.153669590165135e-119,-0.564922609254077,1.2256198773843288e-68,-0.910319172373707,0.4510037529285848,2.445954232584953e-41,0.6358645755312751,7.511782083919813e-92,0.41230003651976077,3.523292572573992e-34,0.49040108423128814,0.31913755444643443,0.5211342721428587,0.594055738369218,0.5944264173966676,0.6025372893787395,1.0332497087189123,0.8386838553702052,1.2621302581758351,0.10365465413792985,0.27528886295023314,0.08140301723588084
Transolver,D,0,D-k0,all,1600,0.6867200582890853,1.3197870804745752e-223,0.816145443806814,0.0,-0.7940512408403285,0.0,-0.9975581894758554,0.01471398618123252,0.5564441612475484,0.10043676929873925,5.709384807665397e-05,-0.18410639736342865,1.1533880661731238e-13,0.6660933854466213,0.6305173730800653,0.7489330258346285,0.6661656766925825,0.6342445455680834,0.7574429824881367,0.03441527478362369,0.014399702891077747,0.0716745907534315,7.229124596119796e-05,0.0037271724880181267,0.008509956653508177
Transolver,D,0,D-k0,iid,800,0.6841168033075052,1.772768550891407e-111,0.8033752396488121,7.68396882641179e-182,-0.779048576638401,5.7312136436610864e-164,-0.9967597136870527,0.02769969433127983,0.4339849694821806,0.12145102792413066,0.000576292367678101,-0.15537838564993897,1.0113560702334158e-05,0.645411775680786,0.6069166847623185,0.7183491782279001,0.6456838416748434,0.612714802099661,0.7251489170615966,0.03608274407389031,0.015078823499830196,0.0718830104286594,0.00027206599405737997,0.005798117337342479,0.006799738833696445
Transolver,D,0,D-k0,ood,800,0.7416518775810588,1.5619157486879796e-140,0.8926077775121525,2.543023273645494e-278,-0.8850731016767214,2.936814525447223e-267,-0.9992675769805891,-0.01485549086540488,0.674819419692778,0.03289035796393654,0.35284940773767165,-0.14942947713840876,2.1982144334431092e-05,0.7967486444751841,0.783354395311652,0.8290825946584823,0.7967934991243282,0.7835887572508325,0.8328990382254982,0.033051242305661005,0.013838395323240743,0.07127635498994045,4.48546491440549e-05,0.0002343619391805829,0.003816443567015826
Transolver,D,1,D-k1,all,1600,0.47829040655875266,3.041993035278849e-92,0.39081804231173534,1.5576770692052354e-59,-0.3021574959599594,3.940171188825983e-35,-0.9392648825253448,0.3795055633259604,5.700124217908411e-56,0.4645375435122498,1.9110884897103838e-86,0.3699792511136731,4.458782841439094e-53,0.1527387421963773,0.09129915236479291,0.18852660458124426,0.27476509800202076,0.2873923693046897,0.29960485325818753,0.3967037061656719,0.33200354623787554,0.4778460344492761,0.12202635580564347,0.1960932169398968,0.11107824867694327
Transolver,D,1,D-k1,iid,800,0.4658337434902242,2.462289737141454e-44,0.33766248072262617,8.73241156493335e-23,-0.21989905452977274,3.2351002307489533e-10,-0.9235265758227749,0.4013107741046962,2.601140962117138e-32,0.4769080995159699,1.1355300100762527e-46,0.3419751437797406,2.2989137835437702e-23,0.11401595088775784,0.04835559418308799,0.17148206059661597,0.25670398093938673,0.26479886865273705,0.26837474719699494,0.3955347404868421,0.3314152496516414,0.47078432417468796,0.1426880300516289,0.21644327446964906,0.09689268660037897
Transolver,D,1,D-k1,ood,800,0.4945896087337637,1.3905320605555782e-50,0.5436549197733123,1.0087625146900285e-62,-0.4967096276712933,4.555874970182228e-51,-0.9452662738535529,0.2904159871971614,5.1732665082567297e-17,0.4282254592953011,5.168414006823819e-37,0.4077237292697995,2.1548606282754655e-33,0.29556067179372647,0.2467204542213548,0.2983357089251131,0.3549741030860152,0.384854630623372,0.4149794259957549,0.3997657424156811,0.33319716301647734,0.48369813880668555,0.05941343129228871,0.1381341764020172,0.1166437170706418
Transolver,D,2,D-k2,all,1600,0.49629371534910754,3.031804257893487e-100,0.6901446065017994,1.0188304944266275e-226,-0.3590989918355437,6.865133663307591e-50,-0.7923254462208774,0.488282610693094,1.2627009112138882e-96,0.7067405421168378,1.9353452778380663e-242,0.2652713646078102,3.5734233329791976e-27,0.4762995778835235,0.1289520859373039,0.5709715859675215,0.6011601842944815,0.5640250090206217,0.6011618421935447,1.137088971639672,0.8090381363516452,1.4013319808654496,0.12486060641095797,0.4350729230833178,0.030190256226023227
Transolver,D,2,D-k2,iid,800,0.600726727698012,1.2605387986805457e-79,0.5581258876966996,1.0602746053078441e-66,-0.13247912887363889,0.00017141960772305192,-0.7818912451425706,0.7072482435624768,2.632493692955882e-122,0.7918538909897364,4.451646389012466e-173,0.49098678296330944,9.098681996835607e-50,0.31150450651722894,0.01755071958711829,0.5491605607891208,0.6558900060752499,0.6335784311970765,0.6578435322085717,0.8660112549418434,0.4376030875228601,1.1760343020925648,0.344385499558021,0.6160277116099582,0.10868297141945094
Transolver,D,2,D-k2,ood,800,0.2839727562074316,2.6436233260637567e-16,0.7753277505121103,1.9557795743999032e-161,-0.771522010190641,6.796160579337758e-159,-0.9179153483052318,0.1026484220114496,0.0036552410098666783,0.44554904188401906,2.845991428004998e-40,0.37970816591302353,7.746827789953404e-29,0.601133120714169,0.5952462122086075,0.6238759693745395,0.6053358607793689,0.6755954848839786,0.6781048894123305,1.3366968369022223,1.1091152986101287,1.534821011922895,0.004202740065199828,0.08034927267537106,0.054228920037791006
RIGNO,A,0,A-k0,all,1600,0.7392745270603621,1.0370071438807088e-276,0.9165256529397082,0.0,-0.9084532269348544,0.0,-0.9968144147712559,-0.0014983633679200572,0.9522450542769559,0.09081665566559369,0.00027546221457300696,-0.06229373921060799,0.012694636692960733,0.8400192724965584,0.8252872655283499,0.8441932694337535,0.840019631668135,0.826728237624121,0.8447978790011886,0.034008176428098946,0.014899400505509496,0.0715284399569586,3.5917157659159926e-07,0.001440972095771098,0.0006046095674351326
RIGNO,A,0,A-k0,iid,800,0.7428269653546334,3.3103620949885277e-141,0.9132766144947103,1.72096886565e-313,-0.9045249680077626,1.2740257404002078e-297,-0.9969254873835742,-0.0037310919320548887,0.916084940213701,0.0829677458255611,0.01892217978155149,-0.06621135227485095,0.061225148892623676,0.8340741745829194,0.8181654177494437,0.8398283787750982,0.8340764844441344,0.8194171027982966,0.8405305620600052,0.03389131832094992,0.014712266094190643,0.07291342982445283,2.3098612149663467e-06,0.0012516850488528686,0.0007021832849070098
RIGNO,A,0,A-k0,ood,800,0.7367132839270062,9.676545814573851e-138,0.920352945863978,0.0,-0.9131238486310136,3.3649966187e-313,-0.9966465338227092,0.003755726857003422,0.9155329460163917,0.10098020658883461,0.004249835238353887,-0.04835793114719633,0.171804151192652,0.8470495449605022,0.833795162938714,0.8496127127721582,0.8470517024007329,0.8354899540150349,0.8499643918650014,0.034105749300506874,0.015140121155708175,0.07034023450104183,2.157440230687868e-06,0.0016947910763208673,0.0003516790928431712
RIGNO,A,1,A-k1,all,1600,0.4981282307141527,4.356985269036734e-101,0.8738372270848545,0.0,-0.8221123406688832,0.0,-0.9471534178333664,0.08099159760942232,0.001185026503173116,0.4724119444529878,9.861161291982182e-90,0.08465820484325706,0.0006995170360712139,0.7635914994393472,0.6758687006800697,0.7638903652139468,0.7651422538319739,0.7482060698139796,0.7655825657164941,0.3850501532201115,0.3300625030223757,0.4630594535877467,0.001550754392626641,0.07233736913390998,0.0016922005025472586
RIGNO,A,1,A-k1,iid,800,0.48945969446827264,2.0037161007741172e-49,0.869863968537451,4.0550658601940667e-247,-0.8182441300689534,4.728979015073471e-194,-0.9448129918952999,0.05849744655091778,0.09825221782473492,0.46749781190651,1.1110864648756605e-44,0.06788918877795125,0.054932645089884206,0.7566633237597232,0.669523456392298,0.7567850593222291,0.757496010003879,0.7417504943665497,0.7579060228658978,0.4030942044894502,0.34439174113670423,0.478825780080923,0.0008326862441557781,0.07222703797425167,0.0011209635436687515
RIGNO,A,1,A-k1,ood,800,0.521523674255741,5.316375736581268e-57,0.8822033628177545,3.01338704174877e-263,-0.8260063609474391,7.011227848259718e-201,-0.9515939399905313,0.1414420665812286,5.956451167122875e-05,0.4965461688410104,4.9665814981621933e-51,0.10805493736166871,0.002210111524424635,0.7782827733669544,0.6822865083256309,0.7802099817608465,0.7827184167631994,0.7606213424753,0.7827762213286235,0.3725725996445296,0.3170752876895301,0.44757115319576574,0.004435643396245026,0.07833483414966913,0.0025662395677769068
RIGNO,A,2,A-k2,all,1600,0.17280080285187613,3.4259400589971566e-12,0.7985665970963269,0.0,-0.7114999771484285,3.7352647963432994e-247,-0.9092444508767387,0.0542574482811098,0.029991665487837424,0.38685686574609884,2.8590347473652e-58,0.017678318845339158,0.479793130309106,0.6377086099980074,0.5062322174822145,0.6389374942610928,0.6387751490037146,0.580128632103787,0.6390503345831194,1.0126226671908718,0.8215427777578459,1.221606298402037,0.00106653900570719,0.07389641462157248,0.00011284032202663052
RIGNO,A,2,A-k2,iid,800,0.13168581513408617,0.00018764773530344526,0.8055913993615617,1.3584394537570821e-183,-0.7340322641129128,2.9866882554529735e-136,-0.9193329677077621,0.04403574319632285,0.2134351828077556,0.3749802151632099,4.125082446694708e-28,0.03428918294677754,0.33273835598855617,0.6489775027253188,0.5388033647587288,0.6492566766200489,0.6496581868351116,0.6036522982449459,0.6496690624045813,0.9759788202809327,0.7807286066750648,1.1677320228872095,0.0006806841097927174,0.06484893348621712,0.0004123857845323986
RIGNO,A,2,A-k2,ood,800,0.14124378319341124,6.101659067926929e-05,0.8035260836345058,5.848032328813349e-182,-0.7510654704147975,4.901500412573121e-146,-0.9125660586969669,-0.029603682637199816,0.4030465557075241,0.3310026834961119,6.582410803658785e-22,0.030577542628632937,0.3877454857192631,0.6456541670810066,0.5640993408494012,0.6475477818685437,0.6459647079824695,0.6118578273361122,0.6478773197980652,1.064557010734342,0.8650877584020948,1.2625218848237507,0.0003105409014628746,0.047758486486710994,0.0003295379295215062
RIGNO,B,0,B-k0,all,1600,0.6649529697081914,8.642470859370052e-205,0.8331216975084758,0.0,-0.8138067641823298,0.0,-0.9953604483829877,0.0015548461854441153,0.9504471395774121,0.10334892932777953,3.445587788227537e-05,-0.13475455071061504,6.279118176865313e-08,0.6940917628594039,0.6622814494289141,0.7198750543033043,0.694092502406841,0.6658886216705291,0.724961784068261,0.030972867194587375,0.013798623446911927,0.06584535439276445,7.395474370675004e-07,0.0036071722416149976,0.00508672976495661
RIGNO,B,0,B-k0,iid,800,0.7057560480563251,1.4150247699908108e-121,0.8462895567024324,1.8678450080801088e-220,-0.8248212887832637,8.131162612125601e-200,-0.9954332897395154,0.026834639930860528,0.4484821501099361,0.13285305173334788,0.0001642362400172291,-0.11185623952462775,0.0015308311361413838,0.7162060137835995,0.6803301584300842,0.7502121905394421,0.7164103732371687,0.6859723098293529,0.753337490230111,0.029777172348442127,0.013088453662892019,0.06283039020625204,0.00020435945356922502,0.005642151399268713,0.0031252996906688812
RIGNO,B,0,B-k0,ood,800,0.6716051900081096,4.960193312285093e-106,0.8885832712238614,2.591134989295556e-272,-0.8816987057792279,1.4914897860376184e-262,-0.9962351347423981,-0.05110128817572711,0.14872597063972642,0.043169992798447736,0.22258196323829696,-0.09841528797798171,0.005335989319426847,0.7895802298988983,0.7773926077727653,0.7912468687774048,0.790129707809224,0.7778074696560082,0.793268761614578,0.03275522035153984,0.014575797434962873,0.06733044869893397,0.0005494779103256686,0.00041486188324291184,0.0020218928371732448
RIGNO,B,1,B-k1,all,1600,0.4400270908308949,9.5298681840823e-77,0.7393944421462665,7.585815914060996e-277,-0.6734614740083884,5.943081436493128e-212,-0.9292929489425581,0.09831975879749909,8.173187722440723e-05,0.4002514684028663,1.2952339077524406e-62,0.09226124193868757,0.00021949806852644062,0.5467041410767886,0.45355035697355106,0.5480705093436118,0.5510860501398314,0.541092266268451,0.551917394975795,0.40928451995755444,0.3397323415008917,0.49921287746002996,0.00438190906304281,0.08754190929489991,0.0038468856321831613
RIGNO,B,1,B-k1,iid,800,0.4381168173700272,7.509236240451896e-39,0.7636145603352507,9.063082009464103e-154,-0.667518597685309,2.6124369964634745e-104,-0.9183045051632893,0.19133459341553566,4.9315586055805194e-08,0.4998133785754368,8.768554471895347e-52,0.14568861797732052,3.528868143407577e-05,0.583107196755998,0.4455810782557613,0.5903591631925491,0.5983691948056545,0.5840823615518963,0.5990538609888436,0.4255318183212533,0.35170924693673977,0.508701444397996,0.015261998049656555,0.13850128329613498,0.008694697796294504
RIGNO,B,1,B-k1,ood,800,0.4813425958478061,1.2458549387926703e-47,0.8375193711240175,1.1639930648474148e-211,-0.7848672029175047,4.970148911112618e-168,-0.9315524321131752,-0.029010295783336117,0.41254424267357176,0.4016756465465473,2.260729072518614e-32,-0.016979746212009383,0.6315521203335217,0.7014386970079696,0.6160165262155473,0.7016039358389403,0.7016899653829385,0.677969696631958,0.7016899669397686,0.397050778453767,0.3228559770153962,0.48172198978578223,0.00025126837496891596,0.0619531704164108,8.603110082827659e-05
RIGNO,B,2,B-k2,all,1600,0.7325835078451203,2.9853909197492573e-269,0.8274187685229566,0.0,-0.30727660245179783,2.482775037749487e-36,-0.251315989771871,-0.06077778940579977,0.015038127588519171,0.817873997523444,0.0,0.18621368690230583,5.981294177527866e-14,0.6846218185040458,0.09441891041432027,0.6951540855934242,0.6857868064844744,0.7001782892472428,0.7057247814355727,0.6392214349539931,0.3611294841049666,0.9983249486924626,0.0011649879804286334,0.6057593788329225,0.010570695842148536
RIGNO,B,2,B-k2,iid,800,0.7971657924465508,4.774754036870971e-177,0.8687550683672944,9.46376304658178e-246,-0.4566750573047771,1.8183072618095933e-42,-0.5803430552235238,0.2858736700095022,1.6409492635791052e-16,0.8438089820349499,6.512681121513375e-218,0.3210328026975179,1.2355087750905133e-20,0.7547353688138623,0.20855210796432144,0.7581375554411433,0.7747793154932896,0.7720737693310542,0.7830643973126521,0.37669609851004604,0.2310042017417676,0.5899496737126897,0.020043946679427327,0.5635216613667328,0.024926841871508842
RIGNO,B,2,B-k2,ood,800,0.4496851870081047,4.4448261455396845e-41,0.6434706304228601,1.0388555598991114e-94,-0.41920017062526665,2.1769813627073853e-35,-0.2713286270759798,-0.3046093820859761,1.2244037084187526e-18,0.5831587387475677,4.5976823274546916e-74,-0.030286559616236147,0.3922799006913883,0.41405445221679293,0.1757287830522527,0.4786425323556891,0.46842250889943715,0.4560420873276032,0.47912076088832556,0.915423808984224,0.685322258115284,1.227377195817154,0.05436805668264422,0.2803133042753505,0.0004782285326364599
RIGNO,C,0,C-k0,all,1600,0.7659713851450725,6.33179846175635e-309,0.8945434695482304,0.0,-0.8858711077621515,0.0,-0.9987891948395293,-0.003005130015841531,0.9043948006878928,0.05490277870655027,0.028088274565124523,-0.10125720010712232,4.9589152792332764e-05,0.8002080189113856,0.7847676195677414,0.8240068577676254,0.8002098231940895,0.7854163977841752,0.8258113190757347,0.03430347642815994,0.014050822173498491,0.07378847334816988,1.8042827039099762e-06,0.0006487782164337208,0.0018044613081092953
RIGNO,C,0,C-k0,iid,800,0.7493417567839951,5.2048093182233774e-145,0.895037125058008,4.587218290628674e-282,-0.8874135272086362,1.3076380934417195e-270,-0.9988467325730197,-0.00931716786866046,0.7924558127641836,0.04193064713931033,0.23615807450806436,-0.09248110615618507,0.008863321924292383,0.801091455232104,0.787502768272873,0.8199385003323024,0.8011087224067118,0.7878763764792766,0.8214785222231494,0.0361734059734302,0.014531265110079607,0.07438755495151401,1.7267174607815683e-05,0.00037360820640353065,0.0015400218908470098
RIGNO,C,0,C-k0,ood,800,0.7951321877065434,1.631335994263263e-175,0.9097592027487543,6.4268121187060205e-307,-0.9018699872968553,4.1459447902330186e-293,-0.9987253495708588,0.003431492105724297,0.9228012204616338,0.06540006343782401,0.06447508099281804,-0.0837538858877522,0.017818050609179615,0.8276618069860491,0.8133694739868297,0.8454377667229303,0.8276638362920667,0.814167724156071,0.8465219764920335,0.03207794106716522,0.013743558288018806,0.0730414480970383,2.0293060176701516e-06,0.000798250169241288,0.0010842097691032837
RIGNO,C,1,C-k1,all,1600,0.10154686095580508,4.717029491202647e-05,0.6397094159021156,7.213275926761287e-185,-0.529208072932841,3.588707494568148e-116,-0.7348372206395395,-0.041729835437653386,0.09519356112417104,0.43580379381315026,3.7266943461664747e-75,0.1294080082945936,2.0568051713994887e-07,0.40922813679382597,0.2800611844572911,0.41682759318582585,0.41025689460806747,0.41679552562789424,0.42659365059700216,0.38049596193983204,0.3117889280467877,0.46832381600280937,0.0010287578142414988,0.13673434117060312,0.00976605741117631
RIGNO,C,1,C-k1,iid,800,0.10888978732779271,0.002040813260448835,0.5833845677883872,3.919081119440259e-74,-0.4888725607383762,2.7114233635581764e-49,-0.7231047001635941,-0.03028155914236781,0.39235810301862334,0.4049277003989896,6.426285117303668e-33,0.16201943387191106,4.106844869581601e-06,0.3403375539336433,0.2389963806428973,0.34975296115593313,0.3409424464697607,0.36377543687687075,0.3668221390178621,0.39674682802795425,0.3267425167327833,0.49174573977353203,0.0006048925361173962,0.12477905623397345,0.017069177861928964
RIGNO,C,1,C-k1,ood,800,0.13660057281339502,0.00010628021995761976,0.7429944265537917,2.65188720695113e-141,-0.5758658529153952,7.470763261046798e-72,-0.7526643322880193,0.01733506594775671,0.6244312490126999,0.5454284554222826,3.3620271464132424e-63,0.11381848009047879,0.001260943222426529,0.5520407178899973,0.33162148055397556,0.5526794879921773,0.5521753316752009,0.5304588767262473,0.5584743670572265,0.3648579708905231,0.29834421484328194,0.4439330873950113,0.00013461378520363,0.1988373961722717,0.005794879065049274
RIGNO,C,2,C-k2,all,1600,0.46860958148811777,3.90889947039664e-88,0.5276064824634698,2.3501465549300293e-115,-0.1811331010285551,2.874986797292527e-13,-0.8437589370152099,0.5460971491762312,4.739467609172696e-125,0.6263247882655857,4.79092869353188e-175,0.12310784356814952,7.841801605057156e-07,0.27836860033747557,0.03280920028822065,0.5203816339333698,0.4935750291284524,0.41222145768488916,0.5276505098156291,0.8992186385424108,0.5346233753835151,1.1306250178464852,0.21520642879097684,0.3794122573966685,0.007268875882259329
RIGNO,C,2,C-k2,iid,800,0.580523875818556,2.9358618744580975e-73,0.33245215226898794,4.258768899084688e-22,0.019974359334936465,0.5726635577740629,-0.8536181931534269,0.6874492508933006,5.640437116860508e-113,0.702743744157921,4.085914650085059e-120,0.3896787344633601,2.078775033149151e-30,0.11052443354828223,0.0003989750308411866,0.4505865520374114,0.530878553920457,0.4940507116557117,0.5340147182454984,0.7201685808129796,0.2831087248535176,0.966256452261441,0.4203541203721748,0.4936517366248705,0.08342816620808702
RIGNO,C,2,C-k2,ood,800,0.1515835805993447,1.6651052826194527e-05,0.7660856266962918,2.3852898813463202e-155,-0.6850865782602785,6.53112786016638e-112,-0.910319172373707,0.0251297179444042,0.4778427682361726,0.34238987150589417,2.0197724951568187e-23,-0.01329040378155184,0.7074089736121552,0.58688718743065,0.4693436197123767,0.5877696818192377,0.5871480692970925,0.5315529044926304,0.5878424960525138,1.0332497087189123,0.8386838553702052,1.2621302581758351,0.0002608818664424639,0.06220928478025367,7.281423327609726e-05
RIGNO,D,0,D-k0,all,1600,0.7266313385278667,8.380217390934887e-263,0.868485122455126,0.0,-0.8543919372624756,0.0,-0.9975581894758554,0.0030876834990171947,0.9017815603626798,0.08505461187157079,0.0006599504637490474,-0.1261802808962615,4.115921165521336e-07,0.7542664079258952,0.7299855824591259,0.7836536580710345,0.754268750698208,0.7319389442499227,0.7870982084113461,0.03441527478362369,0.014399702891077747,0.0716745907534315,2.3427723128133238e-06,0.001953361790796748,0.0034445503403116584
RIGNO,D,0,D-k0,iid,800,0.7357397589683735,3.378146115629975e-137,0.8714165178383092,4.691435065206382e-249,-0.8583273801990317,1.8188962464187636e-233,-0.9967597136870527,0.012706932956788493,0.7197006848652152,0.10183184967710932,0.003936147405105964,-0.0857841728016911,0.015223245242567612,0.7593667475614441,0.7367258915993329,0.7756541154497325,0.7594056016851147,0.7394559718633127,0.777305059831888,0.03608274407389031,0.015078823499830196,0.0718830104286594,3.885412367066188e-05,0.002730080263979806,0.001650944382155517
RIGNO,D,0,D-k0,ood,800,0.7578640904126414,3.6271354661317957e-150,0.9164021975034338,1.434e-319,-0.9119778702779223,4.9491107647675e-311,-0.9992675769805891,-0.033334697701820626,0.3463795077052221,0.01090227133126042,0.7581661980327408,-0.11293477902805384,0.0013765451123155777,0.8397929875891221,0.831703635876655,0.8494125438422244,0.8399710099530813,0.8317236395017427,0.851333176060451,0.033051242305661005,0.013838395323240743,0.07127635498994045,0.0001780223639591405,2.0003625087694488e-05,0.0019206322182265811
RIGNO,D,1,D-k1,all,1600,0.3275341630992825,2.538789394218706e-41,0.7184181409836489,3.5118449015318826e-254,-0.6594416657975257,2.826209480246688e-200,-0.9392648825253448,0.05461428250435445,0.028925936259907307,0.3246033967874007,1.414491234439362e-40,0.004602113223790998,0.8540592418673161,0.5161246252944018,0.43486331058981564,0.5181233756911243,0.5175678899811393,0.4944102745341623,0.5181335815711277,0.3967037061656719,0.33200354623787554,0.4778460344492761,0.0014432646867374999,0.059546963944346665,1.0205880003333334e-05
RIGNO,D,1,D-k1,iid,800,0.26347067729793333,3.6008301407759973e-14,0.7544555694618273,4.440904685411855e-148,-0.6959865562289941,6.62808860976712e-117,-0.9235265758227749,0.03600179217551695,0.3091429886250423,0.36427580180584623,1.6447132538104568e-26,0.056452386865963565,0.11060260768475261,0.5692032062919702,0.4843972864514947,0.5692072706218028,0.569761574526569,0.5528161474340946,0.5705801519014799,0.3955347404868421,0.3314152496516414,0.47078432417468796,0.0005583682345987606,0.06841886098259986,0.0013728812796771628
RIGNO,D,1,D-k1,ood,800,0.40827790355922433,1.7331199859678727e-33,0.7981118017371903,9.110702275102586e-178,-0.7563312286425448,3.1827152771919816e-149,-0.9452662738535529,-0.027819178920703798,0.4320040323717141,0.3165627660367309,4.4415982976600126e-20,-0.03394922536935989,0.3375566756483275,0.6369824480721841,0.5720369274199413,0.6370164630937816,0.6372633897935822,0.6149239563617674,0.6374348197340985,0.3997657424156811,0.33319716301647734,0.48369813880668555,0.00028094172139814244,0.042887028941826166,0.0004183566403169747
RIGNO,D,2,D-k2,all,1600,0.41511405570861554,1.1294396822774023e-67,0.3948467597057656,7.749874294619009e-61,-0.09818684792454997,8.357399318227845e-05,-0.7923254462208774,0.36638903134616985,5.1838697196208954e-52,0.48015515245137763,4.746877206423712e-93,0.0735231651287331,0.0032545670714313538,0.15590396365014236,0.009640657105358441,0.2796990067330678,0.26921619407174313,0.2379669839610976,0.28359270598266384,1.137088971639672,0.8090381363516452,1.4013319808654496,0.11331223042160077,0.22832632685573917,0.0038936992495960387
RIGNO,D,2,D-k2,iid,800,0.5189754046490698,2.2787001274306315e-56,0.4079953640552564,1.936764379409031e-33,-0.04928480357000558,0.16372521450842398,-0.7818912451425706,0.5573505567601336,1.7520771575194966e-66,0.6390312440793505,4.956540377891911e-93,0.3339329988199683,2.7229649921886865e-22,0.16646021709058123,0.0024289918629341045,0.35365007445884056,0.4253907177805779,0.40979801739421706,0.42572536110731707,0.8660112549418434,0.4376030875228601,1.1760343020925648,0.2589305006899967,0.40736902553128296,0.07207528664847651
RIGNO,D,2,D-k2,ood,800,-0.0365186586229041,0.30224421942122426,0.32403116254869146,5.174079844950809e-21,-0.3457890012328144,6.939264686148273e-24,-0.9179153483052318,-0.14256985167143982,5.190731235874396e-05,-0.03916472574353585,0.26853692203642093,-0.07486190987243276,0.03425347618004371,0.10499619430265661,0.1195700333735874,0.11984892061503483,0.1231881871899061,0.12092050354242401,0.1247815561938489,1.3366968369022223,1.1091152986101287,1.534821011922895,0.018191992887249486,0.0013504701688366039,0.004932635578814071
