model,protocol,degree,task,variable,scope,n,n_geometries,n_unique_x,x_min,x_max,x_mean,x_sd,y_mean,y_median,y_sd,status,intercept,slope,slope_se_cluster,slope_ci95_low,slope_ci95_high,p_cluster,standardized_slope,r2,pearson_r,pearson_p,spearman_rho,spearman_p
GAOT,A,0,A-k0,log_nk,all,1600,400,221,7.731492029245684,7.903226808730733,7.836536796010969,0.029959236007328197,0.31971695668995337,0.314737126231193,0.024252273817982395,ok,0.27144509540915057,0.006159846184765446,0.022792252570474604,-0.038648065279051805,0.05096775764858269,0.787099564576132,0.007609360136837712,5.790236169389562e-05,0.007609360136951352,0.7610205249729393,0.0038397760602969207,0.8780264069774302
GAOT,A,0,A-k0,log_nk,iid,800,200,144,7.731492029245684,7.8868329989550565,7.823175250569664,0.030283035489778357,0.31894027054309804,0.31413663923740354,0.023449515177784284,ok,0.5682975053847494,-0.031874172168427264,0.03014153810003717,-0.09131197547853803,0.027563631141683503,0.29157308554418926,-0.04116275665683052,0.0016943725356722839,-0.04116275665783985,0.2448574921337929,-0.043249754667947615,0.22172773565003676
GAOT,A,0,A-k0,log_nk,ood,800,200,134,7.767687277186908,7.903226808730733,7.849898341452274,0.02283996663231808,0.32049364283680876,0.31496481597423553,0.025019871143376653,ok,0.02685533075455665,0.03740663882695885,0.039569958666178046,-0.04062360012048901,0.1154368777744067,0.34563720288400246,0.03414751330008687,0.0011660526645054237,0.03414751329899971,0.3347408689469799,0.01886339154870815,0.5942063498049541
GAOT,A,0,A-k0,beta_k,all,1600,400,1,1.0,1.0,1.0,0.0,0.31971695668995337,0.314737126231193,0.024252273817982395,constant_predictor,,,,,,,,,,,,
GAOT,A,0,A-k0,beta_k,iid,800,200,1,1.0,1.0,1.0,0.0,0.31894027054309804,0.31413663923740354,0.023449515177784284,constant_predictor,,,,,,,,,,,,
GAOT,A,0,A-k0,beta_k,ood,800,200,1,1.0,1.0,1.0,0.0,0.32049364283680876,0.31496481597423553,0.025019871143376653,constant_predictor,,,,,,,,,,,,
GAOT,A,0,A-k0,beta_total,all,1600,400,1,2.0,2.0,2.0,0.0,0.31971695668995337,0.314737126231193,0.024252273817982395,constant_predictor,,,,,,,,,,,,
GAOT,A,0,A-k0,beta_total,iid,800,200,1,2.0,2.0,2.0,0.0,0.31894027054309804,0.31413663923740354,0.023449515177784284,constant_predictor,,,,,,,,,,,,
GAOT,A,0,A-k0,beta_total,ood,800,200,1,2.0,2.0,2.0,0.0,0.32049364283680876,0.31496481597423553,0.025019871143376653,constant_predictor,,,,,,,,,,,,
GAOT,A,0,A-k0,rho_H,all,1600,400,1,0.0,0.0,0.0,0.0,0.31971695668995337,0.314737126231193,0.024252273817982395,constant_predictor,,,,,,,,,,,,
GAOT,A,0,A-k0,rho_H,iid,800,200,1,0.0,0.0,0.0,0.0,0.31894027054309804,0.31413663923740354,0.023449515177784284,constant_predictor,,,,,,,,,,,,
GAOT,A,0,A-k0,rho_H,ood,800,200,1,0.0,0.0,0.0,0.0,0.32049364283680876,0.31496481597423553,0.025019871143376653,constant_predictor,,,,,,,,,,,,
GAOT,A,0,A-k0,log_lambda1_positive,all,1600,400,400,0.5911348066758972,0.7538510155881601,0.684904804429579,0.034406063767318584,0.31971695668995337,0.314737126231193,0.024252273817982395,ok,0.32581700215383197,-0.008906413598533027,0.01923803200978298,-0.046726985846363644,0.028914158649297587,0.6436463920140634,-0.012635295004051448,0.00015965067983936265,-0.012635295004048842,0.6135328736496409,-0.006279770850828603,0.8018164322269346
GAOT,A,0,A-k0,log_lambda1_positive,iid,800,200,200,0.5954494520463843,0.7538510155881601,0.6852804259716637,0.03580301041419787,0.31894027054309804,0.31413663923740354,0.023449515177784284,ok,0.3093247745864403,0.014031476155235723,0.02805534574284829,-0.04129244648355336,0.0693553987940248,0.6175322332813757,0.021423431704396624,0.00045896342599049955,0.021423431704338435,0.5451337332019045,0.02957186150331616,0.40355253921709855
GAOT,A,0,A-k0,log_lambda1_positive,ood,800,200,200,0.5911348066758972,0.7538033002606008,0.6845291828874942,0.03296813507681577,0.32049364283680876,0.31496481597423553,0.025019871143376653,ok,0.3447420630324669,-0.03542350100163171,0.025838528081000622,-0.08637595554473265,0.015528953541469229,0.17193264533698363,-0.04667676980521418,0.002178720839443482,-0.0466767698051548,0.18721157789554982,-0.0434621397345277,0.21946458873181934
GAOT,A,0,A-k0,initial_rayleigh_quotient,all,1600,400,1600,1.9058051657219186,9.483124457550876,3.8709239840100538,1.9549361874885733,0.31971695668995337,0.314737126231193,0.024252273817982395,ok,0.2933811567530161,0.006803491891270649,0.00036763078734452695,0.006080756491609185,0.007526227290932113,1.192540959875021e-55,0.5484183709680941,0.30076270961529494,0.5484183709680914,2.6024556716497936e-126,0.403532726965909,1.0407399466602714e-63
GAOT,A,0,A-k0,initial_rayleigh_quotient,iid,800,200,800,1.9058051657219186,9.183459701111824,3.857903564960899,1.9311303017306383,0.31894027054309804,0.31413663923740354,0.023449515177784284,ok,0.2931501372767249,0.006685012425040935,0.0005161421124385938,0.005667202608654943,0.007702822241426928,3.1637115725572406e-28,0.5505286554356038,0.3030818004557392,0.5505286554356088,1.3750666203817966e-64,0.4068863701349533,2.992324046169524e-33
GAOT,A,0,A-k0,initial_rayleigh_quotient,ood,800,200,800,1.9086632860459276,9.483124457550876,3.8839444030592087,1.9795783549606447,0.32049364283680876,0.31496481597423553,0.025019871143376653,ok,0.2936491214281409,0.00691166469518048,0.0005266582432568393,0.0058731175258072655,0.007950211864553695,9.391333681639324e-29,0.5468526096285246,0.29904777665753335,0.54685260962853,1.3846742183798447e-63,0.3988271387924044,6.726618522885136e-32
GAOT,A,0,A-k0,target_norm_retention,all,1600,400,1600,0.4143438152804424,0.8281922245454145,0.719969085278326,0.11255047190149724,0.31971695668995337,0.314737126231193,0.024252273817982395,ok,0.4060246753926141,-0.11987697870290398,0.006129022533904646,-0.13192619139962083,-0.10782776600618711,3.1938861823193414e-60,-0.5563276509410624,0.30950045520160274,-0.5563276509410644,1.110972985016184e-130,-0.4022804022579696,2.733479779744749e-63
GAOT,A,0,A-k0,target_norm_retention,iid,800,200,800,0.424533116512869,0.8276397681899487,0.7209072654355037,0.11112600418005994,0.31894027054309804,0.31413663923740354,0.023449515177784284,ok,0.4037216529325143,-0.11760372859912875,0.008730560355652383,-0.1348200142274218,-0.10038744297083571,8.065372087089107e-30,-0.5573178096355114,0.31060314093690256,-0.5573178096354923,1.7895910538375808e-66,-0.408875420117844,1.369747757972754e-33
GAOT,A,0,A-k0,target_norm_retention,ood,800,200,800,0.4143438152804424,0.8281922245454145,0.7190309051211483,0.11401894757919251,0.32049364283680876,0.31496481597423553,0.025019871143376653,ok,0.408172521758043,-0.1219403481780241,0.008660044941722187,-0.13901758047434704,-0.10486311588170116,1.0658801394906728e-31,-0.5556987119167957,0.3088010584259756,-0.5556987119167864,5.08603239338099e-66,-0.39508060168844017,2.777521537619063e-31
GAOT,A,1,A-k1,log_nk,all,1600,400,360,9.477998292597036,9.666498594399865,9.597116032256835,0.03324862117039561,0.5352451018989082,0.5136508643627165,0.07056632716354239,ok,0.9441672964229986,-0.04260886219967272,0.03698104691340565,-0.11531091175846488,0.030093187359119436,0.24993653714265016,-0.02007594804382038,0.0004030436898972978,-0.020075948044794505,0.42226887893576953,-0.03603908269034456,0.14961159385413708
GAOT,A,1,A-k1,log_nk,iid,800,200,193,9.477998292597036,9.649498121050817,9.58308176490093,0.034175695693235884,0.5407301406562324,0.517007946968078,0.071673221298453,ok,0.28172641822521693,0.02702718486403237,0.05001757707533616,-0.07160530357717529,0.12565967330524003,0.5895573393133584,0.012887279637003531,0.00016608197643508404,0.012887279636722399,0.7158934991227104,0.014146771898545836,0.689506059337087
GAOT,A,1,A-k1,log_nk,ood,800,200,182,9.515395652485308,9.666498594399865,9.61115029961274,0.02549377714194966,0.529760063141584,0.5092460215091701,0.06905177837929012,ok,0.1109978057478059,0.0435704618420498,0.0680519353071687,-0.09062499733575799,0.17776592101985758,0.5227445698297941,0.016086126530612005,0.00025876346673781025,0.01608612652995741,0.64961123503682,0.004746754894376799,0.8933635680787949
GAOT,A,1,A-k1,beta_k,all,1600,400,1,1.0,1.0,1.0,0.0,0.5352451018989082,0.5136508643627165,0.07056632716354239,constant_predictor,,,,,,,,,,,,
GAOT,A,1,A-k1,beta_k,iid,800,200,1,1.0,1.0,1.0,0.0,0.5407301406562324,0.517007946968078,0.071673221298453,constant_predictor,,,,,,,,,,,,
GAOT,A,1,A-k1,beta_k,ood,800,200,1,1.0,1.0,1.0,0.0,0.529760063141584,0.5092460215091701,0.06905177837929012,constant_predictor,,,,,,,,,,,,
GAOT,A,1,A-k1,beta_total,all,1600,400,1,2.0,2.0,2.0,0.0,0.5352451018989082,0.5136508643627165,0.07056632716354239,constant_predictor,,,,,,,,,,,,
GAOT,A,1,A-k1,beta_total,iid,800,200,1,2.0,2.0,2.0,0.0,0.5407301406562324,0.517007946968078,0.071673221298453,constant_predictor,,,,,,,,,,,,
GAOT,A,1,A-k1,beta_total,ood,800,200,1,2.0,2.0,2.0,0.0,0.529760063141584,0.5092460215091701,0.06905177837929012,constant_predictor,,,,,,,,,,,,
GAOT,A,1,A-k1,rho_H,all,1600,400,4,0.0,0.5,0.23611111380159855,0.19400841660345367,0.5352451018989082,0.5136508643627165,0.07056632716354239,ok,0.5951991015678096,-0.25392281923366167,0.0068346992633233124,-0.26735934107483883,-0.24048629739248453,1.338931031650916e-131,-0.6981114942377101,0.48735965838680473,-0.6981114942377074,3.94715966369462e-234,-0.8059667820441782,0.0
GAOT,A,1,A-k1,rho_H,iid,800,200,4,0.0,0.5,0.23611111380159855,0.19406911061920515,0.5407301406562324,0.517007946968078,0.071673221298453,ok,0.602400438936135,-0.2611918485621296,0.009787771837297373,-0.2804929092903081,-0.24189078783395115,1.156416736288423e-67,-0.7072274530589948,0.5001706703603106,-0.7072274530589935,2.695104119188569e-122,-0.8119715928854396,9.089656297153298e-189
GAOT,A,1,A-k1,rho_H,ood,800,200,4,0.0,0.5,0.23611111380159855,0.19406911061920515,0.529760063141584,0.5092460215091701,0.06905177837929012,ok,0.5879977641994845,-0.24665378990519227,0.009545008724590992,-0.265476132324567,-0.2278314474858175,1.6699986761021678e-65,-0.693217217011074,0.480550109960579,-0.6932172170110743,1.2920168534219592e-115,-0.8091636777657549,1.8192851809379051e-186
GAOT,A,1,A-k1,log_lambda1_positive,all,1600,400,400,0.5911348066759515,0.753851015588182,0.6849048044296137,0.03440606376731256,0.5352451018989082,0.5136508643627165,0.07056632716354239,ok,0.6278837188530451,-0.13525765384475244,0.03774396117981037,-0.20945953738431702,-0.061055770305187856,0.00038087290690219666,-0.06594765024987634,0.004349092573477598,-0.06594765024985855,0.00832203689922558,-0.06996370696228883,0.0051135481131455345
GAOT,A,1,A-k1,log_lambda1_positive,iid,800,200,200,0.59544945204644,0.753851015588182,0.6852804259716967,0.03580301041419249,0.5407301406562324,0.517007946968078,0.071673221298453,ok,0.6253817020775781,-0.1235283516252835,0.05296786596761957,-0.22797868155505574,-0.019078021695511274,0.020693372466735648,-0.06170626601630806,0.0038076632656625087,-0.06170626601620472,0.08111548062016685,-0.06955132998337711,0.04923920694065423
GAOT,A,1,A-k1,log_lambda1_positive,ood,800,200,200,0.5911348066759515,0.7538033002606184,0.6845291828875307,0.03296813507680907,0.529760063141584,0.5092460215091701,0.06905177837929012,ok,0.6344395717043969,-0.15292190775745956,0.049355788919074745,-0.2502493787130208,-0.05559443680189835,0.0022273903969659108,-0.07301115524438564,0.005330628790111702,-0.07301115524432925,0.038961402705254805,-0.0747570553722749,0.03450659979110658
GAOT,A,1,A-k1,initial_rayleigh_quotient,all,1600,400,1600,4.022796692058106,16.786387100399214,8.760483059211474,2.5656560407689484,0.5352451018989082,0.5136508643627165,0.07056632716354239,ok,0.31865934722846784,0.024723037897174484,0.00046110107575340214,0.02381654670617242,0.025629529088176548,1.8611619336705482e-184,0.8988821450213786,0.8079891106382326,0.8988821450213773,0.0,0.9569407026308463,0.0
GAOT,A,1,A-k1,initial_rayleigh_quotient,iid,800,200,800,4.216248802078913,16.082300568496414,8.944990359272502,2.5636117632449182,0.5407301406562324,0.517007946968078,0.071673221298453,ok,0.31471451528966315,0.025267285518343556,0.0006485505186052152,0.023988372078903662,0.02654619895778345,4.5539403186091954e-95,0.9037616728619344,0.8167851613342021,0.9037616728619347,2.6056981535015777e-296,0.960199031560987,0.0
GAOT,A,1,A-k1,initial_rayleigh_quotient,ood,800,200,800,4.022796692058106,16.786387100399214,8.575975759150445,2.556001565299346,0.529760063141584,0.5092460215091701,0.06905177837929012,ok,0.32287906238893455,0.024123319207369612,0.0006633908566834872,0.022815141266137397,0.025431497148601826,7.711531923825724e-90,0.8929421240329015,0.7973456368723915,0.8929421240329024,7.860837521299013e-279,0.9542013425020979,0.0
GAOT,A,1,A-k1,target_norm_retention,all,1600,400,1600,0.30599608959904107,0.826686670801375,0.6371089309523051,0.12916031726759405,0.5352451018989082,0.5136508643627165,0.07056632716354239,ok,0.8297346053727201,-0.4622278689982068,0.010416465672919413,-0.48270588319162117,-0.4417498548047924,2.1963335410952122e-156,-0.8460338040744264,0.7157731976366352,-0.8460338040744205,0.0,-0.8736143765634389,0.0
GAOT,A,1,A-k1,target_norm_retention,iid,800,200,800,0.30599608959904107,0.8234863240216965,0.6348690703804128,0.12861193755560305,0.5407301406562324,0.517007946968078,0.071673221298453,ok,0.8424835518231985,-0.4753002236920365,0.01476056897416946,-0.5044074242774945,-0.44619302310657843,7.478332413976008e-81,-0.8528887300195028,0.7274191857942538,-0.8528887300194872,1.9156911358452436e-227,-0.8805167039323499,6.138742056739536e-261
GAOT,A,1,A-k1,target_norm_retention,ood,800,200,800,0.3218475544678999,0.826686670801375,0.6393487915241975,0.12974812987448248,0.529760063141584,0.5092460215091701,0.06905177837929012,ok,0.816314847290182,-0.44819789752860373,0.014670945141339103,-0.47712836381039125,-0.4192674312468162,4.570996401792339e-77,-0.8421627999004926,0.7092381815362372,-0.8421627999004926,2.9963834384827534e-216,-0.8727154729929267,1.0751708215678807e-250
GAOT,A,2,A-k2,log_nk,all,1600,400,374,9.916206324943902,10.11382951201313,10.04340980982206,0.035149350400342214,0.8597194183245298,0.755379527807235,0.24320035837194195,ok,-6.275095108509334,0.7103976300811286,0.09551692028352764,0.5226183092734495,0.8981769508888076,6.343333015736574e-13,0.10267260866904655,0.01054166456960648,0.10267260866271245,3.878978305308955e-05,0.15613972824002703,3.4019433513721946e-10
GAOT,A,2,A-k2,log_nk,iid,800,200,193,9.916206324943902,10.097737680195356,10.02918406295987,0.0364899857700807,0.8551942261308428,0.7510429620742791,0.24599545742454276,ok,-8.379651352566846,0.9207972972401417,0.14363618883772733,0.6375529746705434,1.2040416198097401,1.0302103324420673e-09,0.13658740134958813,0.018656118206255012,0.13658740134527464,0.00010644502406354134,0.15862846070027165,6.536479312591658e-06
GAOT,A,2,A-k2,log_nk,ood,800,200,194,9.95408560529922,10.11382951201313,10.057635556684254,0.027124353892019008,0.8642446105182168,0.7584701180458066,0.24044143385560046,ok,-4.624222974495978,0.5457015770824574,0.16014417732149852,0.2299042185898928,0.861498935575022,0.0007931584641766114,0.06156094837259553,0.003789750364849187,0.06156094837516106,0.08183537964727448,0.09555532785300852,0.006837064150051709
GAOT,A,2,A-k2,beta_k,all,1600,400,1,1.0,1.0,1.0,0.0,0.8597194183245298,0.755379527807235,0.24320035837194195,constant_predictor,,,,,,,,,,,,
GAOT,A,2,A-k2,beta_k,iid,800,200,1,1.0,1.0,1.0,0.0,0.8551942261308428,0.7510429620742791,0.24599545742454276,constant_predictor,,,,,,,,,,,,
GAOT,A,2,A-k2,beta_k,ood,800,200,1,1.0,1.0,1.0,0.0,0.8642446105182168,0.7584701180458066,0.24044143385560046,constant_predictor,,,,,,,,,,,,
GAOT,A,2,A-k2,beta_total,all,1600,400,1,2.0,2.0,2.0,0.0,0.8597194183245298,0.755379527807235,0.24320035837194195,constant_predictor,,,,,,,,,,,,
GAOT,A,2,A-k2,beta_total,iid,800,200,1,2.0,2.0,2.0,0.0,0.8551942261308428,0.7510429620742791,0.24599545742454276,constant_predictor,,,,,,,,,,,,
GAOT,A,2,A-k2,beta_total,ood,800,200,1,2.0,2.0,2.0,0.0,0.8642446105182168,0.7584701180458066,0.24044143385560046,constant_predictor,,,,,,,,,,,,
GAOT,A,2,A-k2,rho_H,all,1600,400,4,0.0,0.5,0.23611111380159855,0.19400841660345367,0.8597194183245298,0.755379527807235,0.24320035837194195,ok,1.0436293761582731,-0.7789127537142575,0.023706598078719783,-0.8255182019706365,-0.7323073054578785,1.5184901639625114e-115,-0.6213626946602937,0.3860915983155009,-0.6213626946602931,1.5887883150196287e-171,-0.8892286778156463,0.0
GAOT,A,2,A-k2,rho_H,iid,800,200,4,0.0,0.5,0.23611111380159855,0.19406911061920515,0.8551942261308428,0.7510429620742791,0.24599545742454276,ok,1.040951436665522,-0.7867364121231873,0.0343950387003928,-0.8545619337781382,-0.7189108904682365,1.3202822544128556e-57,-0.6206668911328381,0.38522738974850135,-0.6206668911328374,2.260328205631799e-86,-0.8907384532255668,1.6800909810291617e-275
GAOT,A,2,A-k2,rho_H,ood,800,200,4,0.0,0.5,0.23611111380159855,0.19406911061920515,0.8642446105182168,0.7584701180458066,0.24044143385560046,ok,1.0463073156510247,-0.7710890953053282,0.03273282388188972,-0.8356368015709835,-0.7065413890396729,1.8150795158173336e-59,-0.6223743243185912,0.3873497995710222,-0.6223743243185906,5.671733908086148e-87,-0.8999416370919823,6.53023126103005e-290
GAOT,A,2,A-k2,log_lambda1_positive,all,1600,400,400,2.2572324471287004,2.4820940566972225,2.402940436605092,0.03782836822457726,0.8597194183245298,0.755379527807235,0.24320035837194195,ok,0.13254167747118606,0.3026199608512874,0.09758714700740068,0.11077072481840172,0.49446919688417307,0.0020654842323445995,0.04707073372680674,0.0022156539735912473,0.0470707337269267,0.059781552778192415,0.039878300377340366,0.11081969759944364
GAOT,A,2,A-k2,log_lambda1_positive,iid,800,200,200,2.2572324471287004,2.4820940566972225,2.409096014356256,0.0401798062193372,0.8551942261308428,0.7510429620742791,0.24599545742454276,ok,0.18019170196011458,0.2801891332468324,0.1259955062904387,0.03173147007138602,0.5286467964222789,0.027286086757322033,0.045764849467088496,0.002094421446753314,0.04576484946717537,0.19598374827905754,0.04912715247336713,0.1650788069773028
GAOT,A,2,A-k2,log_lambda1_positive,ood,800,200,200,2.2672418969714236,2.4576481935426377,2.3967848588539282,0.03425591783120631,0.8642446105182168,0.7584701180458066,0.24044143385560046,ok,-0.09586303202350865,0.40058148690097195,0.15751619665682082,0.0899663920782795,0.7111965817236644,0.011747240163207582,0.057071222209659586,0.0032571244045169756,0.0570712222097706,0.10674261147062629,0.08974975449508961,0.011095901234601102
GAOT,A,2,A-k2,initial_rayleigh_quotient,all,1600,400,1600,9.663916100440069,39.04852027739478,19.594550100497294,5.72707233863774,0.8597194183245298,0.755379527807235,0.24320035837194195,ok,0.27333890223532886,0.029925694291614263,0.001035337397632141,0.02789029624112162,0.03196109234210691,6.760871695595834e-100,0.7047136654705122,0.49662135030088406,0.7047136654705113,1.8438886989488725e-240,0.9053305743478808,0.0
GAOT,A,2,A-k2,initial_rayleigh_quotient,iid,800,200,800,9.663916100440069,38.88365121351391,19.180059547420786,5.632207685053734,0.8551942261308428,0.7510429620742791,0.24599545742454276,ok,0.26327028951539394,0.030861423300171553,0.0015618026125252215,0.027781616417576642,0.033941230182766464,8.237289864924326e-49,0.7065900618764065,0.49926951554250665,0.7065900618764083,5.534788779282839e-122,0.9032623879099811,1.8509019701165005e-295
GAOT,A,2,A-k2,initial_rayleigh_quotient,ood,800,200,800,9.979632635603817,39.04852027739478,20.009040653573805,5.794304735317522,0.8642446105182168,0.7584701180458066,0.24044143385560046,ok,0.27925297454870446,0.02923636600563497,0.0013869545242196177,0.02650135195502379,0.031971380056246154,1.339482227596383e-52,0.7045558299725683,0.49639891754833443,0.7045558299725678,5.43142071333661e-121,0.9127349730233953,1.84444001892e-312
GAOT,A,2,A-k2,target_norm_retention,all,1600,400,1600,0.08394024928892163,0.7225126387866652,0.45501184297776304,0.21687702146741486,0.8597194183245298,0.755379527807235,0.24320035837194195,ok,1.2285527204230402,-0.8106015432141971,0.02541782552045933,-0.8605711402078207,-0.7606319462205735,8.455674199963683e-112,-0.722864264946195,0.522532745536202,-0.7228642649461943,8.254856457222116e-259,-0.9092758600686954,0.0
GAOT,A,2,A-k2,target_norm_retention,iid,800,200,800,0.08394024928892163,0.7206892913917543,0.45327157530405254,0.21835439625622652,0.8551942261308428,0.7510429620742791,0.24599545742454276,ok,1.22335799762869,-0.8122366183030212,0.03669791056495117,-0.8846033032018557,-0.7398699334041867,1.4663280209215284e-55,-0.720970371825495,0.5197982770501905,-0.7209703718254934,3.023061149571189e-129,-0.918893982646848,0.0
GAOT,A,2,A-k2,target_norm_retention,ood,800,200,800,0.0842743000456455,0.7225126387866652,0.4567521106514736,0.21551205537277981,0.8642446105182168,0.7584701180458066,0.24044143385560046,ok,1.2339253506531995,-0.8093684331479056,0.03522136884628387,-0.8788234419417569,-0.7399134243540544,6.76821564539298e-58,-0.7254517317772543,0.5262802151386141,-0.725451731777252,1.326766737499436e-131,-0.9252944692101082,0.0
GAOT,B,0,B-k0,log_nk,all,1600,400,274,7.383989457978509,8.155649270366002,7.870143704693032,0.25330373664630723,0.31766768175177235,0.3137575685977935,0.025060545544470677,ok,0.4490900045783818,-0.016698846648537376,0.0024880854442224398,-0.021590241737917522,-0.011807451559157231,6.629064292090933e-11,-0.16878643947523547,0.02848886215084212,-0.1687864394755755,1.0832199761387617e-11,-0.20410489134952642,1.6550101128718704e-16
GAOT,B,0,B-k0,log_nk,iid,800,200,117,7.383989457978509,7.988542982737695,7.674815803605809,0.22556013876593328,0.3198416555300351,0.3159223049879071,0.02363058739202897,ok,0.5075716275328104,-0.024460518246519264,0.0034791006602375636,-0.031321153561577116,-0.01759988293146141,3.215241095850132e-11,-0.23348204589415414,0.05451386575538253,-0.233482045895145,2.2908980750968182e-11,-0.2703079580372757,7.32340001848028e-15
GAOT,B,0,B-k0,log_nk,ood,800,200,159,7.980023592310645,8.155649270366002,8.065471605780253,0.033571027992587404,0.3154937079735096,0.30993823707103707,0.02624841123794046,ok,0.6690571971785422,-0.043836678930355505,0.031735232470871906,-0.10641717828456726,0.01874382042385625,0.16872799102241995,-0.05606596003593021,0.0031433918748207113,-0.05606596003655549,0.11306821724266317,-0.06703974596170971,0.058047630363070674
GAOT,B,0,B-k0,beta_k,all,1600,400,1,1.0,1.0,1.0,0.0,0.31766768175177235,0.3137575685977935,0.025060545544470677,constant_predictor,,,,,,,,,,,,
GAOT,B,0,B-k0,beta_k,iid,800,200,1,1.0,1.0,1.0,0.0,0.3198416555300351,0.3159223049879071,0.02363058739202897,constant_predictor,,,,,,,,,,,,
GAOT,B,0,B-k0,beta_k,ood,800,200,1,1.0,1.0,1.0,0.0,0.3154937079735096,0.30993823707103707,0.02624841123794046,constant_predictor,,,,,,,,,,,,
GAOT,B,0,B-k0,beta_total,all,1600,400,4,0.0,3.0,1.9975,1.1568622244584645,0.31766768175177235,0.3137575685977935,0.025060545544470677,ok,0.32415616497719346,-0.003248301990198294,0.0005651541162340005,-0.004359353893704717,-0.002137250086691871,1.7998012287014802e-08,-0.149950361592299,0.02248511094166228,-0.14995036159230254,1.6658178315866563e-09,-0.19887818761631756,9.80746659092484e-16
GAOT,B,0,B-k0,beta_total,iid,800,200,3,0.0,2.0,0.995,0.8159701336898565,0.3198416555300351,0.3159223049879071,0.02363058739202897,ok,0.326321144301216,-0.006512049016262263,0.0009564641594083207,-0.008398154774747497,-0.0046259432577770284,1.138278126712139e-10,-0.22486269250280272,0.05056323047960953,-0.2248626925028015,1.2536649687935696e-10,-0.27089946503058665,6.367040630232246e-15
GAOT,B,0,B-k0,beta_total,ood,800,200,1,3.0,3.0,3.0,0.0,0.3154937079735096,0.30993823707103707,0.02624841123794046,constant_predictor,,,,,,,,,,,,
GAOT,B,0,B-k0,rho_H,all,1600,400,1,0.0,0.0,0.0,0.0,0.31766768175177235,0.3137575685977935,0.025060545544470677,constant_predictor,,,,,,,,,,,,
GAOT,B,0,B-k0,rho_H,iid,800,200,1,0.0,0.0,0.0,0.0,0.3198416555300351,0.3159223049879071,0.02363058739202897,constant_predictor,,,,,,,,,,,,
GAOT,B,0,B-k0,rho_H,ood,800,200,1,0.0,0.0,0.0,0.0,0.3154937079735096,0.30993823707103707,0.02624841123794046,constant_predictor,,,,,,,,,,,,
GAOT,B,0,B-k0,log_lambda1_positive,all,1600,400,334,0.4839635920958233,0.78652672909991,0.660299946497459,0.05208200265921611,0.31766768175177235,0.3137575685977935,0.025060545544470677,ok,0.28877026326087235,0.04376407819534799,0.015495967365363537,0.01330013297508175,0.07422802341561424,0.0049772467623503845,0.09095256258103136,0.008272368640026895,0.0909525625808684,0.00026967628969546076,0.15171095467583418,1.067140163499929e-09
GAOT,B,0,B-k0,log_lambda1_positive,iid,800,200,134,0.5910233297863299,0.7641555981649725,0.6869600234305279,0.04167734597343741,0.3198416555300351,0.3159223049879071,0.02363058739202897,ok,0.2556096293153017,0.09350184002553001,0.020230870588720997,0.05360744237223903,0.133396237678821,6.8325664363739475e-06,0.16490950780222716,0.027195145763500683,0.16490950780200775,2.7428491224724685e-06,0.21704299646914385,5.525664916360746e-10
GAOT,B,0,B-k0,log_lambda1_positive,ood,800,200,200,0.4839635920958233,0.78652672909991,0.6336398695643902,0.04762525821114128,0.3154937079735096,0.30993823707103707,0.02624841123794046,ok,0.32692039061818745,-0.01803340224240966,0.024208598228515493,-0.06577170594623509,0.029704901461415772,0.4572005862289634,-0.03271990180414143,0.0010705919740742198,-0.03271990180416369,0.3553514904665454,-0.0064770860242435125,0.8548646180666872
GAOT,B,0,B-k0,initial_rayleigh_quotient,all,1600,400,1600,1.7488274411298415,9.601429199906384,3.8133088589809176,2.014902693625446,0.31766768175177235,0.3137575685977935,0.025060545544470677,ok,0.2934607302095752,0.006348017545231395,0.00036077366996319576,0.005638762739801223,0.0070572723506615665,1.0427239912875593e-51,0.5103894337962821,0.26049737413089513,0.5103894337962878,7.48602945898886e-107,0.3866532555286155,3.316725122641237e-58
GAOT,B,0,B-k0,initial_rayleigh_quotient,iid,800,200,800,1.8517599173648494,9.601429199906384,3.777306675866613,2.0318055609388854,0.3198416555300351,0.3159223049879071,0.02363058739202897,ok,0.2988892067766382,0.005546928155784357,0.00048353090575249175,0.004593426221838894,0.0065004300897298205,1.0327656357487379e-23,0.4769360695982024,0.22746801448377973,0.47693606959820073,1.1199257845857774e-46,0.34890220922220194,2.5781903126840303e-24
GAOT,B,0,B-k0,initial_rayleigh_quotient,ood,800,200,800,1.7488274411298415,9.229387571693632,3.849311042095222,1.9984787904249977,0.3154937079735096,0.30993823707103707,0.02624841123794046,ok,0.28770393123131077,0.007219415744348993,0.0005330348944901271,0.006168294095845901,0.008270537392852086,4.787175467978673e-30,0.5496656202752261,0.3021322941125508,0.5496656202752277,2.37097248968431e-64,0.4164024084412632,6.784182426772723e-35
GAOT,B,0,B-k0,target_norm_retention,all,1600,400,1600,0.3997271106723129,0.8433838536060418,0.7234929861688051,0.11654482536574688,0.31766768175177235,0.3137575685977935,0.025060545544470677,ok,0.39952621652321196,-0.11314350841866885,0.006041582665319488,-0.12502082069098241,-0.10126619614635528,1.3088874124883652e-56,-0.5261773095291247,0.27686256106332463,-0.5261773095291404,1.2465282421551834e-114,-0.3966659938148414,1.9717755972739747e-61
GAOT,B,0,B-k0,target_norm_retention,iid,800,200,800,0.3997271106723129,0.831962956584739,0.7254979602292542,0.11627888079501619,0.3198416555300351,0.3159223049879071,0.02363058739202897,ok,0.3917236756899527,-0.099079562039295,0.008203495675096178,-0.11525649902152252,-0.08290262505706747,1.4958884958102723e-25,-0.4875401695463479,0.2376954169212997,-0.4875401695463665,5.374672429442868e-49,-0.3591722565191509,9.082709730266209e-26
GAOT,B,0,B-k0,target_norm_retention,ood,800,200,800,0.41532293334141107,0.8433838536060418,0.7214880121083557,0.11684846698053436,0.3154937079735096,0.30993823707103707,0.02624841123794046,ok,0.40768303905474157,-0.1277766636923505,0.00878417188287243,-0.14509866892259232,-0.11045465846210868,3.938577523511048e-33,-0.5688156564218002,0.3235512509905786,-0.5688156564218134,9.087148519550659e-70,-0.41765200414375653,4.0887620233556305e-35
GAOT,B,1,B-k1,log_nk,all,1600,400,318,9.111403624116159,9.91422964906803,9.618079468081744,0.2626740432741036,0.5382899051345881,0.5209733545780175,0.06130636026781167,ok,0.47581562366207897,0.006495504812556679,0.00548235970659032,-0.0042824157806856285,0.017273425405798987,0.2368013957703423,0.02783072596003527,0.0007745493074553522,0.027830725959903338,0.2658912124068752,0.013479868390683694,0.5900263703205723
GAOT,B,1,B-k1,log_nk,iid,800,200,131,9.111403624116159,9.747885820441555,9.41746102300045,0.23691163444952995,0.540927974171936,0.523587048053741,0.06282373988319945,ok,0.2490672705408216,0.030991442695466196,0.008247701832102855,0.014727333092633247,0.04725555229829914,0.0002253424522311008,0.11687036391947321,0.013658681962640307,0.11687036391934605,0.0009270455897261922,0.14306622018127943,4.884104631210072e-05
GAOT,B,1,B-k1,log_nk,ood,800,200,187,9.721125994942152,9.91422964906803,9.818697913163039,0.03685474387108677,0.53565183609724,0.5176473855972286,0.05967315188671158,ok,-1.034916470500006,0.15995688231643868,0.03854031439509333,0.08395705712760522,0.23595670750527215,4.918294750866442e-05,0.09879099296416907,0.009759660290105221,0.09879099296041755,0.005162647508379029,0.08653258674419177,0.014354093407679938
GAOT,B,1,B-k1,beta_k,all,1600,400,4,0.0,3.0,1.9975,1.1568622244584645,0.5382899051345881,0.5209733545780175,0.06130636026781167,ok,0.5383683400178625,-3.926652479327355e-05,0.0012358834960148363,-0.0024689236241868767,0.0023903905746003296,0.9746697406811957,-0.000740966500386916,5.490313546019365e-07,-0.0007409665003889863,0.9763737030842305,-0.010052847698715214,0.6878240122127866
GAOT,B,1,B-k1,beta_k,iid,800,200,3,0.0,2.0,0.995,0.8159701336898565,0.540927974171936,0.523587048053741,0.06282373988319945,ok,0.5331707359267275,0.007796219341918173,0.0023385036482625665,0.0031847917689757192,0.012407646914860626,0.0010214670131379485,0.10125920791292509,0.010253427187153163,0.10125920791292575,0.004144662093306965,0.1464304617360103,3.215619549354138e-05
GAOT,B,1,B-k1,beta_k,ood,800,200,1,3.0,3.0,3.0,0.0,0.53565183609724,0.5176473855972286,0.05967315188671158,constant_predictor,,,,,,,,,,,,
GAOT,B,1,B-k1,beta_total,all,1600,400,4,0.0,3.0,1.9975,1.1568622244584645,0.5382899051345881,0.5209733545780175,0.06130636026781167,ok,0.5383683400178625,-3.926652479327355e-05,0.0012358834960148363,-0.0024689236241868767,0.0023903905746003296,0.9746697406811957,-0.000740966500386916,5.490313546019365e-07,-0.0007409665003889863,0.9763737030842305,-0.010052847698715214,0.6878240122127866
GAOT,B,1,B-k1,beta_total,iid,800,200,3,0.0,2.0,0.995,0.8159701336898565,0.540927974171936,0.523587048053741,0.06282373988319945,ok,0.5331707359267275,0.007796219341918173,0.0023385036482625665,0.0031847917689757192,0.012407646914860626,0.0010214670131379485,0.10125920791292509,0.010253427187153163,0.10125920791292575,0.004144662093306965,0.1464304617360103,3.215619549354138e-05
GAOT,B,1,B-k1,beta_total,ood,800,200,1,3.0,3.0,3.0,0.0,0.53565183609724,0.5176473855972286,0.05967315188671158,constant_predictor,,,,,,,,,,,,
GAOT,B,1,B-k1,rho_H,all,1600,400,4,0.0,0.5,0.1965625022398308,0.19777088866174766,0.5382899051345881,0.5209733545780175,0.06130636026781167,ok,0.5669698725174588,-0.1459076225427649,0.00712971305069383,-0.15992412004120674,-0.13189112504432307,3.680779160048479e-64,-0.47068982804963844,0.22154891422939849,-0.4706898280496386,5.250878996582735e-89,-0.47535691852521006,5.523523252488674e-91
GAOT,B,1,B-k1,rho_H,iid,800,200,4,0.0,0.5,0.15701389067806304,0.19359928066917223,0.540927974171936,0.523587048053741,0.06282373988319945,ok,0.5585528056869502,-0.11225014193904503,0.00965450759198844,-0.1312884113665721,-0.09321187251151797,3.508796015414263e-24,-0.3459129745350154,0.1196557859516616,-0.34591297453501446,6.67240672929619e-24,-0.27316621349509906,3.712361071769723e-15
GAOT,B,1,B-k1,rho_H,ood,800,200,4,0.0,0.5,0.23611111380159855,0.19406911061920515,0.53565183609724,0.5176473855972286,0.05967315188671158,ok,0.5795659051655389,-0.18598899628756732,0.009203346554701664,-0.2041375957551064,-0.16784039682002824,4.1442150356420544e-50,-0.6048736819367615,0.36587217109973236,-0.6048736819367595,5.4544415333263555e-81,-0.6851458129020158,6.143907420202657e-112
GAOT,B,1,B-k1,log_lambda1_positive,all,1600,400,341,0.48396371872013666,0.7865796598052194,0.6601380210831935,0.05202854901877113,0.5382899051345881,0.5209733545780175,0.06130636026781167,ok,0.5098886864099743,0.043023152458354544,0.024296773518335275,-0.004742537804146643,0.09078884272085573,0.07736818549764503,0.03651223440509534,0.0013331432612549987,0.03651223440512791,0.1443355050672812,0.03788740269791101,0.12980898057364101
GAOT,B,1,B-k1,log_lambda1_positive,iid,800,200,141,0.5910233297874282,0.7641555981649928,0.6869600234308078,0.041677345973235094,0.540927974171936,0.523587048053741,0.06282373988319945,ok,0.6213792393187406,-0.11711200419640444,0.0462266875131352,-0.2082690231569032,-0.025954985235905684,0.012066169807776897,-0.07769224700068805,0.0060360852439965695,-0.07769224700056437,0.027995128806801526,-0.10763527096485073,0.0022999815356819194
GAOT,B,1,B-k1,log_lambda1_positive,ood,800,200,200,0.48396371872013666,0.7865796598052194,0.6333160187355792,0.04732532287849365,0.53565183609724,0.5176473855972286,0.05967315188671158,ok,0.45229110400171557,0.1316258070685819,0.031835088344836296,0.06884839627022434,0.19440321786693948,5.2395461104115836e-05,0.10438922064128671,0.010897109386099335,0.10438922064130628,0.0031162074871509617,0.13136368218292416,0.00019464001899822272
GAOT,B,1,B-k1,initial_rayleigh_quotient,all,1600,400,1600,4.040722026297464,17.302904387338785,9.461190744080676,2.805127875532731,0.5382899051345881,0.5209733545780175,0.06130636026781167,ok,0.38017064671145595,0.016712405732022477,0.0005025609786237299,0.015724407386281412,0.01770040407776354,4.479939344262071e-117,0.7646912160714812,0.5847526559368827,0.7646912160714825,2.7770833977788505e-307,0.770812721096873,3.126797284e-315
GAOT,B,1,B-k1,initial_rayleigh_quotient,iid,800,200,800,4.128986068925543,17.302904387338785,10.11995476427233,2.809825757094821,0.540927974171936,0.523587048053741,0.06282373988319945,ok,0.3830101250625709,0.0156046002959303,0.0006511158948487042,0.014320628046018597,0.016888572545842005,1.4367735416293435e-60,0.697924191112983,0.4870981765407073,0.6979241911129799,8.129943486284909e-118,0.6761394901172081,5.658708044845314e-108
GAOT,B,1,B-k1,initial_rayleigh_quotient,ood,800,200,800,4.040722026297464,16.62278996797976,8.80242672388902,2.6425718339727258,0.53565183609724,0.5176473855972286,0.05967315188671158,ok,0.3635968514637787,0.01954631262837102,0.0006563387799599928,0.01825204107598425,0.020840584180757793,2.9534158168405e-75,0.86559086585237,0.7492475470470508,0.8655908658523674,6.488424664845663e-242,0.9133882709191734,1.053382286e-313
GAOT,B,1,B-k1,target_norm_retention,all,1600,400,1600,0.3002410380880237,0.8294970829195383,0.6106806439661167,0.13646261769953813,0.5382899051345881,0.5209733545780175,0.06130636026781167,ok,0.7101723588817306,-0.2814604580077045,0.012979251696962766,-0.30697672319939007,-0.2559441928160189,1.8521638763552303e-69,-0.6265064621493844,0.3925103471149216,-0.6265064621493712,3.550653916912027e-175,-0.609398114957319,2.7201012778321565e-163
GAOT,B,1,B-k1,target_norm_retention,iid,800,200,800,0.3002410380880237,0.8234588560243168,0.5802514062502272,0.13942895976873398,0.540927974171936,0.523587048053741,0.06282373988319945,ok,0.6787605557768297,-0.2375394184662356,0.01675113155505697,-0.2705719219598127,-0.20450691497265847,5.257758760124275e-32,-0.527187239766257,0.2779263857723582,-0.5271872397662508,2.0019222048156014e-58,-0.46982290872616356,3.6280610331338957e-45
GAOT,B,1,B-k1,target_norm_retention,ood,800,200,800,0.311076362730106,0.8294970829195383,0.6411098816820061,0.12638342125508512,0.53565183609724,0.5176473855972286,0.05967315188671158,ok,0.7648652664590396,-0.35752596693790095,0.01694222725272492,-0.3909353028430723,-0.3241166310327296,1.1517467454384344e-52,-0.7572141484151527,0.5733732665600405,-0.7572141484151234,9.127653181384559e-150,-0.7757593058739156,1.0000688892704579e-161
GAOT,B,2,B-k2,log_nk,all,1600,400,329,9.543378146148761,10.357552330480354,10.05700041393879,0.26563318777746764,0.6018661620281633,0.624209463596344,0.138239198391268,ok,-3.449069566301534,0.40279760978384427,0.007798690384329003,0.38746595148485674,0.4181292680828318,8.621806984170996e-179,0.7739947450591232,0.5990678653785276,0.7739947450587293,1.8399e-319,0.7275368067845394,8.98201248291136e-264
GAOT,B,2,B-k2,log_nk,iid,800,200,134,9.543378146148761,10.193616628630961,9.855271155705621,0.24125881012768224,0.5175692398473616,0.495725482702255,0.12861091202612707,ok,-3.232528586254378,0.3805169606044438,0.012905310939011386,0.35506824824268696,0.4059656729662006,1.4920538150577986e-74,0.7138046663581752,0.5095171017123834,0.7138046663565485,1.430955190976575e-125,0.7671893786027153,4.630080097290652e-156
GAOT,B,2,B-k2,log_nk,ood,800,200,195,10.154285180632154,10.357552330480354,10.258729672171958,0.03890022804884361,0.686163084208965,0.6797435879707336,0.08644983171395348,ok,-3.910193798366474,0.4480434741398565,0.09619536220561446,0.2583504001120541,0.6377365481676589,5.8415702303792445e-06,0.2016081810026641,0.04064585864977088,0.20160818100903333,8.788458328832351e-09,0.2057094615530335,4.301590032896219e-09
GAOT,B,2,B-k2,beta_k,all,1600,400,1,0.0,0.0,0.0,0.0,0.6018661620281633,0.624209463596344,0.138239198391268,constant_predictor,,,,,,,,,,,,
GAOT,B,2,B-k2,beta_k,iid,800,200,1,0.0,0.0,0.0,0.0,0.5175692398473616,0.495725482702255,0.12861091202612707,constant_predictor,,,,,,,,,,,,
GAOT,B,2,B-k2,beta_k,ood,800,200,1,0.0,0.0,0.0,0.0,0.686163084208965,0.6797435879707336,0.08644983171395348,constant_predictor,,,,,,,,,,,,
GAOT,B,2,B-k2,beta_total,all,1600,400,4,0.0,3.0,1.9975,1.1568622244584645,0.6018661620281633,0.624209463596344,0.138239198391268,ok,0.4217814091161808,0.09015507029385855,0.002069461190324304,0.08608666005195123,0.09422348053576587,9.769802338001496e-154,0.7544675922610852,0.5692213477722382,0.7544675922610846,1.5535395600907025e-294,0.7260919700695528,3.1560036666489476e-262
GAOT,B,2,B-k2,beta_total,iid,800,200,3,0.0,2.0,0.995,0.8159701336898565,0.5175692398473616,0.495725482702255,0.12861091202612707,ok,0.4096138801126956,0.10849784897956376,0.004555202008475598,0.09951518856857232,0.1174805093905552,3.578138408053278e-60,0.6883630863214126,0.473843738609941,0.6883630863214129,2.1735353303617912e-113,0.729344725017491,1.0872339186454353e-133
GAOT,B,2,B-k2,beta_total,ood,800,200,1,3.0,3.0,3.0,0.0,0.686163084208965,0.6797435879707336,0.08644983171395348,constant_predictor,,,,,,,,,,,,
GAOT,B,2,B-k2,rho_H,all,1600,400,1,0.0,0.0,0.0,0.0,0.6018661620281633,0.624209463596344,0.138239198391268,constant_predictor,,,,,,,,,,,,
GAOT,B,2,B-k2,rho_H,iid,800,200,1,0.0,0.0,0.0,0.0,0.5175692398473616,0.495725482702255,0.12861091202612707,constant_predictor,,,,,,,,,,,,
GAOT,B,2,B-k2,rho_H,ood,800,200,1,0.0,0.0,0.0,0.0,0.686163084208965,0.6797435879707336,0.08644983171395348,constant_predictor,,,,,,,,,,,,
GAOT,B,2,B-k2,log_lambda1_positive,all,1600,400,341,2.269147735025334,2.6801398291281306,2.4316724405207566,0.11758202001057262,0.6018661620281633,0.624209463596344,0.138239198391268,ok,2.4576252920665027,-0.7631616409819241,0.02045785039289678,-0.8033802874851841,-0.7229429944786641,3.773106528545459e-132,-0.6491218727068818,0.42135920562695517,-0.6491218727072404,4.489677246394943e-192,-0.5062516624850799,7.015820071891596e-105
GAOT,B,2,B-k2,log_lambda1_positive,iid,800,200,141,2.3079179766807294,2.6801398291281306,2.49949217157336,0.13156113788144,0.5175692398473616,0.495725482702255,0.12861091202612707,ok,1.976278548003419,-0.5836022711916897,0.03310104782280911,-0.6488760990673903,-0.5183284433159892,1.597445359231321e-42,-0.5969896151002634,0.35639660053793176,-0.5969896151005741,2.0538763780612296e-78,-0.5608452885612193,1.8020576767094996e-67
GAOT,B,2,B-k2,log_lambda1_positive,ood,800,200,200,2.269147735025334,2.436837653384714,2.3638527094681536,0.033904105669069255,0.686163084208965,0.6797435879707336,0.08644983171395348,ok,-0.20642622966698643,0.3775993784641444,0.10512772409997831,0.17029207494314733,0.5849066819851414,0.00041376519060497014,0.1480878444088039,0.021930009661665695,0.1480878444088693,2.6083503780013773e-05,0.1650595672087109,2.6854483271922526e-06
GAOT,B,2,B-k2,initial_rayleigh_quotient,all,1600,400,1600,18.10295563287944,42.92928857678454,26.149336602373523,4.543025397123421,0.6018661620281633,0.624209463596344,0.138239198391268,ok,-0.06171140465962853,0.02537645894341961,0.0007261240045680451,0.023948951942615964,0.026803965944223258,1.734984996801294e-123,0.8339595339862533,0.6954885043265707,0.8339595339862544,0.0,0.8854999168594646,0.0
GAOT,B,2,B-k2,initial_rayleigh_quotient,iid,800,200,800,18.10295563287944,39.239361095504606,23.735281786350328,3.556241582911774,0.5175692398473616,0.495725482702255,0.12861091202612707,ok,-0.22924288884681177,0.03146422003397705,0.0007534460937526335,0.029978457078662403,0.0329499829892917,2.0395458914444312e-100,0.8700223479947313,0.7569388860102564,0.8700223479947262,2.579741119295201e-247,0.8573885662321349,2.0759550093621214e-232
GAOT,B,2,B-k2,initial_rayleigh_quotient,ood,800,200,800,19.97141079184148,42.92928857678454,28.563391418396723,4.121556473592118,0.686163084208965,0.6797435879707336,0.08644983171395348,ok,0.2780359842161184,0.01428846785084448,0.0008076723387950772,0.012695773096748315,0.015881162604940647,1.0559362652002133e-42,0.6812127450197875,0.46405080397739584,0.6812127450197887,3.445251588927356e-110,0.7307910402985006,1.7859204135004214e-134
GAOT,B,2,B-k2,target_norm_retention,all,1600,400,1600,0.07724110015150125,0.21958787048386205,0.15267364116347337,0.02544651991165597,0.6018661620281633,0.624209463596344,0.138239198391268,ok,0.790553535238669,-1.2358870317926658,0.1582885029719479,-1.5470707204156602,-0.9247033431696713,5.179227278691944e-14,-0.2274971522480701,0.05175495428098287,-0.227497152248073,3.1464049897902585e-20,-0.167751878639224,1.4508270755974288e-11
GAOT,B,2,B-k2,target_norm_retention,iid,800,200,800,0.07724110015150125,0.21119322308416655,0.14921158044986707,0.02429390432927563,0.5175692398473616,0.495725482702255,0.12861091202612707,ok,0.798072789728755,-1.8799046899421972,0.2170020675981265,-2.307823337257972,-1.451986042626422,1.5836403037813767e-15,-0.355103808581456,0.126098714869059,-0.35510380858146107,3.469379412798059e-25,-0.2841026939104592,2.559135898259327e-16
GAOT,B,2,B-k2,target_norm_retention,ood,800,200,800,0.07766014934669044,0.21958787048386205,0.15613570187707967,0.026108727515521502,0.686163084208965,0.6797435879707336,0.08644983171395348,ok,0.9327225498122268,-1.579135730259633,0.14540252044878163,-1.8658631820089644,-1.2924082785103015,7.086806477532722e-22,-0.47691503469657065,0.22744795031961373,-0.47691503469655216,1.1316409237528815e-46,-0.3585105914227991,1.1309659499418171e-25
GAOT,C,0,C-k0,log_nk,all,1600,400,236,7.383989457978509,7.816416983691801,7.638937468881613,0.13285965075075507,0.32429312436841384,0.31990876793861356,0.023385803168013357,ok,0.4029135218115844,-0.010292059303187412,0.0043576992064357665,-0.018858979120531933,-0.0017251394858428908,0.018665493028162915,-0.058471346684292685,0.0034188983830311104,-0.0584713466839198,0.01933402031418606,-0.0405457568008866,0.10496844448268108
GAOT,C,0,C-k0,log_nk,iid,800,200,119,7.383989457978509,7.746732907753622,7.5388594218869125,0.12127475230744209,0.3252549637481566,0.319811403751373,0.024265065478358952,ok,0.40038046087009665,-0.009965101206658597,0.007306142094801252,-0.02437249592371791,0.004442293510400715,0.1741288176106944,-0.049804736015814186,0.0024805117296291535,-0.04980473601605788,0.1593202310860802,-0.07557311316503147,0.03257805630759333
GAOT,C,0,C-k0,log_nk,ood,800,200,122,7.674152921281675,7.816416983691801,7.7390155158763125,0.023698078287639795,0.32333128498867114,0.32006250321865004,0.022446159283305383,ok,0.6575103370411532,-0.04318108050889039,0.028901658245430225,-0.10017389462562601,0.013811733607845225,0.13674142547095633,-0.045589475398834046,0.002078400266838143,-0.045589475395512086,0.19770467058850644,-0.04243434036890251,0.23057160172279964
GAOT,C,0,C-k0,beta_k,all,1600,400,1,1.0,1.0,1.0,0.0,0.32429312436841384,0.31990876793861356,0.023385803168013357,constant_predictor,,,,,,,,,,,,
GAOT,C,0,C-k0,beta_k,iid,800,200,1,1.0,1.0,1.0,0.0,0.3252549637481566,0.319811403751373,0.024265065478358952,constant_predictor,,,,,,,,,,,,
GAOT,C,0,C-k0,beta_k,ood,800,200,1,1.0,1.0,1.0,0.0,0.32333128498867114,0.32006250321865004,0.022446159283305383,constant_predictor,,,,,,,,,,,,
GAOT,C,0,C-k0,beta_total,all,1600,400,4,0.0,3.0,2.0025,1.1525293716301959,0.32429312436841384,0.31990876793861356,0.023385803168013357,ok,0.3265762304480153,-0.0011401278799506034,0.0005073487786890388,-0.0021375386925274707,-0.00014271706737373625,0.02517133945957599,-0.05618925549047817,0.003157232432574264,-0.056189255490479456,0.024602381330307982,-0.03258217622450882,0.19270646360252822
GAOT,C,0,C-k0,beta_total,iid,800,200,3,0.0,2.0,1.005,0.8159701336898565,0.3252549637481566,0.319811403751373,0.024265065478358952,ok,0.3269297582676785,-0.0016664622084794928,0.0010673648771092467,-0.003771259362997023,0.00043833494603803726,0.12004507922028108,-0.05603872745593215,0.003140338974880086,-0.0560387274559314,0.11324359335690219,-0.08260485297230669,0.019451696814523717
GAOT,C,0,C-k0,beta_total,ood,800,200,1,3.0,3.0,3.0,0.0,0.32333128498867114,0.32006250321865004,0.022446159283305383,constant_predictor,,,,,,,,,,,,
GAOT,C,0,C-k0,rho_H,all,1600,400,1,0.0,0.0,0.0,0.0,0.32429312436841384,0.31990876793861356,0.023385803168013357,constant_predictor,,,,,,,,,,,,
GAOT,C,0,C-k0,rho_H,iid,800,200,1,0.0,0.0,0.0,0.0,0.3252549637481566,0.319811403751373,0.024265065478358952,constant_predictor,,,,,,,,,,,,
GAOT,C,0,C-k0,rho_H,ood,800,200,1,0.0,0.0,0.0,0.0,0.32333128498867114,0.32006250321865004,0.022446159283305383,constant_predictor,,,,,,,,,,,,
GAOT,C,0,C-k0,log_lambda1_positive,all,1600,400,335,0.6671266100083025,0.7461019031171019,0.7075874038421409,0.014334179386468063,0.32429312436841384,0.31990876793861356,0.023385803168013357,ok,0.2801063947606409,0.06244702685193973,0.039432382783539666,-0.01507417080541866,0.13996822450929813,0.1140660285996305,0.03827650812830021,0.0014650910744710144,0.038276508127978455,0.12591166965755662,0.022958913363476528,0.35874464521568084
GAOT,C,0,C-k0,log_lambda1_positive,iid,800,200,135,0.6671266100083025,0.7461019031171019,0.713538963626299,0.012262831017344348,0.3252549637481566,0.319811403751373,0.024265065478358952,ok,0.2469384772733502,0.10975782748665092,0.06794603305208738,-0.024228797046198486,0.24374445201950032,0.10781540639610017,0.055468290102082145,0.003076731206792971,0.055468290101579616,0.1169665654473088,0.06510763305935063,0.0656808284858246
GAOT,C,0,C-k0,log_lambda1_positive,ood,800,200,200,0.6680164939718534,0.7347656872469495,0.7016358440579827,0.013779939728065342,0.32333128498867114,0.32006250321865004,0.022446159283305383,ok,0.33179435166357973,-0.01206190753593489,0.05723734398722764,-0.12493146258700219,0.10080764751513241,0.8333097474892025,-0.007404935372364683,5.483306787101849e-05,-0.007404935372514149,0.8343556728532141,-0.029782801804881524,0.40020549200271693
GAOT,C,0,C-k0,initial_rayleigh_quotient,all,1600,400,1600,2.020287562688089,10.188545072201846,3.8882111853426875,1.9844282328946323,0.32429312436841384,0.31990876793861356,0.023385803168013357,ok,0.29992308160794867,0.0062676746706383756,0.0003676631498784645,0.0055448756485880785,0.0069904736926886726,2.398049430128781e-49,0.5318504770460682,0.2828649299341287,0.5318504770460666,1.5804356811347607e-117,0.3947984494291784,8.035804471705078e-61
GAOT,C,0,C-k0,initial_rayleigh_quotient,iid,800,200,800,2.020287562688089,10.188545072201846,3.9664022875951237,2.0277465728461253,0.3252549637481566,0.319811403751373,0.024265065478358952,ok,0.29710391379858164,0.007097376390089585,0.00048508995676823166,0.0061408000752908145,0.008053952704888356,2.1601638501727853e-33,0.5931028978280948,0.35177104741208853,0.5931028978280992,3.600138433008403e-77,0.42681183876849815,9.355448096522751e-37
GAOT,C,0,C-k0,initial_rayleigh_quotient,ood,800,200,800,2.0303067641596257,9.742532900998366,3.810020083090251,1.9382570169243067,0.32333128498867114,0.32006250321865004,0.022446159283305383,ok,0.30298605488882246,0.00533992725921455,0.0005379718885060283,0.004279070073052882,0.006400784445376219,4.053436522204487e-19,0.4611101324464021,0.21262255424472976,0.46111013244639265,2.301523541738669e-43,0.36317477839809126,2.384138893959864e-26
GAOT,C,0,C-k0,target_norm_retention,all,1600,400,1600,0.3776723959775004,0.819516746089003,0.7197912852277767,0.11180331424323807,0.32429312436841384,0.31990876793861356,0.023385803168013357,ok,0.4061208035721696,-0.11368250892043114,0.006337493835413872,-0.12614156103920113,-0.10122345680166114,3.4516829035677665e-53,-0.5434956061793625,0.2953874739362754,-0.543495606179365,1.1928334989418017e-123,-0.39638840903579586,2.431082541736972e-61
GAOT,C,0,C-k0,target_norm_retention,iid,800,200,800,0.3776723959775004,0.819516746089003,0.7154277196948868,0.11416248884099138,0.3252549637481566,0.319811403751373,0.024265065478358952,ok,0.41643729656765804,-0.1274514955310774,0.00850659108749469,-0.14422612349531613,-0.11067686756683867,1.7941104339056448e-34,-0.5996348927766552,0.359562004635255,-0.5996348927766421,2.8596490152666826e-79,-0.42871370111515805,4.207897092928776e-37
GAOT,C,0,C-k0,target_norm_retention,ood,800,200,800,0.3917113428045454,0.8186686496864528,0.7241548507606665,0.1092904559214939,0.32333128498867114,0.32006250321865004,0.022446159283305383,ok,0.3945286011214748,-0.09831780600242945,0.009160806626391687,-0.11638251857994576,-0.08025309342491314,1.7064687992849918e-21,-0.47870986334835386,0.22916313326698945,-0.47870986334834326,4.644632815921358e-47,-0.36570554016490653,1.0133764315323625e-26
GAOT,C,1,C-k1,log_nk,all,1600,400,321,9.111403624116159,9.592195614445213,9.398410354881623,0.14872587885895874,0.5178315879590805,0.525966942310333,0.06028325495125251,ok,-0.09191889938316097,0.06487804472441963,0.009559448306106617,0.04608486436550069,0.08367122508333857,4.1616824231396696e-11,0.16006176554488888,0.025619768789378883,0.16006176554498855,1.202448964684215e-10,0.15126376083949458,1.195529797581741e-09
GAOT,C,1,C-k1,log_nk,iid,800,200,134,9.111403624116159,9.519955154427514,9.28712946586172,0.1370804270062386,0.5156826116517181,0.5194574296474456,0.05759964490187563,ok,-0.65436280097908,0.12598568986591818,0.013181003134376274,0.0999933244753131,0.15197805525652325,4.704107779921866e-18,0.2998312262673904,0.08989876424596821,0.29983122626899344,4.419623543725557e-18,0.32474884431010226,4.194897712220091e-21
GAOT,C,1,C-k1,log_nk,ood,800,200,188,9.433403920090221,9.592195614445213,9.509691243901527,0.026029686814930824,0.5199805642664428,0.529480844736099,0.06281499087043826,ok,0.16010874331529823,0.037842639863291005,0.09728426387944707,-0.15399770094626966,0.22968298067285167,0.6976991877655698,0.015681480650429472,0.0002459088353432559,0.01568148064894804,0.6578576305049946,0.0012100067981126845,0.9727410633888578
GAOT,C,1,C-k1,beta_k,all,1600,400,1,0.0,0.0,0.0,0.0,0.5178315879590805,0.525966942310333,0.06028325495125251,constant_predictor,,,,,,,,,,,,
GAOT,C,1,C-k1,beta_k,iid,800,200,1,0.0,0.0,0.0,0.0,0.5156826116517181,0.5194574296474456,0.05759964490187563,constant_predictor,,,,,,,,,,,,
GAOT,C,1,C-k1,beta_k,ood,800,200,1,0.0,0.0,0.0,0.0,0.5199805642664428,0.529480844736099,0.06281499087043826,constant_predictor,,,,,,,,,,,,
GAOT,C,1,C-k1,beta_total,all,1600,400,4,0.0,3.0,2.0025,1.1525293716301959,0.5178315879590805,0.525966942310333,0.06028325495125251,ok,0.5046802231184613,0.006567473078960947,0.0013593792420205865,0.0038950323215645364,0.009239913836357357,1.9382311913038973e-06,0.12556066567762234,0.015765480765407736,0.12556066567762206,4.6930966044905615e-07,0.16119016367878597,8.87215671736145e-11
GAOT,C,1,C-k1,beta_total,iid,800,200,3,0.0,2.0,1.005,0.8159701336898565,0.5156826116517181,0.5194574296474456,0.05759964490187563,ok,0.4958095367932197,0.019774203839302132,0.0022664655840760853,0.015304832198467268,0.024243575480136996,1.0688104994831796e-15,0.2801260281700178,0.07847059165831005,0.28012602817001825,6.862183902654886e-16,0.3395432369172399,4.892003900193634e-23
GAOT,C,1,C-k1,beta_total,ood,800,200,1,3.0,3.0,3.0,0.0,0.5199805642664428,0.529480844736099,0.06281499087043826,constant_predictor,,,,,,,,,,,,
GAOT,C,1,C-k1,rho_H,all,1600,400,1,0.0,0.0,0.0,0.0,0.5178315879590805,0.525966942310333,0.06028325495125251,constant_predictor,,,,,,,,,,,,
GAOT,C,1,C-k1,rho_H,iid,800,200,1,0.0,0.0,0.0,0.0,0.5156826116517181,0.5194574296474456,0.05759964490187563,constant_predictor,,,,,,,,,,,,
GAOT,C,1,C-k1,rho_H,ood,800,200,1,0.0,0.0,0.0,0.0,0.5199805642664428,0.529480844736099,0.06281499087043826,constant_predictor,,,,,,,,,,,,
GAOT,C,1,C-k1,log_lambda1_positive,all,1600,400,343,0.6671266100083363,0.7461019031171127,0.7075874038421653,0.014334179386463936,0.5178315879590805,0.525966942310333,0.06028325495125251,ok,0.6625602108071159,-0.20453815608126488,0.1268602851803152,-0.4539362534855446,0.04485994132301485,0.10768506428578228,-0.048635174444648904,0.0023653801932259633,-0.04863517444428554,0.05177045009863806,-0.09277971659305571,0.00020215640391971535
GAOT,C,1,C-k1,log_lambda1_positive,iid,800,200,143,0.6671266100083363,0.7461019031171127,0.7135389636263194,0.012262831017341585,0.5156826116517181,0.5194574296474456,0.05759964490187563,ok,1.0469587639886717,-0.7445650194586853,0.20929352295172637,-1.157282751712353,-0.3318472872050175,0.00046797570111971153,-0.1585161684694377,0.02512737566548895,-0.15851616846709615,6.636769034252167e-06,-0.18408935513525485,1.5750043264998778e-07
GAOT,C,1,C-k1,log_lambda1_positive,ood,800,200,200,0.6680164939718866,0.7347656872469673,0.7016358440580113,0.013779939728062773,0.5199805642664428,0.529480844736099,0.06281499087043826,ok,0.32240018072326926,0.28159961498065256,0.1753957431724337,-0.06427316860171423,0.6274723985630193,0.10996732843148511,0.06177547219393556,0.0038162089647828523,0.06177547219392751,0.0807744436069746,0.05342920961035889,0.13106335497711402
GAOT,C,1,C-k1,initial_rayleigh_quotient,all,1600,400,1600,8.074225456269636,17.246303429376074,11.334696817030435,1.6775784306075634,0.5178315879590805,0.525966942310333,0.06028325495125251,ok,0.43374580754032294,0.007418441073114121,0.0008916624511067144,0.005665497521735778,0.009171384624492464,1.4118838309796326e-15,0.20644234859337013,0.04261844329274256,0.20644234859336077,7.351028562468167e-17,0.14364335493881053,7.871070479531989e-09
GAOT,C,1,C-k1,initial_rayleigh_quotient,iid,800,200,800,8.102349527174022,17.01325091365047,11.497695944916105,1.6756500465237425,0.5156826116517181,0.5194574296474456,0.05759964490187563,ok,0.41354197416098937,0.008883574411783939,0.001290855772128393,0.006338062924253249,0.011429085899314628,7.514141851253958e-11,0.2584349591349331,0.06678862810307451,0.2584349591349328,1.1303160473740422e-13,0.16724716757369934,1.96871857506672e-06
GAOT,C,1,C-k1,initial_rayleigh_quotient,ood,800,200,800,8.074225456269636,17.246303429376074,11.17169768914477,1.6646483131577874,0.5199805642664428,0.529480844736099,0.06281499087043826,ok,0.44926995597736685,0.006329441617256481,0.0012076027252857652,0.003948101520275813,0.00871078171423715,4.0514313441343464e-07,0.1677353473333902,0.028135146745050355,0.1677353473333824,1.8359321253835922e-06,0.14749984765601196,2.8101273547176068e-05
GAOT,C,1,C-k1,target_norm_retention,all,1600,400,1600,0.2869736732174376,0.5991884580811021,0.4845623687211373,0.08289913661461802,0.5178315879590805,0.525966942310333,0.06028325495125251,ok,0.36679369702589987,0.31169958850044854,0.02274162633913949,0.2669912045267026,0.3564079724741945,2.6183846284106094e-35,0.428636887485818,0.1837295813135209,0.42863688748580775,1.668049580593296e-72,0.3995640359625141,2.188757276462291e-62
GAOT,C,1,C-k1,target_norm_retention,iid,800,200,800,0.29691312783439067,0.5977724093728244,0.48533444974197154,0.08184156836383297,0.5156826116517181,0.5194574296474456,0.05759964490187563,ok,0.39235906871406184,0.2541001220976974,0.03234155003650441,0.19032399085204327,0.3178762533433515,2.4164549581247546e-13,0.361043068049189,0.13035209698636463,0.36104306804917946,4.872281098278973e-26,0.3411033220364407,3.015990327374956e-23
GAOT,C,1,C-k1,target_norm_retention,ood,800,200,800,0.2869736732174376,0.5991884580811021,0.483790287700303,0.0839874917188466,0.5199805642664428,0.529480844736099,0.06281499087043826,ok,0.34246966735239637,0.3669170329107707,0.03178143009954835,0.3042454338403616,0.4295886319811798,6.200421128720278e-24,0.4905905554720033,0.24067909311833502,0.4905905554720097,1.1171331492881822e-49,0.4543282333253646,5.3622102352021765e-42
GAOT,C,2,C-k2,log_nk,all,1600,400,321,9.543378146148761,10.04676504723975,9.845505281566203,0.15612627542321453,0.7289827808737752,0.7704966068267816,0.15423100136486523,ok,-5.8898187839343095,0.6722663160011311,0.023223302752270674,0.6266109912190093,0.7179216407832528,4.4959758638769646e-100,0.680527488513425,0.46311766262283416,0.6805274885137513,4.368557844235723e-218,0.5468337378641095,1.8917230383995825e-125
GAOT,C,2,C-k2,log_nk,iid,800,200,133,9.543378146148761,9.974085801381666,9.729188565011398,0.144710143517777,0.6654668123275038,0.7551015019416806,0.1686291476602641,ok,-7.512846223465702,0.8405955934706507,0.031836612582228654,0.7778151769423923,0.9033760099989091,6.030098263943173e-67,0.7213622950678815,0.5203635607420277,0.7213622950654044,1.8884525408679004e-129,0.6607255654970143,1.655149518055404e-101
GAOT,C,2,C-k2,log_nk,ood,800,200,188,9.879041159631202,10.04676504723975,9.961821998121007,0.027336534899447144,0.7924987494200465,0.7777208983898161,0.10530778936217314,ok,-4.495559772201209,0.530832464444831,0.13666407694307026,0.2613368435531408,0.8003280853365212,0.00013969242254921861,0.1377972159319498,0.01898807271951597,0.13779721593528638,9.227068615382622e-05,0.17505011263283893,6.295036235061244e-07
GAOT,C,2,C-k2,beta_k,all,1600,400,4,0.0,3.0,2.0025,1.1525293716301959,0.7289827808737752,0.7704966068267816,0.15423100136486523,ok,0.5617182157859237,0.0835278727030469,0.003854339493690288,0.07595052148465557,0.09110522392143823,2.135922969579614e-69,0.624182724537378,0.389604073610904,0.6241827245373779,1.6144976367299888e-173,0.5354759881979297,2.0815070140647132e-119
GAOT,C,2,C-k2,beta_k,iid,800,200,3,0.0,2.0,1.005,0.8159701336898565,0.6654668123275038,0.7551015019416806,0.1686291476602641,ok,0.5218127558866434,0.1429393596426473,0.006024550377109073,0.1310592081003469,0.15481951118494772,6.342635729568133e-60,0.6916612579465536,0.4783952957442097,0.6916612579465539,6.754256207361053e-115,0.6604445525070531,2.153595805087696e-101
GAOT,C,2,C-k2,beta_k,ood,800,200,1,3.0,3.0,3.0,0.0,0.7924987494200465,0.7777208983898161,0.10530778936217314,constant_predictor,,,,,,,,,,,,
GAOT,C,2,C-k2,beta_total,all,1600,400,4,0.0,3.0,2.0025,1.1525293716301959,0.7289827808737752,0.7704966068267816,0.15423100136486523,ok,0.5617182157859237,0.0835278727030469,0.003854339493690288,0.07595052148465557,0.09110522392143823,2.135922969579614e-69,0.624182724537378,0.389604073610904,0.6241827245373779,1.6144976367299888e-173,0.5354759881979297,2.0815070140647132e-119
GAOT,C,2,C-k2,beta_total,iid,800,200,3,0.0,2.0,1.005,0.8159701336898565,0.6654668123275038,0.7551015019416806,0.1686291476602641,ok,0.5218127558866434,0.1429393596426473,0.006024550377109073,0.1310592081003469,0.15481951118494772,6.342635729568133e-60,0.6916612579465536,0.4783952957442097,0.6916612579465539,6.754256207361053e-115,0.6604445525070531,2.153595805087696e-101
GAOT,C,2,C-k2,beta_total,ood,800,200,1,3.0,3.0,3.0,0.0,0.7924987494200465,0.7777208983898161,0.10530778936217314,constant_predictor,,,,,,,,,,,,
GAOT,C,2,C-k2,rho_H,all,1600,400,4,0.0,0.5,0.19715278002433478,0.19777344145938522,0.7289827808737752,0.7704966068267816,0.15423100136486523,ok,0.6827232638777057,0.23463791375581738,0.026371256062576107,0.1827939416346819,0.2864818858769529,2.016878330361717e-17,0.3008808040515634,0.0905292582467151,0.30088080405156314,7.783963714361246e-35,0.32708453462407594,3.3083076205871886e-41
GAOT,C,2,C-k2,rho_H,iid,800,200,4,0.0,0.5,0.15819444624707102,0.19384400954744815,0.6654668123275038,0.7551015019416806,0.1686291476602641,ok,0.5936993850303839,0.45366590926354183,0.0283102111965563,0.39783940302541015,0.5094924155016736,1.1567474342182902e-37,0.5215018878219481,0.2719642190018571,0.5215018878219493,5.383222610365155e-57,0.6281897108874833,4.790936275824759e-89
GAOT,C,2,C-k2,rho_H,ood,800,200,4,0.0,0.5,0.23611111380159855,0.19406911061920515,0.7924987494200465,0.7777208983898161,0.10530778936217314,ok,0.8152866679652462,-0.0965135362681332,0.02305850787590259,-0.14198391177464553,-0.05104316076162087,4.2672375989626634e-05,-0.1778623999204278,0.0316350333054537,-0.17786239992042602,4.1213315020258076e-07,-0.14242423259657017,5.2840849439907135e-05
GAOT,C,2,C-k2,log_lambda1_positive,all,1600,400,344,2.507009414956816,2.6964556261107866,2.6250755100023775,0.038772774080661244,0.7289827808737752,0.7704966068267816,0.15423100136486523,ok,5.951901896746795,-1.9896262396917752,0.15707799894174987,-2.2984301653999815,-1.6808223139835692,3.863996723644417e-31,-0.5001804307424959,0.25018046330074406,-0.5001804307454903,4.904469335461622e-102,-0.47358488177004726,3.139475505898006e-90
GAOT,C,2,C-k2,log_lambda1_positive,iid,800,200,144,2.5380297231594233,2.6964556261107866,2.6486227334733856,0.032277579501732996,0.6654668123275038,0.7551015019416806,0.1686291476602641,ok,8.252418660073323,-2.8644894389304523,0.25129945705702433,-3.360041047840371,-2.3689378300205335,1.7156331961765738e-23,-0.5482965838339422,0.30062914385314277,-0.5482965838423058,5.6083855603651445e-64,-0.598302474093513,7.737609111002464e-79
GAOT,C,2,C-k2,log_lambda1_positive,ood,800,200,200,2.507009414956816,2.675911259516468,2.6015282865313702,0.029263697863029327,0.7924987494200465,0.7777208983898161,0.10530778936217314,ok,0.8123247267528304,-0.007620896315711084,0.13004624438338774,-0.26406643898258864,0.2488246463511665,0.9533283725400024,-0.0021177503447674722,4.4848665246011166e-06,-0.002117750345174278,0.9523105986744362,-0.022719864249757138,0.5210726486599433
GAOT,C,2,C-k2,initial_rayleigh_quotient,all,1600,400,1600,9.48354991510157,35.86134226126692,19.505883276152996,5.252073034994045,0.7289827808737752,0.7704966068267816,0.15423100136486523,ok,0.6711479930378008,0.002964991998423372,0.0007684501071909103,0.0014542749571434899,0.004475709039703254,0.00013305355701427748,0.10096773272613904,0.010194483051856995,0.1009677327261384,5.212342605446863e-05,0.14271308211448522,9.841853390957683e-09
GAOT,C,2,C-k2,initial_rayleigh_quotient,iid,800,200,800,9.48354991510157,34.49063293614603,19.227714655567596,4.827716345157303,0.6654668123275038,0.7551015019416806,0.1686291476602641,ok,0.7349899904185107,-0.0036157795836061837,0.001349374545904752,-0.0062766875500466154,-0.0009548716171657525,0.007988337632144484,-0.10351685007285949,0.010715738249007734,-0.10351685007286272,0.0033765691976804426,-0.11185048726638637,0.001531695019893238
GAOT,C,2,C-k2,initial_rayleigh_quotient,ood,800,200,800,9.901133582941487,35.86134226126692,19.784051896738394,5.633939249257863,0.7924987494200465,0.7777208983898161,0.10530778936217314,ok,0.6600066717855309,0.006696913166526795,0.0008527604770299371,0.005015306563170375,0.008378519769883215,2.469304711421581e-13,0.3582831067510737,0.12836678458320094,0.3582831067510731,1.219382171370436e-25,0.41632213487833575,7.007974351261462e-35
GAOT,C,2,C-k2,target_norm_retention,all,1600,400,1600,0.0773368681080183,0.7198841721577247,0.4061981572020235,0.22695665927430905,0.7289827808737752,0.7704966068267816,0.15423100136486523,ok,0.6440509670098133,0.20908960899524853,0.025180293108061334,0.15958698345482414,0.2585922345356729,1.5848529187191553e-15,0.30768314234224703,0.09466891608159933,0.3076831423422469,1.988657240625631e-36,0.18825878642921345,3.13911616986178e-14
GAOT,C,2,C-k2,target_norm_retention,iid,800,200,800,0.09155195335285603,0.7189064561223293,0.3557980907758454,0.22750362758856643,0.6654668123275038,0.7551015019416806,0.1686291476602641,ok,0.5235275364964445,0.39893208960607485,0.02464105178410169,0.3503410062832273,0.4475231729289224,3.6355217447191724e-38,0.5382135817333284,0.2896738595622175,0.5382135817333276,2.8196021856365705e-61,0.43368829482546073,5.0805761786857e-38
GAOT,C,2,C-k2,target_norm_retention,ood,800,200,800,0.0773368681080183,0.7198841721577247,0.45659822362820157,0.21503145187685396,0.7924987494200465,0.7777208983898161,0.10530778936217314,ok,0.8468568996696613,-0.11905028849581722,0.02572829791520699,-0.16978537394210771,-0.06831520304952673,6.671711112063062e-06,-0.24309271457187512,0.059094067877926704,-0.24309271457188206,3.1747927048473963e-12,-0.29247673824490356,3.0430533746867025e-17
GAOT,D,0,D-k0,log_nk,all,1600,400,245,7.383989457978509,8.154500175151941,7.958374634959847,0.23199193460850195,0.3158247861359264,0.3119454532861705,0.023665432676304825,ok,0.4288851015033014,-0.014206458046186372,0.0026505252172381397,-0.019417197919281263,-0.008995718173091482,1.4118720714290533e-07,-0.13926572698454065,0.01939494271253428,-0.13926572698454692,2.22468524505284e-08,-0.1755048319000812,1.5532867418506874e-12
GAOT,D,0,D-k0,log_nk,iid,800,200,173,7.383989457978509,8.101374671228582,7.775637599393222,0.20201615090200456,0.31773509394377425,0.31430272758007005,0.02342611593276088,ok,0.4755946440763376,-0.020301814238981156,0.004641785579116257,-0.029455213688721928,-0.011148414789240384,1.968644830308408e-05,-0.1750735965218595,0.030650764199017466,-0.17507359652162735,6.272983771161473e-07,-0.23681980742046535,1.1645521905862355e-11
GAOT,D,0,D-k0,log_nk,ood,800,200,72,8.127699852817772,8.154500175151941,8.141111670526472,0.005302345153874631,0.31391447832807856,0.3092853575944895,0.023763748766262364,ok,1.060395915198526,-0.0916928138316268,0.1419143766170551,-0.37154179752470196,0.18815616986144834,0.5189501624106609,-0.020459185621230756,0.00041857827387814517,-0.020459185562433507,0.5633797045555742,-0.014958184063346617,0.672701384089802
GAOT,D,0,D-k0,beta_k,all,1600,400,1,1.0,1.0,1.0,0.0,0.3158247861359264,0.3119454532861705,0.023665432676304825,constant_predictor,,,,,,,,,,,,
GAOT,D,0,D-k0,beta_k,iid,800,200,1,1.0,1.0,1.0,0.0,0.31773509394377425,0.31430272758007005,0.02342611593276088,constant_predictor,,,,,,,,,,,,
GAOT,D,0,D-k0,beta_k,ood,800,200,1,1.0,1.0,1.0,0.0,0.31391447832807856,0.3092853575944895,0.023763748766262364,constant_predictor,,,,,,,,,,,,
GAOT,D,0,D-k0,beta_total,all,1600,400,6,0.0,6.0,3.995,2.165157024464477,0.3158247861359264,0.3119454532861705,0.023665432676304825,ok,0.3210294698231665,-0.0013027994210863976,0.0002818797420277061,-0.001856954500105781,-0.0007486443420670142,5.143347260325908e-06,-0.11919348175948535,0.014207086093948496,-0.11919348175948466,1.7436793950778625e-06,-0.17082464268272649,6.05876884873955e-12
GAOT,D,0,D-k0,beta_total,iid,800,200,5,0.0,4.0,1.99,1.1539343376334121,0.31773509394377425,0.31430272758007005,0.02342611593276088,ok,0.32453875883663513,-0.003418927081839691,0.0008479458446188943,-0.005091039439305,-0.0017468147243743816,7.874501080044903e-05,-0.16841107458545115,0.028362290043025595,-0.16841107458544918,1.666230807707516e-06,-0.1965501454715088,2.0783445685309844e-08
GAOT,D,0,D-k0,beta_total,ood,800,200,1,6.0,6.0,6.0,0.0,0.31391447832807856,0.3092853575944895,0.023763748766262364,constant_predictor,,,,,,,,,,,,
GAOT,D,0,D-k0,rho_H,all,1600,400,1,0.0,0.0,0.0,0.0,0.3158247861359264,0.3119454532861705,0.023665432676304825,constant_predictor,,,,,,,,,,,,
GAOT,D,0,D-k0,rho_H,iid,800,200,1,0.0,0.0,0.0,0.0,0.31773509394377425,0.31430272758007005,0.02342611593276088,constant_predictor,,,,,,,,,,,,
GAOT,D,0,D-k0,rho_H,ood,800,200,1,0.0,0.0,0.0,0.0,0.31391447832807856,0.3092853575944895,0.023763748766262364,constant_predictor,,,,,,,,,,,,
GAOT,D,0,D-k0,log_lambda1_positive,all,1600,400,379,0.5033968243114202,0.7686805951110842,0.6677806442096653,0.03520496700715221,0.3158247861359264,0.3119454532861705,0.023665432676304825,ok,0.257423824126773,0.08745530813979364,0.017173153191454727,0.053694137523683245,0.12121647875590405,5.457817486766827e-07,0.13009951179741144,0.01692588296992692,0.13009951179741966,1.7688445951535666e-07,0.1614109478804483,8.357665568821039e-11
GAOT,D,0,D-k0,log_lambda1_positive,iid,800,200,179,0.5033968243114202,0.7686805951110842,0.6835510801736885,0.04404126412379503,0.31773509394377425,0.31430272758007005,0.02342611593276088,ok,0.26306028239612245,0.07998643134872327,0.020456103568538414,0.03964788404690054,0.120324978650546,0.00012647206906015105,0.15037505830928213,0.02261265816149538,0.15037505830919973,1.94680174495053e-05,0.16538572737217805,2.5646277673750387e-06
GAOT,D,0,D-k0,log_lambda1_positive,ood,800,200,200,0.6335723799667812,0.6723225601100697,0.6520102082456419,0.0065315992396273274,0.31391447832807856,0.3092853575944895,0.023763748766262364,ok,0.29182143533033955,0.03388450474920725,0.11904151928185734,-0.20086019823604184,0.26862920773445637,0.7762125637992981,0.00931334561865428,8.67384066067789e-05,0.009313345618359562,0.7925390131048139,-0.0028494753447900834,0.9358638720404813
GAOT,D,0,D-k0,initial_rayleigh_quotient,all,1600,400,1600,1.8019885967744893,10.283227253396591,3.7975272601485863,1.955888692457057,0.3158247861359264,0.3119454532861705,0.023665432676304825,ok,0.2916326313780363,0.006370501934709862,0.00035016734992678186,0.005682098383348548,0.007058905486071176,2.727202290695288e-54,0.526506017016561,0.2772085859546417,0.5265060170165596,8.498661212805789e-115,0.4015221168055144,4.89524300436079e-63
GAOT,D,0,D-k0,initial_rayleigh_quotient,iid,800,200,800,1.8019885967744893,10.283227253396591,3.8331394688740534,1.939721806529613,0.31773509394377425,0.31430272758007005,0.02342611593276088,ok,0.2960451934470256,0.0056585210824900475,0.0005643594208399678,0.004545628829255874,0.0067714133357242206,2.065271841272094e-19,0.4685350643665122,0.21952510654093438,0.468535064366515,6.75098656263762e-45,0.3662630957235871,8.38425140987332e-27
GAOT,D,0,D-k0,initial_rayleigh_quotient,ood,800,200,800,1.9242826846127261,9.211651013740937,3.761915051423119,1.9724930152021374,0.31391447832807856,0.3092853575944895,0.023763748766262364,ok,0.28747511668224024,0.0070281655179418295,0.00041718566284255947,0.006205493519932423,0.007850837515951236,3.682385659706987e-40,0.5833678654904072,0.34031806648681784,0.5833678654903935,3.965660970080634e-74,0.4220290344203664,6.822916217216637e-36
GAOT,D,0,D-k0,target_norm_retention,all,1600,400,1600,0.38950793534688544,0.8409387136167635,0.72541767488412,0.1120238395661907,0.3158247861359264,0.3119454532861705,0.023665432676304825,ok,0.3981860840171678,-0.1135363814982834,0.0058930740807143335,-0.12512173669044313,-0.10195102630612367,5.988300382920495e-59,-0.5374413204210836,0.28884317289596706,-0.5374413204210922,1.9472801815149103e-120,-0.4119923230438762,1.3706510487440172e-66
GAOT,D,0,D-k0,target_norm_retention,iid,800,200,800,0.38950793534688544,0.8409387136167635,0.7231668320609083,0.11045632381727896,0.31773509394377425,0.31430272758007005,0.02342611593276088,ok,0.39148823274597044,-0.10198634054055142,0.009505652956023482,-0.12073107509454553,-0.0832416059865573,1.7469461063231912e-21,-0.48087511766867597,0.23124087879286648,-0.48087511766867974,1.5750929683659404e-47,-0.37787030135984595,1.4889480348115766e-28
GAOT,D,0,D-k0,target_norm_retention,ood,800,200,800,0.4155558489615949,0.8260093580251746,0.7276685177073319,0.11359420245477028,0.31391447832807856,0.3092853575944895,0.023763748766262364,ok,0.4040574088184675,-0.12387911294335326,0.007064034008961346,-0.13780908103612488,-0.10994914485058165,3.064903474897507e-42,-0.5921603183914615,0.3506538426775161,-0.5921603183914945,7.167989427202566e-77,-0.42211272986364046,6.591568779351354e-36
GAOT,D,1,D-k1,log_nk,all,1600,400,343,9.111403624116159,9.921327470664458,9.718085351035178,0.23976327767915767,0.5444526332430537,0.5255197584629056,0.05884978453330149,ok,0.7912032347083056,-0.025390865849818943,0.006285749899380134,-0.037748193152341826,-0.01303353854729606,6.427801529644165e-05,-0.1034463807733988,0.01070115369508673,-0.10344638077326151,3.387064184756828e-05,-0.1181227292398447,2.160383195090554e-06
GAOT,D,1,D-k1,log_nk,iid,800,200,177,9.111403624116159,9.865214390314636,9.530356928753216,0.21078321113054613,0.547680526413023,0.5284275412559505,0.05937951893070917,ok,0.9125126836670405,-0.03828105914412362,0.010077634146518258,-0.05815371574990147,-0.01840840253834578,0.0001932527514989289,-0.1358886821109577,0.018465733925931094,-0.13588868211124483,0.00011554082987778252,-0.19054629505456377,5.608013867535963e-08
GAOT,D,1,D-k1,log_nk,ood,800,200,166,9.888221618865694,9.921327470664458,9.905813773317142,0.006565690274090844,0.5412247400730844,0.5223278105258935,0.05817333479282655,ok,2.109571677536652,-0.15832590571294922,0.2366001786981138,-0.624891176467271,0.3082393650413726,0.5041621871437467,-0.01786933589037291,0.0003193131629500856,-0.017869335828457022,0.613789829084818,0.008564540395927713,0.8088828768906073
GAOT,D,1,D-k1,beta_k,all,1600,400,4,0.0,3.0,1.9975,1.1568622244584645,0.5444526332430537,0.5255197584629056,0.05884978453330149,ok,0.5559603824772976,-0.005761075962074546,0.0012595931532821097,-0.008237344523866808,-0.003284807400282283,6.402623117095685e-06,-0.11325056167348134,0.012825689719359712,-0.11325056167348377,5.5961902558065446e-06,-0.12751246385050016,3.097523651151411e-07
GAOT,D,1,D-k1,beta_k,iid,800,200,3,0.0,2.0,0.995,0.8159701336898565,0.547680526413023,0.5284275412559505,0.05937951893070917,ok,0.561055744996301,-0.013442430736962687,0.002324716107204595,-0.018026669878086765,-0.008858191595838609,2.8161341477725053e-08,-0.18472062763518726,0.0341217102739374,-0.18472062763518649,1.426017400712595e-07,-0.19850698377179632,1.4936809385272855e-08
GAOT,D,1,D-k1,beta_k,ood,800,200,1,3.0,3.0,3.0,0.0,0.5412247400730844,0.5223278105258935,0.05817333479282655,constant_predictor,,,,,,,,,,,,
GAOT,D,1,D-k1,beta_total,all,1600,400,6,0.0,6.0,3.995,2.165157024464477,0.5444526332430537,0.5255197584629056,0.05884978453330149,ok,0.553680297039278,-0.0023098032030598958,0.0006268040094573908,-0.0035420543144447855,-0.0010775520916750062,0.00026022934888458686,-0.08498054274787877,0.007221692645724365,-0.08498054274787964,0.0006671818290891289,-0.12268451486429752,8.559869921008683e-07
GAOT,D,1,D-k1,beta_total,iid,800,200,5,0.0,4.0,1.99,1.1539343376334121,0.547680526413023,0.5284275412559505,0.05937951893070917,ok,0.5606971358819751,-0.006541009783393041,0.0016428343296558902,-0.009780607690875541,-0.0033014118759105405,9.594586798596341e-05,-0.12711278110321284,0.016157659119793166,-0.1271127811032115,0.00031299451927725334,-0.17160038710646972,1.0487591346039135e-06
GAOT,D,1,D-k1,beta_total,ood,800,200,1,6.0,6.0,6.0,0.0,0.5412247400730844,0.5223278105258935,0.05817333479282655,constant_predictor,,,,,,,,,,,,
GAOT,D,1,D-k1,rho_H,all,1600,400,4,0.0,0.5,0.1965625022398308,0.19777088866174766,0.5444526332430537,0.5255197584629056,0.05884978453330149,ok,0.5739193968258952,-0.14991040125694177,0.005866466630484609,-0.16144344813642003,-0.1383773543774635,5.086048322612518e-86,-0.503789665694487,0.2538040272605645,-0.5037896656944885,1.015097630493718e-103,-0.5600446175829279,8.938141551426042e-133
GAOT,D,1,D-k1,rho_H,iid,800,200,4,0.0,0.5,0.15701389067806304,0.19359928066917223,0.547680526413023,0.5284275412559505,0.05937951893070917,ok,0.5682086306644369,-0.13074068901014718,0.00756650090704007,-0.14566149999085384,-0.11581987802944053,1.8248190691056285e-41,-0.42626319314059413,0.1817003098264156,-0.42626319314059424,1.1769434197344332e-36,-0.473281300169285,6.756526182117359e-46
GAOT,D,1,D-k1,rho_H,ood,800,200,4,0.0,0.5,0.23611111380159855,0.19406911061920515,0.5412247400730844,0.5223278105258935,0.05817333479282655,ok,0.5824654852036844,-0.17466668326868456,0.009131822598596332,-0.1926742406029111,-0.15665912593445802,5.801102087653963e-47,-0.5826966598610738,0.33953539741324945,-0.5826966598610719,6.372054687185125e-74,-0.6451184987476107,2.4341272889217348e-95
GAOT,D,1,D-k1,log_lambda1_positive,all,1600,400,384,0.5033968243114326,0.7686805951189433,0.6678219969077439,0.035195855103344914,0.5444526332430537,0.5255197584629056,0.05884978453330149,ok,0.4629971436689171,0.12197185769756758,0.039419917906752866,0.04447516508172464,0.19946855031341051,0.0021126470014757384,0.07294680625007481,0.0053212365420852725,0.07294680625006926,0.003506137499545678,0.08122063846714483,0.0011473328095495
GAOT,D,1,D-k1,log_lambda1_positive,iid,800,200,184,0.5033968243114326,0.7686805951189433,0.6835510801736869,0.044041264123835105,0.547680526413023,0.5284275412559505,0.05937951893070917,ok,0.4745739049972514,0.10695121920838088,0.04062651032649234,0.0268375063000387,0.18706493211672306,0.009139741232405274,0.0793247735640797,0.00629241970099037,0.07932477356406484,0.0248535389362223,0.0795410157875316,0.024461177055935927
GAOT,D,1,D-k1,log_lambda1_positive,ood,800,200,200,0.6339451296162183,0.6729966261551327,0.6520929136418009,0.0066322285464830485,0.5412247400730844,0.5223278105258935,0.05817333479282655,ok,0.6411865767062155,-0.15329385512673632,0.24818565345789284,-0.6427051786518405,0.3361174683983679,0.5375069624263225,-0.017476733723323454,0.00030543622163270445,-0.017476733723233502,0.6216018053491013,-0.015705114834634798,0.6573748256681344
GAOT,D,1,D-k1,initial_rayleigh_quotient,all,1600,400,1600,3.997080762354902,17.84090746994571,9.3765935816095,2.6992134021253795,0.5444526332430537,0.5255197584629056,0.05884978453330149,ok,0.38013707180529605,0.017524014452330795,0.00046821402095627296,0.01660353972820002,0.01844448917646157,1.354579339322512e-132,0.8037591818539921,0.6460288224145947,0.8037591818539895,0.0,0.8396519301665147,0.0
GAOT,D,1,D-k1,initial_rayleigh_quotient,iid,800,200,800,3.997080762354902,17.84090746994571,9.8594969574826,2.718919016389789,0.547680526413023,0.5284275412559505,0.05937951893070917,ok,0.38271950123364573,0.016731180697224717,0.0007135854075868722,0.015324021282852913,0.018138340111596523,3.6135351361905594e-59,0.7661012784125424,0.5869111687853295,0.7661012784125408,2.330627497829909e-155,0.8006231337861466,1.0740134728770904e-179
GAOT,D,1,D-k1,initial_rayleigh_quotient,ood,800,200,800,4.260069852411767,15.411035247786048,8.893690205736402,2.592514010093532,0.5412247400730844,0.5223278105258935,0.05817333479282655,ok,0.37091793471479684,0.019149172212951704,0.0005918796716699814,0.0179820112209939,0.02031633320490951,3.393749958153972e-81,0.8533892275656992,0.7282731737251744,0.8533892275656956,5.474281192828811e-228,0.8919498624216602,2.5337674366138716e-277
GAOT,D,1,D-k1,target_norm_retention,all,1600,400,1600,0.30027767833331487,0.8274266228513649,0.6072654148590875,0.13868439175686645,0.5444526332430537,0.5255197584629056,0.05884978453330149,ok,0.7185314983229396,-0.28666026554513935,0.010866869143313257,-0.3080237402151785,-0.2652967908751002,1.7397846155283885e-89,-0.6755386597123908,0.45635248076603185,-0.6755386597124045,9.743653659775236e-214,-0.6761156024934841,3.0920312569098535e-214
GAOT,D,1,D-k1,target_norm_retention,iid,800,200,800,0.30027767833331487,0.8241541822897855,0.5783332703028572,0.14074157448720284,0.547680526413023,0.5284275412559505,0.05937951893070917,ok,0.6968121054387046,-0.25786442987723496,0.01504099755999124,-0.28752462344769886,-0.22820423630677106,4.649312722823226e-41,-0.6111913083620114,0.3735548154172612,-0.6111913083620063,4.169334370742886e-83,-0.6135427242855067,6.606388250421338e-84
GAOT,D,1,D-k1,target_norm_retention,ood,800,200,800,0.33141727297098145,0.8274266228513649,0.6361975594153177,0.13040846892115593,0.5412247400730844,0.5223278105258935,0.05817333479282655,ok,0.7559148593951215,-0.3374582567077755,0.014740737369380618,-0.36652635023038727,-0.30839016318516377,1.1683898907393727e-57,-0.7564877402814809,0.5722737011961918,-0.7564877402814879,2.551592953076803e-149,-0.742572105581415,4.6379058708958295e-141
GAOT,D,2,D-k2,log_nk,all,1600,400,357,9.543378146148761,10.367284459872343,10.162239385949931,0.24169667372647527,0.7675808710977432,0.83032014966011,0.13671058161466926,ok,-2.7504910322622425,0.3461906150551938,0.020421703140494123,0.30604303142210465,0.3863381986882829,6.15209987551965e-49,0.6120456744892139,0.3745999076608446,0.6120456744891223,4.395849260391147e-165,0.4261367524040821,1.3552436424677892e-71
GAOT,D,2,D-k2,log_nk,iid,800,200,179,9.543378146148761,10.31088412749404,9.973818858330237,0.21391859473400596,0.7098902232944962,0.8041518926620481,0.16417930647141413,ok,-3.3636435405858647,0.40842267357585127,0.02909324847665368,0.3510520518488403,0.46579329530286223,1.4395513877503196e-31,0.5321572265507402,0.2831913137706157,0.5321572265511534,1.0697928272683172e-59,0.4543647840087347,5.272988906153651e-42
GAOT,D,2,D-k2,log_nk,ood,800,200,178,10.330909827996335,10.367284459872343,10.350659913569626,0.0072838673246226554,0.8252715189009902,0.834568798542022,0.061509027117549096,ok,-2.106870242352829,0.28328065897895305,0.26059068384828815,-0.23059284540610392,0.79715416336401,0.27832022411693946,0.0335459497951589,0.0011253307456351447,0.03354594976499391,0.34333014802453454,-0.02971289642185092,0.40131285013797047
GAOT,D,2,D-k2,beta_k,all,1600,400,4,0.0,3.0,1.9975,1.1568622244584645,0.7675808710977432,0.83032014966011,0.13671058161466926,ok,0.622272200988309,0.07274526663801427,0.004415993979266246,0.0640637435355528,0.08142678974047574,6.9353648814682e-47,0.6155796426854439,0.378938296488738,0.6155796426854433,1.6788857923845578e-167,0.4922184795191061,2.1627993565177528e-98
GAOT,D,2,D-k2,beta_k,iid,800,200,3,0.0,2.0,0.995,0.8159701336898565,0.7098902232944962,0.8041518926620481,0.16417930647141413,ok,0.5917980913423653,0.11868555975088496,0.008129396217251518,0.10265474367947955,0.13471637582229037,2.6999443375130048e-33,0.589866494982709,0.3479424819031869,0.5898664949827095,3.794146392886336e-76,0.5794650120015912,6.155362080592078e-73
GAOT,D,2,D-k2,beta_k,ood,800,200,1,3.0,3.0,3.0,0.0,0.8252715189009902,0.834568798542022,0.061509027117549096,constant_predictor,,,,,,,,,,,,
GAOT,D,2,D-k2,beta_total,all,1600,400,6,0.0,6.0,3.995,2.165157024464477,0.7675808710977432,0.83032014966011,0.13671058161466926,ok,0.6219790430536761,0.036446014529178186,0.0023830354625246093,0.03176114006625379,0.041130888992102585,6.959707814894702e-42,0.5772146050406184,0.3331767002721969,0.5772146050406183,8.371573690479035e-143,0.48492292490416294,3.8981885516028766e-95
GAOT,D,2,D-k2,beta_total,iid,800,200,5,0.0,4.0,1.99,1.1539343376334121,0.7098902232944962,0.8041518926620481,0.16417930647141413,ok,0.5450552026675026,0.0828316686567807,0.005425873695004667,0.0721320815156456,0.0935312557979158,2.422126865308043e-35,0.5821824245747723,0.338936375483761,0.5821824245747727,9.15697310164132e-74,0.5516637182962666,6.700247529580468e-65
GAOT,D,2,D-k2,beta_total,ood,800,200,1,6.0,6.0,6.0,0.0,0.8252715189009902,0.834568798542022,0.061509027117549096,constant_predictor,,,,,,,,,,,,
GAOT,D,2,D-k2,rho_H,all,1600,400,4,0.0,0.5,0.1965625022398308,0.19777088866174766,0.7675808710977432,0.83032014966011,0.13671058161466926,ok,0.7012454943466321,0.33747727056391286,0.021917834945571847,0.29438840057692617,0.38056614055089955,2.554308950951852e-42,0.48820785424414037,0.23834690894566857,0.4882078542441412,1.363407916352557e-96,0.601588782174302,4.182974814391793e-158
GAOT,D,2,D-k2,rho_H,iid,800,200,4,0.0,0.5,0.15701389067806304,0.19359928066917223,0.7098902232944962,0.8041518926620481,0.16417930647141413,ok,0.6283860029292372,0.519089234801352,0.026633282983127327,0.46656955812792805,0.571608911474776,5.0281372104765006e-48,0.6121069982601639,0.37467497731906807,0.6121069982601637,2.0384076773510145e-83,0.779633485351045,2.2675402085220368e-164
GAOT,D,2,D-k2,rho_H,ood,800,200,4,0.0,0.5,0.23611111380159855,0.19406911061920515,0.8252715189009902,0.834568798542022,0.061509027117549096,ok,0.8102787895664807,0.0634986176343546,0.013028065187001404,0.037807839229939466,0.08918939603876974,2.2303392035665126e-06,0.2003465316773361,0.04013873275513824,0.20034653167733704,1.0916073483890497e-08,0.292918800545752,2.714109609028109e-17
GAOT,D,2,D-k2,log_lambda1_positive,all,1600,400,385,2.266242713506224,2.685133355534697,2.3980652561087026,0.12108473168180206,0.7675808710977432,0.83032014966011,0.13671058161466926,ok,2.010621086040901,-0.5183512883048962,0.052847000449710815,-0.622244648996522,-0.41445792761327044,1.7245727474780727e-20,-0.4591043789003971,0.21077683072548814,-0.459104378900363,3.160989812528857e-84,-0.3575425915549873,1.9167701403061717e-49
GAOT,D,2,D-k2,log_lambda1_positive,iid,800,200,185,2.288142934549517,2.685133355534697,2.4780375687199285,0.1274107355819357,0.7098902232944962,0.8041518926620481,0.16417930647141413,ok,1.6248334703579341,-0.3692208942320653,0.07790476815685649,-0.5228457116272103,-0.21559607683692025,4.075130287681649e-06,-0.286532491441108,0.08210086865139565,-0.2865324914410157,1.3897802212986388e-16,-0.28346013358152256,3.004543447989873e-16
GAOT,D,2,D-k2,log_lambda1_positive,ood,800,200,200,2.266242713506224,2.3546645827932653,2.318092943497476,0.01734151873572787,0.8252715189009902,0.834568798542022,0.061509027117549096,ok,0.6444034654580574,0.07802450456164503,0.1266399426344286,-0.17170395907968442,0.3277529682029745,0.5385240915928161,0.02199780212936599,0.0004839032985310965,0.021997802129556772,0.5344061297103082,-0.01160340410850757,0.7431447880355011
GAOT,D,2,D-k2,initial_rayleigh_quotient,all,1600,400,1600,9.234775758008858,42.241847033780694,22.03469820024163,6.042655510112891,0.7675808710977432,0.83032014966011,0.13671058161466926,ok,0.7712062661553573,-0.00016453118734229694,0.0005060164552174774,-0.0011593227488394253,0.0008302603741548314,0.7452380670732905,-0.007272336011133371,5.288687105875489e-05,-0.007272336011130115,0.7713037625502281,-0.14052537520522468,1.6551524215851688e-08
GAOT,D,2,D-k2,initial_rayleigh_quotient,iid,800,200,800,9.234775758008858,41.04377920357768,21.05494116338114,5.543905176901834,0.7098902232944962,0.8041518926620481,0.16417930647141413,ok,0.7928829041947489,-0.003941719915351487,0.00127858757554139,-0.006463039052336299,-0.0014204007783666754,0.0023409714512811334,-0.1331015577679943,0.017716024680267894,-0.1331015577679991,0.00015961964770329562,-0.2816382838098185,4.724704259697644e-16
GAOT,D,2,D-k2,initial_rayleigh_quotient,ood,800,200,800,12.480546134269723,42.241847033780694,23.014455237102116,6.357352855762587,0.8252715189009902,0.834568798542022,0.061509027117549096,ok,0.8275843640122068,-0.0001004953229346503,0.00043414927338374137,-0.0009566188237648387,0.0007556281778955381,0.8171825341373127,-0.010386836830119572,0.00010788637933523137,-0.010386836830115008,0.7692678957745134,-0.052415800649688524,0.13854185719171908
GAOT,D,2,D-k2,target_norm_retention,all,1600,400,1600,0.07543813228969622,0.7237137381537226,0.4041376744790584,0.2277965013568616,0.7675808710977432,0.83032014966011,0.13671058161466926,ok,0.6434998059263206,0.3070267213552068,0.02056416243385811,0.2665990731087359,0.34745436960167775,2.3305465101744477e-40,0.5115888771866618,0.26172317926110755,0.5115888771866601,1.9841191321664344e-107,0.4419122107078949,1.824177368799647e-77
GAOT,D,2,D-k2,target_norm_retention,iid,800,200,800,0.07543813228969622,0.7237137381537226,0.3537813692771599,0.22753455679941395,0.7098902232944962,0.8041518926620481,0.16417930647141413,ok,0.5471724532817841,0.45993877615764195,0.024473675266723435,0.41167775205359214,0.5081998002616918,5.575712162329579e-46,0.6374248243405467,0.40631040668557794,0.6374248243405474,1.9760550155146524e-92,0.6139563733693334,4.769966770857333e-84
GAOT,D,2,D-k2,target_norm_retention,ood,800,200,800,0.08281154795539389,0.7229823170192002,0.45449397968095695,0.21678929975212613,0.8252715189009902,0.834568798542022,0.061509027117549096,ok,0.8034686966476426,0.04797164149160493,0.014515391630016267,0.019347919974451462,0.07659536300875841,0.0011269246346394932,0.16907662264028772,0.028586904323446682,0.1690766226402891,1.5138582370336283e-06,0.10299726249572266,0.003540884219919704
GNOT,A,0,A-k0,log_nk,all,1600,400,221,7.731492029245684,7.903226808730733,7.836536796010969,0.029959236007328197,0.021233177037792733,0.015845342539250504,0.013753050682768903,ok,0.009833467266689974,0.00145468720023895,0.012002889486627843,-0.022142120871443634,0.025051495271921534,0.9035977910472545,0.0031688472728018746,1.0041593038634389e-05,0.0031688472728492664,0.8992133475183198,0.00832160469776562,0.7394288426765658
GNOT,A,0,A-k0,log_nk,iid,800,200,144,7.731492029245684,7.8868329989550565,7.823175250569664,0.030283035489778357,0.02028797880047885,0.015638156794011,0.01236353153880296,ok,0.2714223646651375,-0.032101337094077545,0.015254894956337976,-0.06218332703506531,-0.002019347153089785,0.036605213376310626,-0.0786284992631976,0.006182440896612462,-0.07862849926465915,0.02615407854220162,-0.06484310704626355,0.06678744447222339
GNOT,A,0,A-k0,log_nk,ood,800,200,134,7.767687277186908,7.903226808730733,7.849898341452274,0.02283996663231808,0.02217837527510661,0.0160651812329885,0.014962739964971716,ok,-0.07956964709448831,0.012961699367829368,0.020941872353734865,-0.02833476286895358,0.05425816160461232,0.5366657442712017,0.019785465880741898,0.000391464660066454,0.01978546587944107,0.5763001668019755,0.010424408398905736,0.7684570315171163
GNOT,A,0,A-k0,beta_k,all,1600,400,1,1.0,1.0,1.0,0.0,0.021233177037792733,0.015845342539250504,0.013753050682768903,constant_predictor,,,,,,,,,,,,
GNOT,A,0,A-k0,beta_k,iid,800,200,1,1.0,1.0,1.0,0.0,0.02028797880047885,0.015638156794011,0.01236353153880296,constant_predictor,,,,,,,,,,,,
GNOT,A,0,A-k0,beta_k,ood,800,200,1,1.0,1.0,1.0,0.0,0.02217837527510661,0.0160651812329885,0.014962739964971716,constant_predictor,,,,,,,,,,,,
GNOT,A,0,A-k0,beta_total,all,1600,400,1,2.0,2.0,2.0,0.0,0.021233177037792733,0.015845342539250504,0.013753050682768903,constant_predictor,,,,,,,,,,,,
GNOT,A,0,A-k0,beta_total,iid,800,200,1,2.0,2.0,2.0,0.0,0.02028797880047885,0.015638156794011,0.01236353153880296,constant_predictor,,,,,,,,,,,,
GNOT,A,0,A-k0,beta_total,ood,800,200,1,2.0,2.0,2.0,0.0,0.02217837527510661,0.0160651812329885,0.014962739964971716,constant_predictor,,,,,,,,,,,,
GNOT,A,0,A-k0,rho_H,all,1600,400,1,0.0,0.0,0.0,0.0,0.021233177037792733,0.015845342539250504,0.013753050682768903,constant_predictor,,,,,,,,,,,,
GNOT,A,0,A-k0,rho_H,iid,800,200,1,0.0,0.0,0.0,0.0,0.02028797880047885,0.015638156794011,0.01236353153880296,constant_predictor,,,,,,,,,,,,
GNOT,A,0,A-k0,rho_H,ood,800,200,1,0.0,0.0,0.0,0.0,0.02217837527510661,0.0160651812329885,0.014962739964971716,constant_predictor,,,,,,,,,,,,
GNOT,A,0,A-k0,log_lambda1_positive,all,1600,400,400,0.5911348066758972,0.7538510155881601,0.684904804429579,0.034406063767318584,0.021233177037792733,0.015845342539250504,0.013753050682768903,ok,0.017246770274498786,0.00582038078505587,0.011012365210839398,-0.015829128575582014,0.027469890145693756,0.5974244155404809,0.014560870679521878,0.00021201895494582512,0.014560870679523639,0.5605596156343662,0.01254327602265,0.6161187392559442
GNOT,A,0,A-k0,log_lambda1_positive,iid,800,200,200,0.5954494520463843,0.7538510155881601,0.6852804259716637,0.03580301041419787,0.02028797880047885,0.015638156794011,0.01236353153880296,ok,0.014190919599372912,0.008897174018157233,0.015285749940382442,-0.02124566061053972,0.03904000864685418,0.5611872779957896,0.02576493722924217,0.0006638319904267442,0.02576493722923965,0.4667826774189974,0.009503282466122802,0.7884074581752287
GNOT,A,0,A-k0,log_lambda1_positive,ood,800,200,200,0.5911348066758972,0.7538033002606008,0.6845291828874942,0.03296813507681577,0.02217837527510661,0.0160651812329885,0.014962739964971716,ok,0.0202292916104562,0.00284733465478932,0.01595182550713701,-0.028608972046733926,0.034303641356312566,0.8585151637306051,0.006273671381561722,3.935895260376299e-05,0.006273671381567526,0.8593744609122497,0.021309939274094244,0.5472660044691948
GNOT,A,0,A-k0,initial_rayleigh_quotient,all,1600,400,1600,1.9058051657219186,9.483124457550876,3.8709239840100538,1.9549361874885733,0.021233177037792733,0.015845342539250504,0.013753050682768903,ok,-0.0028761999432820604,0.006228326125923786,0.0001641404024143093,0.00590563802845407,0.0065510142233935025,1.8705477173228709e-134,0.8853294015926313,0.7838081493243655,0.8853294015926307,0.0,0.8823456317756375,0.0
GNOT,A,0,A-k0,initial_rayleigh_quotient,iid,800,200,800,1.9058051657219186,9.183459701111824,3.857903564960899,1.9311303017306383,0.02028797880047885,0.015638156794011,0.01236353153880296,ok,-0.0017394583506472197,0.0057096909708134035,0.0002155797448134355,0.005284577082220934,0.006134804859405873,3.730462866441004e-67,0.891829103411916,0.7953591496925004,0.8918291034119152,3.8576399914769857e-277,0.8829232701926097,3.038822799468416e-264
GNOT,A,0,A-k0,initial_rayleigh_quotient,ood,800,200,800,1.9086632860459276,9.483124457550876,3.8839444030592087,1.9795783549606447,0.02217837527510661,0.0160651812329885,0.014962739964971716,ok,-0.003906725535027007,0.0067161365104988595,0.00023621311373107613,0.006250334515039337,0.007181938505958382,5.201587143384107e-72,0.8885483872785855,0.7895182365353778,0.888548387278587,2.914418270043221e-272,0.8877672933863959,4.012797930243395e-271
GNOT,A,0,A-k0,target_norm_retention,all,1600,400,1600,0.4143438152804424,0.8281922245454145,0.719969085278326,0.11255047190149724,0.021233177037792733,0.015845342539250504,0.013753050682768903,ok,0.0992073102948641,-0.10830205747921523,0.0028689100216879888,-0.11394212600039241,-0.10266198895803805,9.338355689092387e-134,-0.8863086422317066,0.7855430092946039,-0.8863086422317025,0.0,-0.8710533109583246,0.0
GNOT,A,0,A-k0,target_norm_retention,iid,800,200,800,0.424533116512869,0.8276397681899487,0.7209072654355037,0.11112600418005994,0.02028797880047885,0.015638156794011,0.01236353153880296,ok,0.09237843458098342,-0.09999962441348739,0.0037344861904164434,-0.1073638688960881,-0.09263537993088669,6.770215147671002e-68,-0.8988175138875849,0.8078729232710419,-0.8988175138875756,4.4549558321233336e-288,-0.8721762455878838,5.180711090462191e-250
GNOT,A,0,A-k0,target_norm_retention,ood,800,200,800,0.4143438152804424,0.8281922245454145,0.7190309051211483,0.11401894757919251,0.02217837527510661,0.0160651812329885,0.014962739964971716,ok,0.10563386154928317,-0.11606661922287635,0.004209872569621726,-0.12436830498699793,-0.10776493345875478,6.947810846628841e-70,-0.8844498937927143,0.7822516146299385,-0.8844498937927114,2.228438933285053e-266,-0.8762288066075103,3.193499192536063e-255
GNOT,A,1,A-k1,log_nk,all,1600,400,360,9.477998292597036,9.666498594399865,9.597116032256835,0.03324862117039561,0.3261337967496361,0.319651082158088,0.07950593763029472,ok,0.10993348170022574,0.02252763375137859,0.04438450730979013,-0.06472908068493449,0.10978434818769167,0.6120450169162395,0.009420840540840351,8.875223649484898e-05,0.00942084054078361,0.7065099317663377,0.0013243782226461547,0.957784693139033
GNOT,A,1,A-k1,log_nk,iid,800,200,193,9.477998292597036,9.649498121050817,9.58308176490093,0.034175695693235884,0.3241867863759394,0.31914043426513605,0.08220909993432035,ok,-0.2886354003644059,0.06394834164752017,0.06145097206448922,-0.0572303048655361,0.18512698816057643,0.29930530475848516,0.02658439352795233,0.0007067299792795634,0.026584393528523147,0.4527265722435869,0.015469699191494183,0.6621902917011608
GNOT,A,1,A-k1,log_nk,ood,800,200,182,9.515395652485308,9.666498594399865,9.61115029961274,0.02549377714194966,0.32808080712333276,0.32051372528076105,0.07670966248807062,ok,1.5047544870710046,-0.12242797618084814,0.08094728597934443,-0.2820525065070437,0.03719655414534742,0.13200822069560897,-0.04068785390862389,0.0016555014554634484,-0.04068785390584577,0.2503486853470357,-0.04466230314673568,0.2069865076336608
GNOT,A,1,A-k1,beta_k,all,1600,400,1,1.0,1.0,1.0,0.0,0.3261337967496361,0.319651082158088,0.07950593763029472,constant_predictor,,,,,,,,,,,,
GNOT,A,1,A-k1,beta_k,iid,800,200,1,1.0,1.0,1.0,0.0,0.3241867863759394,0.31914043426513605,0.08220909993432035,constant_predictor,,,,,,,,,,,,
GNOT,A,1,A-k1,beta_k,ood,800,200,1,1.0,1.0,1.0,0.0,0.32808080712333276,0.32051372528076105,0.07670966248807062,constant_predictor,,,,,,,,,,,,
GNOT,A,1,A-k1,beta_total,all,1600,400,1,2.0,2.0,2.0,0.0,0.3261337967496361,0.319651082158088,0.07950593763029472,constant_predictor,,,,,,,,,,,,
GNOT,A,1,A-k1,beta_total,iid,800,200,1,2.0,2.0,2.0,0.0,0.3241867863759394,0.31914043426513605,0.08220909993432035,constant_predictor,,,,,,,,,,,,
GNOT,A,1,A-k1,beta_total,ood,800,200,1,2.0,2.0,2.0,0.0,0.32808080712333276,0.32051372528076105,0.07670966248807062,constant_predictor,,,,,,,,,,,,
GNOT,A,1,A-k1,rho_H,all,1600,400,4,0.0,0.5,0.23611111380159855,0.19400841660345367,0.3261337967496361,0.319651082158088,0.07950593763029472,ok,0.3945213509049695,-0.2896414025338882,0.007161651669848858,-0.3037206890355209,-0.2755621160322555,3.1476566904051043e-143,-0.7067757649711892,0.49953198195060733,-0.7067757649711875,1.7873838988450129e-242,-0.7210612874635322,6.377618796550535e-257
GNOT,A,1,A-k1,rho_H,iid,800,200,4,0.0,0.5,0.23611111380159855,0.19406911061920515,0.3241867863759394,0.31914043426513605,0.08220909993432035,ok,0.39575677111951213,-0.3031199319304906,0.010593379780754354,-0.32400961651486837,-0.2822302473461128,1.8775487616349766e-72,-0.7155681749064591,0.5120378129389602,-0.7155681749064587,1.826910286291347e-126,-0.7399243639006965,1.5050578806608564e-139
GNOT,A,1,A-k1,rho_H,ood,800,200,4,0.0,0.5,0.23611111380159855,0.19406911061920515,0.32808080712333276,0.32051372528076105,0.07670966248807062,ok,0.3932859306904267,-0.2761628731372851,0.009578810813328406,-0.2950518718067549,-0.2572738744678153,5.598840466473479e-73,-0.6986692606571172,0.4881387357871616,-0.6986692606571163,3.611746378231872e-118,-0.7023079837628485,6.62282142549217e-120
GNOT,A,1,A-k1,log_lambda1_positive,all,1600,400,400,0.5911348066759515,0.753851015588182,0.6849048044296137,0.03440606376731256,0.3261337967496361,0.319651082158088,0.07950593763029472,ok,0.4829993660007529,-0.22903266006691414,0.044729010410262705,-0.3169666425519756,-0.14109867758185268,4.752124438546164e-07,-0.09911350701506416,0.009823487272824005,-0.09911350701505751,7.1504521384547e-05,-0.09728149878664392,9.720447282468063e-05
GNOT,A,1,A-k1,log_lambda1_positive,iid,800,200,200,0.59544945204644,0.753851015588182,0.6852804259716967,0.03580301041419249,0.3241867863759394,0.31914043426513605,0.08220909993432035,ok,0.49186742973626074,-0.24468908932071667,0.06257998463187459,-0.36809409955456834,-0.12128407908686502,0.0001265344593623244,-0.10656491824126577,0.011356081799751006,-0.10656491824118747,0.0025445250015880606,-0.10190394716879564,0.003910579997464581
GNOT,A,1,A-k1,log_lambda1_positive,ood,800,200,200,0.5911348066759515,0.7538033002606184,0.6845291828875307,0.03296813507680907,0.32808080712333276,0.32051372528076105,0.07670966248807062,ok,0.47133910339947305,-0.20928004219168522,0.06384585548777862,-0.33518129474401137,-0.08337878963935905,0.0012342055690487182,-0.08994398457858885,0.00808992036186773,-0.0899439845785575,0.01092206338442413,-0.09132233788107069,0.009756304240025541
GNOT,A,1,A-k1,initial_rayleigh_quotient,all,1600,400,1600,4.022796692058106,16.786387100399214,8.760483059211474,2.5656560407689484,0.3261337967496361,0.319651082158088,0.07950593763029472,ok,0.10724753256980094,0.024985638657183434,0.0005453646214998031,0.02391349146154745,0.026057785852819416,5.1770484085793026e-161,0.8062863814192238,0.6500977288621042,0.8062863814192226,0.0,0.8180681369406786,0.0
GNOT,A,1,A-k1,initial_rayleigh_quotient,iid,800,200,800,4.216248802078913,16.082300568496414,8.944990359272502,2.5636117632449182,0.3241867863759394,0.31914043426513605,0.08220909993432035,ok,0.08866890201062294,0.026329585042109704,0.0007932169102786861,0.024765395764876363,0.027893774319343045,4.5651340912619775e-83,0.8210628019189724,0.6741441246950284,0.8210628019189694,1.7114372345219894e-196,0.8356594150928361,7.307619110615788e-210
GNOT,A,1,A-k1,initial_rayleigh_quotient,ood,800,200,800,4.022796692058106,16.786387100399214,8.575975759150445,2.556001565299346,0.32808080712333276,0.32051372528076105,0.07670966248807062,ok,0.12221874976876537,0.02400450550888224,0.0007242650888436389,0.02257628622716566,0.025432724790598823,5.891714569585473e-83,0.7998412672521065,0.6397460527994577,0.7998412672521078,4.309074664042064e-179,0.8094337959903064,1.0969320238355284e-186
GNOT,A,1,A-k1,target_norm_retention,all,1600,400,1600,0.30599608959904107,0.826686670801375,0.6371089309523051,0.12916031726759405,0.3261337967496361,0.319651082158088,0.07950593763029472,ok,0.5994880249473842,-0.429054145872913,0.013286202969256157,-0.4551738549493178,-0.40293443679650826,2.2938642042127665e-113,-0.6970142263287538,0.4858288317046662,-0.6970142263287502,4.281774710021293e-233,-0.7470975457412288,9.939846065806082e-286
GNOT,A,1,A-k1,target_norm_retention,iid,800,200,800,0.30599608959904107,0.8234863240216965,0.6348690703804128,0.12861193755560305,0.3241867863759394,0.31914043426513605,0.08220909993432035,ok,0.612468864860712,-0.4540811514286458,0.01999264730392017,-0.4935057831164812,-0.4146565197408104,3.658233449083549e-57,-0.710386766664217,0.5046493582516259,-0.7103867666642066,7.395298551363162e-124,-0.7652474300741094,8.233390715213467e-155
GNOT,A,1,A-k1,target_norm_retention,ood,800,200,800,0.3218475544678999,0.826686670801375,0.6393487915241975,0.12974812987448248,0.32808080712333276,0.32051372528076105,0.07670966248807062,ok,0.5871694514860752,-0.4052383421967215,0.01739331223348912,-0.4395371980817234,-0.3709394863117196,9.122862047567196e-59,-0.685427563465514,0.4698109447582698,-0.685427563465513,4.593069928032298e-112,-0.7311928534263337,1.0789906472804795e-134
GNOT,A,2,A-k2,log_nk,all,1600,400,374,9.916206324943902,10.11382951201313,10.04340980982206,0.035149350400342214,0.44006981837563175,0.431275591254234,0.15575916260634595,ok,-6.647152108507303,0.7056589406468834,0.09967419111356929,0.5097067276378902,0.9016111536558766,6.555711079708026e-12,0.15924233896029594,0.025358122514369752,0.15924233895032416,1.4974897293397573e-10,0.19285945062656001,7.16630036945896e-15
GNOT,A,2,A-k2,log_nk,iid,800,200,193,9.916206324943902,10.097737680195356,10.02918406295987,0.0364899857700807,0.40797095302492337,0.3951894193887705,0.13177773801039672,ok,-4.795220937302362,0.518805104948041,0.10370357714573941,0.31430615733342815,0.7233040525626538,1.238830521266906e-06,0.14366000800154613,0.020638197897694832,0.14366000799698758,4.53980600699025e-05,0.15393619856349433,1.2240655601059854e-05
GNOT,A,2,A-k2,log_nk,ood,800,200,194,9.95408560529922,10.11382951201313,10.057635556684254,0.027124353892019008,0.47216868372634013,0.4624286293983455,0.17065629773682062,ok,-1.4353689662539246,0.1896606453100737,0.2128779491119005,-0.23012541956752813,0.6094467101876755,0.374039367217487,0.030144931836694706,0.0009087169155155284,0.030144931837967313,0.39449846443908154,0.08052593817633377,0.022741118041038934
GNOT,A,2,A-k2,beta_k,all,1600,400,1,1.0,1.0,1.0,0.0,0.44006981837563175,0.431275591254234,0.15575916260634595,constant_predictor,,,,,,,,,,,,
GNOT,A,2,A-k2,beta_k,iid,800,200,1,1.0,1.0,1.0,0.0,0.40797095302492337,0.3951894193887705,0.13177773801039672,constant_predictor,,,,,,,,,,,,
GNOT,A,2,A-k2,beta_k,ood,800,200,1,1.0,1.0,1.0,0.0,0.47216868372634013,0.4624286293983455,0.17065629773682062,constant_predictor,,,,,,,,,,,,
GNOT,A,2,A-k2,beta_total,all,1600,400,1,2.0,2.0,2.0,0.0,0.44006981837563175,0.431275591254234,0.15575916260634595,constant_predictor,,,,,,,,,,,,
GNOT,A,2,A-k2,beta_total,iid,800,200,1,2.0,2.0,2.0,0.0,0.40797095302492337,0.3951894193887705,0.13177773801039672,constant_predictor,,,,,,,,,,,,
GNOT,A,2,A-k2,beta_total,ood,800,200,1,2.0,2.0,2.0,0.0,0.47216868372634013,0.4624286293983455,0.17065629773682062,constant_predictor,,,,,,,,,,,,
GNOT,A,2,A-k2,rho_H,all,1600,400,4,0.0,0.5,0.23611111380159855,0.19400841660345367,0.44006981837563175,0.431275591254234,0.15575916260634595,ok,0.5583339820782256,-0.500883511150475,0.01594093898731819,-0.5322222382282521,-0.46954478407269795,5.868383944898877e-110,-0.62388379132903,0.3892309850830835,-0.6238837913290289,2.631936772719663e-173,-0.7145691978614656,3.025576429183242e-250
GNOT,A,2,A-k2,rho_H,iid,800,200,4,0.0,0.5,0.23611111380159855,0.19406911061920515,0.40797095302492337,0.3951894193887705,0.13177773801039672,ok,0.5232147974973105,-0.4880915710271278,0.015156050822050652,-0.517978644630647,-0.4582044974236086,7.334877286209053e-81,-0.7188125894412606,0.516691538739249,-0.7188125894412598,3.9738870169936543e-128,-0.754394809233004,4.8348043754322835e-148
GNOT,A,2,A-k2,rho_H,ood,800,200,4,0.0,0.5,0.23611111380159855,0.19406911061920515,0.47216868372634013,0.4624286293983455,0.17065629773682062,ok,0.593453166659141,-0.5136754512738229,0.028076581453145618,-0.5690412498105045,-0.4583096527371412,1.6585516754565502e-44,-0.5841480173756339,0.341228906203882,-0.5841480173756324,2.2820076816468314e-74,-0.7265916083151582,3.2780308112691794e-132
GNOT,A,2,A-k2,log_lambda1_positive,all,1600,400,400,2.2572324471287004,2.4820940566972225,2.402940436605092,0.03782836822457726,0.44006981837563175,0.431275591254234,0.15575916260634595,ok,0.42957782590797283,0.00436631399924222,0.08529879876518179,-0.16332492280248484,0.1720575508009693,0.9592009646927686,0.0010604225843515922,1.124496057158808e-06,0.0010604225843034239,0.9661927702406609,-0.009098549741317486,0.7161081190041183
GNOT,A,2,A-k2,log_lambda1_positive,iid,800,200,200,2.2572324471287004,2.4820940566972225,2.409096014356256,0.0401798062193372,0.40797095302492337,0.3951894193887705,0.13177773801039672,ok,0.14103155502323422,0.11080479831896128,0.08391285087676192,-0.05466769711409297,0.27627729375201554,0.18819323425529327,0.03378503373822786,0.0011414285046975614,0.03378503373828823,0.33989975848414555,0.0266678229338545,0.45130901790628664
GNOT,A,2,A-k2,log_lambda1_positive,ood,800,200,200,2.2672418969714236,2.4576481935426377,2.3967848588539282,0.03425591783120631,0.47216868372634013,0.4624286293983455,0.17065629773682062,ok,0.003853196350021848,0.19539321005227742,0.13582679187376553,-0.07245132106759508,0.4632377411721499,0.1518498146544488,0.03922136971850114,0.0015383158426006682,0.0392213697185693,0.2678447050514413,0.0544782860434773,0.12365478262029614
GNOT,A,2,A-k2,initial_rayleigh_quotient,all,1600,400,1600,9.663916100440069,39.04852027739478,19.594550100497294,5.72707233863774,0.44006981837563175,0.431275591254234,0.15575916260634595,ok,0.0546181784979716,0.01967136973805167,0.0006422272340061548,0.018408797688535247,0.02093394178756809,7.87232499513229e-107,0.7232920080254801,0.5231513288735337,0.7232920080254817,2.928220511442402e-259,0.8137729145597323,0.0
GNOT,A,2,A-k2,initial_rayleigh_quotient,iid,800,200,800,9.663916100440069,38.88365121351391,19.180059547420786,5.632207685053734,0.40797095302492337,0.3951894193887705,0.13177773801039672,ok,0.03909948754042994,0.019232029210988412,0.000463319382090025,0.0183183835233984,0.020145674898578422,5.991212963655523e-100,0.8219808926509342,0.6756525878832318,0.8219808926509373,2.68438650528244e-197,0.8372181987784357,2.283501922798998e-211
GNOT,A,2,A-k2,initial_rayleigh_quotient,ood,800,200,800,9.979632635603817,39.04852027739478,20.009040653573805,5.794304735317522,0.47216868372634013,0.4624286293983455,0.17065629773682062,ok,0.08210252641401378,0.0194944957164979,0.0011304074217788709,0.01726538140345297,0.02172361002954283,2.299422077555797e-41,0.6618979219678656,0.4381088591053798,0.6618979219678665,5.502243307773905e-102,0.8093834521616441,1.2054725601331622e-186
GNOT,A,2,A-k2,target_norm_retention,all,1600,400,1600,0.08394024928892163,0.7225126387866652,0.45501184297776304,0.21687702146741486,0.44006981837563175,0.431275591254234,0.15575916260634595,ok,0.6403734747807105,-0.44021635809349197,0.015821010877942764,-0.4713193152274997,-0.40911340095948423,1.753227444812983e-95,-0.6129515011957293,0.3757095428180983,-0.6129515011957294,1.0621312683659103e-165,-0.7089014956646469,1.4390493746059342e-244
GNOT,A,2,A-k2,target_norm_retention,iid,800,200,800,0.08394024928892163,0.7206892913917543,0.45327157530405254,0.21835439625622652,0.40797095302492337,0.3951894193887705,0.13177773801039672,ok,0.5993413033009256,-0.4221979949826582,0.013903094586753779,-0.44961429333832564,-0.39478169662699075,1.2235878194342265e-76,-0.6995778625958383,0.4894091858341598,-0.6995778625958369,1.3382211744997033e-118,-0.7585105679852625,1.4442523814077802e-150
GNOT,A,2,A-k2,target_norm_retention,ood,800,200,800,0.0842743000456455,0.7225126387866652,0.4567521106514736,0.21551205537277981,0.47216868372634013,0.4624286293983455,0.17065629773682062,ok,0.6828131914752196,-0.4611790571661148,0.028802943502733488,-0.5179772100999757,-0.4043809042322539,1.2699239811056657e-37,-0.5823965937549219,0.33918579241733315,-0.5823965937549199,7.874115619119719e-74,-0.7306727744887103,2.0710916834020673e-134
GNOT,B,0,B-k0,log_nk,all,1600,400,274,7.383989457978509,8.155649270366002,7.870143704693032,0.25330373664630723,0.02626071790029478,0.023050776682793504,0.016635968026220714,ok,-0.2362782039960913,0.03335884727744312,0.0013224152732921495,0.030759074995135506,0.035958619559750736,1.2347797437646381e-84,0.5079308070484102,0.2579937047491915,0.5079308070487472,1.1198666429281041e-105,0.6750667409312711,2.4866398311982824e-213
GNOT,B,0,B-k0,log_nk,iid,800,200,117,7.383989457978509,7.988542982737695,7.674815803605809,0.22556013876593328,0.017833689542603195,0.0137788341380655,0.012538956716105477,ok,-0.12232707830911238,0.01826242758632267,0.001842676218714534,0.014628750157895814,0.021896105014749524,4.488682088051208e-19,0.32851821677339443,0.10792421875231983,0.32851821677392545,1.3809050546805027e-21,0.49227832580736947,4.652101153694748e-50
GNOT,B,0,B-k0,log_nk,ood,800,200,159,7.980023592310645,8.155649270366002,8.065471605780253,0.033571027992587404,0.03468774625798637,0.029789948835968503,0.015950687539201813,ok,-0.3813884469389024,0.05158733593442492,0.018469352885366868,0.015166574644074275,0.08800809722477557,0.005729719698191089,0.10857462378729862,0.011788448930438178,0.10857462378676874,0.002103277949472985,0.18777798487932307,8.769999531179809e-08
GNOT,B,0,B-k0,beta_k,all,1600,400,1,1.0,1.0,1.0,0.0,0.02626071790029478,0.023050776682793504,0.016635968026220714,constant_predictor,,,,,,,,,,,,
GNOT,B,0,B-k0,beta_k,iid,800,200,1,1.0,1.0,1.0,0.0,0.017833689542603195,0.0137788341380655,0.012538956716105477,constant_predictor,,,,,,,,,,,,
GNOT,B,0,B-k0,beta_k,ood,800,200,1,1.0,1.0,1.0,0.0,0.03468774625798637,0.029789948835968503,0.015950687539201813,constant_predictor,,,,,,,,,,,,
GNOT,B,0,B-k0,beta_total,all,1600,400,4,0.0,3.0,1.9975,1.1568622244584645,0.02626071790029478,0.023050776682793504,0.016635968026220714,ok,0.011190256782911821,0.007544661385423252,0.00029744429785227557,0.006959907521259464,0.00812941524958704,3.184950920685886e-85,0.5246543957868764,0.275262235018492,0.5246543957868761,7.311923544042711e-114,0.6921780595475948,1.378258675814701e-228
GNOT,B,0,B-k0,beta_total,iid,800,200,3,0.0,2.0,0.995,0.8159701336898565,0.017833689542603195,0.0137788341380655,0.012538956716105477,ok,0.01291733234817424,0.0049410625069637734,0.0005137267415824292,0.003928015696944384,0.005954109316983163,3.1617313671081825e-18,0.3215386675032249,0.10338711469974926,0.32153866750322496,1.0674994875266887e-20,0.5167835862861369,7.889881767717856e-56
GNOT,B,0,B-k0,beta_total,ood,800,200,1,3.0,3.0,3.0,0.0,0.03468774625798637,0.029789948835968503,0.015950687539201813,constant_predictor,,,,,,,,,,,,
GNOT,B,0,B-k0,rho_H,all,1600,400,1,0.0,0.0,0.0,0.0,0.02626071790029478,0.023050776682793504,0.016635968026220714,constant_predictor,,,,,,,,,,,,
GNOT,B,0,B-k0,rho_H,iid,800,200,1,0.0,0.0,0.0,0.0,0.017833689542603195,0.0137788341380655,0.012538956716105477,constant_predictor,,,,,,,,,,,,
GNOT,B,0,B-k0,rho_H,ood,800,200,1,0.0,0.0,0.0,0.0,0.03468774625798637,0.029789948835968503,0.015950687539201813,constant_predictor,,,,,,,,,,,,
GNOT,B,0,B-k0,log_lambda1_positive,all,1600,400,334,0.4839635920958233,0.78652672909991,0.660299946497459,0.05208200265921611,0.02626071790029478,0.023050776682793504,0.016635968026220714,ok,0.09287350402517695,-0.10088261626890616,0.010329650498535072,-0.12118995814129824,-0.08057527439651407,2.414624725274404e-20,-0.3158318578458742,0.09974976243046918,-0.31583185784602114,2.159952140421081e-38,-0.4128911541992314,6.69844349108489e-67
GNOT,B,0,B-k0,log_lambda1_positive,iid,800,200,134,0.5910233297863299,0.7641555981649725,0.6869600234305279,0.04167734597343741,0.017833689542603195,0.0137788341380655,0.012538956716105477,ok,0.052618015853352115,-0.05063515361060392,0.011114336108022588,-0.07255214143380641,-0.028718165787401426,9.088734351296084e-06,-0.16830258395714012,0.02832575976672347,-0.16830258395735814,1.6924239304148e-06,-0.3197520716987923,1.7865648364929685e-20
GNOT,B,0,B-k0,log_lambda1_positive,ood,800,200,200,0.4839635920958233,0.78652672909991,0.6336398695643902,0.04762525821114128,0.03468774625798637,0.029789948835968503,0.015950687539201813,ok,0.037423152258944256,-0.004316972672251361,0.014894853400163801,-0.03368897631033972,0.025055030965836996,0.7722481973142105,-0.012889534554615186,0.00016614010103477295,-0.012889534554620186,0.7158459413356285,0.025065426651918847,0.47897008926982243
GNOT,B,0,B-k0,initial_rayleigh_quotient,all,1600,400,1600,1.7488274411298415,9.601429199906384,3.8133088589809176,2.014902693625446,0.02626071790029478,0.023050776682793504,0.016635968026220714,ok,0.003967906253510692,0.005846054560799908,0.0002297346107255037,0.005394413018756899,0.0062976961028429175,1.434796550275738e-85,0.7080580500678573,0.5013462022658952,0.7080580500678566,9.800561256660222e-244,0.565769049128535,4.7119984201339024e-136
GNOT,B,0,B-k0,initial_rayleigh_quotient,iid,800,200,800,1.8517599173648494,9.601429199906384,3.777306675866613,2.0318055609388854,0.017833689542603195,0.0137788341380655,0.012538956716105477,ok,-0.0002457828810615561,0.004786339573425514,0.00027250321595407467,0.00424897507339587,0.005323704073455158,2.530167383466066e-42,0.7755757980515869,0.6015178185233558,0.7755757980515868,1.330371763228066e-161,0.6820385031851613,1.4871252575552583e-110
GNOT,B,0,B-k0,initial_rayleigh_quotient,ood,800,200,800,1.7488274411298415,9.229387571693632,3.849311042095222,1.9984787904249977,0.03468774625798637,0.029789948835968503,0.015950687539201813,ok,0.008539028568724774,0.006793090348715634,0.00023302665092817107,0.006333571919433308,0.007252608777997961,9.409285066596058e-74,0.8511135930651108,0.7243943483002044,0.8511135930651116,1.5688025462129363e-225,0.7865078773560584,3.3736102221819985e-169
GNOT,B,0,B-k0,target_norm_retention,all,1600,400,1600,0.3997271106723129,0.8433838536060418,0.7234929861688051,0.11654482536574688,0.02626071790029478,0.023050776682793504,0.016635968026220714,ok,0.10001136863422988,-0.10193692564246576,0.004035977733644446,-0.10987136443476597,-0.09400248685016555,9.099022292098991e-85,-0.7141286385377354,0.5099797123797618,-0.7141286385377372,8.454374973667833e-250,-0.5440743736618647,5.8343838980837464e-124
GNOT,B,0,B-k0,target_norm_retention,iid,800,200,800,0.3997271106723129,0.831962956584739,0.7254979602292542,0.11627888079501619,0.017833689542603195,0.0137788341380655,0.012538956716105477,ok,0.07911887950723714,-0.08447327673432468,0.0049346535828277685,-0.09420419916058563,-0.07474235430806374,5.558822204633202e-41,-0.7833552900887395,0.6136455105100165,-0.7833552900887416,5.806333245671305e-167,-0.6587749433983492,1.0230204862528293e-100
GNOT,B,0,B-k0,target_norm_retention,ood,800,200,800,0.41532293334141107,0.8433838536060418,0.7214880121083557,0.11684846698053436,0.03468774625798637,0.029789948835968503,0.015950687539201813,ok,0.11896676838932194,-0.11681278235663636,0.0040816020926148795,-0.1248615243141903,-0.10876404039908243,1.823088784367251e-72,-0.8557245265169804,0.732264465282733,-0.8557245265169937,1.4892605588590967e-230,-0.7820976829651297,4.419221550096743e-166
GNOT,B,1,B-k1,log_nk,all,1600,400,318,9.111403624116159,9.91422964906803,9.618079468081744,0.2626740432741036,0.2554031215654681,0.25129105150699604,0.07497731126707487,ok,-1.4268527934471107,0.174905595300522,0.005939350688707054,0.16322926366154675,0.18658192693949724,4.230220666309264e-102,0.6127608356773311,0.3754758417400961,0.6127608356774248,1.4328058431995622e-165,0.6923901882048441,8.779789826913591e-229
GNOT,B,1,B-k1,log_nk,iid,800,200,131,9.111403624116159,9.747885820441555,9.41746102300045,0.23691163444952995,0.20942601787857662,0.20016338676214201,0.05764718535416155,ok,-0.6446539421008443,0.09069110643447112,0.007157045788837216,0.076577723153681,0.10480448971526124,2.29051556790643e-27,0.3727116618691216,0.13891398289371182,0.37271166186975124,9.113713646421572e-28,0.40198143132118913,2.009737854213384e-32
GNOT,B,1,B-k1,log_nk,ood,800,200,187,9.721125994942152,9.91422964906803,9.818697913163039,0.03685474387108677,0.3013802252523597,0.293049737811088,0.0607778968495299,ok,-3.9652519474225874,0.4345415461814572,0.056017680607230655,0.32407711431435626,0.5450059780485581,4.422168697985893e-13,0.2634990385651605,0.0694317433193633,0.26349903855491197,3.577457014292678e-14,0.2615495769205158,5.587102224721775e-14
GNOT,B,1,B-k1,beta_k,all,1600,400,4,0.0,3.0,1.9975,1.1568622244584645,0.2554031215654681,0.25129105150699604,0.07497731126707487,ok,0.1731940994047188,0.04115595602540638,0.001228764286321815,0.03874029477467367,0.04357161727613909,5.441256233784553e-118,0.6350157138560175,0.40324495684406714,0.6350157138560173,2.2802408125137047e-181,0.6919866301951418,2.0697635005685054e-228
GNOT,B,1,B-k1,beta_k,iid,800,200,3,0.0,2.0,0.995,0.8159701336898565,0.20942601787857662,0.20016338676214201,0.05764718535416155,ok,0.1826309697171228,0.026929696644677176,0.00205565218182947,0.022876039872018004,0.030983353417336348,1.107476977327878e-28,0.3811778152981102,0.14529652687544048,0.38117781529811057,4.580470378369873e-29,0.3950145199799902,2.8474051884964727e-31
GNOT,B,1,B-k1,beta_k,ood,800,200,1,3.0,3.0,3.0,0.0,0.3013802252523597,0.293049737811088,0.0607778968495299,constant_predictor,,,,,,,,,,,,
GNOT,B,1,B-k1,beta_total,all,1600,400,4,0.0,3.0,1.9975,1.1568622244584645,0.2554031215654681,0.25129105150699604,0.07497731126707487,ok,0.1731940994047188,0.04115595602540638,0.001228764286321815,0.03874029477467367,0.04357161727613909,5.441256233784553e-118,0.6350157138560175,0.40324495684406714,0.6350157138560173,2.2802408125137047e-181,0.6919866301951418,2.0697635005685054e-228
GNOT,B,1,B-k1,beta_total,iid,800,200,3,0.0,2.0,0.995,0.8159701336898565,0.20942601787857662,0.20016338676214201,0.05764718535416155,ok,0.1826309697171228,0.026929696644677176,0.00205565218182947,0.022876039872018004,0.030983353417336348,1.107476977327878e-28,0.3811778152981102,0.14529652687544048,0.38117781529811057,4.580470378369873e-29,0.3950145199799902,2.8474051884964727e-31
GNOT,B,1,B-k1,beta_total,ood,800,200,1,3.0,3.0,3.0,0.0,0.3013802252523597,0.293049737811088,0.0607778968495299,constant_predictor,,,,,,,,,,,,
GNOT,B,1,B-k1,rho_H,all,1600,400,4,0.0,0.5,0.1965625022398308,0.19777088866174766,0.2554031215654681,0.25129105150699604,0.07497731126707487,ok,0.26140294050534896,-0.030523720808967536,0.010885810915854992,-0.05192443362667956,-0.009123007991255507,0.005293987529601388,-0.08051373525718192,0.006482461565063713,-0.0805137352571823,0.0012673766433163524,0.002152748308984165,0.9314324459699473
GNOT,B,1,B-k1,rho_H,iid,800,200,4,0.0,0.5,0.15701389067806304,0.19359928066917223,0.20942601787857662,0.20016338676214201,0.05764718535416155,ok,0.22179259677329527,-0.07876105000209614,0.010132627588784445,-0.09874215128624159,-0.05877994871795069,4.018946647842981e-13,-0.2645069751710568,0.06996393991414229,-0.26450697517105703,2.8368824759798153e-14,-0.19063256217450394,5.5298241029055444e-08
GNOT,B,1,B-k1,rho_H,ood,800,200,4,0.0,0.5,0.23611111380159855,0.19406911061920515,0.3013802252523597,0.293049737811088,0.0607778968495299,ok,0.32067931229821584,-0.08173730890987646,0.009551145057159614,-0.10057175191041762,-0.0629028659093353,3.090649814326286e-15,-0.26099433621105383,0.06811804353424822,-0.2609943362110535,6.339249288979171e-14,-0.2239215483289425,1.5031149958959086e-10
GNOT,B,1,B-k1,log_lambda1_positive,all,1600,400,341,0.48396371872013666,0.7865796598052194,0.6601380210831935,0.05202854901877113,0.2554031215654681,0.25129105150699604,0.07497731126707487,ok,0.6018807966197577,-0.5248564148536183,0.043451744296760415,-0.610279385021991,-0.4394334446852457,7.632750065145744e-29,-0.364210415745058,0.13264922693712355,-0.3642104157449695,2.2625357794226297e-51,-0.4135457911452296,3.9710161866358616e-67
GNOT,B,1,B-k1,log_lambda1_positive,iid,800,200,141,0.5910233297874282,0.7641555981649928,0.6869600234308078,0.041677345973235094,0.20942601787857662,0.20016338676214201,0.05764718535416155,ok,0.4677877614001374,-0.3760942918210116,0.05039899974033211,-0.47547892918258305,-0.2767096544594402,2.588125547022864e-12,-0.27190593647347244,0.07393283828940944,-0.2719059364732764,5.013976262880069e-15,-0.27106896056769764,6.11638760365096e-15
GNOT,B,1,B-k1,log_lambda1_positive,ood,800,200,200,0.48396371872013666,0.7865796598052194,0.6333160187355792,0.04732532287849365,0.3013802252523597,0.293049737811088,0.0607778968495299,ok,0.2223630355722769,0.12476739470106146,0.042006163508853,0.04193306567096866,0.20760172373115426,0.0033420467987015866,0.09715139129533505,0.009438392830620423,0.09715139129534142,0.005958301205631729,0.10939982797397728,0.0019433146468644253
GNOT,B,1,B-k1,initial_rayleigh_quotient,all,1600,400,1600,4.040722026297464,17.302904387338785,9.461190744080676,2.805127875532731,0.2554031215654681,0.25129105150699604,0.07497731126707487,ok,0.20498625792448097,0.0053288074413392564,0.0007976612649900932,0.0037606633875965105,0.006896951495082002,8.020144699209199e-11,0.19936679569371507,0.03974711922517982,0.1993667956937159,8.321722401025573e-16,0.15712723227626263,2.624630976593871e-10
GNOT,B,1,B-k1,initial_rayleigh_quotient,iid,800,200,800,4.128986068925543,17.302904387338785,10.11995476427233,2.809825757094821,0.20942601787857662,0.20016338676214201,0.05764718535416155,ok,0.11578986082752177,0.009252626047463134,0.0006862627788587433,0.00789934566961786,0.010605906425308408,7.393635270723016e-30,0.45098935584114425,0.20339139908200898,0.45098935584114275,2.4619932758964944e-41,0.4459589468108544,2.3703548749858045e-40
GNOT,B,1,B-k1,initial_rayleigh_quotient,ood,800,200,800,4.040722026297464,16.62278996797976,8.80242672388902,2.6425718339727258,0.3013802252523597,0.293049737811088,0.0607778968495299,ok,0.21123326639781317,0.010241148456242851,0.0008484320032562425,0.00856807741507108,0.011914219497414622,1.5717119685306708e-25,0.4452765209201204,0.19827118008272548,0.4452765209201195,3.213478083017988e-40,0.41097164995570307,5.97721599607718e-34
GNOT,B,1,B-k1,target_norm_retention,all,1600,400,1600,0.3002410380880237,0.8294970829195383,0.6106806439661167,0.13646261769953813,0.2554031215654681,0.25129105150699604,0.07497731126707487,ok,0.2917527352494897,-0.05952311415660083,0.01646861265070077,-0.09189920929256022,-0.02714701902064144,0.00033963568542711087,-0.10833517278986685,0.011736509663409334,-0.10833517278986303,1.4067362314327768e-05,-0.09938990698824493,6.823632917666836e-05
GNOT,B,1,B-k1,target_norm_retention,iid,800,200,800,0.3002410380880237,0.8234588560243168,0.5802514062502272,0.13942895976873398,0.20942601787857662,0.20016338676214201,0.05764718535416155,ok,0.28529097208475285,-0.130744972591175,0.014832685225247446,-0.15999438328989302,-0.10149556189245701,6.007056331016773e-16,-0.3162276772297465,0.09999994384611888,-0.3162276772297433,4.8844867037020574e-20,-0.325309703608912,3.559167461320611e-21
GNOT,B,1,B-k1,target_norm_retention,ood,800,200,800,0.311076362730106,0.8294970829195383,0.6411098816820061,0.12638342125508512,0.3013802252523597,0.293049737811088,0.0607778968495299,ok,0.40084664966588657,-0.15514723334566305,0.017651451754978047,-0.18995512914939447,-0.12033933754193163,7.059345026872399e-16,-0.3226179115251433,0.10408231683683589,-0.32261791152512886,7.807925749160397e-21,-0.34584330600516566,6.821097036718057e-24
GNOT,B,2,B-k2,log_nk,all,1600,400,329,9.543378146148761,10.357552330480354,10.05700041393879,0.26563318777746764,0.4844590618833895,0.4836183190345761,0.130481110765023,ok,-2.785673812264834,0.3251598627375887,0.009155944707381503,0.30715994111740574,0.3431597843577716,1.355426593281349e-125,0.6619598068245666,0.4381907858507713,0.6619598068242294,2.514213277495638e-202,0.6590279795237625,6.11247973756789e-200
GNOT,B,2,B-k2,log_nk,iid,800,200,134,9.543378146148761,10.193616628630961,9.855271155705621,0.24125881012768224,0.41224737491458613,0.39900751411914753,0.11383667113361136,ok,-2.2850486051903367,0.2736906917617739,0.013661427063460003,0.24675095126019816,0.3006304322633497,1.3263720904519865e-49,0.5800441103901162,0.3364511699967385,0.5800441103888035,4.10733005838862e-73,0.6134647329806042,7.024412048428884e-84
GNOT,B,2,B-k2,log_nk,ood,800,200,195,10.154285180632154,10.357552330480354,10.258729672171958,0.03890022804884361,0.5566707488521929,0.5491022169589995,0.10330078905296222,ok,-4.96611723393913,0.5383500841997563,0.1162244099242224,0.30916059844816157,0.767539569951351,6.5342802407252454e-06,0.2027277936352235,0.041098558314890066,0.2027277936418441,7.241834213833595e-09,0.20782744677894277,2.957048508551652e-09
GNOT,B,2,B-k2,beta_k,all,1600,400,1,0.0,0.0,0.0,0.0,0.4844590618833895,0.4836183190345761,0.130481110765023,constant_predictor,,,,,,,,,,,,
GNOT,B,2,B-k2,beta_k,iid,800,200,1,0.0,0.0,0.0,0.0,0.41224737491458613,0.39900751411914753,0.11383667113361136,constant_predictor,,,,,,,,,,,,
GNOT,B,2,B-k2,beta_k,ood,800,200,1,0.0,0.0,0.0,0.0,0.5566707488521929,0.5491022169589995,0.10330078905296222,constant_predictor,,,,,,,,,,,,
GNOT,B,2,B-k2,beta_total,all,1600,400,4,0.0,3.0,1.9975,1.1568622244584645,0.4844590618833895,0.4836183190345761,0.130481110765023,ok,0.33732598091034305,0.07365861375371527,0.002246198706773264,0.06924275040400768,0.07807447710342286,2.675773984935822e-115,0.6530666949264828,0.42649610802219906,0.6530666949264823,3.591874868053855e-195,0.6503060821343776,5.338348886998411e-193
GNOT,B,2,B-k2,beta_total,iid,800,200,3,0.0,2.0,0.995,0.8159701336898565,0.41224737491458613,0.39900751411914753,0.11383667113361136,ok,0.3340637116300491,0.0785765460146101,0.0044318709441977956,0.06983708910293052,0.08731600292628969,8.07146333285171e-43,0.5632290027277306,0.3172269095136744,0.5632290027277309,3.760442845888337e-68,0.5898571177184003,3.819977291033822e-76
GNOT,B,2,B-k2,beta_total,ood,800,200,1,3.0,3.0,3.0,0.0,0.5566707488521929,0.5491022169589995,0.10330078905296222,constant_predictor,,,,,,,,,,,,
GNOT,B,2,B-k2,rho_H,all,1600,400,1,0.0,0.0,0.0,0.0,0.4844590618833895,0.4836183190345761,0.130481110765023,constant_predictor,,,,,,,,,,,,
GNOT,B,2,B-k2,rho_H,iid,800,200,1,0.0,0.0,0.0,0.0,0.41224737491458613,0.39900751411914753,0.11383667113361136,constant_predictor,,,,,,,,,,,,
GNOT,B,2,B-k2,rho_H,ood,800,200,1,0.0,0.0,0.0,0.0,0.5566707488521929,0.5491022169589995,0.10330078905296222,constant_predictor,,,,,,,,,,,,
GNOT,B,2,B-k2,log_lambda1_positive,all,1600,400,341,2.269147735025334,2.6801398291281306,2.4316724405207566,0.11758202001057262,0.4844590618833895,0.4836183190345761,0.130481110765023,ok,1.9360453807019273,-0.5969497760593419,0.02216379992488134,-0.6405221953129937,-0.55337735680569,8.509591091700622e-92,-0.5379365649355875,0.28937574789502074,-0.5379365649358858,1.0692237038223511e-120,-0.44644159512422205,3.29042664897888e-79
GNOT,B,2,B-k2,log_lambda1_positive,iid,800,200,141,2.3079179766807294,2.6801398291281306,2.49949217157336,0.13156113788144,0.41224737491458613,0.39900751411914753,0.11383667113361136,ok,1.4571604572437595,-0.418050152032056,0.029113360026510375,-0.47546043286142187,-0.3606398712026901,1.4798288166963652e-32,-0.4831409171153042,0.2334251457912634,-0.48314091711555907,5.0377532661159086e-48,-0.4412557331746312,1.9036721727999244e-39
GNOT,B,2,B-k2,log_lambda1_positive,ood,800,200,200,2.269147735025334,2.436837653384714,2.3638527094681536,0.033904105669069255,0.5566707488521929,0.5491022169589995,0.10330078905296222,ok,-0.5253025292397306,0.45771603017320095,0.13544567468047675,0.19062304559676024,0.7248090147496417,0.000874285333051323,0.15022588690453081,0.02256781709629152,0.15022588690466043,1.984560123571968e-05,0.14092218413243449,6.34430927780144e-05
GNOT,B,2,B-k2,initial_rayleigh_quotient,all,1600,400,1600,18.10295563287944,42.92928857678454,26.149336602373523,4.543025397123421,0.4844590618833895,0.4836183190345761,0.130481110765023,ok,-0.1418919374772665,0.023952844727380317,0.000529400325838676,0.022912082176344693,0.02499360727841594,3.404098038877751e-159,0.8339780470278818,0.6955193829244409,0.8339780470278824,0.0,0.8583992649997129,0.0
GNOT,B,2,B-k2,initial_rayleigh_quotient,iid,800,200,800,18.10295563287944,39.239361095504606,23.735281786350328,3.556241582911774,0.41224737491458613,0.39900751411914753,0.11383667113361136,ok,-0.24776404230126967,0.027807186919323434,0.0007687131109944781,0.026291318069447563,0.029323055769199306,1.908265435759666e-89,0.8686926053049386,0.7546268425114733,0.8686926053049338,1.1291552056362852e-245,0.8750993282802004,9.432160861603873e-254
GNOT,B,2,B-k2,initial_rayleigh_quotient,ood,800,200,800,19.97141079184148,42.92928857678454,28.563391418396723,4.121556473592118,0.5566707488521929,0.5491022169589995,0.10330078905296222,ok,0.07141346389388652,0.0169887839245087,0.0006781545405687708,0.01565149264022167,0.018326075208795728,1.8935123416087722e-63,0.6778286303952358,0.45945165218348005,0.677828630395235,1.0471995535618654e-108,0.664622749410546,4.1731573958250747e-103
GNOT,B,2,B-k2,target_norm_retention,all,1600,400,1600,0.07724110015150125,0.21958787048386205,0.15267364116347337,0.02544651991165597,0.4844590618833895,0.4836183190345761,0.130481110765023,ok,0.7064908726527245,-1.4542904006042208,0.14157987412884274,-1.7326261397071452,-1.1759546615012963,4.057900998406632e-22,-0.2836167581601053,0.08043846550924916,-0.28361675816010784,5.563634564996949e-31,-0.258428916378483,7.929181270030964e-26
GNOT,B,2,B-k2,target_norm_retention,iid,800,200,800,0.07724110015150125,0.21119322308416655,0.14921158044986707,0.02429390432927563,0.41224737491458613,0.39900751411914753,0.11383667113361136,ok,0.7101987506236285,-1.996838146280135,0.183086780107928,-2.3578773204795134,-1.6357989720807564,5.1620852200024345e-22,-0.42614558563329563,0.18160006015474872,-0.42614558563330046,1.2362361354805822e-36,-0.42264241819127846,5.2975880719994266e-36
GNOT,B,2,B-k2,target_norm_retention,ood,800,200,800,0.07766014934669044,0.21958787048386205,0.15613570187707967,0.026108727515521502,0.5566707488521929,0.5491022169589995,0.10330078905296222,ok,0.8330577543154987,-1.7701717297232658,0.13442147773142185,-2.0352450424234174,-1.505098417023114,6.82108792089014e-29,-0.4474015326574973,0.2001681314242636,-0.4474015326574817,1.2429259213417519e-40,-0.40887232636300996,1.3714192139858937e-33
GNOT,C,0,C-k0,log_nk,all,1600,400,236,7.383989457978509,7.816416983691801,7.638937468881613,0.13285965075075507,0.01790394274983505,0.015007250010966502,0.009761632153466718,ok,-0.13883379991329192,0.020518264915981816,0.00148598313299258,0.01759693011355378,0.02343959971840985,1.0082518678301828e-35,0.27926165090954524,0.0779870696685383,0.2792616509092114,4.740158017013123e-30,0.4013225385606229,5.705176756886376e-63
GNOT,C,0,C-k0,log_nk,iid,800,200,119,7.383989457978509,7.746732907753622,7.5388594218869125,0.12127475230744209,0.01607096520019645,0.013146972283720502,0.0091619726728195,ok,-0.16603686835533513,0.02415588663542886,0.0024839412768646947,0.01925766237898433,0.029054110891873392,1.5551084415801442e-18,0.3197454601855697,0.10223715930955912,0.3197454601860033,1.7899612949442553e-20,0.46484659712425525,3.9395800580388693e-44
GNOT,C,0,C-k0,log_nk,ood,800,200,122,7.674152921281675,7.816416983691801,7.7390155158763125,0.023698078287639795,0.019736920299473652,0.0161651317030185,0.010001420840133923,ok,-0.010609797072531374,0.00392126328082236,0.023706191083740048,-0.04282631536598548,0.0506688419276302,0.8687884621022216,0.009291320273463388,8.632863241908595e-05,0.009291320273195736,0.7930184928771046,0.07858728228685836,0.026232873466018856
GNOT,C,0,C-k0,beta_k,all,1600,400,1,1.0,1.0,1.0,0.0,0.01790394274983505,0.015007250010966502,0.009761632153466718,constant_predictor,,,,,,,,,,,,
GNOT,C,0,C-k0,beta_k,iid,800,200,1,1.0,1.0,1.0,0.0,0.01607096520019645,0.013146972283720502,0.0091619726728195,constant_predictor,,,,,,,,,,,,
GNOT,C,0,C-k0,beta_k,ood,800,200,1,1.0,1.0,1.0,0.0,0.019736920299473652,0.0161651317030185,0.010001420840133923,constant_predictor,,,,,,,,,,,,
GNOT,C,0,C-k0,beta_total,all,1600,400,4,0.0,3.0,2.0025,1.1525293716301959,0.01790394274983505,0.015007250010966502,0.009761632153466718,ok,0.013334796643023863,0.0022817209022777517,0.00018046825510388418,0.001926933433521826,0.0026365083710336774,4.7684957290383025e-31,0.269396584136162,0.07257451954423222,0.269396584136162,5.275085782648428e-28,0.41345782531498876,4.260332868641403e-67
GNOT,C,0,C-k0,beta_total,iid,800,200,3,0.0,2.0,1.005,0.8159701336898565,0.01607096520019645,0.013146972283720502,0.0091619726728195,ok,0.012442022737969034,0.0036108880221168357,0.000396055897432069,0.0028298830032871002,0.004391893040946572,8.50610933931908e-17,0.32158759771099155,0.10341858300152662,0.32158759771099177,1.052498037451854e-20,0.48803181371954785,4.176920931411376e-49
GNOT,C,0,C-k0,beta_total,ood,800,200,1,3.0,3.0,3.0,0.0,0.019736920299473652,0.0161651317030185,0.010001420840133923,constant_predictor,,,,,,,,,,,,
GNOT,C,0,C-k0,rho_H,all,1600,400,1,0.0,0.0,0.0,0.0,0.01790394274983505,0.015007250010966502,0.009761632153466718,constant_predictor,,,,,,,,,,,,
GNOT,C,0,C-k0,rho_H,iid,800,200,1,0.0,0.0,0.0,0.0,0.01607096520019645,0.013146972283720502,0.0091619726728195,constant_predictor,,,,,,,,,,,,
GNOT,C,0,C-k0,rho_H,ood,800,200,1,0.0,0.0,0.0,0.0,0.019736920299473652,0.0161651317030185,0.010001420840133923,constant_predictor,,,,,,,,,,,,
GNOT,C,0,C-k0,log_lambda1_positive,all,1600,400,335,0.6671266100083025,0.7461019031171019,0.7075874038421409,0.014334179386468063,0.01790394274983505,0.015007250010966502,0.009761632153466718,ok,0.057511579426585704,-0.05597561016728323,0.019683141044443814,-0.09467123441601455,-0.017279985918551913,0.004686741040380588,-0.08219572554983995,0.006756137298728371,-0.08219572555022747,0.0009989258431159246,-0.18858138476386976,2.8336813274568107e-14
GNOT,C,0,C-k0,log_lambda1_positive,iid,800,200,135,0.6671266100083025,0.7461019031171019,0.713538963626299,0.012262831017344348,0.01607096520019645,0.013146972283720502,0.0091619726728195,ok,0.05416688100635804,-0.05339009885677208,0.030549350526356284,-0.11363209054978905,0.006851892836244891,0.08206407605730566,-0.07145991192728851,0.0051065190128031235,-0.07145991192832062,0.043319650777714845,-0.17223657820066188,9.552639331581532e-07
GNOT,C,0,C-k0,log_lambda1_positive,ood,800,200,200,0.6680164939718534,0.7347656872469495,0.7016358440579827,0.013779939728065342,0.019736920299473652,0.0161651317030185,0.010001420840133923,ok,-0.005600723113591985,0.03611224202361408,0.02832302729399754,-0.019739537001738597,0.09196402104896675,0.20379105886827026,0.04975538240865056,0.0024755980786426157,0.049755382408764696,0.15973448162577056,0.05018288524489049,0.15617310682260868
GNOT,C,0,C-k0,initial_rayleigh_quotient,all,1600,400,1600,2.020287562688089,10.188545072201846,3.8882111853426875,1.9844282328946323,0.01790394274983505,0.015007250010966502,0.009761632153466718,ok,0.002357467259526256,0.0039983619071191495,0.0001465199394730971,0.003710314358712323,0.004286409455525976,2.857415966354786e-93,0.8128212709797557,0.6606784185571445,0.8128212709797551,0.0,0.7511084301204807,1.7515763913089287e-290
GNOT,C,0,C-k0,initial_rayleigh_quotient,iid,800,200,800,2.020287562688089,10.188545072201846,3.9664022875951237,2.0277465728461253,0.01607096520019645,0.013146972283720502,0.0091619726728195,ok,0.00160970536714246,0.0036459387587288866,0.00020162321292141252,0.003248346544535918,0.004043530972921855,7.117154673515029e-44,0.8069266398001846,0.6511306020192147,0.8069266398001834,1.1645699329755455e-184,0.7337507558605562,4.271038774534029e-136
GNOT,C,0,C-k0,initial_rayleigh_quotient,ood,800,200,800,2.0303067641596257,9.742532900998366,3.810020083090251,1.9382570169243067,0.019736920299473652,0.0161651317030185,0.010001420840133923,ok,0.0026927793257069572,0.00447350423411481,0.00018541871171985457,0.004107866592112551,0.004839141876117069,5.337365145055724e-61,0.8669569164832306,0.7516142950381112,0.8669569164832305,1.4727816020375594e-243,0.8863942756160558,3.8465290722461964e-269
GNOT,C,0,C-k0,target_norm_retention,all,1600,400,1600,0.3776723959775004,0.819516746089003,0.7197912852277767,0.11180331424323807,0.01790394274983505,0.015007250010966502,0.009761632153466718,ok,0.06908383231724546,-0.0711037916376198,0.002607221944701855,-0.07622940042523292,-0.06597818285000669,3.360138018019534e-93,-0.8143760628721621,0.6632083717791648,-0.8143760628721626,0.0,-0.7419784949134746,8.624365891779845e-280
GNOT,C,0,C-k0,target_norm_retention,iid,800,200,800,0.3776723959775004,0.819516746089003,0.7154277196948868,0.11416248884099138,0.01607096520019645,0.013146972283720502,0.0091619726728195,ok,0.062423820725375986,-0.06479041033655776,0.003581945529729701,-0.07185385126505311,-0.05772696940806241,6.871522993823447e-44,-0.807318986989981,0.6517639467545242,-0.807318986989978,5.637504710274976e-185,-0.7247951324923946,2.9590754967106357e-131
GNOT,C,0,C-k0,target_norm_retention,ood,800,200,800,0.3917113428045454,0.8186686496864528,0.7241548507606665,0.1092904559214939,0.019736920299473652,0.0161651317030185,0.010001420840133923,ok,0.07735105462469746,-0.07956051701470321,0.0032719981113932344,-0.08601275510323676,-0.07310827892616965,1.66995996413116e-61,-0.869396990375045,0.7558511268731826,-0.8693969903750429,1.5333601698203546e-246,-0.8809719546436793,1.4733340015026749e-261
GNOT,C,1,C-k1,log_nk,all,1600,400,321,9.111403624116159,9.592195614445213,9.398410354881623,0.14872587885895874,0.09628156088758211,0.096686474978923,0.017525056091898576,ok,-0.6873415101420342,0.0833782566881254,0.0019991204201847946,0.07944813128625144,0.08730838208999936,1.522439782561362e-147,0.7075871505713336,0.5006795756564211,0.7075871505732851,2.851799067006036e-243,0.6233723670751237,6.0651809440109165e-173
GNOT,C,1,C-k1,log_nk,iid,800,200,134,9.111403624116159,9.519955154427514,9.28712946586172,0.1370804270062386,0.08732639794237862,0.08731364458799351,0.016476473275276175,ok,-0.7320609798106943,0.08822827126132109,0.003121676045137186,0.08207246175508624,0.09438408076755593,1.350957748614327e-71,0.734038704549255,0.5388128197839426,0.7340387045544278,2.9623308914053024e-136,0.7357790711088716,3.212179720950887e-137
GNOT,C,1,C-k1,log_nk,ood,800,200,188,9.433403920090221,9.592195614445213,9.509691243901527,0.026029686814930824,0.10523672383278558,0.1038356944918625,0.01351202336447664,ok,-0.41951432953031087,0.05518066148574516,0.021006558847740088,0.01375664029378406,0.09660468267770625,0.009289382190577157,0.10630053678643084,0.011299804118975576,0.10630053677651642,0.0026084759751275623,0.09347441971129797,0.008156642402979261
GNOT,C,1,C-k1,beta_k,all,1600,400,1,0.0,0.0,0.0,0.0,0.09628156088758211,0.096686474978923,0.017525056091898576,constant_predictor,,,,,,,,,,,,
GNOT,C,1,C-k1,beta_k,iid,800,200,1,0.0,0.0,0.0,0.0,0.08732639794237862,0.08731364458799351,0.016476473275276175,constant_predictor,,,,,,,,,,,,
GNOT,C,1,C-k1,beta_k,ood,800,200,1,0.0,0.0,0.0,0.0,0.10523672383278558,0.1038356944918625,0.01351202336447664,constant_predictor,,,,,,,,,,,,
GNOT,C,1,C-k1,beta_total,all,1600,400,4,0.0,3.0,2.0025,1.1525293716301959,0.09628156088758211,0.096686474978923,0.017525056091898576,ok,0.07553322724173261,0.01036121530379502,0.00032303244170364865,0.00972615700918187,0.010996273598408171,1.6223560307816742e-112,0.6814018112574469,0.46430842838492925,0.6814018112574469,7.401227286456045e-219,0.6463685109964138,6.116918499234936e-190
GNOT,C,1,C-k1,beta_total,iid,800,200,3,0.0,2.0,1.005,0.8159701336898565,0.08732639794237862,0.08731364458799351,0.016476473275276175,ok,0.07275206992116429,0.014501818926581474,0.0005588940635773373,0.013399704120368007,0.015603933732794941,8.890562714986383e-66,0.7181786375379796,0.5157805554159093,0.71817863753798,8.431595699206132e-128,0.7452608049256835,1.2958291456875028e-142
GNOT,C,1,C-k1,beta_total,ood,800,200,1,3.0,3.0,3.0,0.0,0.10523672383278558,0.1038356944918625,0.01351202336447664,constant_predictor,,,,,,,,,,,,
GNOT,C,1,C-k1,rho_H,all,1600,400,1,0.0,0.0,0.0,0.0,0.09628156088758211,0.096686474978923,0.017525056091898576,constant_predictor,,,,,,,,,,,,
GNOT,C,1,C-k1,rho_H,iid,800,200,1,0.0,0.0,0.0,0.0,0.08732639794237862,0.08731364458799351,0.016476473275276175,constant_predictor,,,,,,,,,,,,
GNOT,C,1,C-k1,rho_H,ood,800,200,1,0.0,0.0,0.0,0.0,0.10523672383278558,0.1038356944918625,0.01351202336447664,constant_predictor,,,,,,,,,,,,
GNOT,C,1,C-k1,log_lambda1_positive,all,1600,400,343,0.6671266100083363,0.7461019031171127,0.7075874038421653,0.014334179386463936,0.09628156088758211,0.096686474978923,0.017525056091898576,ok,0.4429951620787864,-0.48999402661578995,0.04572459399877907,-0.5798852540528865,-0.40010279917869335,1.0169462902869523e-23,-0.4007783050151487,0.16062324976951337,-0.4007783050135239,8.656931788588266e-63,-0.42553572045116933,2.236630727917612e-71
GNOT,C,1,C-k1,log_lambda1_positive,iid,800,200,143,0.6671266100083363,0.7461019031171127,0.7135389636263194,0.012262831017341585,0.08732639794237862,0.08731364458799351,0.016476473275276175,ok,0.4920684356873424,-0.56723186592082,0.07223038742339855,-0.7096670510940599,-0.42479668074758004,2.471188805102991e-13,-0.4221697448977765,0.17822729350264488,-0.4221697448925549,6.438442799377817e-36,-0.4263002594040399,1.158847490421936e-36
GNOT,C,1,C-k1,log_lambda1_positive,ood,800,200,200,0.6680164939718866,0.7347656872469673,0.7016358440580113,0.013779939728062773,0.10523672383278558,0.1038356944918625,0.01351202336447664,ok,0.14017852408492276,-0.04980047776636994,0.041095759356505085,-0.13083952937032844,0.031238573837588567,0.22701992307355875,-0.050787921508000475,0.002579412971123296,-0.050787921508202535,0.15123596039895706,-0.06869209982166753,0.05211743323059372
GNOT,C,1,C-k1,initial_rayleigh_quotient,all,1600,400,1600,8.074225456269636,17.246303429376074,11.334696817030435,1.6775784306075634,0.09628156088758211,0.096686474978923,0.017525056091898576,ok,0.04142863500648357,0.004839381834958408,0.0002661010457526916,0.00431624652564012,0.005362517144276696,2.909250262343368e-54,0.46324773748103687,0.21459846628129675,0.4632477374810337,6.480177330374927e-86,0.42753418946648025,4.21143212332247e-72
GNOT,C,1,C-k1,initial_rayleigh_quotient,iid,800,200,800,8.102349527174022,17.01325091365047,11.497695944916105,1.6756500465237425,0.08732639794237862,0.08731364458799351,0.016476473275276175,ok,0.03364282635552614,0.004669072120539905,0.000345121090214434,0.003988508328133066,0.005349635912946744,5.331103438741305e-30,0.47484257008721187,0.22547546636703142,0.47484257008721464,3.1437214274308204e-46,0.4108816029400046,6.1947256503798255e-34
GNOT,C,1,C-k1,initial_rayleigh_quotient,ood,800,200,800,8.074225456269636,17.246303429376074,11.17169768914477,1.6646483131577874,0.10523672383278558,0.1038356944918625,0.01351202336447664,ok,0.03642234243208146,0.00615970672636176,0.00023864169307758154,0.005689115677966667,0.006630297774756853,1.991222367328282e-65,0.7588608408228532,0.5758697757343386,0.7588608408228341,8.758528414081157e-151,0.7123214411272518,7.984064065622063e-125
GNOT,C,1,C-k1,target_norm_retention,all,1600,400,1600,0.2869736732174376,0.5991884580811021,0.4845623687211373,0.08289913661461802,0.09628156088758211,0.096686474978923,0.017525056091898576,ok,0.12659026806188928,-0.06254861939505986,0.0056427154433341025,-0.07364178770822426,-0.05145545108189546,4.483000192216694e-25,-0.29587503270154,0.08754203497614144,-0.2958750327015468,1.0871043254154328e-33,-0.2561690863941744,2.163277606205418e-25
GNOT,C,1,C-k1,target_norm_retention,iid,800,200,800,0.29691312783439067,0.5977724093728244,0.48533444974197154,0.08184156836383297,0.08732639794237862,0.08731364458799351,0.016476473275276175,ok,0.11950961539217922,-0.06631142188013096,0.007592627857469441,-0.08128375407171809,-0.05133908968854384,1.009241219513454e-15,-0.3293806069075022,0.10849158420676686,-0.3293806069075207,1.068577217257701e-21,-0.29224128475200745,3.23397036538978e-17
GNOT,C,1,C-k1,target_norm_retention,ood,800,200,800,0.2869736732174376,0.5991884580811021,0.483790287700303,0.0839874917188466,0.10523672383278558,0.1038356944918625,0.01351202336447664,ok,0.1328240952683028,-0.05702340897882516,0.006602342285160575,-0.07004294105542205,-0.04400387690222826,1.8714791351472464e-15,-0.35444381349876264,0.12563041692754884,-0.35444381349876714,4.304046761297451e-25,-0.3115190804985633,1.8337821010753487e-19
GNOT,C,2,C-k2,log_nk,all,1600,400,321,9.543378146148761,10.04676504723975,9.845505281566203,0.15612627542321453,0.49567817419767335,0.47707562148570953,0.1688556361232987,ok,-5.22821796998722,0.5813714969918149,0.01742091858514992,0.5471232376252545,0.6156197563583753,1.58896159178155e-117,0.5375441918697468,0.2889537582131749,0.5375441918700032,1.7194223749169034e-120,0.6065052133110395,2.359720351363248e-161
GNOT,C,2,C-k2,log_nk,iid,800,200,133,9.543378146148761,9.974085801381666,9.729188565011398,0.144710143517777,0.4172292253747578,0.3942256867885585,0.15337797135465212,ok,-4.032047496573162,0.45731220977141906,0.027266707368731123,0.40354344773551654,0.5110809718073216,6.202404943547878e-40,0.4314681888407083,0.18616479798021313,0.43146818883923876,1.3108833383669674e-37,0.5232875325302327,1.9273249905918153e-57
GNOT,C,2,C-k2,log_nk,ood,800,200,188,9.879041159631202,10.04676504723975,9.961821998121007,0.027336534899447144,0.5741271230205889,0.554344147443771,0.14564152738807407,ok,-6.235203588289724,0.6835427005818959,0.1595285563999639,0.3689593197943284,0.9981260813694635,2.84701016357497e-05,0.1282991824160822,0.016460680209528733,0.12829918241956503,0.0002745281199708847,0.1347681151132724,0.00013167070669363955
GNOT,C,2,C-k2,beta_k,all,1600,400,4,0.0,3.0,2.0025,1.1525293716301959,0.49567817419767335,0.47707562148570953,0.1688556361232987,ok,0.338325878267136,0.07857792555832081,0.002429134364556361,0.07380242400558021,0.08335342711106142,1.4039324795217354e-113,0.5363360634382749,0.2876563729444658,0.5363360634382752,7.394727991634072e-120,0.6105773469177415,4.3523405182040275e-164
GNOT,C,2,C-k2,beta_k,iid,800,200,3,0.0,2.0,1.005,0.8159701336898565,0.4172292253747578,0.3942256867885585,0.15337797135465212,ok,0.33846183409280944,0.07837551371338153,0.004922898571838767,0.06866777165796807,0.08808325576879499,2.4056818647465684e-37,0.41695738858642406,0.17385346389681056,0.41695738858642434,5.419331782955013e-35,0.5002734643665078,6.858301464455712e-52
GNOT,C,2,C-k2,beta_k,ood,800,200,1,3.0,3.0,3.0,0.0,0.5741271230205889,0.554344147443771,0.14564152738807407,constant_predictor,,,,,,,,,,,,
GNOT,C,2,C-k2,beta_total,all,1600,400,4,0.0,3.0,2.0025,1.1525293716301959,0.49567817419767335,0.47707562148570953,0.1688556361232987,ok,0.338325878267136,0.07857792555832081,0.002429134364556361,0.07380242400558021,0.08335342711106142,1.4039324795217354e-113,0.5363360634382749,0.2876563729444658,0.5363360634382752,7.394727991634072e-120,0.6105773469177415,4.3523405182040275e-164
GNOT,C,2,C-k2,beta_total,iid,800,200,3,0.0,2.0,1.005,0.8159701336898565,0.4172292253747578,0.3942256867885585,0.15337797135465212,ok,0.33846183409280944,0.07837551371338153,0.004922898571838767,0.06866777165796807,0.08808325576879499,2.4056818647465684e-37,0.41695738858642406,0.17385346389681056,0.41695738858642434,5.419331782955013e-35,0.5002734643665078,6.858301464455712e-52
GNOT,C,2,C-k2,beta_total,ood,800,200,1,3.0,3.0,3.0,0.0,0.5741271230205889,0.554344147443771,0.14564152738807407,constant_predictor,,,,,,,,,,,,
GNOT,C,2,C-k2,rho_H,all,1600,400,4,0.0,0.5,0.19715278002433478,0.19777344145938522,0.49567817419767335,0.47707562148570953,0.1688556361232987,ok,0.5254017353262713,-0.15076409840596255,0.025317881915336293,-0.200537213538222,-0.10099098327370312,5.713740437683074e-09,-0.17658359101792787,0.031181764616787344,-0.17658359101792923,1.1289525293275303e-12,-0.0606204073444945,0.015301989370730957
GNOT,C,2,C-k2,rho_H,iid,800,200,4,0.0,0.5,0.15819444624707102,0.19384400954744815,0.4172292253747578,0.3942256867885585,0.15337797135465212,ok,0.43400664398757544,-0.10605567395592552,0.028481528062073644,-0.16222000960815441,-0.04989133830369662,0.00025561250274988963,-0.13403656922373242,0.01796580188926844,-0.13403656922373194,0.00014331900054589405,0.018665884188552383,0.5980746074824972
GNOT,C,2,C-k2,rho_H,ood,800,200,4,0.0,0.5,0.23611111380159855,0.19406911061920515,0.5741271230205889,0.554344147443771,0.14564152738807407,ok,0.6614960572275657,-0.37003312889537254,0.02080635693739903,-0.41106236062006535,-0.32900389717067974,5.534940340921235e-43,-0.49307365496804734,0.24312162922354774,-0.49307365496804617,3.0734670887932486e-50,-0.4749201126309846,3.0261898004618473e-46
GNOT,C,2,C-k2,log_lambda1_positive,all,1600,400,344,2.507009414956816,2.6964556261107866,2.6250755100023775,0.038772774080661244,0.49567817419767335,0.47707562148570953,0.1688556361232987,ok,5.538453199764418,-1.9210018936034983,0.11309265866663216,-2.1433338382444855,-1.698669948962511,4.395507088694655e-49,-0.44110208068402035,0.1945710455860732,-0.4411020806866291,3.716989824904857e-77,-0.5065355199948792,5.14841908953548e-105
GNOT,C,2,C-k2,log_lambda1_positive,iid,800,200,144,2.5380297231594233,2.6964556261107866,2.6486227334733856,0.032277579501732996,0.4172292253747578,0.3942256867885585,0.15337797135465212,ok,4.999342310450329,-1.7299983977206503,0.16618966811289027,-2.0577172013424994,-1.4022795940988013,1.5450287123098704e-20,-0.3640689750106367,0.13254621856934368,-0.36406897501619584,1.763710240678637e-26,-0.4559057924815714,2.5943325983824848e-42
GNOT,C,2,C-k2,log_lambda1_positive,ood,800,200,200,2.507009414956816,2.675911259516468,2.6015282865313702,0.029263697863029327,0.5741271230205889,0.554344147443771,0.14564152738807407,ok,1.4183144482519365,-0.3244966928104476,0.14515192695263937,-0.6107299850751149,-0.03826340054578026,0.026491223014085602,-0.06520099964795317,0.0042511703551609825,-0.06520099964848076,0.0652938597890764,-0.06862066137287073,0.05236293368495459
GNOT,C,2,C-k2,initial_rayleigh_quotient,all,1600,400,1600,9.48354991510157,35.86134226126692,19.505883276152996,5.252073034994045,0.49567817419767335,0.47707562148570953,0.1688556361232987,ok,0.17707006676108783,0.01633394924628211,0.0008443452386112252,0.014674027894515534,0.017993870598048686,2.7150034579264464e-59,0.5080499316511868,0.2581147330507748,0.5080499316511861,9.827908835000311e-106,0.49092430211886806,8.286056224493122e-98
GNOT,C,2,C-k2,initial_rayleigh_quotient,iid,800,200,800,9.48354991510157,34.49063293614603,19.227714655567596,4.827716345157303,0.4172292253747578,0.3942256867885585,0.15337797135465212,ok,0.12716216064310487,0.015085883576271055,0.0016779730096715972,0.011776993718775296,0.018394773433766814,1.933713152049652e-16,0.47484241758485657,0.225475321537832,0.4748424175848571,3.143956986252612e-46,0.44720537844590386,1.357210233561147e-40
GNOT,C,2,C-k2,initial_rayleigh_quotient,ood,800,200,800,9.901133582941487,35.86134226126692,19.784051896738394,5.633939249257863,0.5741271230205889,0.554344147443771,0.14564152738807407,ok,0.2585043365497917,0.01595339458863994,0.0007238708534338289,0.014525952722019708,0.017380836455260174,2.6799395172493017e-55,0.6171348072472664,0.3808553703161198,0.6171348072472658,3.842345660715753e-85,0.6534035521930504,1.4384075000510142e-98
GNOT,C,2,C-k2,target_norm_retention,all,1600,400,1600,0.0773368681080183,0.7198841721577247,0.4061981572020235,0.22695665927430905,0.49567817419767335,0.47707562148570953,0.1688556361232987,ok,0.5311237946381362,-0.0872618937629348,0.024071956337425145,-0.1345856097928928,-0.03993817773297681,0.0003263018978735341,-0.11728757384162139,0.013756374977654251,-0.11728757384162283,2.550127323962954e-06,-0.10384512552543967,3.1572832583630655e-05
GNOT,C,2,C-k2,target_norm_retention,iid,800,200,800,0.09155195335285603,0.7189064561223293,0.3557980907758454,0.22750362758856643,0.4172292253747578,0.3942256867885585,0.15337797135465212,ok,0.4387628341744944,-0.060521990865046144,0.02664091425061261,-0.11305671606632864,-0.007987265663763642,0.024170083415892298,-0.08977151248690349,0.008058924454186656,-0.08977151248690493,0.011076306352000607,-0.07883951381174036,0.025753870613845757
GNOT,C,2,C-k2,target_norm_retention,ood,800,200,800,0.0773368681080183,0.7198841721577247,0.45659822362820157,0.21503145187685396,0.5741271230205889,0.554344147443771,0.14564152738807407,ok,0.7102054187539008,-0.2980263362656388,0.020772454056719406,-0.3389887129829065,-0.2570639595483711,1.613478082091654e-32,-0.44001897627714276,0.19361669948398819,-0.44001897627714676,3.274669072468077e-39,-0.5030466453853835,1.547221192315717e-52
GNOT,D,0,D-k0,log_nk,all,1600,400,245,7.383989457978509,8.154500175151941,7.958374634959847,0.23199193460850195,0.025702167942071766,0.0200077779591075,0.017286727779543456,ok,-0.1301834955156684,0.019587625690924197,0.0017912340284040084,0.01606618982110257,0.023109061560745825,1.6015793057727039e-24,0.26287052335041233,0.06910091204646351,0.26287052335030564,1.0713719719033693e-26,0.4057724432389327,1.8315465915357676e-64
GNOT,D,0,D-k0,log_nk,iid,800,200,173,7.383989457978509,8.101374671228582,7.775637599393222,0.20201615090200456,0.02188752047601107,0.016855069436132002,0.01510183870932471,ok,-0.11440433602741534,0.01752806181631527,0.002691141550499244,0.012221247624306823,0.022834876008323717,5.881308562567764e-10,0.23447155336906297,0.05497690933912669,0.23447155336869016,1.876550581992502e-11,0.413934881785167,1.8324034758213586e-34
GNOT,D,0,D-k0,log_nk,ood,800,200,72,8.127699852817772,8.154500175151941,8.141111670526472,0.005302345153874631,0.029516815408132464,0.022441871464252,0.018461605929623186,ok,0.4602417447093512,-0.05290738497703201,0.10743756931585659,-0.26476960288768336,0.15895483293361937,0.6229457402898013,-0.01519549368600736,0.00023090302714745548,-0.01519549364605905,0.6678168284939361,-0.04886034429623953,0.1673887523487083
GNOT,D,0,D-k0,beta_k,all,1600,400,1,1.0,1.0,1.0,0.0,0.025702167942071766,0.0200077779591075,0.017286727779543456,constant_predictor,,,,,,,,,,,,
GNOT,D,0,D-k0,beta_k,iid,800,200,1,1.0,1.0,1.0,0.0,0.02188752047601107,0.016855069436132002,0.01510183870932471,constant_predictor,,,,,,,,,,,,
GNOT,D,0,D-k0,beta_k,ood,800,200,1,1.0,1.0,1.0,0.0,0.029516815408132464,0.022441871464252,0.018461605929623186,constant_predictor,,,,,,,,,,,,
GNOT,D,0,D-k0,beta_total,all,1600,400,6,0.0,6.0,3.995,2.165157024464477,0.025702167942071766,0.0200077779591075,0.017286727779543456,ok,0.017671992309052358,0.0020100564788534166,0.00019902564970018636,0.001618786521519447,0.002401326436187386,1.6565328250249327e-21,0.25175891934330824,0.06338255346891042,0.2517589193433087,1.4907632173177983e-24,0.4332906084308878,3.2223692534601943e-74
GNOT,D,0,D-k0,beta_total,iid,800,200,5,0.0,4.0,1.99,1.1539343376334121,0.02188752047601107,0.016855069436132002,0.01510183870932471,ok,0.016594332411790362,0.002659893499608393,0.0004723236410802659,0.0017284918045764601,0.0035912951946403255,6.029571064049223e-08,0.20324296284205762,0.04130770194481814,0.20324296284205787,6.622265963946289e-09,0.37797399976137125,1.4352163992203814e-28
GNOT,D,0,D-k0,beta_total,ood,800,200,1,6.0,6.0,6.0,0.0,0.029516815408132464,0.022441871464252,0.018461605929623186,constant_predictor,,,,,,,,,,,,
GNOT,D,0,D-k0,rho_H,all,1600,400,1,0.0,0.0,0.0,0.0,0.025702167942071766,0.0200077779591075,0.017286727779543456,constant_predictor,,,,,,,,,,,,
GNOT,D,0,D-k0,rho_H,iid,800,200,1,0.0,0.0,0.0,0.0,0.02188752047601107,0.016855069436132002,0.01510183870932471,constant_predictor,,,,,,,,,,,,
GNOT,D,0,D-k0,rho_H,ood,800,200,1,0.0,0.0,0.0,0.0,0.029516815408132464,0.022441871464252,0.018461605929623186,constant_predictor,,,,,,,,,,,,
GNOT,D,0,D-k0,log_lambda1_positive,all,1600,400,379,0.5033968243114202,0.7686805951110842,0.6677806442096653,0.03520496700715221,0.025702167942071766,0.0200077779591075,0.017286727779543456,ok,0.07211595566896305,-0.06950454184221494,0.01229325178116679,-0.09367218107443784,-0.04533690260999204,2.9929421316727795e-08,-0.14154819429146065,0.02003589130717276,-0.14154819429145962,1.2993197962583727e-08,-0.25982502890027526,4.2441283056986573e-26
GNOT,D,0,D-k0,log_lambda1_positive,iid,800,200,179,0.5033968243114202,0.7686805951110842,0.6835510801736885,0.04404126412379503,0.02188752047601107,0.016855069436132002,0.01510183870932471,ok,0.04278516985417399,-0.03057218397321886,0.01129629544422308,-0.052847987700229186,-0.008296380246208532,0.007392747518685625,-0.08915719834661061,0.00794900601702453,-0.08915719834665314,0.01164149915923952,-0.1986969095630342,1.4462933388849295e-08
GNOT,D,0,D-k0,log_lambda1_positive,ood,800,200,200,0.6335723799667812,0.6723225601100697,0.6520102082456419,0.0065315992396273274,0.029516815408132464,0.022441871464252,0.018461605929623186,ok,-0.08315833750422054,0.17281194602080852,0.10760052348415004,-0.039371610428421855,0.3849955024700389,0.10984830709091871,0.06113977188825576,0.0037380717065924607,0.06113977188861847,0.08395113722254367,0.025857155917127523,0.46518888386538493
GNOT,D,0,D-k0,initial_rayleigh_quotient,all,1600,400,1600,1.8019885967744893,10.283227253396591,3.7975272601485863,1.955888692457057,0.025702167942071766,0.0200077779591075,0.017286727779543456,ok,-0.0025998582718980787,0.00745275129713288,0.00022545631523826495,0.0070095205729682475,0.007895982021297512,2.581754438070617e-116,0.8432337325868295,0.7110431277723177,0.8432337325868301,0.0,0.7524342079821126,4.4870475162155885e-292
GNOT,D,0,D-k0,initial_rayleigh_quotient,iid,800,200,800,1.8019885967744893,10.283227253396591,3.8331394688740534,1.939721806529613,0.02188752047601107,0.016855069436132002,0.01510183870932471,ok,-0.0030113825294031623,0.006495694510361251,0.0002994612290495342,0.005905169979988055,0.0070862190407344474,2.5155166470326856e-54,0.8343249145233274,0.6960980629943584,0.8343249145233278,1.3800171063429002e-208,0.7565322523941445,2.396069556248733e-149
GNOT,D,0,D-k0,initial_rayleigh_quotient,ood,800,200,800,1.9242826846127261,9.211651013740937,3.761915051423119,1.9724930152021374,0.029516815408132464,0.022441871464252,0.018461605929623186,ok,-0.0022828584431744555,0.008453054738510705,0.00027287625449886406,0.007914954622681407,0.008991154854340004,4.639523879161951e-78,0.9031495684825299,0.8156791430501806,0.9031495684825304,2.878313966481234e-295,0.9285050132890833,0.0
GNOT,D,0,D-k0,target_norm_retention,all,1600,400,1600,0.38950793534688544,0.8409387136167635,0.72541767488412,0.1120238395661907,0.025702167942071766,0.0200077779591075,0.017286727779543456,ok,0.1205105495734359,-0.13069488780585486,0.00396568567006119,-0.13849113751167016,-0.12289863810003956,6.251433754103994e-116,-0.8469470526984285,0.7173193100745734,-0.8469470526984397,0.0,-0.7328357540374041,1.577238855640351e-269
GNOT,D,0,D-k0,target_norm_retention,iid,800,200,800,0.38950793534688544,0.8409387136167635,0.7231668320609083,0.11045632381727896,0.02188752047601107,0.016855069436132002,0.01510183870932471,ok,0.10420091929707256,-0.1138235261516096,0.005250889638089099,-0.12417805233657073,-0.10346899996664846,2.758536662478976e-54,-0.8325163911904142,0.693083541600727,-0.8325163911904239,7.099385561506704e-207,-0.7391349673983867,4.212522635534932e-139
GNOT,D,0,D-k0,target_norm_retention,ood,800,200,800,0.4155558489615949,0.8260093580251746,0.7276685177073319,0.11359420245477028,0.029516815408132464,0.022441871464252,0.018461605929623186,ok,0.13727161721402872,-0.14808226436042582,0.004724674826770132,-0.15739911780452556,-0.13876541091632608,6.700865626738043e-79,-0.9111497007271652,0.830193777135237,-0.9111497007271839,1.748191260977813e-309,-0.9240848813826273,0.0
GNOT,D,1,D-k1,log_nk,all,1600,400,343,9.111403624116159,9.921327470664458,9.718085351035178,0.23976327767915767,0.26816625115461606,0.26637038588523804,0.06667321263229743,ok,-1.078649666245127,0.1385886076063626,0.005733132868633698,0.12731768520877484,0.14985953000395036,3.651929513923844e-80,0.49837794665673285,0.2483805777134087,0.49837794665635915,3.3427552484515306e-101,0.5065561187380835,5.034027569122604e-105
GNOT,D,1,D-k1,log_nk,iid,800,200,177,9.111403624116159,9.865214390314636,9.530356928753216,0.21078321113054613,0.23903768219053703,0.22432836890220603,0.0637257118842005,ok,-0.8354246553473479,0.11274103851201361,0.010954117123146048,0.09113999556455141,0.13434208145947582,3.4347281847366895e-20,0.3729094178961472,0.13906143395572645,0.3729094178962586,8.507337399974959e-28,0.40355922176667014,1.0928942780368102e-32
GNOT,D,1,D-k1,log_nk,ood,800,200,166,9.888221618865694,9.921327470664458,9.905813773317142,0.006565690274090844,0.297294820118695,0.291717633605003,0.05600143670448552,ok,3.8231232223299467,-0.3559352601317952,0.23672503457263114,-0.8227467412449594,0.11087622098136901,0.13427463316779664,-0.04173037002577721,0.0017414237716050218,-0.041730369895374514,0.2384056914863827,-0.025547459981928294,0.47055323119103054
GNOT,D,1,D-k1,beta_k,all,1600,400,4,0.0,3.0,1.9975,1.1568622244584645,0.26816625115461606,0.26637038588523804,0.06667321263229743,ok,0.2078034713689299,0.030219163847652507,0.0009500035383890156,0.02835152596031219,0.03208680173499283,1.761348047386045e-111,0.5243396520109377,0.2749320706709507,0.5243396520109372,1.0527768792653044e-113,0.5496709510930623,5.384563306926113e-127
GNOT,D,1,D-k1,beta_k,iid,800,200,3,0.0,2.0,0.995,0.8159701336898565,0.23903768219053703,0.22432836890220603,0.0637257118842005,ok,0.20547109809933947,0.03373526039316338,0.002536716970413781,0.028732964762447424,0.038737556023879335,2.718383126878574e-29,0.43196010086309294,0.18658952873765378,0.4319601008630932,1.0632061622666898e-37,0.4281580170956421,5.317163154746158e-37
GNOT,D,1,D-k1,beta_k,ood,800,200,1,3.0,3.0,3.0,0.0,0.297294820118695,0.291717633605003,0.05600143670448552,constant_predictor,,,,,,,,,,,,
GNOT,D,1,D-k1,beta_total,all,1600,400,6,0.0,6.0,3.995,2.165157024464477,0.26816625115461606,0.26637038588523804,0.06667321263229743,ok,0.2081660926984692,0.015018813130449775,0.0005749562803603539,0.013888490884928257,0.01614913537597129,2.0847624456203746e-88,0.4877234419143684,0.23787415579279847,0.48772344191436856,2.2406258728201266e-96,0.521562768815568,2.5811425252994056e-112
GNOT,D,1,D-k1,beta_total,iid,800,200,5,0.0,4.0,1.99,1.1539343376334121,0.23903768219053703,0.22432836890220603,0.0637257118842005,ok,0.2032449658765697,0.017986289605008657,0.001931757153322358,0.014176948444614052,0.02179563076540326,2.3996651691673653e-17,0.3256926689113091,0.10607571458257192,0.32569266891130977,3.1807365690255462e-21,0.31533692541042135,6.28486811548923e-20
GNOT,D,1,D-k1,beta_total,ood,800,200,1,6.0,6.0,6.0,0.0,0.297294820118695,0.291717633605003,0.05600143670448552,constant_predictor,,,,,,,,,,,,
GNOT,D,1,D-k1,rho_H,all,1600,400,4,0.0,0.5,0.1965625022398308,0.19777088866174766,0.26816625115461606,0.26637038588523804,0.06667321263229743,ok,0.2738982870337807,-0.029161390467907694,0.0093863987085609,-0.0476143678994634,-0.01070841303635199,0.0020266829966091165,-0.08650061816065203,0.007482356942174695,-0.08650061816065144,0.000532573592162299,0.017521115132251238,0.4837083593590704
GNOT,D,1,D-k1,rho_H,iid,800,200,4,0.0,0.5,0.15701389067806304,0.19359928066917223,0.23903768219053703,0.22432836890220603,0.0637257118842005,ok,0.24561553624395352,-0.041893453025143856,0.011823941993392921,-0.06520975281784026,-0.01857715323244745,0.000492689377659107,-0.1272726836720745,0.01619833600909193,-0.1272726836720744,0.0003075313348066798,-0.04383869464246454,0.2154928479969209
GNOT,D,1,D-k1,rho_H,ood,800,200,4,0.0,0.5,0.23611111380159855,0.19406911061920515,0.297294820118695,0.291717633605003,0.05600143670448552,ok,0.31622306115045007,-0.08016666698569819,0.0084960625628954,-0.09692053315695207,-0.06341280081444431,1.0557205648943281e-17,-0.27781204695368666,0.0771795334325972,-0.2778120469536862,1.2093616167776047e-15,-0.23079125790624067,3.923150982166532e-11
GNOT,D,1,D-k1,log_lambda1_positive,all,1600,400,384,0.5033968243114326,0.7686805951189433,0.6678219969077439,0.035195855103344914,0.26816625115461606,0.26637038588523804,0.06667321263229743,ok,0.7116045222344589,-0.6640066861126493,0.06735044784888455,-0.7964127699312624,-0.5316006022940363,1.1521262908805338e-20,-0.35051982931976106,0.12286415074635182,-0.3505198293197575,1.8360169482777627e-47,-0.3680542566420224,1.6678810407799736e-52
GNOT,D,1,D-k1,log_lambda1_positive,iid,800,200,184,0.5033968243114326,0.7686805951189433,0.6835510801736869,0.044041264123835105,0.23903768219053703,0.22432836890220603,0.0637257118842005,ok,0.48821831054846243,-0.3645384164920138,0.05764443287356156,-0.47821073313657847,-0.2508660998474491,1.647288115821199e-09,-0.2519349287644417,0.0634712083315766,-0.25193492876450596,4.772818960001919e-13,-0.2658322229933991,2.0880553311726057e-14
GNOT,D,1,D-k1,log_lambda1_positive,ood,800,200,200,0.6339451296162183,0.6729966261551327,0.6520929136418009,0.0066322285464830485,0.297294820118695,0.291717633605003,0.05600143670448552,ok,0.6168403260658826,-0.4900306371411217,0.23256081588593616,-0.9486304599633721,-0.031430814318871236,0.036360898842376255,-0.05803413932839888,0.0033679613275710008,-0.05803413932825201,0.10094918250081446,-0.03181345377461744,0.3688439961305813
GNOT,D,1,D-k1,initial_rayleigh_quotient,all,1600,400,1600,3.997080762354902,17.84090746994571,9.3765935816095,2.6992134021253795,0.26816625115461606,0.26637038588523804,0.06667321263229743,ok,0.2053355558429424,0.006700801817293699,0.0006927802246329579,0.0053388462636136174,0.00806275737097378,5.092317564881565e-20,0.27127677452674165,0.07359108839763151,0.27127677452673965,2.18119930400761e-28,0.22603035684779565,5.545097380981609e-20
GNOT,D,1,D-k1,initial_rayleigh_quotient,iid,800,200,800,3.997080762354902,17.84090746994571,9.8594969574826,2.718919016389789,0.23903768219053703,0.22432836890220603,0.0637257118842005,ok,0.16366004213298507,0.007645181126644262,0.0008079381982807557,0.006051962109195461,0.009238400144093063,8.845007598883854e-18,0.32618903319197007,0.10639928537471155,0.32618903319196935,2.74882397630708e-21,0.3019504483600756,2.5085146371419454e-18
GNOT,D,1,D-k1,initial_rayleigh_quotient,ood,800,200,800,4.260069852411767,15.411035247786048,8.893690205736402,2.592514010093532,0.297294820118695,0.291717633605003,0.05600143670448552,ok,0.2055245812679024,0.010318578309777577,0.0006443257393418749,0.009047995951454037,0.011589160668101117,1.2433429900151065e-37,0.4776852239257451,0.22818317315698788,0.47768522392574353,7.727273965996924e-47,0.4662763848068513,1.9934158829506302e-44
GNOT,D,1,D-k1,target_norm_retention,all,1600,400,1600,0.30027767833331487,0.8274266228513649,0.6072654148590875,0.13868439175686645,0.26816625115461606,0.26637038588523804,0.06667321263229743,ok,0.31561547798934875,-0.0781358952341164,0.014693192332600188,-0.10702164310498946,-0.04925014736324335,1.7528626082629056e-07,-0.16252747808454115,0.026415181132522503,-0.16252747808454612,6.170672587380091e-11,-0.13790844840173766,3.050565617708453e-08
GNOT,D,1,D-k1,target_norm_retention,iid,800,200,800,0.30027767833331487,0.8241541822897855,0.5783332703028572,0.14074157448720284,0.23903768219053703,0.22432836890220603,0.0637257118842005,ok,0.29646357718274285,-0.09929550648561891,0.01718036613527548,-0.13317444191867608,-0.06541657105256174,2.8566162276193735e-08,-0.21929933003628144,0.048092196154361,-0.21929933003627938,3.622212009314614e-10,-0.20222370659954156,7.902354135716827e-09
GNOT,D,1,D-k1,target_norm_retention,ood,800,200,800,0.33141727297098145,0.8274266228513649,0.6361975594153177,0.13040846892115593,0.297294820118695,0.291717633605003,0.05600143670448552,ok,0.39935737330956944,-0.1604258797922321,0.01500318724685975,-0.19001151306827627,-0.13084024651618795,2.2392300748600264e-21,-0.37357779710960004,0.1395603704932642,-0.3735777971096036,6.7387282924744045e-28,-0.3962625566602448,1.7791739088919673e-31
GNOT,D,2,D-k2,log_nk,all,1600,400,357,9.543378146148761,10.367284459872343,10.162239385949931,0.24169667372647527,0.5518703872151669,0.5229225158691405,0.18434932824020042,ok,-2.7962606776351158,0.3294678404721922,0.012229099411781241,0.30542632013404236,0.353509360810342,7.901133546045994e-92,0.4319586184670941,0.18658824806795193,0.4319586184670375,1.0034828070117378e-73,0.42017689518928925,1.8626217410382644e-69
GNOT,D,2,D-k2,log_nk,iid,800,200,179,9.543378146148761,10.31088412749404,9.973818858330237,0.21391859473400596,0.48808088466525035,0.46421293914318007,0.15607932097756597,ok,-2.660731340523311,0.315707781534324,0.019981665192488653,0.2763048060929957,0.3551107569756523,5.6230454661628765e-37,0.4327015555258623,0.18723063615479496,0.4327015555262022,7.749100610829869e-38,0.4534348100760467,8.075840544406759e-42
GNOT,D,2,D-k2,log_nk,ood,800,200,178,10.330909827996335,10.367284459872343,10.350659913569626,0.0072838673246226554,0.6156598897650835,0.5858712494373315,0.1884217144197438,ok,0.3084247170641623,0.0296826651839448,0.6713153308852755,-1.2941219948102223,1.3534873251781119,0.9647768174067353,0.001147450524515528,1.316642708082405e-06,0.0011474505252876167,0.9741498204364679,-0.016802999395436845,0.6351070629447337
GNOT,D,2,D-k2,beta_k,all,1600,400,4,0.0,3.0,1.9975,1.1568622244584645,0.5518703872151669,0.5229225158691405,0.18434932824020042,ok,0.42524845081576035,0.0633902059571495,0.0034699075302685235,0.05656862002907345,0.07021179188522556,1.2800613174249957e-54,0.3977976777703091,0.1582429924394504,0.3977976777703086,8.379056266049976e-62,0.42314658658975,1.622272844494957e-70
GNOT,D,2,D-k2,beta_k,iid,800,200,3,0.0,2.0,0.995,0.8159701336898565,0.48808088466525035,0.46421293914318007,0.15607932097756597,ok,0.425730111079038,0.06266409405649473,0.007571337868794279,0.04773374479740258,0.07759444331558688,1.8148374459187738e-14,0.3276028424814918,0.10732362240195326,0.32760284248149213,1.8112312764582635e-21,0.3377337157416261,8.54347160444817e-23
GNOT,D,2,D-k2,beta_k,ood,800,200,1,3.0,3.0,3.0,0.0,0.6156598897650835,0.5858712494373315,0.1884217144197438,constant_predictor,,,,,,,,,,,,
GNOT,D,2,D-k2,beta_total,all,1600,400,6,0.0,6.0,3.995,2.165157024464477,0.5518703872151669,0.5229225158691405,0.18434932824020042,ok,0.40869851225772336,0.03583776594679427,0.0015815432434382552,0.03272856691483987,0.038946964978748666,1.1354205196268984e-73,0.4209095385458242,0.17716483963885943,0.420909538545825,1.02235889857137e-69,0.4537416829777141,4.472943037783884e-82
GNOT,D,2,D-k2,beta_total,iid,800,200,5,0.0,4.0,1.99,1.1539343376334121,0.48808088466525035,0.46421293914318007,0.15607932097756597,ok,0.36836938912579575,0.06015653042183643,0.0041189446781418,0.05203415050837348,0.06827891033529937,2.6007353049232124e-33,0.4447526145800162,0.1978048881757607,0.4447526145800165,4.057271827379883e-40,0.4577819896166578,1.0885817344342483e-42
GNOT,D,2,D-k2,beta_total,ood,800,200,1,6.0,6.0,6.0,0.0,0.6156598897650835,0.5858712494373315,0.1884217144197438,constant_predictor,,,,,,,,,,,,
GNOT,D,2,D-k2,rho_H,all,1600,400,4,0.0,0.5,0.1965625022398308,0.19777088866174766,0.5518703872151669,0.5229225158691405,0.18434932824020042,ok,0.6179445048609964,-0.3361481304567982,0.026487081078935142,-0.38821980613914436,-0.28407645477445204,3.091312940302718e-31,-0.36062140891451827,0.13004780056749266,-0.3606214089145189,2.5006448005323044e-50,-0.28474138461189674,3.1796539395648095e-31
GNOT,D,2,D-k2,rho_H,iid,800,200,4,0.0,0.5,0.15701389067806304,0.19359928066917223,0.48808088466525035,0.46421293914318007,0.15607932097756597,ok,0.5184850280686062,-0.19363983194133794,0.028154212989591792,-0.24915871649435478,-0.1381209473883211,7.690796992644523e-11,-0.24018897531038613,0.057690743860653315,-0.24018897531038624,5.820809450334264e-12,-0.11843402418394917,0.0007896378704315254
GNOT,D,2,D-k2,rho_H,ood,800,200,4,0.0,0.5,0.23611111380159855,0.19406911061920515,0.6156598897650835,0.5858712494373315,0.1884217144197438,ok,0.7667843373186709,-0.6400564764629239,0.028034295419695723,-0.6953388887792137,-0.584774064146634,1.7252461105598e-57,-0.6592403190669935,0.4345977982835506,-0.6592403190669929,6.63278645557011e-101,-0.7092212644368314,2.8021894708563354e-123
GNOT,D,2,D-k2,log_lambda1_positive,all,1600,400,385,2.266242713506224,2.685133355534697,2.3980652561087026,0.12108473168180206,0.5518703872151669,0.5229225158691405,0.18434932824020042,ok,1.8742429070925934,-0.5514330840284201,0.029131660052893804,-0.6087038097018899,-0.4941623583549503,1.7451711782451543e-57,-0.3621934924170205,0.13118412594921958,-0.3621934924169948,8.762614180226725e-51,-0.3573826115782891,2.129436027328521e-49
GNOT,D,2,D-k2,log_lambda1_positive,iid,800,200,185,2.288142934549517,2.685133355534697,2.4780375687199285,0.1274107355819357,0.48808088466525035,0.46421293914318007,0.15607932097756597,ok,1.4188366951461981,-0.3756019772378738,0.04702516372386429,-0.4683335565875473,-0.28287039788820034,1.0880689546464364e-13,-0.30661156075112284,0.09401064918618462,-0.30661156075103324,7.099781037962847e-19,-0.3187908551310991,2.35356142735742e-20
GNOT,D,2,D-k2,log_lambda1_positive,ood,800,200,200,2.266242713506224,2.3546645827932653,2.318092943497476,0.01734151873572787,0.6156598897650835,0.5858712494373315,0.1884217144197438,ok,-0.4102022779022846,0.44254574457249884,0.2514835461968405,-0.05336888012140578,0.9384603692664035,0.07998836993273571,0.04072999412278177,0.00165893242125692,0.04072999412296729,0.24985798534551826,0.03531637529803444,0.3184504352535582
GNOT,D,2,D-k2,initial_rayleigh_quotient,all,1600,400,1600,9.234775758008858,42.241847033780694,22.03469820024163,6.042655510112891,0.5518703872151669,0.5229225158691405,0.18434932824020042,ok,0.11588043290186689,0.01978651807940438,0.0006733062942579381,0.01846284685700741,0.021110189301801346,7.492426887552431e-102,0.6485682027692277,0.4206407136433038,0.6485682027692259,1.2111141171831272e-191,0.6784026400010312,3.183999149332081e-216
GNOT,D,2,D-k2,initial_rayleigh_quotient,iid,800,200,800,9.234775758008858,41.04377920357768,21.05494116338114,5.543905176901834,0.48808088466525035,0.46421293914318007,0.15607932097756597,ok,0.1381691288015458,0.016618985213422154,0.0008108831787655452,0.015019958822433685,0.018218011604410625,6.236107979932211e-51,0.5903029150978238,0.3484575315729864,0.5903029150978221,2.766096010267982e-76,0.5879241842565379,1.5396028639597224e-75
GNOT,D,2,D-k2,initial_rayleigh_quotient,ood,800,200,800,12.480546134269723,42.241847033780694,23.014455237102116,6.357352855762587,0.6156598897650835,0.5858712494373315,0.1884217144197438,ok,0.1544554321564175,0.020039772953875844,0.0009461308509875596,0.018174044030554677,0.02190550187719701,6.917303950837688e-53,0.6761423873543038,0.45716852797717344,0.6761423873543009,5.642411670972843e-108,0.7442825770040267,4.7875828981323224e-142
GNOT,D,2,D-k2,target_norm_retention,all,1600,400,1600,0.07543813228969622,0.7237137381537226,0.4041376744790584,0.2277965013568616,0.5518703872151669,0.5229225158691405,0.18434932824020042,ok,0.6553702537010784,-0.2561005148043296,0.025204733042454165,-0.30565118747888737,-0.20654984212977182,1.0058927825149047e-21,-0.3164578999284668,0.10014560242713588,-0.3164578999284673,1.5169964980660037e-38,-0.3305617004147267,4.220456622822572e-42
GNOT,D,2,D-k2,target_norm_retention,iid,800,200,800,0.07543813228969622,0.7237137381537226,0.3537813692771599,0.22753455679941395,0.48808088466525035,0.46421293914318007,0.15607932097756597,ok,0.5346650502423114,-0.13167501067747348,0.024897996584197467,-0.18077277798038074,-0.0825772433745662,3.232921240020566e-07,-0.19195762134538893,0.03684772839257955,-0.19195762134538855,4.453459130485791e-08,-0.1898068278231685,6.323581076244126e-08
GNOT,D,2,D-k2,target_norm_retention,ood,800,200,800,0.08281154795539389,0.7229823170192002,0.45449397968095695,0.21678929975212613,0.6156598897650835,0.5858712494373315,0.1884217144197438,ok,0.8691330480740856,-0.5577041053149575,0.028560227265981328,-0.6140236323773594,-0.5013845782525557,3.920483602286304e-48,-0.6416685191112276,0.41173848841839567,-0.6416685191112275,5.027163708831178e-94,-0.7316666197915935,5.949427390521591e-135
MGN-lite,A,0,A-k0,log_nk,all,1600,400,221,7.731492029245684,7.903226808730733,7.836536796010969,0.029959236007328197,0.010212060307966979,0.007504311157390001,0.006152500049895367,ok,0.06923686677916599,-0.007532001444964934,0.005220424500916864,-0.017794976467611162,0.0027309735776812954,0.149862834169054,-0.03667663666269763,0.0013451756769277123,-0.03667663666324472,0.14253600441886774,-0.03915027711487772,0.1174921167657066
MGN-lite,A,0,A-k0,log_nk,iid,800,200,144,7.731492029245684,7.8868329989550565,7.823175250569664,0.030283035489778357,0.010037173852323989,0.0074067921377715005,0.0057970800777401325,ok,0.1559077598078866,-0.018645956569220648,0.007018391422775791,-0.032485919465467195,-0.004805993672974105,0.008530560742252965,-0.09740354746776136,0.009487451059656204,-0.09740354746956631,0.005829168226897399,-0.09413426763051219,0.007715466009259685
MGN-lite,A,0,A-k0,log_nk,ood,800,200,134,7.767687277186908,7.903226808730733,7.849898341452274,0.02283996663231808,0.01038694676360997,0.0075706823263315005,0.006487411270098241,ok,0.027076431237306388,-0.0021260765104956373,0.009412679620170719,-0.020687471686414195,0.016435318665422922,0.8215314892420459,-0.007485191632800592,5.602809376870077e-05,-0.007485191632064524,0.8325867733606062,0.002002910754685355,0.9548938291523599
MGN-lite,A,0,A-k0,beta_k,all,1600,400,1,1.0,1.0,1.0,0.0,0.010212060307966979,0.007504311157390001,0.006152500049895367,constant_predictor,,,,,,,,,,,,
MGN-lite,A,0,A-k0,beta_k,iid,800,200,1,1.0,1.0,1.0,0.0,0.010037173852323989,0.0074067921377715005,0.0057970800777401325,constant_predictor,,,,,,,,,,,,
MGN-lite,A,0,A-k0,beta_k,ood,800,200,1,1.0,1.0,1.0,0.0,0.01038694676360997,0.0075706823263315005,0.006487411270098241,constant_predictor,,,,,,,,,,,,
MGN-lite,A,0,A-k0,beta_total,all,1600,400,1,2.0,2.0,2.0,0.0,0.010212060307966979,0.007504311157390001,0.006152500049895367,constant_predictor,,,,,,,,,,,,
MGN-lite,A,0,A-k0,beta_total,iid,800,200,1,2.0,2.0,2.0,0.0,0.010037173852323989,0.0074067921377715005,0.0057970800777401325,constant_predictor,,,,,,,,,,,,
MGN-lite,A,0,A-k0,beta_total,ood,800,200,1,2.0,2.0,2.0,0.0,0.01038694676360997,0.0075706823263315005,0.006487411270098241,constant_predictor,,,,,,,,,,,,
MGN-lite,A,0,A-k0,rho_H,all,1600,400,1,0.0,0.0,0.0,0.0,0.010212060307966979,0.007504311157390001,0.006152500049895367,constant_predictor,,,,,,,,,,,,
MGN-lite,A,0,A-k0,rho_H,iid,800,200,1,0.0,0.0,0.0,0.0,0.010037173852323989,0.0074067921377715005,0.0057970800777401325,constant_predictor,,,,,,,,,,,,
MGN-lite,A,0,A-k0,rho_H,ood,800,200,1,0.0,0.0,0.0,0.0,0.01038694676360997,0.0075706823263315005,0.006487411270098241,constant_predictor,,,,,,,,,,,,
MGN-lite,A,0,A-k0,log_lambda1_positive,all,1600,400,400,0.5911348066758972,0.7538510155881601,0.684904804429579,0.034406063767318584,0.010212060307966979,0.007504311157390001,0.006152500049895367,ok,0.001703955081772756,0.012422317920926802,0.004962298931263955,0.0026667990014363346,0.02217783684041727,0.012701431336351463,0.06946819326439187,0.004825829875419907,0.06946819326439868,0.0054373157750300175,0.09179546494627364,0.00023625779850091656
MGN-lite,A,0,A-k0,log_lambda1_positive,iid,800,200,200,0.5954494520463843,0.7538510155881601,0.6852804259716637,0.03580301041419787,0.010037173852323989,0.0074067921377715005,0.0057970800777401325,ok,0.0006143343977479609,0.013750340878649434,0.006902271999356275,0.00013936043932947367,0.027361321317969395,0.04772196754583162,0.08492268367439394,0.007211862202462838,0.08492268367440244,0.016280684801037438,0.07828294595075125,0.026821039767839762
MGN-lite,A,0,A-k0,log_lambda1_positive,ood,800,200,200,0.5911348066758972,0.7538033002606008,0.6845291828874942,0.03296813507681577,0.01038694676360997,0.0075706823263315005,0.006487411270098241,ok,0.002870580042432369,0.01098034519064886,0.00718226825388239,-0.003182775695149194,0.025143466076446915,0.1278987667218943,0.05580060957502609,0.0031137080289447283,0.05580060957502767,0.11478618426025883,0.10534058656189854,0.0028532012098001856
MGN-lite,A,0,A-k0,initial_rayleigh_quotient,all,1600,400,1600,1.9058051657219186,9.483124457550876,3.8709239840100538,1.9549361874885733,0.010212060307966979,0.007504311157390001,0.006152500049895367,ok,-0.0010955504495404702,0.002921165800262869,5.354963127276699e-05,0.0028158911184572415,0.0030264404820684963,4.342329781690963e-187,0.9281906032142201,0.8615377958951754,0.9281906032142189,0.0,0.9222895253084085,0.0
MGN-lite,A,0,A-k0,initial_rayleigh_quotient,iid,800,200,800,1.9058051657219186,9.183459701111824,3.857903564960899,1.9311303017306383,0.010037173852323989,0.0074067921377715005,0.0057970800777401325,ok,-0.0007169618963646535,0.0027875595041727394,6.873374268540116e-05,0.0026520195504735086,0.00292309945787197,3.7522309412446446e-98,0.9285951814009982,0.862289010921151,0.9285951814009972,0.0,0.9136686072946989,3.0624065625e-314
MGN-lite,A,0,A-k0,initial_rayleigh_quotient,ood,800,200,800,1.9086632860459276,9.483124457550876,3.8839444030592087,1.9795783549606447,0.01038694676360997,0.0075706823263315005,0.006487411270098241,ok,-0.0014489925330179057,0.003047401833894751,8.02895005493791e-05,0.0028890744278518873,0.0032057292399376145,4.460209509646525e-93,0.9298887426870456,0.8646930737760975,0.9298887426870472,0.0,0.9300207187823731,0.0
MGN-lite,A,0,A-k0,target_norm_retention,all,1600,400,1600,0.4143438152804424,0.8281922245454145,0.719969085278326,0.11255047190149724,0.010212060307966979,0.007504311157390001,0.006152500049895367,ok,0.04664390995305283,-0.050601963875993305,0.0009604213779370636,-0.052490082478465656,-0.048713845273520955,8.469630292218583e-182,-0.9256846594389576,0.856892088720611,-0.9256846594389532,0.0,-0.9186261869633543,0.0
MGN-lite,A,0,A-k0,target_norm_retention,iid,800,200,800,0.424533116512869,0.8276397681899487,0.7209072654355037,0.11112600418005994,0.010037173852323989,0.0074067921377715005,0.0057970800777401325,ok,0.04501575004049059,-0.048520215935174256,0.0012034624118047474,-0.05089339151389079,-0.046147040356457725,1.0701202411936329e-97,-0.9300988853911926,0.8650839366059203,-0.9300988853911827,0.0,-0.9102870160734627,6.904438813713334e-308
MGN-lite,A,0,A-k0,target_norm_retention,ood,800,200,800,0.4143438152804424,0.8281922245454145,0.7190309051211483,0.11401894757919251,0.01038694676360997,0.0075706823263315005,0.006487411270098241,ok,0.04817993090728021,-0.05256100102860324,0.0014733055995473853,-0.05546629564730998,-0.0496557064098965,2.0878609019100893e-88,-0.9237814239730546,0.8533721192776795,-0.9237814239730521,0.0,-0.92613634552554,0.0
MGN-lite,A,1,A-k1,log_nk,all,1600,400,360,9.477998292597036,9.666498594399865,9.597116032256835,0.03324862117039561,0.2251061726035546,0.208406060934066,0.06559686862263188,ok,-0.5571264305479308,0.08150704862988975,0.04037643316574549,0.002129916557428446,0.16088418070235105,0.044189097153038065,0.04131290166002266,0.0017067558436310026,0.04131290166075044,0.09854885781547001,0.03355239740355724,0.17978260837033924
MGN-lite,A,1,A-k1,log_nk,iid,800,200,193,9.477998292597036,9.649498121050817,9.58308176490093,0.034175695693235884,0.22025778868235604,0.201684191823005,0.0653251353838214,ok,0.1821421416837138,0.00397738931296987,0.050486609209374825,-0.09558001011441859,0.10353478874035833,0.9372859189789671,0.002080823040242051,4.329824523696679e-06,0.002080823039983949,0.9531411974704345,-0.0010682044912375785,0.9759345431942685
MGN-lite,A,1,A-k1,log_nk,ood,800,200,182,9.515395652485308,9.666498594399865,9.61115029961274,0.02549377714194966,0.22995455652475313,0.21400666236877403,0.0655502704617011,ok,-0.3529442894550067,0.0606481875536306,0.08007005894245847,-0.09724648917638518,0.2185428642836464,0.44968282304319573,0.023587261603425263,0.0005563589098858124,0.023587261602097415,0.5052845374412013,-0.000255614687039923,0.9942404641054589
MGN-lite,A,1,A-k1,beta_k,all,1600,400,1,1.0,1.0,1.0,0.0,0.2251061726035546,0.208406060934066,0.06559686862263188,constant_predictor,,,,,,,,,,,,
MGN-lite,A,1,A-k1,beta_k,iid,800,200,1,1.0,1.0,1.0,0.0,0.22025778868235604,0.201684191823005,0.0653251353838214,constant_predictor,,,,,,,,,,,,
MGN-lite,A,1,A-k1,beta_k,ood,800,200,1,1.0,1.0,1.0,0.0,0.22995455652475313,0.21400666236877403,0.0655502704617011,constant_predictor,,,,,,,,,,,,
MGN-lite,A,1,A-k1,beta_total,all,1600,400,1,2.0,2.0,2.0,0.0,0.2251061726035546,0.208406060934066,0.06559686862263188,constant_predictor,,,,,,,,,,,,
MGN-lite,A,1,A-k1,beta_total,iid,800,200,1,2.0,2.0,2.0,0.0,0.22025778868235604,0.201684191823005,0.0653251353838214,constant_predictor,,,,,,,,,,,,
MGN-lite,A,1,A-k1,beta_total,ood,800,200,1,2.0,2.0,2.0,0.0,0.22995455652475313,0.21400666236877403,0.0655502704617011,constant_predictor,,,,,,,,,,,,
MGN-lite,A,1,A-k1,rho_H,all,1600,400,4,0.0,0.5,0.23611111380159855,0.19400841660345367,0.2251061726035546,0.208406060934066,0.06559686862263188,ok,0.2742236664581593,-0.20802703042550397,0.006999264416429628,-0.2217870753931302,-0.19426698545787774,3.374010908455124e-103,-0.6152579479936647,0.37854234256937425,-0.615257947993664,2.7951517356870122e-167,-0.6536616816171709,1.2139087998931048e-195
MGN-lite,A,1,A-k1,rho_H,iid,800,200,4,0.0,0.5,0.23611111380159855,0.19406911061920515,0.22025778868235604,0.201684191823005,0.0653251353838214,ok,0.2699382993635245,-0.21041157225201398,0.009810698127881727,-0.22975784262894564,-0.19106530187508233,1.2222665761993464e-53,-0.6250945589475218,0.3907432076257953,-0.6250945589475205,6.156954546974563e-88,-0.6599665602511859,3.3677993257484335e-101
MGN-lite,A,1,A-k1,rho_H,ood,800,200,4,0.0,0.5,0.23611111380159855,0.19406911061920515,0.22995455652475313,0.21400666236877403,0.0655502704617011,ok,0.27850903355279416,-0.20564248859899417,0.010013357053947741,-0.22538839357143226,-0.1858965836265561,4.729251812801665e-51,-0.608828225830804,0.3706718085682833,-0.6088282258308029,2.6144990190294903e-82,-0.6553915950992856,2.3334667748004288e-99
MGN-lite,A,1,A-k1,log_lambda1_positive,all,1600,400,400,0.5911348066759515,0.753851015588182,0.6849048044296137,0.03440606376731256,0.2251061726035546,0.208406060934066,0.06559686862263188,ok,0.3151088480323758,-0.1314090291770988,0.037321736869021925,-0.204780850419083,-0.05803720793511456,0.00047960441186719965,-0.06892504981416131,0.004750662491883828,-0.06892504981415512,0.005813347143895583,-0.09259299884433884,0.00020824788180109867
MGN-lite,A,1,A-k1,log_lambda1_positive,iid,800,200,200,0.59544945204644,0.753851015588182,0.6852804259716967,0.03580301041419249,0.22025778868235604,0.201684191823005,0.0653251353838214,ok,0.301169674138978,-0.1180712047070319,0.04759668704370835,-0.21192980320746296,-0.024212606206600845,0.01394354225862266,-0.06471176135961078,0.004187612058255685,-0.06471176135955244,0.06734258196859227,-0.09241528989691469,0.008912019225251772
MGN-lite,A,1,A-k1,log_lambda1_positive,ood,800,200,200,0.5911348066759515,0.7538033002606184,0.6845291828875307,0.03296813507680907,0.22995455652475313,0.21400666236877403,0.0655502704617011,ok,0.3284022589499658,-0.14381812329743893,0.05843746151045579,-0.25905425795230436,-0.028581988642573497,0.014704445769458561,-0.07233250575424251,0.00523199138868391,-0.0723325057542168,0.04082007612782765,-0.09297264104927296,0.008507076292349165
MGN-lite,A,1,A-k1,initial_rayleigh_quotient,all,1600,400,1600,4.022796692058106,16.786387100399214,8.760483059211474,2.5656560407689484,0.2251061726035546,0.208406060934066,0.06559686862263188,ok,0.04484431084881936,0.0205767034233567,0.0004500344914350327,0.01969196833253873,0.021461438514174667,1.0162068187119403e-160,0.8048058473790004,0.6477124519754305,0.8048058473790003,0.0,0.8316118824655792,0.0
MGN-lite,A,1,A-k1,initial_rayleigh_quotient,iid,800,200,800,4.216248802078913,16.082300568496414,8.944990359272502,2.5636117632449182,0.22025778868235604,0.201684191823005,0.0653251353838214,ok,0.030839387908038543,0.02117592005875822,0.0006279063164875446,0.019937716088785078,0.022414124028731365,3.1142987616097097e-84,0.8310252621935081,0.6906029864037834,0.8310252621935049,1.7655349309897647e-205,0.8588455138211155,4.709229665195107e-234
MGN-lite,A,1,A-k1,initial_rayleigh_quotient,ood,800,200,800,4.022796692058106,16.786387100399214,8.575975759150445,2.556001565299346,0.22995455652475313,0.21400666236877403,0.0655502704617011,ok,0.054465905366297,0.02046282033519186,0.0006556563422293683,0.019169894520354037,0.021755746150029683,1.3521158887757787e-78,0.7979067124940183,0.6366551218430144,0.7979067124940199,1.3056872574087087e-177,0.8323847459136656,9.440411289665788e-207
MGN-lite,A,1,A-k1,target_norm_retention,all,1600,400,1600,0.30599608959904107,0.826686670801375,0.6371089309523051,0.12916031726759405,0.2251061726035546,0.208406060934066,0.06559686862263188,ok,0.4936969205519556,-0.4215774334648388,0.00854098971724679,-0.4383683982841532,-0.40478646864552437,5.410440506349848e-172,-0.830086499592302,0.6890435968053921,-0.8300864995922967,0.0,-0.8121939676538935,0.0
MGN-lite,A,1,A-k1,target_norm_retention,iid,800,200,800,0.30599608959904107,0.8234863240216965,0.6348690703804128,0.12861193755560305,0.22025778868235604,0.201684191823005,0.0653251353838214,ok,0.49218478088499784,-0.4283197983478747,0.011339315367221079,-0.45068043549357406,-0.40595916120217534,1.034577191006234e-92,-0.8432747798420691,0.7111123543176708,-0.8432747798420575,2.2671071644109144e-217,-0.8258212278456686,1.0294398695977147e-200
MGN-lite,A,1,A-k1,target_norm_retention,ood,800,200,800,0.3218475544678999,0.826686670801375,0.6393487915241975,0.12974812987448248,0.22995455652475313,0.21400666236877403,0.0655502704617011,ok,0.4962407743531152,-0.41649600555831223,0.012712080545179324,-0.441563675980404,-0.39142833513622044,4.093294693209954e-82,-0.8243990061483674,0.6796337213384138,-0.8243990061483664,1.9385695984401555e-199,-0.8115239086311072,2.1284072193046945e-188
MGN-lite,A,2,A-k2,log_nk,all,1600,400,374,9.916206324943902,10.11382951201313,10.04340980982206,0.035149350400342214,0.4109089406998824,0.3800896853208535,0.19232073020873638,ok,-12.416616797706496,1.2772082371726245,0.11039934200734373,1.0601711572686907,1.4942453170765584,6.851957612841622e-27,0.23342798154863,0.05448862256299147,0.23342798153390182,3.055501468410917e-21,0.24792266596493137,7.751853513331998e-24
MGN-lite,A,2,A-k2,log_nk,iid,800,200,193,9.916206324943902,10.097737680195356,10.02918406295987,0.0364899857700807,0.3458193279895927,0.30002254247665405,0.17507040975150512,ok,-7.474363765316151,0.7797427033159545,0.1188530099765131,0.5453697324890309,1.014115674142878,4.533437730002688e-10,0.16252204006781806,0.02641341350611026,0.16252204006260285,3.83035215300653e-06,0.17690268887659352,4.7658864050914663e-07
MGN-lite,A,2,A-k2,log_nk,ood,800,200,194,9.95408560529922,10.11382951201313,10.057635556684254,0.027124353892019008,0.47599855341017205,0.44180555641651104,0.18678128879418016,ok,-3.1526454082724458,0.36078499178318413,0.17011699694409868,0.025321666371214413,0.6962483171951539,0.035176295234047,0.05239314847452308,0.0027450420073015236,0.05239314847669833,0.1387126929775249,0.05039122014355426,0.1544594826614397
MGN-lite,A,2,A-k2,beta_k,all,1600,400,1,1.0,1.0,1.0,0.0,0.4109089406998824,0.3800896853208535,0.19232073020873638,constant_predictor,,,,,,,,,,,,
MGN-lite,A,2,A-k2,beta_k,iid,800,200,1,1.0,1.0,1.0,0.0,0.3458193279895927,0.30002254247665405,0.17507040975150512,constant_predictor,,,,,,,,,,,,
MGN-lite,A,2,A-k2,beta_k,ood,800,200,1,1.0,1.0,1.0,0.0,0.47599855341017205,0.44180555641651104,0.18678128879418016,constant_predictor,,,,,,,,,,,,
MGN-lite,A,2,A-k2,beta_total,all,1600,400,1,2.0,2.0,2.0,0.0,0.4109089406998824,0.3800896853208535,0.19232073020873638,constant_predictor,,,,,,,,,,,,
MGN-lite,A,2,A-k2,beta_total,iid,800,200,1,2.0,2.0,2.0,0.0,0.3458193279895927,0.30002254247665405,0.17507040975150512,constant_predictor,,,,,,,,,,,,
MGN-lite,A,2,A-k2,beta_total,ood,800,200,1,2.0,2.0,2.0,0.0,0.47599855341017205,0.44180555641651104,0.18678128879418016,constant_predictor,,,,,,,,,,,,
MGN-lite,A,2,A-k2,rho_H,all,1600,400,4,0.0,0.5,0.23611111380159855,0.19400841660345367,0.4109089406998824,0.3800896853208535,0.19232073020873638,ok,0.5722170100377133,-0.6831871094105988,0.017917893622692162,-0.7184123855688547,-0.6479618332523429,4.127880134280327e-135,-0.6891823320178917,0.47497228676561853,-0.6891823320178909,7.709925932279206e-226,-0.7332817626149241,5.095206897963914e-270
MGN-lite,A,2,A-k2,rho_H,iid,800,200,4,0.0,0.5,0.23611111380159855,0.19406911061920515,0.3458193279895927,0.30002254247665405,0.17507040975150512,ok,0.5086376140720082,-0.6895833214324252,0.022331984970018065,-0.7336210253401314,-0.645545617524719,7.860300421977048e-78,-0.7644171398135298,0.584333563640697,-0.7644171398135293,2.7946351596575373e-154,-0.8317916006440432,3.398751762339722e-206
MGN-lite,A,2,A-k2,rho_H,ood,800,200,4,0.0,0.5,0.23611111380159855,0.19406911061920515,0.47599855341017205,0.44180555641651104,0.18678128879418016,ok,0.6357964060034186,-0.6767908973887721,0.02809107003651643,-0.7321852667822487,-0.6213965279952954,6.570890361307204e-61,-0.7031978865728077,0.49448726768046236,-0.703197886572807,2.4676248401147826e-120,-0.7768920188212382,1.7075253399781883e-162
MGN-lite,A,2,A-k2,log_lambda1_positive,all,1600,400,400,2.2572324471287004,2.4820940566972225,2.402940436605092,0.03782836822457726,0.4109089406998824,0.3800896853208535,0.19232073020873638,ok,1.01136798008315,-0.24988511168906596,0.11650029044416564,-0.4789162126559534,-0.020854010722178545,0.032561566687034166,-0.04915094700687758,0.0024158155916956803,-0.049150947007110514,0.04933449466652137,-0.0795284945285458,0.0014540700607997606
MGN-lite,A,2,A-k2,log_lambda1_positive,iid,800,200,200,2.2572324471287004,2.4820940566972225,2.409096014356256,0.0401798062193372,0.3458193279895927,0.30002254247665405,0.17507040975150512,ok,0.4328436540885031,-0.036123228621962815,0.1131650491250881,-0.2592797878244845,0.1870333305805589,0.7499033505649186,-0.008290517672903331,6.873268328544402e-05,-0.008290517672938046,0.8148851293685675,-0.007928074045277799,0.8228408050455835
MGN-lite,A,2,A-k2,log_lambda1_positive,ood,800,200,200,2.2672418969714236,2.4576481935426377,2.3967848588539282,0.03425591783120631,0.47599855341017205,0.44180555641651104,0.18678128879418016,ok,0.17976182408910962,0.1235975470333027,0.1370038712170727,-0.1465681334007051,0.3937632274673105,0.36806973260469855,0.022667941969160447,0.0005138355931177951,0.02266794196917345,0.5220257007269457,0.007042312281193549,0.8423584266357066
MGN-lite,A,2,A-k2,initial_rayleigh_quotient,all,1600,400,1600,9.663916100440069,39.04852027739478,19.594550100497294,5.72707233863774,0.4109089406998824,0.3800896853208535,0.19232073020873638,ok,-0.07865933298137304,0.024984920356442925,0.0007167269153600517,0.023575887349815475,0.026393953363070374,3.7065633199946104e-123,0.7440198781543063,0.55356557908875,0.7440198781543073,3.842913303758149e-282,0.7910214740318259,0.0
MGN-lite,A,2,A-k2,initial_rayleigh_quotient,iid,800,200,800,9.663916100440069,38.88365121351391,19.180059547420786,5.632207685053734,0.3458193279895927,0.30002254247665405,0.17507040975150512,ok,-0.14383766623014738,0.025529482482007506,0.000845414254720314,0.023862362309810058,0.027196602654204954,3.060367941880647e-76,0.8213115376533308,0.6745526418824856,0.8213115376533351,1.0371761737481211e-196,0.8771053236020682,2.255543263605281e-256
MGN-lite,A,2,A-k2,initial_rayleigh_quotient,ood,800,200,800,9.979632635603817,39.04852027739478,20.009040653573805,5.794304735317522,0.47599855341017205,0.44180555641651104,0.18678128879418016,ok,0.013444125894823078,0.023117271613556017,0.0010910701039941065,0.02096572878174997,0.025268814445362064,6.611069715087566e-53,0.7171409793924851,0.5142911843240134,0.7171409793924854,2.8754462419484335e-127,0.7965683696380776,1.3529966031254954e-176
MGN-lite,A,2,A-k2,target_norm_retention,all,1600,400,1600,0.08394024928892163,0.7225126387866652,0.45501184297776304,0.21687702146741486,0.4109089406998824,0.3800896853208535,0.19232073020873638,ok,0.6952212243385727,-0.6248458980277241,0.01845078527147009,-0.6611188004240808,-0.5885729956313673,2.0865664078691718e-119,-0.7046287578739077,0.496501686422926,-0.7046287578739077,2.2298042064010276e-240,-0.7252751592871717,2.336792045813049e-261
MGN-lite,A,2,A-k2,target_norm_retention,iid,800,200,800,0.08394024928892163,0.7206892913917543,0.45327157530405254,0.21835439625622652,0.3458193279895927,0.30002254247665405,0.17507040975150512,ok,0.6322243362231676,-0.6318618325922065,0.02252309648188257,-0.6762764000964154,-0.5874472650879976,4.410048352050399e-71,-0.7880818304410119,0.6210729714712531,-0.78808183044101,2.4979213615353825e-170,-0.845832712238613,5.53281312930624e-220
MGN-lite,A,2,A-k2,target_norm_retention,ood,800,200,800,0.0842743000456455,0.7225126387866652,0.4567521106514736,0.21551205537277981,0.47599855341017205,0.44180555641651104,0.18678128879418016,ok,0.7603765596920002,-0.6226090687927305,0.029516523394010414,-0.6808143702630397,-0.5644037673224213,1.2221069643524526e-52,-0.7183790248771142,0.5160684233833912,-0.7183790248771126,6.648775964582622e-128,-0.7805573680583877,5.211503320454053e-165
MGN-lite,B,0,B-k0,log_nk,all,1600,400,274,7.383989457978509,8.155649270366002,7.870143704693032,0.25330373664630723,0.01144329006783615,0.008743272162973499,0.007463494070002854,ok,-0.06678019513871396,0.00993927025244843,0.0006211221153110627,0.00871818933185834,0.01116035117303852,7.054359794693863e-45,0.33732917462902334,0.11379097205604338,0.3373291746292386,7.101347424822643e-44,0.4353823505787795,5.357710182797863e-75
MGN-lite,B,0,B-k0,log_nk,iid,800,200,117,7.383989457978509,7.988542982737695,7.674815803605809,0.22556013876593328,0.009138767489348042,0.0067955395206805,0.006137347333771334,ok,-0.04843397035340478,0.007501513953690447,0.0009246845261461072,0.005678076250990481,0.009324951656390414,5.028305111062992e-14,0.27569606807787755,0.07600832195384088,0.2756960680783109,2.0209778998483576e-15,0.3987460454868456,6.937624268445777e-32
MGN-lite,B,0,B-k0,log_nk,ood,800,200,159,7.980023592310645,8.155649270366002,8.065471605780253,0.033571027992587404,0.013747812646324256,0.010513359215110001,0.007948284701045666,ok,0.06240178520530384,-0.006032377886506441,0.009620111764624273,-0.02500282023716787,0.012938064464154986,0.5313393040201411,-0.025478846632548357,0.000649171625726308,-0.02547884663257708,0.471746302022675,-0.060576150459534496,0.08685137325400202
MGN-lite,B,0,B-k0,beta_k,all,1600,400,1,1.0,1.0,1.0,0.0,0.01144329006783615,0.008743272162973499,0.007463494070002854,constant_predictor,,,,,,,,,,,,
MGN-lite,B,0,B-k0,beta_k,iid,800,200,1,1.0,1.0,1.0,0.0,0.009138767489348042,0.0067955395206805,0.006137347333771334,constant_predictor,,,,,,,,,,,,
MGN-lite,B,0,B-k0,beta_k,ood,800,200,1,1.0,1.0,1.0,0.0,0.013747812646324256,0.010513359215110001,0.007948284701045666,constant_predictor,,,,,,,,,,,,
MGN-lite,B,0,B-k0,beta_total,all,1600,400,4,0.0,3.0,1.9975,1.1568622244584645,0.01144329006783615,0.008743272162973499,0.007463494070002854,ok,0.006976484430531716,0.002236198066235006,0.000145055025614504,0.0019510304319689607,0.0025213657005010515,2.1280145481789592e-42,0.34661688546546354,0.12014326528977803,0.34661688546546326,2.2050911325601166e-46,0.4805198268573575,3.296501239434416e-93
MGN-lite,B,0,B-k0,beta_total,iid,800,200,3,0.0,2.0,0.995,0.8159701336898565,0.009138767489348042,0.0067955395206805,0.006137347333771334,ok,0.007101957181727482,0.002047045535297044,0.0002610787770399139,0.0015322095323485573,0.002561881538245531,2.6644507739867466e-13,0.27215797449077306,0.07406996307892066,0.2721579744907733,4.722067305209177e-15,0.4188252730408415,2.536722151419616e-35
MGN-lite,B,0,B-k0,beta_total,ood,800,200,1,3.0,3.0,3.0,0.0,0.013747812646324256,0.010513359215110001,0.007948284701045666,constant_predictor,,,,,,,,,,,,
MGN-lite,B,0,B-k0,rho_H,all,1600,400,1,0.0,0.0,0.0,0.0,0.01144329006783615,0.008743272162973499,0.007463494070002854,constant_predictor,,,,,,,,,,,,
MGN-lite,B,0,B-k0,rho_H,iid,800,200,1,0.0,0.0,0.0,0.0,0.009138767489348042,0.0067955395206805,0.006137347333771334,constant_predictor,,,,,,,,,,,,
MGN-lite,B,0,B-k0,rho_H,ood,800,200,1,0.0,0.0,0.0,0.0,0.013747812646324256,0.010513359215110001,0.007948284701045666,constant_predictor,,,,,,,,,,,,
MGN-lite,B,0,B-k0,log_lambda1_positive,all,1600,400,334,0.4839635920958233,0.78652672909991,0.660299946497459,0.05208200265921611,0.01144329006783615,0.008743272162973499,0.007463494070002854,ok,0.02738547462605894,-0.02414385256698523,0.004884213869608885,-0.033745861932364334,-0.014541843201606125,1.1334233943420374e-06,-0.168481435344259,0.028385994055691866,-0.1684814353443481,1.1808941859200086e-11,-0.24381416874232423,4.392133986929135e-23
MGN-lite,B,0,B-k0,log_lambda1_positive,iid,800,200,134,0.5910233297863299,0.7641555981649725,0.6869600234305279,0.04167734597343741,0.009138767489348042,0.0067955395206805,0.006137347333771334,ok,0.02045715007191094,-0.01647604255927632,0.005859602031593437,-0.02803092313217405,-0.00492116198637859,0.005419588533409876,-0.11188510095192579,0.01251827581505871,-0.1118851009520866,0.0015265034366315547,-0.21315390425566239,1.131985445004905e-09
MGN-lite,B,0,B-k0,log_lambda1_positive,ood,800,200,200,0.4839635920958233,0.78652672909991,0.6336398695643902,0.04762525821114128,0.013747812646324256,0.010513359215110001,0.007948284701045666,ok,0.00799682213942222,0.00907611844383385,0.008327165051995065,-0.007344689175492674,0.025496926063160372,0.2770571967235466,0.05438311543943844,0.002957523244899618,0.0543831154394434,0.12431311893332442,0.09073292380287448,0.010240536835248431
MGN-lite,B,0,B-k0,initial_rayleigh_quotient,all,1600,400,1600,1.7488274411298415,9.601429199906384,3.8133088589809176,2.014902693625446,0.01144329006783615,0.008743272162973499,0.007463494070002854,ok,-0.0004985072931929571,0.0031316103160394064,8.481017594064969e-05,0.002964879676185837,0.0032983409558929758,8.919693159458837e-131,0.845433787712599,0.7147582894060704,0.8454337877125983,0.0,0.7630037775405382,3.9093185376327714e-305
MGN-lite,B,0,B-k0,initial_rayleigh_quotient,iid,800,200,800,1.8517599173648494,9.601429199906384,3.777306675866613,2.0318055609388854,0.009138767489348042,0.0067955395206805,0.006137347333771334,ok,-0.0007330245326590586,0.0026134473234800957,0.00010321643343935275,0.002409909002085282,0.0028169856448749093,3.755295975940225e-64,0.8651973753952028,0.7485664983907481,0.8651973753952031,1.9157530778011185e-241,0.7836260916032681,3.7439246873505345e-167
MGN-lite,B,0,B-k0,initial_rayleigh_quotient,ood,800,200,800,1.7488274411298415,9.229387571693632,3.849311042095222,1.9984787904249977,0.013747812646324256,0.010513359215110001,0.007948284701045666,ok,-0.00021608402772230824,0.003627635314823989,8.556695545432341e-05,0.0034589009970443394,0.0037963696326036387,1.3697602582969928e-101,0.9121153190598071,0.8319543552635752,0.9121153190598078,2.7297349119564e-311,0.8813998068746983,3.832691497068315e-262
MGN-lite,B,0,B-k0,target_norm_retention,all,1600,400,1600,0.3997271106723129,0.8433838536060418,0.7234929861688051,0.11654482536574688,0.01144329006783615,0.008743272162973499,0.007463494070002854,ok,0.050595791827873396,-0.05411593824477263,0.0014782427150405652,-0.05702205594826696,-0.051209820541278296,1.2689995385650425e-129,-0.8450375270731818,0.7140884221619609,-0.8450375270731834,0.0,-0.7479923312470044,8.80326366484727e-287
MGN-lite,B,0,B-k0,target_norm_retention,iid,800,200,800,0.3997271106723129,0.831962956584739,0.7254979602292542,0.11627888079501619,0.009138767489348042,0.0067955395206805,0.006137347333771334,ok,0.04222066755670641,-0.04559888777206843,0.001823910285607417,-0.049195559595895756,-0.0420022159482411,2.5751456357172735e-63,-0.8639217152429809,0.7463607300683784,-0.8639217152429834,6.259291326768109e-240,-0.7653680396375621,6.891256017887593e-155
MGN-lite,B,0,B-k0,target_norm_retention,ood,800,200,800,0.41532293334141107,0.8433838536060418,0.7214880121083557,0.11684846698053436,0.013747812646324256,0.010513359215110001,0.007948284701045666,ok,0.05841109161390189,-0.06190439510846639,0.0015394915363184656,-0.06494020551832615,-0.05886858469860664,1.7087571270767458e-97,-0.9100622259831693,0.8282132551614663,-0.9100622259831832,1.7885020596819143e-307,-0.8822198394059991,2.859725328154124e-263
MGN-lite,B,1,B-k1,log_nk,all,1600,400,318,9.111403624116159,9.91422964906803,9.618079468081744,0.2626740432741036,0.24558114329352929,0.23222999274730602,0.07437632537235107,ok,-0.7870685931230806,0.10736548183486269,0.006275447781174596,0.09502840774772588,0.1197025559219995,1.304683247152907e-49,0.37918148120987527,0.14377859569254448,0.37918148120991424,7.176507665374299e-56,0.38966518878558576,3.648096977383746e-59
MGN-lite,B,1,B-k1,log_nk,iid,800,200,131,9.111403624116159,9.747885820441555,9.41746102300045,0.23691163444952995,0.22380274685099671,0.208614028990268,0.07364968320571706,ok,-0.758992552652902,0.10435883908662794,0.009691858388897709,0.08524691551070271,0.12347076266255316,1.3400958766167212e-21,0.33569490133732616,0.11269106678426455,0.33569490133790336,1.5942271586316233e-22,0.37680063835136507,2.173677672809677e-28
MGN-lite,B,1,B-k1,log_nk,ood,800,200,187,9.721125994942152,9.91422964906803,9.818697913163039,0.03685474387108677,0.26735953973606186,0.2472509369254105,0.06853129820298316,ok,-1.3129325340962552,0.16094721395933498,0.04708361319632492,0.06810037478993489,0.25379405312873504,0.0007641253767842131,0.08655415120938255,0.007491621090998768,0.0865541512060453,0.014329711172608327,0.06405055355168132,0.07019504892413428
MGN-lite,B,1,B-k1,beta_k,all,1600,400,4,0.0,3.0,1.9975,1.1568622244584645,0.24558114329352929,0.23222999274730602,0.07437632537235107,ok,0.19794716884328967,0.023846795719769512,0.0013855791622900213,0.02112284782396447,0.026570743615574554,4.75489524538896e-50,0.37091718372032684,0.1375795571790177,0.37091718372032556,2.3368807983717755e-53,0.4031738947324625,1.3730630660705836e-63
MGN-lite,B,1,B-k1,beta_k,iid,800,200,3,0.0,2.0,0.995,0.8159701336898565,0.22380274685099671,0.208614028990268,0.07364968320571706,ok,0.19369097630297888,0.030263085977907386,0.0027920533752051075,0.024757278052778064,0.03576889390303671,8.2118128846082855e-22,0.33528690466035643,0.11241730843672304,0.33528690466035665,1.8051839975615728e-22,0.38290676246466737,2.4600076591973243e-29
MGN-lite,B,1,B-k1,beta_k,ood,800,200,1,3.0,3.0,3.0,0.0,0.26735953973606186,0.2472509369254105,0.06853129820298316,constant_predictor,,,,,,,,,,,,
MGN-lite,B,1,B-k1,beta_total,all,1600,400,4,0.0,3.0,1.9975,1.1568622244584645,0.24558114329352929,0.23222999274730602,0.07437632537235107,ok,0.19794716884328967,0.023846795719769512,0.0013855791622900213,0.02112284782396447,0.026570743615574554,4.75489524538896e-50,0.37091718372032684,0.1375795571790177,0.37091718372032556,2.3368807983717755e-53,0.4031738947324625,1.3730630660705836e-63
MGN-lite,B,1,B-k1,beta_total,iid,800,200,3,0.0,2.0,0.995,0.8159701336898565,0.22380274685099671,0.208614028990268,0.07364968320571706,ok,0.19369097630297888,0.030263085977907386,0.0027920533752051075,0.024757278052778064,0.03576889390303671,8.2118128846082855e-22,0.33528690466035643,0.11241730843672304,0.33528690466035665,1.8051839975615728e-22,0.38290676246466737,2.4600076591973243e-29
MGN-lite,B,1,B-k1,beta_total,ood,800,200,1,3.0,3.0,3.0,0.0,0.26735953973606186,0.2472509369254105,0.06853129820298316,constant_predictor,,,,,,,,,,,,
MGN-lite,B,1,B-k1,rho_H,all,1600,400,4,0.0,0.5,0.1965625022398308,0.19777088866174766,0.24558114329352929,0.23222999274730602,0.07437632537235107,ok,0.2668836556943903,-0.10837526058184366,0.010688653104011969,-0.12938837547564946,-0.08736214568803785,1.1986544909771744e-21,-0.28817599534417776,0.0830454042926082,-0.2881759953441792,5.667560814339128e-32,-0.23287018220676958,3.815419756219417e-21
MGN-lite,B,1,B-k1,rho_H,iid,800,200,4,0.0,0.5,0.15701389067806304,0.19359928066917223,0.22380274685099671,0.208614028990268,0.07364968320571706,ok,0.23449630096990198,-0.06810578397061054,0.012553347900298441,-0.09286044051484345,-0.04335112742637763,1.6694014326748464e-07,-0.1790263068653191,0.03205041854983526,-0.1790263068653189,3.4518115983494663e-07,-0.05912903708106724,0.09466853303461843
MGN-lite,B,1,B-k1,rho_H,ood,800,200,4,0.0,0.5,0.23611111380159855,0.19406911061920515,0.26735953973606186,0.2472509369254105,0.06853129820298316,ok,0.315350916999237,-0.20325759550438594,0.010348154845317542,-0.22366370717251594,-0.18285148383625593,1.8174772557455113e-48,-0.575591325722431,0.3313053742469033,-0.575591325722429,9.026195090508072e-72,-0.6010487550674524,9.893879416592311e-80
MGN-lite,B,1,B-k1,log_lambda1_positive,all,1600,400,341,0.48396371872013666,0.7865796598052194,0.6601380210831935,0.05202854901877113,0.24558114329352929,0.23222999274730602,0.07437632537235107,ok,0.4225641802329477,-0.2681000507272887,0.0385285997676031,-0.3438444766840278,-0.19235562477054963,1.4185129709481302e-11,-0.1875443101197517,0.03517286825827404,-0.18754431011969902,3.935368416568237e-14,-0.2262010302465421,5.1923373765211546e-20
MGN-lite,B,1,B-k1,log_lambda1_positive,iid,800,200,141,0.5910233297874282,0.7641555981649928,0.6869600234308078,0.041677345973235094,0.22380274685099671,0.208614028990268,0.07364968320571706,ok,0.4712094061967327,-0.36014709867705974,0.06049222546775416,-0.47943513856440745,-0.24085905878971203,1.1682548483273418e-08,-0.2038023054477376,0.04153537970575161,-0.20380230544758754,6.007846603606245e-09,-0.24178568568110287,4.174862592891078e-12
MGN-lite,B,1,B-k1,log_lambda1_positive,ood,800,200,200,0.48396371872013666,0.7865796598052194,0.6333160187355792,0.04732532287849365,0.26735953973606186,0.2472509369254105,0.06853129820298316,ok,0.17038847841402474,0.15311638811164796,0.04027311056915148,0.07369956416753023,0.2325332120557657,0.0001908439215482883,0.10573683405076742,0.011180278075079708,0.10573683405076914,0.0027497535394425975,0.09741373128280757,0.005824006254976256
MGN-lite,B,1,B-k1,initial_rayleigh_quotient,all,1600,400,1600,4.040722026297464,17.302904387338785,9.461190744080676,2.805127875532731,0.24558114329352929,0.23222999274730602,0.07437632537235107,ok,0.11054068379416472,0.014273093435289982,0.000667201685338447,0.012961423430198762,0.015584763440381202,3.4468161440015093e-68,0.5383144712376309,0.28978246994385015,0.5383144712376309,6.7624439214296354e-121,0.5100952734747163,1.0359296860036369e-106
MGN-lite,B,1,B-k1,initial_rayleigh_quotient,iid,800,200,800,4.128986068925543,17.302904387338785,10.11995476427233,2.809825757094821,0.22380274685099671,0.208614028990268,0.07364968320571706,ok,0.08397763568155454,0.013816772349920283,0.0007284705053143015,0.012380260169673083,0.015253284530167483,1.7173819984916151e-46,0.5271268135707057,0.2778626775852038,0.5271268135707041,2.0738845583618985e-58,0.4878243872256051,4.645951153983621e-49
MGN-lite,B,1,B-k1,initial_rayleigh_quotient,ood,800,200,800,4.040722026297464,16.62278996797976,8.80242672388902,2.6425718339727258,0.26735953973606186,0.2472509369254105,0.06853129820298316,ok,0.08533122308908,0.02067933336530631,0.0007019442111420213,0.019295129884446822,0.0220635368461658,1.7140334334829657e-74,0.7973965958536607,0.635841331079003,0.7973965958536587,3.1899828388203396e-177,0.8181013017207841,6.271154971641621e-194
MGN-lite,B,1,B-k1,target_norm_retention,all,1600,400,1600,0.3002410380880237,0.8294970829195383,0.6106806439661167,0.13646261769953813,0.24558114329352929,0.23222999274730602,0.07437632537235107,ok,0.4200017057915204,-0.2856166545007915,0.014970002703761557,-0.3150465914361246,-0.25618671756545836,3.882127932675744e-58,-0.5240376710819818,0.2746154807130199,-0.5240376710819746,1.493018560269789e-113,-0.47998204393829846,5.64301072135066e-93
MGN-lite,B,1,B-k1,target_norm_retention,iid,800,200,800,0.3002410380880237,0.8234588560243168,0.5802514062502272,0.13942895976873398,0.22380274685099671,0.208614028990268,0.07364968320571706,ok,0.37019999702078676,-0.2522996904322162,0.01520417111393462,-0.2822816551602272,-0.2223177257042052,2.144085450432999e-39,-0.47763794568782103,0.22813800716087895,-0.47763794568781803,7.910590904162215e-47,-0.42229809734077717,6.106516127669664e-36
MGN-lite,B,1,B-k1,target_norm_retention,ood,800,200,800,0.311076362730106,0.8294970829195383,0.6411098816820061,0.12638342125508512,0.26735953973606186,0.2472509369254105,0.06853129820298316,ok,0.5509897549299523,-0.4424049968622601,0.013653950787547237,-0.469329994472623,-0.41547999925189716,2.6465702271393154e-81,-0.815870391338417,0.665644495462666,-0.8158703913383952,4.989897513075915e-192,-0.793181669033858,4.647559927512392e-174
MGN-lite,B,2,B-k2,log_nk,all,1600,400,329,9.543378146148761,10.357552330480354,10.05700041393879,0.26563318777746764,0.31160712559241754,0.29548327624797754,0.11235000943201597,ok,-1.6107392789741786,0.1911451054433939,0.008345008047926502,0.17473942633729636,0.2075507845494914,9.958193311937699e-75,0.45193128103574404,0.20424188277840138,0.4519312810355147,2.333678165769072e-81,0.4534305274772013,5.94579810269356e-82
MGN-lite,B,2,B-k2,log_nk,iid,800,200,134,9.543378146148761,10.193616628630961,9.855271155705621,0.24125881012768224,0.27493878965266,0.252417773008346,0.10721697742395409,ok,-1.7296099961040103,0.20339864363814678,0.012511138408002657,0.178727222378476,0.22807006489781756,2.2621406276626755e-38,0.4576860486533386,0.2094765191309511,0.457686048652295,1.138163601847128e-42,0.49284228648024925,3.4677444613459047e-50
MGN-lite,B,2,B-k2,log_nk,ood,800,200,195,10.154285180632154,10.357552330480354,10.258729672171958,0.03890022804884361,0.3482754615321751,0.33279192447662304,0.1052276938291869,ok,-1.9567405274726335,0.22468824724571235,0.09597657624758191,0.03542660961964217,0.4139498848717825,0.020217945866824256,0.08306201285700748,0.006899297980293095,0.08306201285962853,0.018786705369536146,0.0957573732065353,0.006719740986302909
MGN-lite,B,2,B-k2,beta_k,all,1600,400,1,0.0,0.0,0.0,0.0,0.31160712559241754,0.29548327624797754,0.11235000943201597,constant_predictor,,,,,,,,,,,,
MGN-lite,B,2,B-k2,beta_k,iid,800,200,1,0.0,0.0,0.0,0.0,0.27493878965266,0.252417773008346,0.10721697742395409,constant_predictor,,,,,,,,,,,,
MGN-lite,B,2,B-k2,beta_k,ood,800,200,1,0.0,0.0,0.0,0.0,0.3482754615321751,0.33279192447662304,0.1052276938291869,constant_predictor,,,,,,,,,,,,
MGN-lite,B,2,B-k2,beta_total,all,1600,400,4,0.0,3.0,1.9975,1.1568622244584645,0.31160712559241754,0.29548327624797754,0.11235000943201597,ok,0.22756260462575284,0.04207485405089589,0.0020939764389507885,0.03795824861254748,0.046191459489244295,1.5162332067920323e-62,0.433242591586414,0.18769914316451186,0.43324259158641354,3.3573598700908427e-74,0.45802808712449894,8.60139454202211e-84
MGN-lite,B,2,B-k2,beta_total,iid,800,200,3,0.0,2.0,0.995,0.8159701336898565,0.27493878965266,0.252417773008346,0.10721697742395409,ok,0.21653877970371366,0.05869347733562443,0.003878385312647867,0.05104547003722774,0.06634148463402113,6.17844262829188e-35,0.44668415113866206,0.1995267308784674,0.4466841511386624,1.714104681253827e-40,0.4864640757964965,9.319481695653185e-49
MGN-lite,B,2,B-k2,beta_total,ood,800,200,1,3.0,3.0,3.0,0.0,0.3482754615321751,0.33279192447662304,0.1052276938291869,constant_predictor,,,,,,,,,,,,
MGN-lite,B,2,B-k2,rho_H,all,1600,400,1,0.0,0.0,0.0,0.0,0.31160712559241754,0.29548327624797754,0.11235000943201597,constant_predictor,,,,,,,,,,,,
MGN-lite,B,2,B-k2,rho_H,iid,800,200,1,0.0,0.0,0.0,0.0,0.27493878965266,0.252417773008346,0.10721697742395409,constant_predictor,,,,,,,,,,,,
MGN-lite,B,2,B-k2,rho_H,ood,800,200,1,0.0,0.0,0.0,0.0,0.3482754615321751,0.33279192447662304,0.1052276938291869,constant_predictor,,,,,,,,,,,,
MGN-lite,B,2,B-k2,log_lambda1_positive,all,1600,400,341,2.269147735025334,2.6801398291281306,2.4316724405207566,0.11758202001057262,0.31160712559241754,0.29548327624797754,0.11235000943201597,ok,1.2250368915324121,-0.37563849090808427,0.01876327452259922,-0.4125257244529176,-0.33875125736325096,3.1617071619308633e-62,-0.39313154291653474,0.1545524100361072,-0.39313154291675334,2.794725560754786e-60,-0.34369864274541156,1.382426875692065e-45
MGN-lite,B,2,B-k2,log_lambda1_positive,iid,800,200,141,2.3079179766807294,2.6801398291281306,2.49949217157336,0.13156113788144,0.27493878965266,0.252417773008346,0.10721697742395409,ok,1.096236079376471,-0.3285856619454141,0.025275801272113322,-0.37842844367510514,-0.2787428802157231,2.2513002391945964e-28,-0.4031927089879587,0.16256436058121682,-0.4031927089881673,1.2593929769518097e-32,-0.3937100891165457,4.644902993532264e-31
MGN-lite,B,2,B-k2,log_lambda1_positive,ood,800,200,200,2.269147735025334,2.436837653384714,2.3638527094681536,0.033904105669069255,0.3482754615321751,0.33279192447662304,0.1052276938291869,ok,-0.21491097349712812,0.2382493768641028,0.11056289225070501,0.020224157939184362,0.45627459578902124,0.03237273467706454,0.07676336670366106,0.005892614467688961,0.07676336670371388,0.029930792656017346,0.07765218757344823,0.0280763290537284
MGN-lite,B,2,B-k2,initial_rayleigh_quotient,all,1600,400,1600,18.10295563287944,42.92928857678454,26.149336602373523,4.543025397123421,0.31160712559241754,0.29548327624797754,0.11235000943201597,ok,-0.0862382246402965,0.015214357300238433,0.0006412340506980065,0.013953737776897353,0.016474976823579512,2.96094973284987e-78,0.6152132248615254,0.37848731204451835,0.6152132248615261,3.000286375189112e-167,0.6843574811943287,1.7485559192246298e-221
MGN-lite,B,2,B-k2,initial_rayleigh_quotient,iid,800,200,800,18.10295563287944,39.239361095504606,23.735281786350328,3.556241582911774,0.27493878965266,0.252417773008346,0.10721697742395409,ok,-0.24337707345234072,0.02183735873753452,0.0008786773445467155,0.020104645197671946,0.023570072277397096,6.314014932103223e-63,0.7243155428296163,0.5246330055845558,0.7243155428296123,5.308417323384185e-131,0.7950160547125856,1.9934116471197343e-175
MGN-lite,B,2,B-k2,initial_rayleigh_quotient,ood,800,200,800,19.97141079184148,42.92928857678454,28.563391418396723,4.121556473592118,0.3482754615321751,0.33279192447662304,0.1052276938291869,ok,0.054054012864776194,0.010300648279388203,0.0009068817710042341,0.008512316836195922,0.012088979722580483,2.2712803706542605e-23,0.4034556118565467,0.1627764307385401,0.40345561185654627,1.1376140484351098e-32,0.42211542518035194,6.584249262873041e-36
MGN-lite,B,2,B-k2,target_norm_retention,all,1600,400,1600,0.07724110015150125,0.21958787048386205,0.15267364116347337,0.02544651991165597,0.31160712559241754,0.29548327624797754,0.11235000943201597,ok,0.7330707565499096,-2.7605526909927662,0.11076199579093236,-2.978302721868826,-2.5428026601167066,2.355760714730955e-83,-0.6252465787377587,0.3909332842232751,-0.625246578737761,2.8238340113692128e-174,-0.5331538889273004,3.3526354231528113e-118
MGN-lite,B,2,B-k2,target_norm_retention,iid,800,200,800,0.07724110015150125,0.21119322308416655,0.14921158044986707,0.02429390432927563,0.27493878965266,0.252417773008346,0.10721697742395409,ok,0.77412287255725,-3.3454781552448503,0.13209829974515158,-3.60597026191152,-3.0849860485781804,3.631047028818915e-64,-0.7580397078144246,0.5746241986233855,-0.7580397078144294,2.8251986568774546e-150,-0.7186390291234831,4.883666636253962e-128
MGN-lite,B,2,B-k2,target_norm_retention,ood,800,200,800,0.07766014934669044,0.21958787048386205,0.15613570187707967,0.026108727515521502,0.3482754615321751,0.33279192447662304,0.1052276938291869,ok,0.773627859471541,-2.7242481560958547,0.13538542681356847,-2.9912223344968685,-2.457273977694841,7.369987759945714e-50,-0.6759309284837736,0.45688262008091085,-0.6759309284837547,6.963760195993578e-108,-0.563855310711423,2.4860734575533137e-68
MGN-lite,C,0,C-k0,log_nk,all,1600,400,236,7.383989457978509,7.816416983691801,7.638937468881613,0.13285965075075507,0.009254839944478092,0.006992214126512001,0.005583566100895749,ok,-0.05124382811455378,0.007919775270511825,0.0008503710406467116,0.006248007630043871,0.00959154291097978,8.459217353142309e-19,0.188449202078196,0.03551310176382705,0.18844920207797944,2.955128152624455e-14,0.23316498199848548,3.393081132330946e-21
MGN-lite,C,0,C-k0,log_nk,iid,800,200,119,7.383989457978509,7.746732907753622,7.5388594218869125,0.12127475230744209,0.008516910205361878,0.006557581480592,0.004947070728905449,ok,-0.05979772362023435,0.009061667024492612,0.0013605667663441582,0.006378688485712012,0.01174464556327321,2.61067739829505e-10,0.22214184597498224,0.049346999733303476,0.2221418459752769,2.1138067235154917e-10,0.29418284899979585,1.9547159716765277e-17
MGN-lite,C,0,C-k0,log_nk,ood,800,200,122,7.674152921281675,7.816416983691801,7.7390155158763125,0.023698078287639795,0.00999276968359431,0.007431365316733001,0.006068565513516265,ok,0.02916537470765134,-0.00247739586316454,0.011457001626325502,-0.025070105197673075,0.020115313471343994,0.8290266702662861,-0.009674365545529163,9.359334869718516e-05,-0.009674365544942776,0.7846910905222336,0.03452097090229241,0.3294786992780705
MGN-lite,C,0,C-k0,beta_k,all,1600,400,1,1.0,1.0,1.0,0.0,0.009254839944478092,0.006992214126512001,0.005583566100895749,constant_predictor,,,,,,,,,,,,
MGN-lite,C,0,C-k0,beta_k,iid,800,200,1,1.0,1.0,1.0,0.0,0.008516910205361878,0.006557581480592,0.004947070728905449,constant_predictor,,,,,,,,,,,,
MGN-lite,C,0,C-k0,beta_k,ood,800,200,1,1.0,1.0,1.0,0.0,0.00999276968359431,0.007431365316733001,0.006068565513516265,constant_predictor,,,,,,,,,,,,
MGN-lite,C,0,C-k0,beta_total,all,1600,400,4,0.0,3.0,2.0025,1.1525293716301959,0.009254839944478092,0.006992214126512001,0.005583566100895749,ok,0.007448082195023574,0.0009022510609011346,0.00010546499814788965,0.0006949145422779607,0.0011095875795243083,2.5616433304473933e-16,0.186237760865093,0.03468450357204356,0.18623776086509297,5.936326281343687e-14,0.24172457497251004,1.0482082272605938e-22
MGN-lite,C,0,C-k0,beta_total,iid,800,200,3,0.0,2.0,1.005,0.8159701336898565,0.008516910205361878,0.006557581480592,0.004947070728905449,ok,0.007121501451179414,0.001388466422072106,0.0002143782083052853,0.0009657219112600387,0.0018112109328841735,7.184626541442718e-10,0.2290137323936584,0.052447289624874105,0.22901373239365858,5.576736904162628e-11,0.31488756002458806,7.134849727555761e-20
MGN-lite,C,0,C-k0,beta_total,ood,800,200,1,3.0,3.0,3.0,0.0,0.00999276968359431,0.007431365316733001,0.006068565513516265,constant_predictor,,,,,,,,,,,,
MGN-lite,C,0,C-k0,rho_H,all,1600,400,1,0.0,0.0,0.0,0.0,0.009254839944478092,0.006992214126512001,0.005583566100895749,constant_predictor,,,,,,,,,,,,
MGN-lite,C,0,C-k0,rho_H,iid,800,200,1,0.0,0.0,0.0,0.0,0.008516910205361878,0.006557581480592,0.004947070728905449,constant_predictor,,,,,,,,,,,,
MGN-lite,C,0,C-k0,rho_H,ood,800,200,1,0.0,0.0,0.0,0.0,0.00999276968359431,0.007431365316733001,0.006068565513516265,constant_predictor,,,,,,,,,,,,
MGN-lite,C,0,C-k0,log_lambda1_positive,all,1600,400,335,0.6671266100083025,0.7461019031171019,0.7075874038421409,0.014334179386468063,0.009254839944478092,0.006992214126512001,0.005583566100895749,ok,0.014284308461270254,-0.007107911318772877,0.010421074062027578,-0.027594985270125234,0.013379162632579478,0.4955898681173495,-0.01824749166846113,0.00033297095219519957,-0.018247491668589765,0.4657631617605038,-0.061455196209984506,0.013947574960264294
MGN-lite,C,0,C-k0,log_lambda1_positive,iid,800,200,135,0.6671266100083025,0.7461019031171019,0.713538963626299,0.012262831017344348,0.008516910205361878,0.006557581480592,0.004947070728905449,ok,0.013484676056169199,-0.006962150778092405,0.01414373227279967,-0.03485297619355108,0.020928674637366272,0.6230902935092797,-0.017257824516268682,0.00029783250704684683,-0.01725782451663239,0.6259762799456339,-0.06755326787500156,0.05614745563661121
MGN-lite,C,0,C-k0,log_lambda1_positive,ood,800,200,200,0.6680164939718534,0.7347656872469495,0.7016358440579827,0.013779939728065342,0.00999276968359431,0.007431365316733001,0.006068565513516265,ok,-0.015572621852729096,0.03643683793071747,0.016865600478509983,0.003178606694423977,0.06969506916701096,0.03193506035344582,0.0827374161897521,0.006845480037790064,0.0827374161899567,0.019256787113332834,0.10478904798673895,0.0030030975906500533
MGN-lite,C,0,C-k0,initial_rayleigh_quotient,all,1600,400,1600,2.020287562688089,10.188545072201846,3.8882111853426875,1.9844282328946323,0.009254839944478092,0.006992214126512001,0.005583566100895749,ok,-0.00055422656977308,0.002522771024173847,6.197817154053917e-05,0.0024009264449910387,0.0026446156033566553,3.989239094553622e-144,0.8966058527893053,0.8039020552560354,0.8966058527893044,0.0,0.8733486194721171,0.0
MGN-lite,C,0,C-k0,initial_rayleigh_quotient,iid,800,200,800,2.020287562688089,10.188545072201846,3.9664022875951237,2.0277465728461253,0.008516910205361878,0.006557581480592,0.004947070728905449,ok,-0.0002367012959430449,0.0022069399084106356,7.278916158131666e-05,0.0020634028448799314,0.0023504769719413397,1.5818751219651084e-76,0.9045989194391683,0.8182992050505079,0.9045989194391666,9.497299988013714e-298,0.8739587874356055,2.7855729859711775e-252
MGN-lite,C,0,C-k0,initial_rayleigh_quotient,ood,800,200,800,2.0303067641596257,9.742532900998366,3.810020083090251,1.9382570169243067,0.00999276968359431,0.007431365316733001,0.006068565513516265,ok,-0.0010845442754918377,0.002907416159891078,8.100607819120047e-05,0.0027476756938779622,0.003067156625904194,7.38431661372235e-89,0.9286082123488145,0.8623132120416623,0.9286082123488151,0.0,0.9228407466261667,0.0
MGN-lite,C,0,C-k0,target_norm_retention,all,1600,400,1600,0.3776723959775004,0.819516746089003,0.7197912852277767,0.11180331424323807,0.009254839944478092,0.006992214126512001,0.005583566100895749,ok,0.041354681565624225,-0.04459604093565564,0.0011253620176833897,-0.04680842084401193,-0.042383661027299346,2.112948188688713e-140,-0.8929750429449621,0.7974044273225583,-0.8929750429449629,0.0,-0.8681272961434752,0.0
MGN-lite,C,0,C-k0,target_norm_retention,iid,800,200,800,0.3776723959775004,0.819516746089003,0.7154277196948868,0.11416248884099138,0.008516910205361878,0.006557581480592,0.004947070728905449,ok,0.03644896189869437,-0.03904245100433748,0.0013191123177877892,-0.041643683171999096,-0.036441218836675865,8.056431489344699e-75,-0.9009742575671226,0.8117546127986216,-0.900974257567119,1.2911515548370063e-291,-0.8687242480066376,1.0325446882028394e-245
MGN-lite,C,0,C-k0,target_norm_retention,ood,800,200,800,0.3917113428045454,0.8186686496864528,0.7241548507606665,0.1092904559214939,0.00999276968359431,0.007431365316733001,0.006068565513516265,ok,0.04716944000736202,-0.05133801186958374,0.0014840036940488499,-0.05426440266575365,-0.04841162107341383,4.0938519164984274e-86,-0.924560295317447,0.8548117396774817,-0.9245602953174452,0.0,-0.9210852282581692,0.0
MGN-lite,C,1,C-k1,log_nk,all,1600,400,321,9.111403624116159,9.592195614445213,9.398410354881623,0.14872587885895874,0.1841995766479517,0.1629965677857395,0.07364533784340492,ok,-0.8992123412540656,0.11527608148535035,0.010620556049343985,0.09439684045008814,0.13615532252061255,3.185358601293873e-24,0.23279866767372018,0.054195219670942985,0.23279866767432997,3.9254643551664955e-21,0.24283171042666585,6.618188125093808e-23
MGN-lite,C,1,C-k1,log_nk,iid,800,200,134,9.111403624116159,9.519955154427514,9.28712946586172,0.1370804270062386,0.17138694001361682,0.153226405382156,0.06932530011371033,ok,-0.934512184358845,0.11907868070942358,0.015605922331717328,0.08830448003834582,0.14985288138050135,9.49857484887691e-13,0.23546030629817774,0.05544155584278565,0.235460306299779,1.5359861194037614e-11,0.2665669464627763,1.7604768438259863e-14
MGN-lite,C,1,C-k1,log_nk,ood,800,200,188,9.433403920090221,9.592195614445213,9.509691243901527,0.026029686814930824,0.19701221328228663,0.17461771517992003,0.07562621323461849,ok,0.055548348530630315,0.014875757911012755,0.11148066708621868,-0.20495927310694428,0.2347107889289698,0.893981832360693,0.0051200675400357425,2.6215091609493868e-05,0.0051200675395530314,0.8850331032940877,0.021133563509391426,0.5505878673187956
MGN-lite,C,1,C-k1,beta_k,all,1600,400,1,0.0,0.0,0.0,0.0,0.1841995766479517,0.1629965677857395,0.07364533784340492,constant_predictor,,,,,,,,,,,,
MGN-lite,C,1,C-k1,beta_k,iid,800,200,1,0.0,0.0,0.0,0.0,0.17138694001361682,0.153226405382156,0.06932530011371033,constant_predictor,,,,,,,,,,,,
MGN-lite,C,1,C-k1,beta_k,ood,800,200,1,0.0,0.0,0.0,0.0,0.19701221328228663,0.17461771517992003,0.07562621323461849,constant_predictor,,,,,,,,,,,,
MGN-lite,C,1,C-k1,beta_total,all,1600,400,4,0.0,3.0,2.0025,1.1525293716301959,0.1841995766479517,0.1629965677857395,0.07364533784340492,ok,0.155258934235814,0.01445225588621117,0.0014797214272868247,0.011543231141949103,0.017361280630473236,2.4038517653829036e-20,0.22617384729215947,0.051154609198936996,0.2261738472921595,5.2469992251229375e-20,0.25071041413086415,2.3459464814154656e-24
MGN-lite,C,1,C-k1,beta_total,iid,800,200,3,0.0,2.0,1.005,0.8159701336898565,0.17138694001361682,0.153226405382156,0.06932530011371033,ok,0.1520277229266739,0.01926290257407258,0.0026403173047202526,0.014056311586134553,0.024469493562010607,6.913488658402641e-12,0.22672751741196107,0.051405367151791115,0.22672751741196115,8.729409580709914e-11,0.26266083618365965,4.3352832494939897e-14
MGN-lite,C,1,C-k1,beta_total,ood,800,200,1,3.0,3.0,3.0,0.0,0.19701221328228663,0.17461771517992003,0.07562621323461849,constant_predictor,,,,,,,,,,,,
MGN-lite,C,1,C-k1,rho_H,all,1600,400,1,0.0,0.0,0.0,0.0,0.1841995766479517,0.1629965677857395,0.07364533784340492,constant_predictor,,,,,,,,,,,,
MGN-lite,C,1,C-k1,rho_H,iid,800,200,1,0.0,0.0,0.0,0.0,0.17138694001361682,0.153226405382156,0.06932530011371033,constant_predictor,,,,,,,,,,,,
MGN-lite,C,1,C-k1,rho_H,ood,800,200,1,0.0,0.0,0.0,0.0,0.19701221328228663,0.17461771517992003,0.07562621323461849,constant_predictor,,,,,,,,,,,,
MGN-lite,C,1,C-k1,log_lambda1_positive,all,1600,400,343,0.6671266100083363,0.7461019031171127,0.7075874038421653,0.014334179386463936,0.1841995766479517,0.1629965677857395,0.07364533784340492,ok,0.535872890178696,-0.49700335480992974,0.13384991367304297,-0.7601425536564088,-0.23386415596345067,0.00023382953541850184,-0.09673572628138737,0.009357800739106859,-0.09673572628097038,0.00010640735677310859,-0.13415263952870932,7.193262585460887e-08
MGN-lite,C,1,C-k1,log_lambda1_positive,iid,800,200,143,0.6671266100083363,0.7461019031171127,0.7135389636263194,0.012262831017341585,0.17138694001361682,0.153226405382156,0.06932530011371033,ok,0.7099268485678586,-0.7547449207500858,0.2066358075236281,-1.1622217536725625,-0.34726808782760904,0.00033199914865957237,-0.1335055082224558,0.01782372072528371,-0.13350550822076096,0.00015237451178477741,-0.15800124301742197,7.115773965636605e-06
MGN-lite,C,1,C-k1,log_lambda1_positive,ood,800,200,200,0.6680164939718866,0.7347656872469673,0.7016358440580113,0.013779939728062773,0.19701221328228663,0.17461771517992003,0.07562621323461849,ok,-0.031460084330097914,0.32562802990658696,0.19930080539822728,-0.06738449757262249,0.7186405573857964,0.1038709617802472,0.05933305971515403,0.003520411975170057,0.059333059715222694,0.09353349913959692,0.0456844192493301,0.1967716341777859
MGN-lite,C,1,C-k1,initial_rayleigh_quotient,all,1600,400,1600,8.074225456269636,17.246303429376074,11.334696817030435,1.6775784306075634,0.1841995766479517,0.1629965677857395,0.07364533784340492,ok,-0.19255654734405342,0.03323918849121099,0.0009392929277426867,0.03139260688569627,0.03508577009672571,3.9826138660006043e-125,0.7571605657145919,0.5732921222732462,0.7571605657145954,7.854017459640405e-298,0.772663180727805,1.10514e-317
MGN-lite,C,1,C-k1,initial_rayleigh_quotient,iid,800,200,800,8.102349527174022,17.01325091365047,11.497695944916105,1.6756500465237425,0.17138694001361682,0.153226405382156,0.06932530011371033,ok,-0.188877838819119,0.031333649851128034,0.0012359313803402556,0.02889644687742288,0.03377085282483319,3.095310429418738e-64,0.7573603250859594,0.5735946620143191,0.7573603250859653,7.418700900005256e-150,0.7779296217650341,3.351064441367379e-163
MGN-lite,C,1,C-k1,initial_rayleigh_quotient,ood,800,200,800,8.074225456269636,17.246303429376074,11.17169768914477,1.6646483131577874,0.19701221328228663,0.17461771517992003,0.07562621323461849,ok,-0.21988655223414377,0.03731740484899814,0.0012461708401374973,0.034860010105536236,0.039774799592460046,1.2019855095161817e-75,0.8214130045172606,0.6747193239900451,0.8214130045172434,8.453312837382042e-197,0.8511231970674956,1.5320901586851808e-225
MGN-lite,C,1,C-k1,target_norm_retention,all,1600,400,1600,0.2869736732174376,0.5991884580811021,0.4845623687211373,0.08289913661461802,0.1841995766479517,0.1629965677857395,0.07364533784340492,ok,0.5470531236166745,-0.7488273345005515,0.015700003364274358,-0.779692399660427,-0.717962269340676,6.523016703411517e-167,-0.842920153825876,0.7105143857258436,-0.8429201538258793,0.0,-0.8408927259346587,0.0
MGN-lite,C,1,C-k1,target_norm_retention,iid,800,200,800,0.29691312783439067,0.5977724093728244,0.48533444974197154,0.08184156836383297,0.17138694001361682,0.153226405382156,0.06932530011371033,ok,0.5186403391684931,-0.7154929952726308,0.02193440354075387,-0.7587466858790275,-0.672239304666234,8.581756948570806e-82,-0.8446709756813287,0.7134690571584901,-0.8446709756813536,8.616626208562581e-219,-0.8465475336680215,1.0100626544515974e-220
MGN-lite,C,1,C-k1,target_norm_retention,ood,800,200,800,0.2869736732174376,0.5991884580811021,0.483790287700303,0.0839874917188466,0.19701221328228663,0.17461771517992003,0.07562621323461849,ok,0.5733035376998487,-0.7777984262690842,0.020508293642662975,-0.8182398901291218,-0.7373569624090467,5.101407893026127e-93,-0.8637922763968758,0.746137096762916,-0.8637922763968868,8.898288194857351e-240,-0.8725277617621279,1.8602017968660022e-250
MGN-lite,C,2,C-k2,log_nk,all,1600,400,321,9.543378146148761,10.04676504723975,9.845505281566203,0.15612627542321453,0.4035225112456824,0.35284197330474804,0.19091740383422212,ok,-4.669810685829725,0.5152943451845273,0.016523732125397143,0.4828098891687255,0.5477788012003292,4.991517282793253e-109,0.4213915821428302,0.17757086550100698,0.42139158214303113,6.883995948025715e-70,0.4788524153434215,1.7399642560741624e-92
MGN-lite,C,2,C-k2,log_nk,iid,800,200,133,9.543378146148761,9.974085801381666,9.729188565011398,0.144710143517777,0.341159233115613,0.3015403300523755,0.14950706858664628,ok,-4.2980246634927575,0.47683153282610385,0.023674197434153707,0.4301470442659722,0.5235160213862355,6.485588599352991e-50,0.46153242252273186,0.21301217703823105,0.46153242252113874,1.8873579843610178e-43,0.5276012810799071,1.5713461939898923e-58
MGN-lite,C,2,C-k2,log_nk,ood,800,200,188,9.879041159631202,10.04676504723975,9.961821998121007,0.027336534899447144,0.46588578937575176,0.41103611886501257,0.20689145324382022,ok,-7.871964414536539,0.8369804444895894,0.19412521510444453,0.45417395616055856,1.2197869328186202,2.5491749954121794e-05,0.1105900933664009,0.012230168751484527,0.11059009336954378,0.0017321643881426793,0.10150511740121938,0.004053923841640305
MGN-lite,C,2,C-k2,beta_k,all,1600,400,4,0.0,3.0,2.0025,1.1525293716301959,0.4035225112456824,0.35284197330474804,0.19091740383422212,ok,0.26865597195159185,0.06734908329292921,0.002392927160332417,0.06264476247128145,0.07205340411457697,8.48011139854782e-97,0.4065726596348973,0.16530132756259397,0.4065726596348971,9.813729083843627e-65,0.4793655426536266,1.0438276569240374e-92
MGN-lite,C,2,C-k2,beta_k,iid,800,200,3,0.0,2.0,1.005,0.8159701336898565,0.341159233115613,0.3015403300523755,0.14950706858664628,ok,0.258948299498942,0.08180192399668762,0.004279737975447429,0.0733624666883314,0.09024138130504383,6.354516281912516e-47,0.44645331816522876,0.19932056530074327,0.44645331816522893,1.900567506196655e-40,0.505979061881274,3.156880159019904e-53
MGN-lite,C,2,C-k2,beta_k,ood,800,200,1,3.0,3.0,3.0,0.0,0.46588578937575176,0.41103611886501257,0.20689145324382022,constant_predictor,,,,,,,,,,,,
MGN-lite,C,2,C-k2,beta_total,all,1600,400,4,0.0,3.0,2.0025,1.1525293716301959,0.4035225112456824,0.35284197330474804,0.19091740383422212,ok,0.26865597195159185,0.06734908329292921,0.002392927160332417,0.06264476247128145,0.07205340411457697,8.48011139854782e-97,0.4065726596348973,0.16530132756259397,0.4065726596348971,9.813729083843627e-65,0.4793655426536266,1.0438276569240374e-92
MGN-lite,C,2,C-k2,beta_total,iid,800,200,3,0.0,2.0,1.005,0.8159701336898565,0.341159233115613,0.3015403300523755,0.14950706858664628,ok,0.258948299498942,0.08180192399668762,0.004279737975447429,0.0733624666883314,0.09024138130504383,6.354516281912516e-47,0.44645331816522876,0.19932056530074327,0.44645331816522893,1.900567506196655e-40,0.505979061881274,3.156880159019904e-53
MGN-lite,C,2,C-k2,beta_total,ood,800,200,1,3.0,3.0,3.0,0.0,0.46588578937575176,0.41103611886501257,0.20689145324382022,constant_predictor,,,,,,,,,,,,
MGN-lite,C,2,C-k2,rho_H,all,1600,400,4,0.0,0.5,0.19715278002433478,0.19777344145938522,0.4035225112456824,0.35284197330474804,0.19091740383422212,ok,0.4831463302437873,-0.4038686088437448,0.029445330411007983,-0.4617559876361525,-0.34598123005133713,2.3897176383620134e-35,-0.41837194024384766,0.1750350803834022,-0.4183719402438483,8.1133581768446e-69,-0.34940076165101924,3.7581666068903167e-47
MGN-lite,C,2,C-k2,rho_H,iid,800,200,4,0.0,0.5,0.15819444624707102,0.19384400954744815,0.341159233115613,0.3015403300523755,0.14950706858664628,ok,0.37191164758104167,-0.19439629642496414,0.028619918088450116,-0.250833531195365,-0.1379590616545633,1.246437135693042e-10,-0.2520453239864744,0.06352684534344688,-0.2520453239864746,4.659044985311242e-13,-0.09215670316110226,0.009105664576825935
MGN-lite,C,2,C-k2,rho_H,ood,800,200,4,0.0,0.5,0.23611111380159855,0.19406911061920515,0.46588578937575176,0.41103611886501257,0.20689145324382022,ok,0.6487833298589132,-0.7746248685135948,0.028460532903775638,-0.8307478026260204,-0.7185019344011692,5.275188325698829e-69,-0.7266165756919318,0.5279716480702682,-0.7266165756919312,3.1789165734492813e-132,-0.8622865270904146,5.189359559850927e-238
MGN-lite,C,2,C-k2,log_lambda1_positive,all,1600,400,344,2.507009414956816,2.6964556261107866,2.6250755100023775,0.038772774080661244,0.4035225112456824,0.35284197330474804,0.19091740383422212,ok,5.06618183547077,-1.7762000774678117,0.0952208210000466,-1.9633972886117927,-1.5890028663238307,2.741449374871842e-56,-0.36072250587228954,0.1301207262443178,-0.36072250587441557,2.337986754270026e-50,-0.4685247159593607,4.241246488772087e-88
MGN-lite,C,2,C-k2,log_lambda1_positive,iid,800,200,144,2.5380297231594233,2.6964556261107866,2.6486227334733856,0.032277579501732996,0.341159233115613,0.3015403300523755,0.14950706858664628,ok,5.465673130473878,-1.9347843815558863,0.13019669307767706,-2.1915266025100415,-1.678042160601731,4.258374721262572e-34,-0.4177070508086958,0.17447918030058696,-0.41770705081502657,3.998372995690466e-35,-0.505645851118059,3.784729428517476e-53
MGN-lite,C,2,C-k2,log_lambda1_positive,ood,800,200,200,2.507009414956816,2.675911259516468,2.6015282865313702,0.029263697863029327,0.46588578937575176,0.41103611886501257,0.20689145324382022,ok,1.6427130693820184,-0.45235997859399624,0.14481039433696116,-0.7379197833821023,-0.16680017380589013,0.0020517380318820374,-0.06398391780495905,0.004093941737727147,-0.06398391780539163,0.07048792617042929,-0.12240040688880868,0.0005211426405753568
MGN-lite,C,2,C-k2,initial_rayleigh_quotient,all,1600,400,1600,9.48354991510157,35.86134226126692,19.505883276152996,5.252073034994045,0.4035225112456824,0.35284197330474804,0.19091740383422212,ok,-0.0673969149629374,0.02414243023715541,0.0007958191233888169,0.022577907699869563,0.025706952774441256,1.1586225563537334e-105,0.664150068570439,0.44109531358211784,0.6641500685704382,3.984166309957599e-204,0.6825574365458738,7.0152576591593875e-220
MGN-lite,C,2,C-k2,initial_rayleigh_quotient,iid,800,200,800,9.48354991510157,34.49063293614603,19.227714655567596,4.827716345157303,0.341159233115613,0.3015403300523755,0.14950706858664628,ok,0.011995176220780779,0.0171192501444533,0.001082979780016135,0.014983661079960712,0.019254839208945888,5.327640489175998e-37,0.5527958277860021,0.3055832272176129,0.5527958277860037,3.2619210255389063e-65,0.5249658046340698,7.298987125728366e-58
MGN-lite,C,2,C-k2,initial_rayleigh_quotient,ood,800,200,800,9.901133582941487,35.86134226126692,19.784051896738394,5.633939249257863,0.46588578937575176,0.41103611886501257,0.20689145324382022,ok,-0.09445416350709246,0.028322810504516654,0.0010245846623870114,0.02630237407438503,0.03034324693464828,4.5722323935205954e-70,0.7712691425809566,0.5948560902975609,0.7712691425809546,9.984912176030674e-159,0.890767930887392,1.5179714142490383e-275
MGN-lite,C,2,C-k2,target_norm_retention,all,1600,400,1600,0.0773368681080183,0.7198841721577247,0.4061981572020235,0.22695665927430905,0.4035225112456824,0.35284197330474804,0.19091740383422212,ok,0.5499689843526966,-0.36052963439265107,0.0297037048625957,-0.4189249585720036,-0.3021343102132985,4.5325221469323784e-29,-0.4285863925857397,0.18368629590965913,-0.42858639258574127,1.7404444434888831e-72,-0.3992046686346362,2.8780341263544977e-62
MGN-lite,C,2,C-k2,target_norm_retention,iid,800,200,800,0.09155195335285603,0.7189064561223293,0.3557980907758454,0.22750362758856643,0.341159233115613,0.3015403300523755,0.14950706858664628,ok,0.39911475708308825,-0.16288879977151838,0.02641902231728223,-0.2149859637227539,-0.11079163582028287,3.8415097132821704e-09,-0.2478664934834929,0.061437798591803094,-0.24786649348349418,1.1518992464964732e-12,-0.24396021712533927,2.64482147710339e-12
MGN-lite,C,2,C-k2,target_norm_retention,ood,800,200,800,0.0773368681080183,0.7198841721577247,0.45659822362820157,0.21503145187685396,0.46588578937575176,0.41103611886501257,0.20689145324382022,ok,0.8117801532777653,-0.7575464511304535,0.029491075360418072,-0.8157015701843819,-0.699391332076525,4.171262862986249e-65,-0.7873515831452321,0.6199225154813096,-0.7873515831452358,8.38082464832433e-170,-0.8779303014535961,1.8273870045667265e-257
MGN-lite,D,0,D-k0,log_nk,all,1600,400,245,7.383989457978509,8.154500175151941,7.958374634959847,0.23199193460850195,0.011782214238482504,0.008515987545251,0.007906041501842955,ok,-0.04991221053400318,0.007752138797471475,0.000777822669539802,0.006222995980037187,0.009281281614905762,4.858912148351611e-21,0.22747587102341993,0.05174527189782119,0.22747587102332684,3.1724696709304265e-20,0.30473827435512457,9.845832768856939e-36
MGN-lite,D,0,D-k0,log_nk,iid,800,200,173,7.383989457978509,8.101374671228582,7.775637599393222,0.20201615090200456,0.010293395199696045,0.0078557142987845,0.006514044500313183,ok,-0.04498701597154481,0.007109437710362968,0.0011192173996097318,0.004902389634764767,0.009316485785961169,1.41440859950423e-09,0.22048072303712943,0.04861174923082057,0.2204807230367783,2.898306446300315e-10,0.35717163297928173,1.7598756732426788e-25
MGN-lite,D,0,D-k0,log_nk,ood,800,200,72,8.127699852817772,8.154500175151941,8.141111670526472,0.005302345153874631,0.013271033277268965,0.00917130568996,0.00884407856741997,ok,0.007263454493258898,0.0007379310136728847,0.053419563992355985,-0.10460312779200284,0.1060789898193486,0.9889923145616982,0.00044241634721068083,1.9573222376223498e-07,0.000442416346748754,0.9900316027200954,-0.027249999331404803,0.44148727722043735
MGN-lite,D,0,D-k0,beta_k,all,1600,400,1,1.0,1.0,1.0,0.0,0.011782214238482504,0.008515987545251,0.007906041501842955,constant_predictor,,,,,,,,,,,,
MGN-lite,D,0,D-k0,beta_k,iid,800,200,1,1.0,1.0,1.0,0.0,0.010293395199696045,0.0078557142987845,0.006514044500313183,constant_predictor,,,,,,,,,,,,
MGN-lite,D,0,D-k0,beta_k,ood,800,200,1,1.0,1.0,1.0,0.0,0.013271033277268965,0.00917130568996,0.00884407856741997,constant_predictor,,,,,,,,,,,,
MGN-lite,D,0,D-k0,beta_total,all,1600,400,6,0.0,6.0,3.995,2.165157024464477,0.011782214238482504,0.008515987545251,0.007906041501842955,ok,0.00860392979292503,0.0007955655683498045,8.699692432992097e-05,0.0006245359401484558,0.0009665951965511533,3.0934947342181805e-18,0.21787444175863743,0.047469272371637894,0.2178744417586376,1.2047812071099562e-18,0.32374833342524395,2.3264518036431125e-40
MGN-lite,D,0,D-k0,beta_total,iid,800,200,5,0.0,4.0,1.99,1.1539343376334121,0.010293395199696045,0.0078557142987845,0.006514044500313183,ok,0.008072440202527198,0.0011160577875220321,0.00020279884089806997,0.0007161472860468911,0.0015159682889971731,1.1393195601408215e-07,0.1977047291806081,0.0390871599403777,0.19770472918060833,1.7109958695121693e-08,0.3284267208340567,1.4189187228397551e-21
MGN-lite,D,0,D-k0,beta_total,ood,800,200,1,6.0,6.0,6.0,0.0,0.013271033277268965,0.00917130568996,0.00884407856741997,constant_predictor,,,,,,,,,,,,
MGN-lite,D,0,D-k0,rho_H,all,1600,400,1,0.0,0.0,0.0,0.0,0.011782214238482504,0.008515987545251,0.007906041501842955,constant_predictor,,,,,,,,,,,,
MGN-lite,D,0,D-k0,rho_H,iid,800,200,1,0.0,0.0,0.0,0.0,0.010293395199696045,0.0078557142987845,0.006514044500313183,constant_predictor,,,,,,,,,,,,
MGN-lite,D,0,D-k0,rho_H,ood,800,200,1,0.0,0.0,0.0,0.0,0.013271033277268965,0.00917130568996,0.00884407856741997,constant_predictor,,,,,,,,,,,,
MGN-lite,D,0,D-k0,log_lambda1_positive,all,1600,400,379,0.5033968243114202,0.7686805951110842,0.6677806442096653,0.03520496700715221,0.011782214238482504,0.008515987545251,0.007906041501842955,ok,0.025198112956933694,-0.020090277900057345,0.005541595669963454,-0.03098465209059506,-0.009195903709519627,0.0003259158812672477,-0.08946039183720027,0.008003161707665352,-0.08946039183719921,0.00033992481564108074,-0.15966022641130245,1.3391407937349222e-10
MGN-lite,D,0,D-k0,log_lambda1_positive,iid,800,200,179,0.5033968243114202,0.7686805951110842,0.6835510801736885,0.04404126412379503,0.010293395199696045,0.0078557142987845,0.006514044500313183,ok,0.012374600877231485,-0.0030446966406759276,0.005392748138039893,-0.013678961622972434,0.00758956834162058,0.5729878827281151,-0.020585104833470678,0.00042374654100585385,-0.020585104833492514,0.56098040063629,-0.08380924518502852,0.0177424668032493
MGN-lite,D,0,D-k0,log_lambda1_positive,ood,800,200,200,0.6335723799667812,0.6723225601100697,0.6520102082456419,0.0065315992396273274,0.013271033277268965,0.00917130568996,0.00884407856741997,ok,-0.03399215698505964,0.0724884206790308,0.046408939234605165,-0.01902799075632136,0.16400483211438296,0.11988874503145218,0.05353472493257877,0.0028659667736404826,0.053534724932893636,0.13030301367727554,0.014153719230055399,0.689361511863325
MGN-lite,D,0,D-k0,initial_rayleigh_quotient,all,1600,400,1600,1.8019885967744893,10.283227253396591,3.7975272601485863,1.955888692457057,0.011782214238482504,0.008515987545251,0.007906041501842955,ok,-0.0018804630625877759,0.003597782547724409,8.562606653177827e-05,0.003429447926287255,0.003766117169161563,1.3710252103065073e-148,0.8900613791836498,0.7922092587143024,0.8900613791836506,0.0,0.839887828081183,0.0
MGN-lite,D,0,D-k0,initial_rayleigh_quotient,iid,800,200,800,1.8019885967744893,10.283227253396591,3.8331394688740534,1.939721806529613,0.010293395199696045,0.0078557142987845,0.006514044500313183,ok,-0.001156856199047005,0.0029871731753362074,9.410013460761612e-05,0.0028016117990819697,0.003172734551590445,8.066270548705967e-80,0.8895065036478289,0.7912218200317856,0.8895065036478291,1.1372818558923622e-273,0.8318133153333053,3.2433289705584304e-206
MGN-lite,D,0,D-k0,initial_rayleigh_quotient,ood,800,200,800,1.9242826846127261,9.211651013740937,3.761915051423119,1.9724930152021374,0.013271033277268965,0.00917130568996,0.00884407856741997,ok,-0.002596378832655827,0.0042179081380166236,9.705022015916084e-05,0.004026529321252922,0.004409286954780325,1.5810965636919183e-103,0.9407191803621806,0.8849525763012938,0.9407191803621812,0.0,0.9595015773462148,0.0
MGN-lite,D,0,D-k0,target_norm_retention,all,1600,400,1600,0.38950793534688544,0.8409387136167635,0.72541767488412,0.1120238395661907,0.011782214238482504,0.008515987545251,0.007906041501842955,ok,0.0574220745852612,-0.06291528580974995,0.001514245516849896,-0.06589218240405087,-0.05993838921544903,5.23929658312273e-147,-0.8914716526809935,0.7947217075338042,-0.8914716526810059,0.0,-0.8270684217064147,0.0
MGN-lite,D,0,D-k0,target_norm_retention,iid,800,200,800,0.38950793534688544,0.8409387136167635,0.7231668320609083,0.11045632381727896,0.010293395199696045,0.0078557142987845,0.006514044500313183,ok,0.048182630270839424,-0.05239349122686558,0.0016876504859558961,-0.05572146464705198,-0.049065517806679185,3.237332392938931e-78,-0.8884177000317071,0.7892860097296469,-0.8884177000317177,4.525803831528744e-272,-0.8234047240698815,1.4857047676236463e-198
MGN-lite,D,0,D-k0,target_norm_retention,ood,800,200,800,0.4155558489615949,0.8260093580251746,0.7276685177073319,0.11359420245477028,0.013271033277268965,0.00917130568996,0.00884407856741997,ok,0.06670615521176221,-0.07343332937207661,0.0017116832785751817,-0.0768086944149452,-0.07005796432920802,1.6291428195258118e-102,-0.9431848009976402,0.8895975688329943,-0.9431848009976593,0.0,-0.9565916431119423,0.0
MGN-lite,D,1,D-k1,log_nk,all,1600,400,343,9.111403624116159,9.921327470664458,9.718085351035178,0.23976327767915767,0.2662241161055859,0.25325705111026753,0.07414838452541299,ok,-0.6414041333144307,0.0933957890504993,0.006509406812695028,0.08059876851716928,0.10619280958382933,6.125048998860759e-38,0.30200092217119245,0.09120455699211794,0.3020009221709728,4.2840843184147585e-35,0.3096116860278222,6.906937855451364e-37
MGN-lite,D,1,D-k1,log_nk,iid,800,200,177,9.111403624116159,9.865214390314636,9.530356928753216,0.21078321113054613,0.2479530683904882,0.23180983960628454,0.07318130158801572,ok,-0.5866184640837795,0.08756980863500169,0.010362032464836956,0.06713633090424176,0.10800328636576162,6.071491214930713e-15,0.252226252630574,0.06361808251609025,0.2522262526306296,4.4783013928725927e-13,0.29117423144186566,4.25783896655583e-17
MGN-lite,D,1,D-k1,log_nk,ood,800,200,166,9.888221618865694,9.921327470664458,9.905813773317142,0.006565690274090844,0.2844951638206835,0.2667356878519055,0.0705609384974873,ok,3.631005747295244,-0.33783297970935033,0.32886499014904286,-0.9863404492082682,0.3106744897895676,0.3055405974402693,-0.03143533456862678,0.0009881802532636375,-0.03143533447036534,0.37456510866480774,-0.02268419102271744,0.5217273473842325
MGN-lite,D,1,D-k1,beta_k,all,1600,400,4,0.0,3.0,1.9975,1.1568622244584645,0.2662241161055859,0.25325705111026753,0.07414838452541299,ok,0.22939942202202512,0.018435391280881383,0.001406554137143026,0.015670208109481568,0.0212005744522812,6.868572272296304e-33,0.2876287582321245,0.08273030256215319,0.2876287582321235,7.471924548063571e-32,0.326353498280776,5.083149542105705e-41
MGN-lite,D,1,D-k1,beta_k,iid,800,200,3,0.0,2.0,0.995,0.8159701336898565,0.2479530683904882,0.23180983960628454,0.07318130158801572,ok,0.22897854211150073,0.0190698756572738,0.0027670716651449186,0.013613330578784208,0.024526420735763395,7.10814999447479e-11,0.21262875422897431,0.04521098712496585,0.21262875422897468,1.2457910162085768e-09,0.26032285229130997,7.382429650744942e-14
MGN-lite,D,1,D-k1,beta_k,ood,800,200,1,3.0,3.0,3.0,0.0,0.2844951638206835,0.2667356878519055,0.0705609384974873,constant_predictor,,,,,,,,,,,,
MGN-lite,D,1,D-k1,beta_total,all,1600,400,6,0.0,6.0,3.995,2.165157024464477,0.2662241161055859,0.25325705111026753,0.07414838452541299,ok,0.22640593671533807,0.00996700360206454,0.0007332608674605253,0.008525466047693322,0.011408541156435756,7.564132068370391e-35,0.2910397576426846,0.08470414052871245,0.2910397576426846,1.3209395012942547e-32,0.3337260132419001,6.330211746998485e-43
MGN-lite,D,1,D-k1,beta_total,iid,800,200,5,0.0,4.0,1.99,1.1539343376334121,0.2479530683904882,0.23180983960628454,0.07318130158801572,ok,0.21784132022400224,0.015131531741952711,0.001849406410133721,0.011484582668512738,0.018778480815392684,3.272120841768423e-14,0.23859638567686473,0.056928235258063564,0.23859638567686514,8.089480860106585e-12,0.2781402263640742,1.1163372628190234e-15
MGN-lite,D,1,D-k1,beta_total,ood,800,200,1,6.0,6.0,6.0,0.0,0.2844951638206835,0.2667356878519055,0.0705609384974873,constant_predictor,,,,,,,,,,,,
MGN-lite,D,1,D-k1,rho_H,all,1600,400,4,0.0,0.5,0.1965625022398308,0.19777088866174766,0.2662241161055859,0.25325705111026753,0.07414838452541299,ok,0.28727580129130476,-0.10709919209327762,0.009601696680119513,-0.1259754296838768,-0.08822295450267846,2.4766712453045752e-25,-0.28565831246105305,0.08160067147809635,-0.2856583124610528,2.0111675976704326e-31,-0.20431933496478114,1.536890974256535e-16
MGN-lite,D,1,D-k1,rho_H,iid,800,200,4,0.0,0.5,0.15701389067806304,0.19359928066917223,0.2479530683904882,0.23180983960628454,0.07318130158801572,ok,0.25963296633739286,-0.07438767294068735,0.011195646566295393,-0.09646500145419681,-0.052310344427177885,2.851549547208253e-10,-0.1967907055417707,0.038726581787628,-0.19679070554177078,1.995998151127996e-08,-0.07373897878903907,0.037048293428403205
MGN-lite,D,1,D-k1,rho_H,ood,800,200,4,0.0,0.5,0.23611111380159855,0.19406911061920515,0.2844951638206835,0.2667356878519055,0.0705609384974873,ok,0.3286429495599774,-0.18697885511814927,0.011693792930293113,-0.2100385066141381,-0.16391920362216045,1.4815721099603899e-37,-0.5142621525458966,0.2644655615411383,-0.514262152545896,3.2562869990719947e-55,-0.49916500731957447,1.2388938864493406e-51
MGN-lite,D,1,D-k1,log_lambda1_positive,all,1600,400,384,0.5033968243114326,0.7686805951189433,0.6678219969077439,0.035195855103344914,0.2662241161055859,0.25325705111026753,0.07414838452541299,ok,0.5286808824855389,-0.39300407533028614,0.055927623182490095,-0.5029537163407168,-0.28305443431985544,9.178356688470004e-12,-0.18654640392884217,0.034799560818782216,-0.18654640392884092,5.388408202055333e-14,-0.2191751558681246,7.434169976114862e-19
MGN-lite,D,1,D-k1,log_lambda1_positive,iid,800,200,184,0.5033968243114326,0.7686805951189433,0.6835510801736869,0.044041264123835105,0.2479530683904882,0.23180983960628454,0.07318130158801572,ok,0.38383110858381886,-0.19878256963444546,0.04964762496577495,-0.29668552859214503,-0.10087961067674592,8.793597572969812e-05,-0.11962940618042969,0.014311194823090845,-0.11962940618046553,0.0006975946380200212,-0.16774144648319625,1.83432876314727e-06
MGN-lite,D,1,D-k1,log_lambda1_positive,ood,800,200,200,0.6339451296162183,0.6729966261551327,0.6520929136418009,0.0066322285464830485,0.2844951638206835,0.2667356878519055,0.0705609384974873,ok,0.4804389853445884,-0.30048451290402456,0.30446233002297773,-0.9008709970702545,0.2999019712622054,0.3248729814084643,-0.02824341635321493,0.0007976905672963941,-0.028243416353135,0.4250129699221734,-0.03899667417725664,0.27059780589399024
MGN-lite,D,1,D-k1,initial_rayleigh_quotient,all,1600,400,1600,3.997080762354902,17.84090746994571,9.3765935816095,2.6992134021253795,0.2662241161055859,0.25325705111026753,0.07414838452541299,ok,0.11895460846856012,0.015706077730175738,0.0006816116932981221,0.014366078697102158,0.017046076763249318,2.556157095952162e-75,0.5717461786316266,0.3268936927798659,0.5717461786316249,1.5176363400806327e-139,0.5257392102496916,2.0755354778639635e-114
MGN-lite,D,1,D-k1,initial_rayleigh_quotient,iid,800,200,800,3.997080762354902,17.84090746994571,9.8594969574826,2.718919016389789,0.2479530683904882,0.23180983960628454,0.07318130158801572,ok,0.10809957596365598,0.014184647860831756,0.000797132802424039,0.012612736614455812,0.0157565591072077,5.167655809909342e-43,0.5270049585442735,0.2777342263302516,0.5270049585442736,2.2269189734078205e-58,0.4717174323709881,1.4482347749051044e-45
MGN-lite,D,1,D-k1,initial_rayleigh_quotient,ood,800,200,800,4.260069852411767,15.411035247786048,8.893690205736402,2.592514010093532,0.2844951638206835,0.2667356878519055,0.0705609384974873,ok,0.09684268282492739,0.021099507252312612,0.0007595093094696626,0.019601787899085572,0.02259722660553965,2.088244833668482e-70,0.7752273328909656,0.6009774176612381,0.7752273328909645,2.2856318050006855e-161,0.7604922585816541,8.430031636589606e-152
MGN-lite,D,1,D-k1,target_norm_retention,all,1600,400,1600,0.30027767833331487,0.8274266228513649,0.6072654148590875,0.13868439175686645,0.2662241161055859,0.25325705111026753,0.07414838452541299,ok,0.446033861204017,-0.296097457056984,0.013269017254490574,-0.3221833802676312,-0.27001153384633675,3.5015644696203917e-72,-0.5538097154177208,0.30670520089106756,-0.5538097154177305,2.8154486561035635e-129,-0.48673859442913847,6.136550799787495e-96
MGN-lite,D,1,D-k1,target_norm_retention,iid,800,200,800,0.30027767833331487,0.8241541822897855,0.5783332703028572,0.14074157448720284,0.2479530683904882,0.23180983960628454,0.07318130158801572,ok,0.4042493808587802,-0.27025301931262713,0.014035449995651587,-0.29793031678303744,-0.24257572184221685,2.4486992155469055e-47,-0.519748004238946,0.2701379879103647,-0.5197480042389433,1.46763617214771e-56,-0.45764656663526043,1.1592131063175798e-42
MGN-lite,D,1,D-k1,target_norm_retention,ood,800,200,800,0.33141727297098145,0.8274266228513649,0.6361975594153177,0.13040846892115593,0.2844951638206835,0.2667356878519055,0.0705609384974873,ok,0.550190242538857,-0.41762983020927136,0.014923188323983993,-0.44705770908581777,-0.38820195133272495,6.510235822072854e-71,-0.7718500900513506,0.595752561512285,-0.771850090051355,4.1225450330617843e-159,-0.7186359588061857,4.901502338010949e-128
MGN-lite,D,2,D-k2,log_nk,all,1600,400,357,9.543378146148761,10.367284459872343,10.162239385949931,0.24169667372647527,0.3843251422513272,0.32934699952602353,0.1867903388604897,ok,-1.2703674412390813,0.16282755410960073,0.013876392577105441,0.13554757517335625,0.1901075330458452,1.613427247572389e-27,0.21069011630575607,0.04439032510891927,0.21069011630572354,1.6403274494774814e-17,0.16564343913029828,2.6168549232921864e-11
MGN-lite,D,2,D-k2,log_nk,iid,800,200,179,9.543378146148761,10.31088412749404,9.973818858330237,0.21391859473400596,0.35957943184301216,0.31875430047512,0.16271930119239011,ok,-1.7558611043777872,0.21209935394545731,0.022372183987836483,0.16798237932149163,0.256216328569423,7.858920514936097e-18,0.2788359795520354,0.07774950349286402,0.2788359795522523,9.417742430815097e-16,0.30364010084512943,1.5916498852491035e-18
MGN-lite,D,2,D-k2,log_nk,ood,800,200,178,10.330909827996335,10.367284459872343,10.350659913569626,0.0072838673246226554,0.40907085265964227,0.345537453889846,0.20523431759144636,ok,1.7733925538044415,-0.1318101176709575,0.5608386044349614,-1.2377594739541773,0.9741392386122624,0.8144323405679283,-0.00467800619518891,2.188374189948661e-05,-0.004678006188502051,0.8948990032583917,-0.02513920076321284,0.4776766136020201
MGN-lite,D,2,D-k2,beta_k,all,1600,400,4,0.0,3.0,1.9975,1.1568622244584645,0.3843251422513272,0.32934699952602353,0.1867903388604897,ok,0.31847318984367756,0.03296718518530639,0.0029140554844357598,0.027238363966626395,0.03869600640398639,6.310849378929214e-26,0.20417807162977863,0.04168868493445488,0.2041780716297784,1.6137292975933038e-16,0.18084296260953164,3.140400356384588e-13
MGN-lite,D,2,D-k2,beta_k,iid,800,200,3,0.0,2.0,0.995,0.8159701336898565,0.35957943184301216,0.31875430047512,0.16271930119239011,ok,0.30186477998745836,0.05800467523171237,0.006247707214763291,0.045684468103005735,0.070324882360419,2.8584223733559594e-17,0.29086950507178394,0.08460506898070441,0.290869505071784,4.604786549866841e-17,0.3052423820896513,1.0310860208583125e-18
MGN-lite,D,2,D-k2,beta_k,ood,800,200,1,3.0,3.0,3.0,0.0,0.40907085265964227,0.345537453889846,0.20523431759144636,constant_predictor,,,,,,,,,,,,
MGN-lite,D,2,D-k2,beta_total,all,1600,400,6,0.0,6.0,3.995,2.165157024464477,0.3843251422513272,0.32934699952602353,0.1867903388604897,ok,0.3175956288072501,0.016703257432810294,0.0016190624545287607,0.01352029835965166,0.019886216505968928,2.810348307854673e-22,0.19361373496462683,0.03748627836695273,0.19361373496462705,5.604981322077458e-15,0.18840106147572283,3.0006174229042044e-14
MGN-lite,D,2,D-k2,beta_total,iid,800,200,5,0.0,4.0,1.99,1.1539343376334121,0.35957943184301216,0.31875430047512,0.16271930119239011,ok,0.27387073749908936,0.0430696956502124,0.004432130191816693,0.03432972751349415,0.05180966378693066,1.631653978821412e-18,0.3054315029502154,0.09328840299442742,0.3054315029502156,9.79405115036112e-19,0.32937863381916266,1.0692052842923904e-21
MGN-lite,D,2,D-k2,beta_total,ood,800,200,1,6.0,6.0,6.0,0.0,0.40907085265964227,0.345537453889846,0.20523431759144636,constant_predictor,,,,,,,,,,,,
MGN-lite,D,2,D-k2,rho_H,all,1600,400,4,0.0,0.5,0.1965625022398308,0.19777088866174766,0.3843251422513272,0.32934699952602353,0.1867903388604897,ok,0.4803262860153332,-0.4884000898954398,0.02489120051722345,-0.5373343804204875,-0.4394657993703921,1.7085392585646284e-60,-0.5171108976532286,0.26740368047172836,-0.517110897653229,4.099027351850498e-110,-0.545348238329248,1.202977128275792e-124
MGN-lite,D,2,D-k2,rho_H,iid,800,200,4,0.0,0.5,0.15701389067806304,0.19359928066917223,0.35957943184301216,0.31875430047512,0.16271930119239011,ok,0.4057957718505199,-0.2943455499887485,0.027228949796805707,-0.34803985573359775,-0.24065124424389928,1.0021073633965368e-21,-0.35020483942846853,0.12264342955911944,-0.35020483942846853,1.6980750041406617e-24,-0.2808843355356126,5.692583662595656e-16
MGN-lite,D,2,D-k2,rho_H,ood,800,200,4,0.0,0.5,0.23611111380159855,0.19406911061920515,0.40907085265964227,0.345537453889846,0.20523431759144636,ok,0.5918602453627235,-0.7741668308620033,0.027637699075048847,-0.8286671724210414,-0.7196664893029653,5.6181098497882114e-71,-0.7320504197322374,0.5358978170301443,-0.732050419732237,3.6696407710290284e-135,-0.8829247032200986,3.02493145658746e-264
MGN-lite,D,2,D-k2,log_lambda1_positive,all,1600,400,385,2.266242713506224,2.685133355534697,2.3980652561087026,0.12108473168180206,0.3843251422513272,0.32934699952602353,0.1867903388604897,ok,0.980640160853419,-0.24866505074583353,0.03231109960229985,-0.3121863234152108,-0.18514377807645627,1.1137331662668402e-13,-0.16119431621508654,0.025983607580045365,-0.16119431621507446,8.86220054532156e-11,-0.13729965237472813,3.511173707739684e-08
MGN-lite,D,2,D-k2,log_lambda1_positive,iid,800,200,185,2.288142934549517,2.685133355534697,2.4780375687199285,0.1274107355819357,0.35957943184301216,0.31875430047512,0.16271930119239011,ok,0.8864572571749314,-0.21261898204557067,0.046364745907112495,-0.3040482461595615,-0.12118971793157984,7.986356085791278e-06,-0.16648265265765197,0.02771647363591112,-0.16648265265760032,2.195344825402249e-06,-0.21628710215489186,6.358910756047626e-10
MGN-lite,D,2,D-k2,log_lambda1_positive,ood,800,200,200,2.266242713506224,2.3546645827932653,2.318092943497476,0.01734151873572787,0.40907085265964227,0.345537453889846,0.20523431759144636,ok,-0.5026006590884523,0.39328514169636464,0.24902214702566183,-0.09777571079392422,0.8843459941866535,0.11585134601379801,0.03323109767045677,0.0011043058523929616,0.03323109767060295,0.3478812148955205,0.019128722804663233,0.5890277873885346
MGN-lite,D,2,D-k2,initial_rayleigh_quotient,all,1600,400,1600,9.234775758008858,42.241847033780694,22.03469820024163,6.042655510112891,0.3843251422513272,0.32934699952602353,0.1867903388604897,ok,-0.08985335463672495,0.021519627479302243,0.0007162929922503299,0.020111447533960526,0.02292780742464396,1.7259202672406573e-104,0.696158571993939,0.4846367573606375,0.6961585719939369,2.7272564900752446e-232,0.7753637061967603,2.65e-321
MGN-lite,D,2,D-k2,initial_rayleigh_quotient,iid,800,200,800,9.234775758008858,41.04377920357768,21.05494116338114,5.543905176901834,0.35957943184301216,0.31875430047512,0.16271930119239011,ok,-0.021020940388789128,0.01807653459007253,0.001066154004353132,0.015974125224010673,0.020178943956134388,1.7323710249922847e-40,0.6158740417392777,0.3793008352882733,0.6158740417392774,1.0471526491447144e-84,0.6459187514355492,1.1991864667660484e-95
MGN-lite,D,2,D-k2,initial_rayleigh_quotient,ood,800,200,800,12.480546134269723,42.241847033780694,23.014455237102116,6.357352855762587,0.40907085265964227,0.345537453889846,0.20523431759144636,ok,-0.14236061070578956,0.02396022229005257,0.0009417318298751304,0.022103168045202348,0.02581727653490279,1.7992019458705803e-64,0.7421935541189458,0.550851271775707,0.7421935541189422,7.647569049228316e-141,0.871746096478276,1.8069035967439994e-249
MGN-lite,D,2,D-k2,target_norm_retention,all,1600,400,1600,0.07543813228969622,0.7237137381537226,0.4041376744790584,0.2277965013568616,0.3843251422513272,0.32934699952602353,0.1867903388604897,ok,0.5640181624043147,-0.444633181958637,0.025422548154952214,-0.49461206330831875,-0.39465430060895523,2.9847999366053714e-51,-0.542243693411761,0.29402822304482856,-0.5422436934117616,5.5760167159574525e-123,-0.6086007748440527,9.349985111196646e-163
MGN-lite,D,2,D-k2,target_norm_retention,iid,800,200,800,0.07543813228969622,0.7237137381537226,0.3537813692771599,0.22753455679941395,0.35957943184301216,0.31875430047512,0.16271930119239011,ok,0.45026109575846507,-0.2563211966213266,0.025839739525253504,-0.30727604007985,-0.20536635316280316,4.2306501356362913e-19,-0.3584204789730041,0.12846523974723734,-0.35842047897300383,1.1652045137273246e-25,-0.40253094926710825,1.6261422843571665e-32
MGN-lite,D,2,D-k2,target_norm_retention,ood,800,200,800,0.08281154795539389,0.7229823170192002,0.45449397968095695,0.21678929975212613,0.40907085265964227,0.345537453889846,0.20523431759144636,ok,0.7514004913586729,-0.7532105022366569,0.02859143881138108,-0.809591577110266,-0.6968294273630478,8.553844494069105e-67,-0.7956173181080001,0.633006916873368,-0.7956173181080011,7.051441114536718e-176,-0.9123019645343198,1.214906031052e-311
TNO,A,0,A-k0,log_nk,all,1600,400,221,7.731492029245684,7.903226808730733,7.836536796010969,0.029959236007328197,0.015906910234188623,0.012061770074069,0.009182800884626217,ok,0.042168081295366276,-0.003351119473381908,0.00788857155695068,-0.018859477623015763,0.01215723867625195,0.6712064457184399,-0.010933154323305203,0.00011953386346075234,-0.010933154323468083,0.6621131979843283,-0.015709551249925978,0.5300499961025122
TNO,A,0,A-k0,log_nk,iid,800,200,144,7.731492029245684,7.8868329989550565,7.823175250569664,0.030283035489778357,0.015577393865677958,0.012146771419793001,0.00841576904565925,ok,0.17081493694311556,-0.01984329100464348,0.010401368769618365,-0.04035433821904369,0.0006677562097567313,0.05786232722432599,-0.07140346680943706,0.005098455072596764,-0.07140346681077107,0.043485691077533396,-0.05337721112926659,0.13143931594145222
TNO,A,0,A-k0,log_nk,ood,800,200,134,7.767687277186908,7.903226808730733,7.849898341452274,0.02283996663231808,0.01623642660269929,0.011952795553952001,0.009884867140631618,ok,-0.03434553055400477,0.006443644867328202,0.014104969007434348,-0.02137074107331685,0.03425803080797326,0.6482878418878065,0.014888681017808788,0.00022167282242258057,0.014888681016889312,0.6741345943251733,0.017312947549727113,0.6248735069291322
TNO,A,0,A-k0,beta_k,all,1600,400,1,1.0,1.0,1.0,0.0,0.015906910234188623,0.012061770074069,0.009182800884626217,constant_predictor,,,,,,,,,,,,
TNO,A,0,A-k0,beta_k,iid,800,200,1,1.0,1.0,1.0,0.0,0.015577393865677958,0.012146771419793001,0.00841576904565925,constant_predictor,,,,,,,,,,,,
TNO,A,0,A-k0,beta_k,ood,800,200,1,1.0,1.0,1.0,0.0,0.01623642660269929,0.011952795553952001,0.009884867140631618,constant_predictor,,,,,,,,,,,,
TNO,A,0,A-k0,beta_total,all,1600,400,1,2.0,2.0,2.0,0.0,0.015906910234188623,0.012061770074069,0.009182800884626217,constant_predictor,,,,,,,,,,,,
TNO,A,0,A-k0,beta_total,iid,800,200,1,2.0,2.0,2.0,0.0,0.015577393865677958,0.012146771419793001,0.00841576904565925,constant_predictor,,,,,,,,,,,,
TNO,A,0,A-k0,beta_total,ood,800,200,1,2.0,2.0,2.0,0.0,0.01623642660269929,0.011952795553952001,0.009884867140631618,constant_predictor,,,,,,,,,,,,
TNO,A,0,A-k0,rho_H,all,1600,400,1,0.0,0.0,0.0,0.0,0.015906910234188623,0.012061770074069,0.009182800884626217,constant_predictor,,,,,,,,,,,,
TNO,A,0,A-k0,rho_H,iid,800,200,1,0.0,0.0,0.0,0.0,0.015577393865677958,0.012146771419793001,0.00841576904565925,constant_predictor,,,,,,,,,,,,
TNO,A,0,A-k0,rho_H,ood,800,200,1,0.0,0.0,0.0,0.0,0.01623642660269929,0.011952795553952001,0.009884867140631618,constant_predictor,,,,,,,,,,,,
TNO,A,0,A-k0,log_lambda1_positive,all,1600,400,400,0.5911348066758972,0.7538510155881601,0.684904804429579,0.034406063767318584,0.015906910234188623,0.012061770074069,0.009182800884626217,ok,0.011817498607699399,0.005970773748470631,0.00732688138365531,-0.008433342357631367,0.020374889854572628,0.41560802318797163,0.022371259587479812,0.0005004732555303759,0.022371259587482328,0.3711812230761701,0.022420176004586855,0.37013591441850613
TNO,A,0,A-k0,log_lambda1_positive,iid,800,200,200,0.5954494520463843,0.7538510155881601,0.6852804259716637,0.03580301041419787,0.015577393865677958,0.012146771419793001,0.00841576904565925,ok,0.011689540720206369,0.005673375450582341,0.010446596108841846,-0.014926858111378602,0.026273609012543282,0.5876799934185474,0.02413610915874918,0.0005825517653227363,0.024136109158745395,0.49542605893500563,0.0010907019859606446,0.9754278580233764
TNO,A,0,A-k0,log_lambda1_positive,ood,800,200,200,0.5911348066758972,0.7538033002606008,0.6845291828874942,0.03296813507681577,0.01623642660269929,0.011952795553952001,0.009884867140631618,ok,0.011752001217338624,0.0065511091381731815,0.010278147784691997,-0.013716951648612623,0.026819169924958985,0.5246085076415345,0.02184934282854258,0.00047739378203937033,0.021849342828547575,0.5371687037604415,0.04727312784947529,0.1816335845206992
TNO,A,0,A-k0,initial_rayleigh_quotient,all,1600,400,1600,1.9058051657219186,9.483124457550876,3.8709239840100538,1.9549361874885733,0.015906910234188623,0.012061770074069,0.009182800884626217,ok,-0.0014466587477445494,0.0044830559973838315,6.656953993979514e-05,0.004352185121739298,0.004613926873028365,5.207221815587523e-220,0.9544025303321242,0.9108841899043593,0.9544025303321233,0.0,0.9479655333849741,0.0
TNO,A,0,A-k0,initial_rayleigh_quotient,iid,800,200,800,1.9058051657219186,9.183459701111824,3.857903564960899,1.9311303017306383,0.015577393865677958,0.012146771419793001,0.00841576904565925,ok,-0.0006511671731603899,0.0042065750907391685,7.18896101994986e-05,0.004064811903442729,0.004348338278035608,2.3632626888756605e-127,0.9652646811192721,0.9317359046162882,0.9652646811192712,0.0,0.9438774826210667,0.0
TNO,A,0,A-k0,initial_rayleigh_quotient,ood,800,200,800,1.9086632860459276,9.483124457550876,3.8839444030592087,1.9795783549606447,0.01623642660269929,0.011952795553952001,0.009884867140631618,ok,-0.0021904244022387075,0.0047443652876246155,0.00010401770681899224,0.004539246889945089,0.004949483685304142,2.5398248147502297e-107,0.9501233246528195,0.9027343320493302,0.9501233246528211,0.0,0.9521675033867242,0.0
TNO,A,0,A-k0,target_norm_retention,all,1600,400,1600,0.4143438152804424,0.8281922245454145,0.719969085278326,0.11255047190149724,0.015906910234188623,0.012061770074069,0.009182800884626217,ok,0.07165195047326971,-0.0774269914902403,0.0011708592480049503,-0.07972881564557453,-0.07512516733490605,4.112888025026066e-217,-0.9489963399652299,0.9005940532673932,-0.948996339965225,0.0,-0.9367811130004349,0.0
TNO,A,0,A-k0,target_norm_retention,iid,800,200,800,0.424533116512869,0.8276397681899487,0.7209072654355037,0.11112600418005994,0.015577393865677958,0.012146771419793001,0.00841576904565925,ok,0.06825790608625584,-0.07307529656918266,0.0012675677241515213,-0.07557488503810256,-0.07057570810026276,3.875942778096694e-126,-0.9649225956592284,0.9310756156137235,-0.9649225956592186,0.0,-0.932718168309638,0.0
TNO,A,0,A-k0,target_norm_retention,ood,800,200,800,0.4143438152804424,0.8281922245454145,0.7190309051211483,0.11401894757919251,0.01623642660269929,0.011952795553952001,0.009884867140631618,ok,0.07485437100814502,-0.08152353951402017,0.0018677569108693994,-0.08520667497747611,-0.07784040405056422,7.301479013830495e-104,-0.9403493285318302,0.8842568596702588,-0.9403493285318276,0.0,-0.9412060018843781,0.0
TNO,A,1,A-k1,log_nk,all,1600,400,360,9.477998292597036,9.666498594399865,9.597116032256835,0.03324862117039561,0.10512043560389384,0.094731215387582,0.04570955717775155,ok,0.36774363846095115,-0.02736480438248864,0.023896438490292105,-0.07434346508584654,0.019613856320869257,0.25283694215944724,-0.019904852956182183,0.0003962031712317904,-0.019904852956797232,0.4262350944125025,-0.02713723201246985,0.2779922080999303
TNO,A,1,A-k1,log_nk,iid,800,200,193,9.477998292597036,9.649498121050817,9.58308176490093,0.034175695693235884,0.1023886402230705,0.09186291322112,0.04509479241292672,ok,0.9283883949378806,-0.08619354138674554,0.029718052857281387,-0.144796250201011,-0.02759083257248008,0.0041462364342900885,-0.0653229360539497,0.004267085975046436,-0.06532293605653594,0.06479130794250904,-0.07019914786241731,0.04715824456244639
TNO,A,1,A-k1,log_nk,ood,800,200,182,9.515395652485308,9.666498594399865,9.61115029961274,0.02549377714194966,0.10785223098471715,0.09730373322963701,0.04618287359103024,ok,0.6496982283259104,-0.05637681031419303,0.04293933395422619,-0.14105131091093961,0.02829769028255355,0.19071486520083927,-0.031121013621879825,0.0009685174887238412,-0.031121013619799125,0.37936236580040816,-0.044320202287389025,0.21048975993365038
TNO,A,1,A-k1,beta_k,all,1600,400,1,1.0,1.0,1.0,0.0,0.10512043560389384,0.094731215387582,0.04570955717775155,constant_predictor,,,,,,,,,,,,
TNO,A,1,A-k1,beta_k,iid,800,200,1,1.0,1.0,1.0,0.0,0.1023886402230705,0.09186291322112,0.04509479241292672,constant_predictor,,,,,,,,,,,,
TNO,A,1,A-k1,beta_k,ood,800,200,1,1.0,1.0,1.0,0.0,0.10785223098471715,0.09730373322963701,0.04618287359103024,constant_predictor,,,,,,,,,,,,
TNO,A,1,A-k1,beta_total,all,1600,400,1,2.0,2.0,2.0,0.0,0.10512043560389384,0.094731215387582,0.04570955717775155,constant_predictor,,,,,,,,,,,,
TNO,A,1,A-k1,beta_total,iid,800,200,1,2.0,2.0,2.0,0.0,0.1023886402230705,0.09186291322112,0.04509479241292672,constant_predictor,,,,,,,,,,,,
TNO,A,1,A-k1,beta_total,ood,800,200,1,2.0,2.0,2.0,0.0,0.10785223098471715,0.09730373322963701,0.04618287359103024,constant_predictor,,,,,,,,,,,,
TNO,A,1,A-k1,rho_H,all,1600,400,4,0.0,0.5,0.23611111380159855,0.19400841660345367,0.10512043560389384,0.094731215387582,0.04570955717775155,ok,0.1463718482017971,-0.17471186312968906,0.004197131139849335,-0.18296311780207808,-0.16646060845730004,2.8610262084688793e-147,-0.7415423386365348,0.5498850399905407,-0.7415423386365344,2.7237066514971288e-279,-0.8549648715825171,0.0
TNO,A,1,A-k1,rho_H,iid,800,200,4,0.0,0.5,0.23611111380159855,0.19406911061920515,0.1023886402230705,0.09186291322112,0.04509479241292672,ok,0.14156515724189436,-0.16592407018901906,0.00623378624580801,-0.17821682577189202,-0.1536313146061461,1.726605543822464e-67,-0.7140677450523298,0.5098927445241184,-0.7140677450523293,1.0536696676034308e-125,-0.8335586506762587,7.370314046131733e-208
TNO,A,1,A-k1,rho_H,ood,800,200,4,0.0,0.5,0.23611111380159855,0.19406911061920515,0.10785223098471715,0.09730373322963701,0.04618287359103024,ok,0.15117853916169988,-0.18349965607035928,0.005572053035199797,-0.19448750251802624,-0.17251180962269233,1.728885355234796e-82,-0.7711000265566246,0.5945952509556256,-0.7711000265566235,1.2911193721989648e-158,-0.880809084414405,2.456541222929577e-261
TNO,A,1,A-k1,log_lambda1_positive,all,1600,400,400,0.5911348066759515,0.753851015588182,0.6849048044296137,0.03440606376731256,0.10512043560389384,0.094731215387582,0.04570955717775155,ok,-0.012285823099003891,0.1714198205992596,0.02134742429576963,0.12945233647860302,0.21338730471991615,1.1060111537846827e-14,0.12902949935796165,0.016648611704569438,0.12902949935797414,2.2330804968971478e-07,0.1541490196360783,5.710429276676349e-10
TNO,A,1,A-k1,log_lambda1_positive,iid,800,200,200,0.59544945204644,0.753851015588182,0.6852804259716967,0.03580301041419249,0.1023886402230705,0.09186291322112,0.04509479241292672,ok,-0.023413614413979798,0.1835777732286259,0.03139718808732494,0.12166388270879634,0.24549166374845544,2.0250749986619027e-08,0.14575157296510072,0.021243521021794498,0.14575157296507804,3.501200798606472e-05,0.17204675375776202,9.822879212549468e-07
TNO,A,1,A-k1,log_lambda1_positive,ood,800,200,200,0.5911348066759515,0.7538033002606184,0.6845291828875307,0.03296813507680907,0.10785223098471715,0.09730373322963701,0.04618287359103024,ok,-0.0009989818798330054,0.15901617576826363,0.02883964399347385,0.1021456510615101,0.21588670047501715,1.0817173652671878e-07,0.11351538686288967,0.012885743054635523,0.11351538686290705,0.0012995443914907785,0.1387942183702431,8.194716989514433e-05
TNO,A,1,A-k1,initial_rayleigh_quotient,all,1600,400,1600,4.022796692058106,16.786387100399214,8.760483059211474,2.5656560407689484,0.10512043560389384,0.094731215387582,0.04570955717775155,ok,-0.025008421365840167,0.014854073238907315,0.00033318452279838736,0.014199056690959616,0.015509089786855014,4.666512503509263e-157,0.8337521754416957,0.6951426900537583,0.8337521754416947,0.0,0.9097852157364125,0.0
TNO,A,1,A-k1,initial_rayleigh_quotient,iid,800,200,800,4.216248802078913,16.082300568496414,8.944990359272502,2.5636117632449182,0.1023886402230705,0.09186291322112,0.04509479241292672,ok,-0.02733208043933149,0.014502052596169835,0.000511007062268277,0.013494368875572248,0.015509736316767423,7.015598968583732e-72,0.8244329475187978,0.6796896849545264,0.8244329475187939,1.8079677403270642e-199,0.9143096942338974,1.78737364e-315
TNO,A,1,A-k1,initial_rayleigh_quotient,ood,800,200,800,4.022796692058106,16.786387100399214,8.575975759150445,2.556001565299346,0.10785223098471715,0.09730373322963701,0.04618287359103024,ok,-0.025227056928136843,0.015517684710204583,0.00041706646165431635,0.014695247771758414,0.01634012164865075,1.442201844163769e-91,0.858829763611941,0.7375885628657429,0.8588297636119412,4.907086132195483e-234,0.9232453956959309,0.0
TNO,A,1,A-k1,target_norm_retention,all,1600,400,1600,0.30599608959904107,0.826686670801375,0.6371089309523051,0.12916031726759405,0.10512043560389384,0.094731215387582,0.04570955717775155,ok,0.3097336478528081,-0.32115891381882306,0.005539827632437612,-0.3320498121761285,-0.3102680154615176,1.876231072742048e-196,-0.9074904628991973,0.8235389402529908,-0.9074904628991924,0.0,-0.9385379740382711,0.0
TNO,A,1,A-k1,target_norm_retention,iid,800,200,800,0.30599608959904107,0.8234863240216965,0.6348690703804128,0.12861193755560305,0.1023886402230705,0.09186291322112,0.04509479241292672,ok,0.3019714748510168,-0.314368495709448,0.008905281609185911,-0.331929324057066,-0.29680766736183006,1.2801923537689372e-87,-0.8965900312702719,0.8038736841732059,-0.8965900312702599,1.6591611276602233e-284,-0.9361704471413238,0.0
TNO,A,1,A-k1,target_norm_retention,ood,800,200,800,0.3218475544678999,0.826686670801375,0.6393487915241975,0.12974812987448248,0.10785223098471715,0.09730373322963701,0.04618287359103024,ok,0.3180384238272801,-0.3287504342371281,0.006639373987919042,-0.34184299122232426,-0.3156578772519319,7.572216352664037e-114,-0.9236054563303727,0.8530470389632331,-0.9236054563303712,0.0,-0.9481587705605791,0.0
TNO,A,2,A-k2,log_nk,all,1600,400,374,9.916206324943902,10.11382951201313,10.04340980982206,0.035149350400342214,0.1768227242375719,0.117407757788896,0.14700426398299168,ok,-1.1743792229800776,0.13453617574139665,0.037614746597862056,0.06058831867551524,0.20848403280727806,0.00039069784077963473,0.03216817699385575,0.0010347916109807453,0.03216817699187642,0.1984241187265373,0.0338291618490908,0.17621668628696627
TNO,A,2,A-k2,log_nk,iid,800,200,193,9.916206324943902,10.097737680195356,10.02918406295987,0.0364899857700807,0.17625117525458286,0.11531221121549551,0.15061255766501794,ok,-1.1024213813869619,0.1274951729487071,0.05923566172760807,0.010685022152006951,0.24430532374540725,0.03257474288721332,0.030889170987983744,0.0009541408842654864,0.030889170987022808,0.3829248749360359,0.006732013331779603,0.849219395804781
TNO,A,2,A-k2,log_nk,ood,800,200,194,9.95408560529922,10.11382951201313,10.057635556684254,0.027124353892019008,0.17739427322056095,0.12352903932332901,0.1433972008203415,ok,-1.8266216382242186,0.19925318432428513,0.06080823472170897,0.07934198792055783,0.31916438072801245,0.001238976849371528,0.03768981440924289,0.001420522110320399,0.037689814410798064,0.2869934300649332,0.039086669568650215,0.2694928142923511
TNO,A,2,A-k2,beta_k,all,1600,400,1,1.0,1.0,1.0,0.0,0.1768227242375719,0.117407757788896,0.14700426398299168,constant_predictor,,,,,,,,,,,,
TNO,A,2,A-k2,beta_k,iid,800,200,1,1.0,1.0,1.0,0.0,0.17625117525458286,0.11531221121549551,0.15061255766501794,constant_predictor,,,,,,,,,,,,
TNO,A,2,A-k2,beta_k,ood,800,200,1,1.0,1.0,1.0,0.0,0.17739427322056095,0.12352903932332901,0.1433972008203415,constant_predictor,,,,,,,,,,,,
TNO,A,2,A-k2,beta_total,all,1600,400,1,2.0,2.0,2.0,0.0,0.1768227242375719,0.117407757788896,0.14700426398299168,constant_predictor,,,,,,,,,,,,
TNO,A,2,A-k2,beta_total,iid,800,200,1,2.0,2.0,2.0,0.0,0.17625117525458286,0.11531221121549551,0.15061255766501794,constant_predictor,,,,,,,,,,,,
TNO,A,2,A-k2,beta_total,ood,800,200,1,2.0,2.0,2.0,0.0,0.17739427322056095,0.12352903932332901,0.1433972008203415,constant_predictor,,,,,,,,,,,,
TNO,A,2,A-k2,rho_H,all,1600,400,4,0.0,0.5,0.23611111380159855,0.19400841660345367,0.1768227242375719,0.117407757788896,0.14700426398299168,ok,0.3198556260749026,-0.6057864008786965,0.007986496394585678,-0.6214872721395857,-0.5900855296178074,3.93567879528005e-239,-0.7994847037088586,0.6391757914644403,-0.7994847037088577,0.0,-0.9479249621988345,0.0
TNO,A,2,A-k2,rho_H,iid,800,200,4,0.0,0.5,0.23611111380159855,0.19406911061920515,0.17625117525458286,0.11531221121549551,0.15061255766501794,ok,0.321387837310501,-0.6146964440558905,0.012263958007878674,-0.6388804363079267,-0.5905124518038544,8.018894852481172e-115,-0.7920560811671444,0.6273528357138527,-0.7920560811671435,3.1590408130885193e-173,-0.9484556326339867,0.0
TNO,A,2,A-k2,rho_H,ood,800,200,4,0.0,0.5,0.23611111380159855,0.19406911061920515,0.17739427322056095,0.12352903932332901,0.1433972008203415,ok,0.31832341483930393,-0.5968763577015023,0.010233980800107744,-0.6170573231139974,-0.5766953922890071,4.376377222522255e-127,-0.8077930616922432,0.6525296305181274,-0.8077930616922426,2.3410273752988693e-185,-0.9496223697785455,0.0
TNO,A,2,A-k2,log_lambda1_positive,all,1600,400,400,2.2572324471287004,2.4820940566972225,2.402940436605092,0.03782836822457726,0.1768227242375719,0.117407757788896,0.14700426398299168,ok,-0.08792243468455194,0.11017549785635668,0.034621177186412166,0.04211278060867821,0.17823821510403515,0.0015754259135665122,0.02835128172009072,0.0008037951751770356,0.028351281720180095,0.2570493397503787,0.025493018238646525,0.30816052540535777
TNO,A,2,A-k2,log_lambda1_positive,iid,800,200,200,2.2572324471287004,2.4820940566972225,2.409096014356256,0.0401798062193372,0.17625117525458286,0.11531221121549551,0.15061255766501794,ok,-0.05337060527589819,0.09531449936497041,0.0453797967339363,0.005827512218777406,0.1848014865111634,0.03695577066133512,0.025427614893144865,0.0006465635991567131,0.02542761489319869,0.4726382200753163,0.02673654259654224,0.45014328282728155
TNO,A,2,A-k2,log_lambda1_positive,ood,800,200,200,2.2672418969714236,2.4576481935426377,2.3967848588539282,0.03425591783120631,0.17739427322056095,0.12352903932332901,0.1433972008203415,ok,-0.1671400369043541,0.14374853414653307,0.05379069021675699,0.03767563055390723,0.24982143773915894,0.00815626632384899,0.03433984726277494,0.0011792251100369855,0.03433984726286737,0.3320240896158066,0.040515538099772416,0.2523621965949969
TNO,A,2,A-k2,initial_rayleigh_quotient,all,1600,400,1600,9.663916100440069,39.04852027739478,19.594550100497294,5.72707233863774,0.1768227242375719,0.117407757788896,0.14700426398299168,ok,-0.22409685565383833,0.020460769848511855,0.00035993151526255123,0.01975317065799507,0.02116836903902864,2.028202136157372e-193,0.7971218375012784,0.6354032238214165,0.7971218375012796,0.0,0.9070081169953582,0.0
TNO,A,2,A-k2,initial_rayleigh_quotient,iid,800,200,800,9.663916100440069,38.88365121351391,19.180059547420786,5.632207685053734,0.17625117525458286,0.11531221121549551,0.15061255766501794,ok,-0.2332098732312516,0.021348267844189056,0.0005437149683114175,0.020276085554221005,0.022420450134157107,1.1572181777089346e-95,0.7983257178465285,0.6373239517751819,0.7983257178465327,6.256697549423277e-178,0.9024290194203429,4.767485481186691e-294
TNO,A,2,A-k2,initial_rayleigh_quotient,ood,800,200,800,9.979632635603817,39.04852027739478,20.009040653573805,5.794304735317522,0.17739427322056095,0.12352903932332901,0.1433972008203415,ok,-0.2191402188887625,0.019817766327467533,0.00046324613951749896,0.018904265071047734,0.020731267583887332,2.706141691100604e-102,0.8007839526695427,0.6412549388530584,0.8007839526695438,8.064369645464409e-180,0.911526346134916,3.4707979904217e-310
TNO,A,2,A-k2,target_norm_retention,all,1600,400,1600,0.08394024928892163,0.7225126387866652,0.45501184297776304,0.21687702146741486,0.1768227242375719,0.117407757788896,0.14700426398299168,ok,0.4479790311603202,-0.5959324160624104,0.008088565791030816,-0.6118339483358493,-0.5800308837889716,2.0056088248427292e-234,-0.8791857044803084,0.7729675029625358,-0.8791857044803082,0.0,-0.9172892880036282,0.0
TNO,A,2,A-k2,target_norm_retention,iid,800,200,800,0.08394024928892163,0.7206892913917543,0.45327157530405254,0.21835439625622652,0.17625117525458286,0.11531221121549551,0.15061255766501794,ok,0.4491903612742038,-0.6021537658445377,0.012494452860563787,-0.6267922839297421,-0.5775152477593334,1.0919229556134626e-111,-0.8729877775984156,0.7621076598362181,-0.872987777598414,4.846498177126172e-251,-0.9201180314344242,0.0
TNO,A,2,A-k2,target_norm_retention,ood,800,200,800,0.0842743000456455,0.7225126387866652,0.4567521106514736,0.21551205537277981,0.17739427322056095,0.12352903932332901,0.1433972008203415,ok,0.4467257276592028,-0.5896665787805335,0.010199513921502305,-0.6097795770062028,-0.5695535805548643,2.27916725042236e-126,-0.886211555390425,0.7853709209075124,-0.8862115553904228,7.028347350903425e-269,-0.9195363820880972,0.0
TNO,B,0,B-k0,log_nk,all,1600,400,274,7.383989457978509,8.155649270366002,7.870143704693032,0.25330373664630723,0.018107523451616953,0.014247205574065001,0.011485349348104947,ok,-0.11880274780432726,0.01739615900206535,0.0009461453458830517,0.015536106040685423,0.019256211963445277,3.9509021398395e-55,0.3836637393396755,0.14719786488429243,0.38366373933992315,2.8996747909157244e-57,0.4461439128735624,4.2921260916415755e-79
TNO,B,0,B-k0,log_nk,iid,800,200,117,7.383989457978509,7.988542982737695,7.674815803605809,0.22556013876593328,0.01449422146950332,0.011576689779758002,0.009735032999238006,ok,-0.11044853628422704,0.016279577380219283,0.0014058685772030313,0.013507265639049179,0.019051889121389387,4.8683992303748555e-24,0.37719684496400085,0.14227745985126128,0.3771968449646167,1.8897464441323835e-28,0.4651025002700189,3.4881992957243093e-44
TNO,B,0,B-k0,log_nk,ood,800,200,159,7.980023592310645,8.155649270366002,8.065471605780253,0.033571027992587404,0.021720825433730585,0.016532506793737002,0.011961444167717206,ok,0.0776652605433414,-0.006936288148293557,0.01337873350706709,-0.03331856924132316,0.01944599294473605,0.6047159635686811,-0.01946740881167824,0.0003789800058431325,-0.019467408811733984,0.5824479091819277,-0.008176939343815023,0.8173761777592631
TNO,B,0,B-k0,beta_k,all,1600,400,1,1.0,1.0,1.0,0.0,0.018107523451616953,0.014247205574065001,0.011485349348104947,constant_predictor,,,,,,,,,,,,
TNO,B,0,B-k0,beta_k,iid,800,200,1,1.0,1.0,1.0,0.0,0.01449422146950332,0.011576689779758002,0.009735032999238006,constant_predictor,,,,,,,,,,,,
TNO,B,0,B-k0,beta_k,ood,800,200,1,1.0,1.0,1.0,0.0,0.021720825433730585,0.016532506793737002,0.011961444167717206,constant_predictor,,,,,,,,,,,,
TNO,B,0,B-k0,beta_total,all,1600,400,4,0.0,3.0,1.9975,1.1568622244584645,0.018107523451616953,0.014247205574065001,0.011485349348104947,ok,0.010544794835037074,0.00378609692945175,0.00022093957887980053,0.0033517457805827015,0.0042204480783207985,9.933496667427336e-50,0.38135474882560727,0.14543144445184186,0.38135474882560694,1.523891123576992e-56,0.47941156727842554,9.970251382172919e-93
TNO,B,0,B-k0,beta_total,iid,800,200,3,0.0,2.0,0.995,0.8159701336898565,0.01449422146950332,0.011576689779758002,0.009735032999238006,ok,0.010180260751424747,0.004335638912641784,0.00040068129551765,0.0035455128097874287,0.00512576501549614,9.3145504960195e-22,0.36340419836852866,0.13206261139187314,0.36340419836852883,2.2069145474165697e-26,0.478470213339116,5.23269163733833e-47
TNO,B,0,B-k0,beta_total,ood,800,200,1,3.0,3.0,3.0,0.0,0.021720825433730585,0.016532506793737002,0.011961444167717206,constant_predictor,,,,,,,,,,,,
TNO,B,0,B-k0,rho_H,all,1600,400,1,0.0,0.0,0.0,0.0,0.018107523451616953,0.014247205574065001,0.011485349348104947,constant_predictor,,,,,,,,,,,,
TNO,B,0,B-k0,rho_H,iid,800,200,1,0.0,0.0,0.0,0.0,0.01449422146950332,0.011576689779758002,0.009735032999238006,constant_predictor,,,,,,,,,,,,
TNO,B,0,B-k0,rho_H,ood,800,200,1,0.0,0.0,0.0,0.0,0.021720825433730585,0.016532506793737002,0.011961444167717206,constant_predictor,,,,,,,,,,,,
TNO,B,0,B-k0,log_lambda1_positive,all,1600,400,334,0.4839635920958233,0.78652672909991,0.660299946497459,0.05208200265921611,0.018107523451616953,0.014247205574065001,0.011485349348104947,ok,0.05495814350505068,-0.05580890964614926,0.006836042693411323,-0.06924807257320659,-0.04236974671909194,4.298619486309281e-15,-0.2530736934944243,0.0640462943389718,-0.25307369349454684,8.41776513383447e-25,-0.3007649170142497,8.278794007409168e-35
TNO,B,0,B-k0,log_lambda1_positive,iid,800,200,134,0.5910233297863299,0.7641555981649725,0.6869600234305279,0.04167734597343741,0.01449422146950332,0.011576689779758002,0.009735032999238006,ok,0.04984911750805881,-0.05146572556289494,0.009362438138940535,-0.06992804672110886,-0.033003404404681025,1.1748069694038223e-07,-0.22033359827610727,0.04854689452941818,-0.22033359827638185,2.980114193633239e-10,-0.3063870920120411,7.54867654721264e-19
TNO,B,0,B-k0,log_lambda1_positive,ood,800,200,200,0.4839635920958233,0.78652672909991,0.6336398695643902,0.04762525821114128,0.021720825433730585,0.016532506793737002,0.011961444167717206,ok,0.02749181828818749,-0.009107685819114593,0.010165286220855729,-0.029153188506499245,0.01093781686827006,0.37135684822563164,-0.03626283605552814,0.0013149932787905882,-0.03626283605553585,0.3056458785153079,0.014914604335612952,0.6735998957019969
TNO,B,0,B-k0,initial_rayleigh_quotient,all,1600,400,1600,1.7488274411298415,9.601429199906384,3.8133088589809176,2.014902693625446,0.018107523451616953,0.014247205574065001,0.011485349348104947,ok,-0.0007594787717856596,0.004947672197851995,0.000120352627037783,0.004711067683222641,0.00518427671248135,1.631859393020337e-145,0.8679821341501109,0.7533929852037797,0.8679821341501102,0.0,0.7823575175224678,0.0
TNO,B,0,B-k0,initial_rayleigh_quotient,iid,800,200,800,1.8517599173648494,9.601429199906384,3.777306675866613,2.0318055609388854,0.01449422146950332,0.011576689779758002,0.009735032999238006,ok,-0.0010707616576015266,0.004120656452532763,0.00014375442119531024,0.0038371789808918874,0.00440413392417364,1.415445477476305e-72,0.8600250965384608,0.7396431666759895,0.8600250965384612,2.128745936131605e-235,0.748548958670248,1.532922951454964e-144
TNO,B,0,B-k0,initial_rayleigh_quotient,ood,800,200,800,1.7488274411298415,9.229387571693632,3.849311042095222,1.9984787904249977,0.021720825433730585,0.016532506793737002,0.011961444167717206,ok,-0.00037611414827925377,0.0057404920881587735,9.440349142940257e-05,0.005554332505434571,0.005926651670882976,1.6813878440378795e-130,0.9591025568426197,0.9198777145420524,0.9591025568426206,0.0,0.9352842504441414,0.0
TNO,B,0,B-k0,target_norm_retention,all,1600,400,1600,0.3997271106723129,0.8433838536060418,0.7234929861688051,0.11654482536574688,0.018107523451616953,0.014247205574065001,0.011485349348104947,ok,0.07980591072024756,-0.08527848707331502,0.0020999527896649155,-0.08940684158266232,-0.08115013256396772,8.422326492990289e-144,-0.8653429758368189,0.7488184658301242,-0.8653429758368206,0.0,-0.7612880464015808,5.73161734714796e-303
TNO,B,0,B-k0,target_norm_retention,iid,800,200,800,0.3997271106723129,0.831962956584739,0.7254979602292542,0.11627888079501619,0.01449422146950332,0.011576689779758002,0.009735032999238006,ok,0.06658336031472994,-0.07179777435730714,0.0025965997874715027,-0.07691815630100815,-0.06667739241360612,4.380835603159673e-70,-0.8575795116970079,0.7354426188824824,-0.8575795116970102,1.2669700052287564e-232,-0.7239094045459447,8.699244691537142e-131
TNO,B,0,B-k0,target_norm_retention,ood,800,200,800,0.41532293334141107,0.8433838536060418,0.7214880121083557,0.11684846698053436,0.021720825433730585,0.016532506793737002,0.011961444167717206,ok,0.09214948806037017,-0.09761584592491102,0.0017323721934906077,-0.1010320086089405,-0.09419968324088153,2.8126806759021587e-124,-0.9535856865944585,0.9093256616778527,-0.9535856865944731,0.0,-0.9261539471155424,0.0
TNO,B,1,B-k1,log_nk,all,1600,400,318,9.111403624116159,9.91422964906803,9.618079468081744,0.2626740432741036,0.11354061188176226,0.10172316431999151,0.048099829121883084,ok,0.6303140060974934,-0.05372937455244436,0.004636420968858599,-0.06284424109050307,-0.044614508014385636,5.776301599355433e-27,-0.2934170934478106,0.08609359072742451,-0.29341709344791844,3.8926014201361266e-33,-0.20809561202247154,4.116129152870174e-17
TNO,B,1,B-k1,log_nk,iid,800,200,131,9.111403624116159,9.747885820441555,9.41746102300045,0.23691163444952995,0.12115384920965834,0.106561969965696,0.05232807299710962,ok,0.8618236016058645,-0.07864856043335419,0.006883111622789747,-0.0922217574427135,-0.06507536342399488,1.4161988402905363e-23,-0.3560757721844213,0.1267899555373393,-0.356075772185274,2.5232992723682154e-25,-0.35457694842813303,4.1210567841078267e-25
TNO,B,1,B-k1,log_nk,ood,800,200,187,9.721125994942152,9.91422964906803,9.818697913163039,0.03685474387108677,0.1059273745538662,0.0968915857374665,0.042140095644764064,ok,-0.2830619686998541,0.03961720247366795,0.024077088518823765,-0.007861769797498544,0.08709617474483444,0.1014593880269733,0.03464828040174212,0.0012005033347062266,0.0346482804004187,0.3276971485035294,0.036125390281591,0.3074839125937433
TNO,B,1,B-k1,beta_k,all,1600,400,4,0.0,3.0,1.9975,1.1568622244584645,0.11354061188176226,0.10172316431999151,0.048099829121883084,ok,0.1356205259340535,-0.01105377424395057,0.0010483534529657046,-0.01311476091290868,-0.00899278757499246,4.289565277452851e-23,-0.26585736569073504,0.07068013889201774,-0.265857365690736,2.7286411142530133e-27,-0.2280331236195255,2.5554045296067208e-20
TNO,B,1,B-k1,beta_k,iid,800,200,3,0.0,2.0,0.995,0.8159701336898565,0.12115384920965834,0.106561969965696,0.05232807299710962,ok,0.14255712941194928,-0.02151083437416175,0.0019487458746471759,-0.025353676554751257,-0.017667992193572242,2.0815651448271365e-22,-0.33542604179279895,0.11251062951278457,-0.3354260417927988,1.730314321769315e-22,-0.34805024865483775,3.384302373311799e-24
TNO,B,1,B-k1,beta_k,ood,800,200,1,3.0,3.0,3.0,0.0,0.1059273745538662,0.0968915857374665,0.042140095644764064,constant_predictor,,,,,,,,,,,,
TNO,B,1,B-k1,beta_total,all,1600,400,4,0.0,3.0,1.9975,1.1568622244584645,0.11354061188176226,0.10172316431999151,0.048099829121883084,ok,0.1356205259340535,-0.01105377424395057,0.0010483534529657046,-0.01311476091290868,-0.00899278757499246,4.289565277452851e-23,-0.26585736569073504,0.07068013889201774,-0.265857365690736,2.7286411142530133e-27,-0.2280331236195255,2.5554045296067208e-20
TNO,B,1,B-k1,beta_total,iid,800,200,3,0.0,2.0,0.995,0.8159701336898565,0.12115384920965834,0.106561969965696,0.05232807299710962,ok,0.14255712941194928,-0.02151083437416175,0.0019487458746471759,-0.025353676554751257,-0.017667992193572242,2.0815651448271365e-22,-0.33542604179279895,0.11251062951278457,-0.3354260417927988,1.730314321769315e-22,-0.34805024865483775,3.384302373311799e-24
TNO,B,1,B-k1,beta_total,ood,800,200,1,3.0,3.0,3.0,0.0,0.1059273745538662,0.0968915857374665,0.042140095644764064,constant_predictor,,,,,,,,,,,,
TNO,B,1,B-k1,rho_H,all,1600,400,4,0.0,0.5,0.1965625022398308,0.19777088866174766,0.11354061188176226,0.10172316431999151,0.048099829121883084,ok,0.14619155873954398,-0.1661097436475623,0.004061222071857895,-0.1740938109734238,-0.15812567632170083,8.410126912072294e-145,-0.6829893622555009,0.46647446895417555,-0.6829893622555008,2.8998136479366653e-220,-0.8048791623195108,0.0
TNO,B,1,B-k1,rho_H,iid,800,200,4,0.0,0.5,0.15701389067806304,0.19359928066917223,0.12115384920965834,0.106561969965696,0.05232807299710962,ok,0.1478048861531172,-0.16973681008964628,0.005825623252165251,-0.181224685986085,-0.15824893419320757,1.024198462893922e-73,-0.6279788735627722,0.3943574656411677,-0.6279788735627716,5.706353057153468e-89,-0.7401083837681638,1.18336675836826e-139
TNO,B,1,B-k1,rho_H,ood,800,200,4,0.0,0.5,0.23611111380159855,0.19406911061920515,0.1059273745538662,0.0968915857374665,0.042140095644764064,ok,0.1437772349397431,-0.16030528921938703,0.0052305247546549265,-0.17061965673918728,-0.14999092169958678,2.700865331127977e-77,-0.7382590008484323,0.5450263523337253,-0.738259000848432,1.314173441968576e-138,-0.8479952073778113,3.1396985283646856e-222
TNO,B,1,B-k1,log_lambda1_positive,all,1600,400,341,0.48396371872013666,0.7865796598052194,0.6601380210831935,0.05202854901877113,0.11354061188176226,0.10172316431999151,0.048099829121883084,ok,-0.026620112542965212,0.21232033294301778,0.022790114810665837,0.1675166241595607,0.25712404172647485,8.264030338832926e-19,0.22966233044644827,0.05274478602607757,0.22966233044641315,1.3532728171565888e-20,0.24189815437113363,9.754463646991874e-23
TNO,B,1,B-k1,log_lambda1_positive,iid,800,200,141,0.5910233297874282,0.7641555981649928,0.6869600234308078,0.041677345973235094,0.12115384920965834,0.106561969965696,0.05232807299710962,ok,-0.13086585672471987,0.3668622588484078,0.037895894499161586,0.2921332016906014,0.44159131600621415,2.0845430595799657e-18,0.2921920187542959,0.08537617582362012,0.29219201875414047,3.275384998032501e-17,0.3369208363043641,1.096205279014077e-22
TNO,B,1,B-k1,log_lambda1_positive,ood,800,200,200,0.48396371872013666,0.7865796598052194,0.6333160187355792,0.04732532287849365,0.1059273745538662,0.0968915857374665,0.042140095644764064,ok,0.07650431514697788,0.04645873234918828,0.02035575025196271,0.0063180774267241405,0.08659938727165242,0.02352673594908077,0.05217535639893688,0.0027222678153566715,0.052175356398939735,0.14036348855015435,0.050857425453673964,0.15067648942591078
TNO,B,1,B-k1,initial_rayleigh_quotient,all,1600,400,1600,4.040722026297464,17.302904387338785,9.461190744080676,2.805127875532731,0.11354061188176226,0.10172316431999151,0.048099829121883084,ok,-0.02486271450463625,0.014628531453399712,0.00029209217675361487,0.014054299470194855,0.01520276343660457,3.6644545876393405e-174,0.8531194831078929,0.7278128524582737,0.85311948310789,0.0,0.9294055720334267,0.0
TNO,B,1,B-k1,initial_rayleigh_quotient,iid,800,200,800,4.128986068925543,17.302904387338785,10.11995476427233,2.809825757094821,0.12115384920965834,0.106561969965696,0.05232807299710962,ok,-0.03857659660678732,0.015783711443094674,0.0004226246030936638,0.01495031409126332,0.016617108794926026,7.492348334732059e-92,0.84752746308486,0.718302800683053,0.8475274630848566,9.675318765990517e-222,0.9224871679487001,0.0
TNO,B,1,B-k1,initial_rayleigh_quotient,ood,800,200,800,4.040722026297464,16.62278996797976,8.80242672388902,2.6425718339727258,0.1059273745538662,0.0968915857374665,0.042140095644764064,ok,-0.01470771299075161,0.013704753396835995,0.00040849385267273755,0.012899221270772341,0.014510285522899648,7.524175940128892e-84,0.8594141698992721,0.7385927154236513,0.8594141698992701,1.062098408067088e-234,0.942026901604534,0.0
TNO,B,1,B-k1,target_norm_retention,all,1600,400,1600,0.3002410380880237,0.8294970829195383,0.6106806439661167,0.13646261769953813,0.11354061188176226,0.10172316431999151,0.048099829121883084,ok,0.30780191502471266,-0.31810620667670764,0.004955133012268159,-0.3278476379204439,-0.30836477543297136,2.0392609597556661e-212,-0.9024898105058872,0.8144878580669361,-0.9024898105058783,0.0,-0.9450261826274151,0.0
TNO,B,1,B-k1,target_norm_retention,iid,800,200,800,0.3002410380880237,0.8234588560243168,0.5802514062502272,0.13942895976873398,0.12115384920965834,0.106561969965696,0.05232807299710962,ok,0.3138307990874375,-0.3320577043025545,0.007126716258605163,-0.3461112790677195,-0.3180041295373895,5.251655754892781e-109,-0.8847728884772111,0.7828230641843019,-0.8847728884772079,7.807052429529497e-267,-0.933627896293588,0.0
TNO,B,1,B-k1,target_norm_retention,ood,800,200,800,0.311076362730106,0.8294970829195383,0.6411098816820061,0.12638342125508512,0.1059273745538662,0.0968915857374665,0.042140095644764064,ok,0.30403631308628387,-0.3090093355177471,0.007043431058830035,-0.32289867548817647,-0.29511999554731777,2.898495725833203e-104,-0.9267576740145774,0.8588797863448705,-0.9267576740145562,0.0,-0.9571243548818046,0.0
TNO,B,2,B-k2,log_nk,all,1600,400,329,9.543378146148761,10.357552330480354,10.05700041393879,0.26563318777746764,0.45313352950848595,0.45188590884208657,0.14113487279263015,ok,-3.051072788184267,0.348434540465563,0.009020461697897277,0.33070096859185855,0.36616811233926744,6.981669771748734e-137,0.6557966566607318,0.430069254886954,0.6557966566603965,2.4255045828922323e-197,0.614664797767972,7.143790467798723e-167
TNO,B,2,B-k2,log_nk,iid,800,200,134,9.543378146148761,10.193616628630961,9.855271155705621,0.24125881012768224,0.3852037996612485,0.36494764685630754,0.1319236960177963,ok,-3.19698904836983,0.363479887203023,0.012849812827850974,0.3381406147047624,0.38881915970128356,1.1820275264765309e-71,0.6647230765890296,0.441856768547942,0.664723076587493,3.793132949407448e-103,0.6964851355327775,3.8689751466990796e-117
TNO,B,2,B-k2,log_nk,ood,800,200,195,10.154285180632154,10.357552330480354,10.258729672171958,0.03890022804884361,0.5210632593557234,0.5082288980484004,0.11497271889596009,ok,-3.578905613175025,0.399656585518288,0.12176819005554039,0.159535006256861,0.6397781647797149,0.001216847391812259,0.13522105476127738,0.01828473365192551,0.1352210547656156,0.0001249113058091821,0.15627208726326156,8.977543021600671e-06
TNO,B,2,B-k2,beta_k,all,1600,400,1,0.0,0.0,0.0,0.0,0.45313352950848595,0.45188590884208657,0.14113487279263015,constant_predictor,,,,,,,,,,,,
TNO,B,2,B-k2,beta_k,iid,800,200,1,0.0,0.0,0.0,0.0,0.3852037996612485,0.36494764685630754,0.1319236960177963,constant_predictor,,,,,,,,,,,,
TNO,B,2,B-k2,beta_k,ood,800,200,1,0.0,0.0,0.0,0.0,0.5210632593557234,0.5082288980484004,0.11497271889596009,constant_predictor,,,,,,,,,,,,
TNO,B,2,B-k2,beta_total,all,1600,400,4,0.0,3.0,1.9975,1.1568622244584645,0.45313352950848595,0.45188590884208657,0.14113487279263015,ok,0.2999791508238502,0.07667303063060611,0.002489762812473597,0.07177833795719571,0.08156772330401652,1.7363521541871646e-107,0.628477788771754,0.3949843309794324,0.6284777887717532,1.3580329492116478e-176,0.6158891783712134,1.0274536735533834e-167
TNO,B,2,B-k2,beta_total,iid,800,200,3,0.0,2.0,0.995,0.8159701336898565,0.3852037996612485,0.36494764685630754,0.1319236960177963,ok,0.2821085122754434,0.10361335415658794,0.004390492042657758,0.09495549464059408,0.1122712136725818,1.3937204058928983e-59,0.6408659323174244,0.410709143205082,0.6408659323174246,1.0111400901161173e-93,0.689423739549731,7.154047817320978e-114
TNO,B,2,B-k2,beta_total,ood,800,200,1,3.0,3.0,3.0,0.0,0.5210632593557234,0.5082288980484004,0.11497271889596009,constant_predictor,,,,,,,,,,,,
TNO,B,2,B-k2,rho_H,all,1600,400,1,0.0,0.0,0.0,0.0,0.45313352950848595,0.45188590884208657,0.14113487279263015,constant_predictor,,,,,,,,,,,,
TNO,B,2,B-k2,rho_H,iid,800,200,1,0.0,0.0,0.0,0.0,0.3852037996612485,0.36494764685630754,0.1319236960177963,constant_predictor,,,,,,,,,,,,
TNO,B,2,B-k2,rho_H,ood,800,200,1,0.0,0.0,0.0,0.0,0.5210632593557234,0.5082288980484004,0.11497271889596009,constant_predictor,,,,,,,,,,,,
TNO,B,2,B-k2,log_lambda1_positive,all,1600,400,341,2.269147735025334,2.6801398291281306,2.4316724405207566,0.11758202001057262,0.45313352950848595,0.45188590884208657,0.14113487279263015,ok,2.1205122765055107,-0.6856921677493488,0.022218196443948707,-0.7293715266046382,-0.6420128088940594,9.471154441995196e-108,-0.5712625702923152,0.32634092421733485,-0.5712625702926235,2.926721374321486e-139,-0.436557437108863,1.944647868468183e-75
TNO,B,2,B-k2,log_lambda1_positive,iid,800,200,141,2.3079179766807294,2.6801398291281306,2.49949217157336,0.13156113788144,0.3852037996612485,0.36494764685630754,0.1319236960177963,ok,1.8755075661338823,-0.5962426221701398,0.029917697747654917,-0.6552390220325033,-0.5372462223077763,2.659267618175659e-49,-0.5946040036320339,0.35355392113560036,-0.5946040036323339,1.1966788804009153e-77,-0.5577775749272617,1.3288783855939116e-66
TNO,B,2,B-k2,log_lambda1_positive,ood,800,200,200,2.269147735025334,2.436837653384714,2.3638527094681536,0.033904105669069255,0.5210632593557234,0.5082288980484004,0.11497271889596009,ok,-0.6582378417529889,0.4988894174265416,0.12671099091929675,0.2490208496549087,0.7487579851981745,0.00011394421326857135,0.1471166350420561,0.021643304306140032,0.14711663504220054,2.94950986954316e-05,0.15878517137646042,6.39893518183452e-06
TNO,B,2,B-k2,initial_rayleigh_quotient,all,1600,400,1600,18.10295563287944,42.92928857678454,26.149336602373523,4.543025397123421,0.45313352950848595,0.45188590884208657,0.14113487279263015,ok,-0.17296625553821654,0.02394323781773769,0.0007607124729255821,0.022447732402865867,0.02543874323260951,3.6146471393917707e-110,0.7707148158568244,0.5940013273812195,0.7707148158568249,4.2089235e-315,0.8062139135601226,0.0
TNO,B,2,B-k2,initial_rayleigh_quotient,iid,800,200,800,18.10295563287944,39.239361095504606,23.735281786350328,3.556241582911774,0.3852037996612485,0.36494764685630754,0.1319236960177963,ok,-0.3365407938428855,0.030408090369468257,0.0009570758279286554,0.028520778427241437,0.03229540231169507,6.993206282591304e-80,0.819705016559378,0.6719163141726028,0.8197050165593736,2.5986620280781275e-195,0.8384190444047569,1.5422353034595816e-212
TNO,B,2,B-k2,initial_rayleigh_quotient,ood,800,200,800,19.97141079184148,42.92928857678454,28.563391418396723,4.121556473592118,0.5210632593557234,0.5082288980484004,0.11497271889596009,ok,0.056976292876705595,0.016247614286450475,0.0009942715718117103,0.01428695395365524,0.01820827461924571,1.2574158553334032e-38,0.5824465184940562,0.33924394690584625,0.5824465184940555,7.601765493802531e-74,0.592421214720648,5.925355040236888e-77
TNO,B,2,B-k2,target_norm_retention,all,1600,400,1600,0.07724110015150125,0.21958787048386205,0.15267364116347337,0.02544651991165597,0.45313352950848595,0.45188590884208657,0.14113487279263015,ok,0.8314617198530097,-2.4780190441612127,0.1471250031991541,-2.767256103862866,-2.1887819844595593,1.8092532194387797e-48,-0.44678511909215207,0.19961694264219032,-0.4467851190921541,2.4205552711717315e-79,-0.35972467957995297,4.536096520525804e-50
TNO,B,2,B-k2,target_norm_retention,iid,800,200,800,0.07724110015150125,0.21119322308416655,0.14921158044986707,0.02429390432927563,0.3852037996612485,0.36494764685630754,0.1319236960177963,ok,0.8714061939338678,-3.2584762711227735,0.18488953511307024,-3.6230703998522205,-2.8938821423933265,1.6767908237671517e-42,-0.6000522512588848,0.36006270424086173,-0.6000522512588897,2.0916316759411447e-79,-0.5503536021150034,1.535927718413411e-64
TNO,B,2,B-k2,target_norm_retention,ood,800,200,800,0.07766014934669044,0.21958787048386205,0.15613570187707967,0.026108727515521502,0.5210632593557234,0.5082288980484004,0.11497271889596009,ok,0.9239577792911415,-2.5804125199539802,0.1616254262192139,-2.8991308369040567,-2.261694203003904,1.7560936169281058e-37,-0.585976290793676,0.34336821337229384,-0.5859762907936581,6.213403846657481e-75,-0.47444063975099965,3.82956633534454e-46
TNO,C,0,C-k0,log_nk,all,1600,400,236,7.383989457978509,7.816416983691801,7.638937468881613,0.13285965075075507,0.014553005290508238,0.0111003336496645,0.009056134319262553,ok,-0.12085483302909278,0.017726004286749336,0.0014189554012668801,0.014936441131704512,0.02051556744179416,1.873583069478206e-30,0.26005254071095524,0.06762732393006021,0.2600525407106422,3.8317598054134183e-26,0.30622495471336036,4.400910357239675e-36
TNO,C,0,C-k0,log_nk,iid,800,200,119,7.383989457978509,7.746732907753622,7.5388594218869125,0.12127475230744209,0.013144687017774638,0.0100764315575355,0.008623623691963912,ok,-0.16450208922356754,0.023564144958798234,0.0023253281192307036,0.01897869895655411,0.02814959096104236,1.0028420234150927e-19,0.3313845716479896,0.10981573432662195,0.3313845716484428,5.870312805966621e-22,0.4147438410687405,1.3241757519042107e-34
TNO,C,0,C-k0,log_nk,ood,800,200,122,7.674152921281675,7.816416983691801,7.7390155158763125,0.023698078287639795,0.015961323563241838,0.012079574167728,0.009262354559331097,ok,0.0521777802615295,-0.0046797240067417804,0.01701889914140212,-0.0382402535445501,0.028880805531066537,0.7836228759925091,-0.011973247748823279,0.00014335866163794897,-0.011973247748123889,0.735259814195135,0.038436379374451005,0.277546974607185
TNO,C,0,C-k0,beta_k,all,1600,400,1,1.0,1.0,1.0,0.0,0.014553005290508238,0.0111003336496645,0.009056134319262553,constant_predictor,,,,,,,,,,,,
TNO,C,0,C-k0,beta_k,iid,800,200,1,1.0,1.0,1.0,0.0,0.013144687017774638,0.0100764315575355,0.008623623691963912,constant_predictor,,,,,,,,,,,,
TNO,C,0,C-k0,beta_k,ood,800,200,1,1.0,1.0,1.0,0.0,0.015961323563241838,0.012079574167728,0.009262354559331097,constant_predictor,,,,,,,,,,,,
TNO,C,0,C-k0,beta_total,all,1600,400,4,0.0,3.0,2.0025,1.1525293716301959,0.014553005290508238,0.0111003336496645,0.009056134319262553,ok,0.010703776963116021,0.001922211399446804,0.0001774178484421541,0.001573420808410832,0.002271001990482776,3.7612848083255316e-24,0.24463032660995543,0.059843996697293456,0.24463032660995548,3.119951801123503e-23,0.319576942140895,2.575921253443987e-39
TNO,C,0,C-k0,beta_total,iid,800,200,3,0.0,2.0,1.005,0.8159701336898565,0.013144687017774638,0.0100764315575355,0.008623623691963912,ok,0.009677907747570252,0.003449531612143676,0.0003508130116001901,0.002757743598110842,0.00414131962617651,7.558027625584186e-19,0.3263958251507666,0.10653423467584988,0.3263958251507668,2.586467533071625e-21,0.4350161495842207,2.8723533568718925e-38
TNO,C,0,C-k0,beta_total,ood,800,200,1,3.0,3.0,3.0,0.0,0.015961323563241838,0.012079574167728,0.009262354559331097,constant_predictor,,,,,,,,,,,,
TNO,C,0,C-k0,rho_H,all,1600,400,1,0.0,0.0,0.0,0.0,0.014553005290508238,0.0111003336496645,0.009056134319262553,constant_predictor,,,,,,,,,,,,
TNO,C,0,C-k0,rho_H,iid,800,200,1,0.0,0.0,0.0,0.0,0.013144687017774638,0.0100764315575355,0.008623623691963912,constant_predictor,,,,,,,,,,,,
TNO,C,0,C-k0,rho_H,ood,800,200,1,0.0,0.0,0.0,0.0,0.015961323563241838,0.012079574167728,0.009262354559331097,constant_predictor,,,,,,,,,,,,
TNO,C,0,C-k0,log_lambda1_positive,all,1600,400,335,0.6671266100083025,0.7461019031171019,0.7075874038421409,0.014334179386468063,0.014553005290508238,0.0111003336496645,0.009056134319262553,ok,0.054174525025554435,-0.05599523044065259,0.01772491635390141,-0.0908411273187005,-0.02114933356260467,0.0017029569755250057,-0.08863005446106186,0.0078552865538426,-0.08863005446146706,0.0003860832201961877,-0.16585733123545832,2.4657154660490898e-11
TNO,C,0,C-k0,log_lambda1_positive,iid,800,200,135,0.6671266100083025,0.7461019031171019,0.713538963626299,0.012262831017344348,0.013144687017774638,0.0100764315575355,0.008623623691963912,ok,0.06516755849177788,-0.07290824205257186,0.02566928434882059,-0.12352695531042719,-0.02228952879471653,0.004975710973863991,-0.10367584254580543,0.010748680327874571,-0.1036758425472129,0.0033276920469286,-0.17339845405730966,8.047833130434074e-07
TNO,C,0,C-k0,log_lambda1_positive,ood,800,200,200,0.6680164939718534,0.7347656872469495,0.7016358440579827,0.013779939728065342,0.015961323563241838,0.012079574167728,0.009262354559331097,ok,-0.0014908307611046587,0.02487352160261558,0.02692438335256515,-0.028220192349354727,0.07796723555458589,0.3566942588863773,0.037005237309067865,0.0013693875883066253,0.037005237309150486,0.2958438457666477,0.017401168610465468,0.6231103297632596
TNO,C,0,C-k0,initial_rayleigh_quotient,all,1600,400,1600,2.020287562688089,10.188545072201846,3.8882111853426875,1.9844282328946323,0.014553005290508238,0.0111003336496645,0.009056134319262553,ok,-0.001472082658635361,0.004121455133289329,9.150202434926634e-05,0.003941568805989095,0.004301341460589562,1.5275235723570635e-158,0.9031151304493741,0.815616938846589,0.9031151304493736,0.0,0.8538312768872176,0.0
TNO,C,0,C-k0,initial_rayleigh_quotient,iid,800,200,800,2.020287562688089,10.188545072201846,3.9664022875951237,2.0277465728461253,0.013144687017774638,0.0100764315575355,0.008623623691963912,ok,-0.0018710716866690842,0.0037857377077976494,0.0001235488783467202,0.003542104688607162,0.004029370726988136,2.7953803788006738e-77,0.8901729640446322,0.7924079059160029,0.8901729640446305,1.1703053547185768e-274,0.8261798690310455,4.8896949200310254e-201
TNO,C,0,C-k0,initial_rayleigh_quotient,ood,800,200,800,2.0303067641596257,9.742532900998366,3.810020083090251,1.9382570169243067,0.015961323563241838,0.012079574167728,0.009262354559331097,ok,-0.0014162377433411207,0.004561015671205669,0.00010046888365398014,0.004362895398590772,0.004759135943820566,5.963507080914142e-107,0.9544463637607224,0.9109678612960662,0.954446363760723,0.0,0.957820379406843,0.0
TNO,C,0,C-k0,target_norm_retention,all,1600,400,1600,0.3776723959775004,0.819516746089003,0.7197912852277767,0.11180331424323807,0.014553005290508238,0.0111003336496645,0.009056134319262553,ok,0.06703090419067115,-0.07290710512500351,0.0016675135513049039,-0.07618531553183167,-0.06962889471817535,2.9680401438912872e-154,-0.9000811712253095,0.8101461147943263,-0.9000811712253103,0.0,-0.8445821062820729,0.0
TNO,C,0,C-k0,target_norm_retention,iid,800,200,800,0.3776723959775004,0.819516746089003,0.7154277196948868,0.11416248884099138,0.013144687017774638,0.0100764315575355,0.008623623691963912,ok,0.060978245094639935,-0.0668600848975564,0.0022556363293288117,-0.07130810171862303,-0.062412068076489774,6.335782966604388e-75,-0.8851167407893616,0.7834316448255766,-0.8851167407893585,2.547160475401838e-267,-0.817447019448468,2.2777087549436596e-193
TNO,C,0,C-k0,target_norm_retention,ood,800,200,800,0.3917113428045454,0.8186686496864528,0.7241548507606665,0.1092904559214939,0.015961323563241838,0.012079574167728,0.009262354559331097,ok,0.07445006866167478,-0.08076828462447674,0.0018038313834400348,-0.08432536172577376,-0.07721120752317973,7.258588463111614e-106,-0.9530192991493004,0.9082457845510196,-0.9530192991492983,0.0,-0.9509155639305688,0.0
TNO,C,1,C-k1,log_nk,all,1600,400,321,9.111403624116159,9.592195614445213,9.398410354881623,0.14872587885895874,0.1754178780550133,0.15199417620897251,0.0695972041139613,ok,-0.9801675413475517,0.12295541222057998,0.010364852031091951,0.10257886669447608,0.1433319577466839,5.1981547996283375e-28,0.2627498040442545,0.06903745952566342,0.26274980404495685,1.131847754177384e-26,0.26478269426268325,4.4724193990766446e-27
TNO,C,1,C-k1,log_nk,iid,800,200,134,9.111403624116159,9.519955154427514,9.28712946586172,0.1370804270062386,0.16267273050732867,0.14226015657186453,0.06677684983255126,ok,-1.1369030206159065,0.1399329853105068,0.014426305980392809,0.11148493682312702,0.16838103379788658,1.8363640621918223e-18,0.2872563384874054,0.08251620400233839,0.2872563384894025,1.1573259160877153e-16,0.32967539655209815,9.787207996281054e-22
TNO,C,1,C-k1,log_nk,ood,800,200,188,9.433403920090221,9.592195614445213,9.509691243901527,0.026029686814930824,0.1881630256026979,0.1652063503861425,0.07006548423828565,ok,0.564582973299936,-0.03958277277799052,0.10411958349299376,-0.24490206683152083,0.16573652127553978,0.7042273071472508,-0.014705203137876328,0.00021624299928613144,-0.014705203136513807,0.6779237231779932,-0.001766329607549842,0.9602170054975941
TNO,C,1,C-k1,beta_k,all,1600,400,1,0.0,0.0,0.0,0.0,0.1754178780550133,0.15199417620897251,0.0695972041139613,constant_predictor,,,,,,,,,,,,
TNO,C,1,C-k1,beta_k,iid,800,200,1,0.0,0.0,0.0,0.0,0.16267273050732867,0.14226015657186453,0.06677684983255126,constant_predictor,,,,,,,,,,,,
TNO,C,1,C-k1,beta_k,ood,800,200,1,0.0,0.0,0.0,0.0,0.1881630256026979,0.1652063503861425,0.07006548423828565,constant_predictor,,,,,,,,,,,,
TNO,C,1,C-k1,beta_total,all,1600,400,4,0.0,3.0,2.0025,1.1525293716301959,0.1754178780550133,0.15199417620897251,0.0695972041139613,ok,0.14510072773092683,0.015139650598794723,0.0014356299668390885,0.012317306460143873,0.017961994737445572,4.228932771614789e-23,0.25071254245728136,0.06285677894539421,0.2507125424572816,2.343793409400681e-24,0.2814557096070943,1.6185695909018827e-30
TNO,C,1,C-k1,beta_total,iid,800,200,3,0.0,2.0,1.005,0.8159701336898565,0.16267273050732867,0.14226015657186453,0.06677684983255126,ok,0.14035180294581223,0.02220987817066313,0.0024597800632042838,0.01735929877761325,0.027060457563713006,1.5053260067781547e-16,0.27139041906881506,0.07365275956234707,0.27139041906881517,5.6673526695971094e-15,0.3300345374993264,8.792816776050294e-22
TNO,C,1,C-k1,beta_total,ood,800,200,1,3.0,3.0,3.0,0.0,0.1881630256026979,0.1652063503861425,0.07006548423828565,constant_predictor,,,,,,,,,,,,
TNO,C,1,C-k1,rho_H,all,1600,400,1,0.0,0.0,0.0,0.0,0.1754178780550133,0.15199417620897251,0.0695972041139613,constant_predictor,,,,,,,,,,,,
TNO,C,1,C-k1,rho_H,iid,800,200,1,0.0,0.0,0.0,0.0,0.16267273050732867,0.14226015657186453,0.06677684983255126,constant_predictor,,,,,,,,,,,,
TNO,C,1,C-k1,rho_H,ood,800,200,1,0.0,0.0,0.0,0.0,0.1881630256026979,0.1652063503861425,0.07006548423828565,constant_predictor,,,,,,,,,,,,
TNO,C,1,C-k1,log_lambda1_positive,all,1600,400,343,0.6671266100083363,0.7461019031171127,0.7075874038421653,0.014334179386463936,0.1754178780550133,0.15199417620897251,0.0695972041139613,ok,0.5823504544586124,-0.5750986721838632,0.1290571828330852,-0.8288157106500679,-0.3213816337176586,1.0854511529541501e-05,-0.11844682034212696,0.014029649249042042,-0.11844682034162797,2.025102941061661e-06,-0.14943891909381815,1.89403887953292e-09
TNO,C,1,C-k1,log_lambda1_positive,iid,800,200,143,0.6671266100083363,0.7461019031171127,0.7135389636263194,0.012262831017341585,0.16267273050732867,0.14226015657186453,0.06677684983255126,ok,0.729970746673235,-0.7950484067230326,0.21238808661840092,-1.2138684840507956,-0.3762283293952695,0.00023758544169707668,-0.14600185972682206,0.02131654304315367,-0.1460018597249833,3.393225661527861e-05,-0.16481863211492748,2.7781803149492947e-06
TNO,C,1,C-k1,log_lambda1_positive,ood,800,200,200,0.6680164939718866,0.7347656872469673,0.7016358440580113,0.013779939728062773,0.1881630256026979,0.1652063503861425,0.07006548423828565,ok,0.05892421444721675,0.18419642076447765,0.18055870812369046,-0.17185750534125013,0.5402503468702055,0.30889735657427553,0.03622633317750544,0.001312347215489451,0.03622633317753171,0.30613331326027093,0.03887629757849667,0.27208066776234247
TNO,C,1,C-k1,initial_rayleigh_quotient,all,1600,400,1600,8.074225456269636,17.246303429376074,11.334696817030435,1.6775784306075634,0.1754178780550133,0.15199417620897251,0.0695972041139613,ok,-0.15084560463337815,0.028784491367971836,0.0008023163774342594,0.027207195701609524,0.030361787034334148,6.141732611959432e-127,0.6938244498421231,0.48139236719872847,0.6938244498421258,4.119331996673617e-230,0.7029050734004194,1.0407916683582984e-238
TNO,C,1,C-k1,initial_rayleigh_quotient,iid,800,200,800,8.102349527174022,17.01325091365047,11.497695944916105,1.6756500465237425,0.16267273050732867,0.14226015657186453,0.06677684983255126,ok,-0.15784225424361484,0.027876453359567625,0.0010788161185761966,0.02574907485449956,0.030003831864635688,1.6826637722599799e-65,0.6995115895105678,0.4893164638596087,0.6995115895105732,1.4389105997230146e-118,0.7027519886749823,4.048713904876713e-120
TNO,C,1,C-k1,initial_rayleigh_quotient,ood,800,200,800,8.074225456269636,17.246303429376074,11.17169768914477,1.6646483131577874,0.1881630256026979,0.1652063503861425,0.07006548423828565,ok,-0.16663332584480586,0.031758499139504244,0.0010532199371832993,0.0296815951918417,0.03383540308716679,3.8817102840648306e-76,0.7545331713002132,0.5693203065923322,0.7545331713001968,3.9839896973175384e-148,0.7903940084281382,5.238471007636838e-172
TNO,C,1,C-k1,target_norm_retention,all,1600,400,1600,0.2869736732174376,0.5991884580811021,0.4845623687211373,0.08289913661461802,0.1754178780550133,0.15199417620897251,0.0695972041139613,ok,0.5367709963616902,-0.7457308731182823,0.012881422813356786,-0.7710548138373575,-0.7204069323992072,3.0849863018075344e-196,-0.8882604741872037,0.7890066700032823,-0.8882604741872073,0.0,-0.8735823939774977,0.0
TNO,C,1,C-k1,target_norm_retention,iid,800,200,800,0.29691312783439067,0.5977724093728244,0.48533444974197154,0.08184156836383297,0.16267273050732867,0.14226015657186453,0.06677684983255126,ok,0.5115396749058279,-0.718817600077587,0.017569082759750866,-0.7534630678021369,-0.6841721323530371,7.86898496469616e-99,-0.880981356643738,0.7761281507538869,-0.8809813566437639,1.4304562382531435e-261,-0.8594535069586048,9.578950088679645e-235
TNO,C,1,C-k1,target_norm_retention,ood,800,200,800,0.2869736732174376,0.5991884580811021,0.483790287700303,0.0839874917188466,0.1881630256026979,0.1652063503861425,0.07006548423828565,ok,0.5600134803240022,-0.7686190983471297,0.01597063741995749,-0.8001125013232492,-0.7371256953710102,1.4074467653407106e-111,-0.921343666702337,0.8488741521725292,-0.9213436667023489,0.0,-0.9309999859374781,0.0
TNO,C,2,C-k2,log_nk,all,1600,400,321,9.543378146148761,10.04676504723975,9.845505281566203,0.15612627542321453,0.16329185965005258,0.12058914080262151,0.11881256611519019,ok,2.6582693887612887,-0.2534128475643168,0.013974521793453964,-0.28088574140550815,-0.22593995372312545,4.902824430266347e-54,-0.33299848095402174,0.1108879883177879,-0.3329984809541748,9.811088349572504e-43,-0.24829433350624028,6.6156576664401804e-24
TNO,C,2,C-k2,log_nk,iid,800,200,133,9.543378146148761,9.974085801381666,9.729188565011398,0.144710143517777,0.18375424542464266,0.1678688973188395,0.12002665467694137,ok,3.7495106404166076,-0.36650090304706445,0.01949179128320795,-0.4049378684271297,-0.3280639376669992,5.222761848049776e-46,-0.4418718360691305,0.195250719509645,-0.4418718360674788,1.451693732008232e-39,-0.4289058250777428,3.880506350363514e-37
TNO,C,2,C-k2,log_nk,ood,800,200,188,9.879041159631202,10.04676504723975,9.961821998121007,0.027336534899447144,0.14282947387546252,0.10017248615622451,0.11404233850334079,ok,-0.9140330635857337,0.10609128908957752,0.048599132219365446,0.010255912264758207,0.20192666591439684,0.03020695214636187,0.02543062747384484,0.0006467168137456181,0.025430627474477302,0.47258574696289446,0.045951348328456265,0.19416570859050292
TNO,C,2,C-k2,beta_k,all,1600,400,4,0.0,3.0,2.0025,1.1525293716301959,0.16329185965005258,0.12058914080262151,0.11881256611519019,ok,0.22525609837393704,-0.03094344006186485,0.0020818425383830664,-0.035036191133881185,-0.026850688989848513,4.425591739350877e-40,-0.30016373433094445,0.09009826740749782,-0.30016373433094456,1.1392664558156985e-34,-0.27904779898232396,5.260804943182065e-30
TNO,C,2,C-k2,beta_k,iid,800,200,3,0.0,2.0,1.005,0.8159701336898565,0.18375424542464266,0.1678688973188395,0.12002665467694137,ok,0.24622072444370052,-0.0621557005164754,0.003319488643236462,-0.06870158787006708,-0.055609813162883714,8.894321805159205e-46,-0.422549436177517,0.1785480260139377,-0.42254943617751717,5.5049214291885474e-36,-0.44334109052788806,7.58876306662852e-40
TNO,C,2,C-k2,beta_k,ood,800,200,1,3.0,3.0,3.0,0.0,0.14282947387546252,0.10017248615622451,0.11404233850334079,constant_predictor,,,,,,,,,,,,
TNO,C,2,C-k2,beta_total,all,1600,400,4,0.0,3.0,2.0025,1.1525293716301959,0.16329185965005258,0.12058914080262151,0.11881256611519019,ok,0.22525609837393704,-0.03094344006186485,0.0020818425383830664,-0.035036191133881185,-0.026850688989848513,4.425591739350877e-40,-0.30016373433094445,0.09009826740749782,-0.30016373433094456,1.1392664558156985e-34,-0.27904779898232396,5.260804943182065e-30
TNO,C,2,C-k2,beta_total,iid,800,200,3,0.0,2.0,1.005,0.8159701336898565,0.18375424542464266,0.1678688973188395,0.12002665467694137,ok,0.24622072444370052,-0.0621557005164754,0.003319488643236462,-0.06870158787006708,-0.055609813162883714,8.894321805159205e-46,-0.422549436177517,0.1785480260139377,-0.42254943617751717,5.5049214291885474e-36,-0.44334109052788806,7.58876306662852e-40
TNO,C,2,C-k2,beta_total,ood,800,200,1,3.0,3.0,3.0,0.0,0.14282947387546252,0.10017248615622451,0.11404233850334079,constant_predictor,,,,,,,,,,,,
TNO,C,2,C-k2,rho_H,all,1600,400,4,0.0,0.5,0.19715278002433478,0.19777344145938522,0.16329185965005258,0.12058914080262151,0.11881256611519019,ok,0.2594362409417019,-0.48766434477759896,0.006271486855304078,-0.4999936319724498,-0.47533505758274813,3.655626361959005e-243,-0.8117580395510974,0.6589511147758407,-0.8117580395510973,0.0,-0.9551554826265015,0.0
TNO,C,2,C-k2,rho_H,iid,800,200,4,0.0,0.5,0.15819444624707102,0.19384400954744815,0.18375424542464266,0.1678688973188395,0.12002665467694137,ok,0.2619959695194409,-0.49459210453316926,0.008856257988671382,-0.5120562604314908,-0.47712794863484775,1.4995352288269283e-123,-0.7987702139268127,0.6380338546566858,-0.7987702139268125,2.8614520646005584e-178,-0.9250811477143055,0.0
TNO,C,2,C-k2,rho_H,ood,800,200,4,0.0,0.5,0.23611111380159855,0.19406911061920515,0.14282947387546252,0.10017248615622451,0.11404233850334079,ok,0.2556246081730694,-0.47772056334623586,0.008371018506319586,-0.4942278480718056,-0.46121327862066613,2.6001202390966654e-125,-0.812950752061207,0.660888925276881,-0.8129507520612065,1.4025150685534253e-189,-0.9629212367333291,0.0
TNO,C,2,C-k2,log_lambda1_positive,all,1600,400,344,2.507009414956816,2.6964556261107866,2.6250755100023775,0.038772774080661244,0.16329185965005258,0.12058914080262151,0.11881256611519019,ok,-1.9338055497662012,0.7988712711027346,0.06818770365045765,0.6648192032501409,0.9329233389553283,1.8959761438475493e-27,0.26070016267443386,0.06796457481923845,0.26070016267589574,2.8628577184385657e-26,0.2552960179385704,3.17952302365918e-25
TNO,C,2,C-k2,log_lambda1_positive,iid,800,200,144,2.5380297231594233,2.6964556261107866,2.6486227334733856,0.032277579501732996,0.18375424542464266,0.1678688973188395,0.12002665467694137,ok,-3.2670959370430497,1.3028847554828347,0.1144252792148985,1.0772430773074513,1.528526433658218,1.869621875031846e-23,0.3503718935588417,0.12276046379959338,0.3503718935639576,1.6093008747894362e-24,0.41129420267492506,5.258422712683373e-34
TNO,C,2,C-k2,log_lambda1_positive,ood,800,200,200,2.507009414956816,2.675911259516468,2.6015282865313702,0.029263697863029327,0.14282947387546252,0.10017248615622451,0.11404233850334079,ok,-0.10373411597266885,0.09477644011191926,0.048705256360302686,-0.001268208907124091,0.1908210891309626,0.05307284116133005,0.024319995050675416,0.0005914621592673086,0.024319995050728776,0.4921461515166757,-0.013554555022364622,0.701868927046903
TNO,C,2,C-k2,initial_rayleigh_quotient,all,1600,400,1600,9.48354991510157,35.86134226126692,19.505883276152996,5.252073034994045,0.16329185965005258,0.12058914080262151,0.11881256611519019,ok,-0.18171541687903228,0.01768734446139516,0.00037724823897449596,0.016945701851057142,0.018428987071733176,2.1719956761060395e-164,0.7818636356720196,0.6113107447862671,0.7818636356720186,0.0,0.8773835302279416,0.0
TNO,C,2,C-k2,initial_rayleigh_quotient,iid,800,200,800,9.48354991510157,34.49063293614603,19.227714655567596,4.827716345157303,0.18375424542464266,0.1678688973188395,0.12002665467694137,ok,-0.2122299259149349,0.020594448088760063,0.0005848461705174194,0.01944115685542904,0.021747739322091085,1.9641484395051803e-87,0.8283506186622159,0.6861647474380812,0.8283506186622193,5.203899500774244e-203,0.87816514557054,8.906156201310334e-258
TNO,C,2,C-k2,initial_rayleigh_quotient,ood,800,200,800,9.901133582941487,35.86134226126692,19.784051896738394,5.633939249257863,0.14282947387546252,0.10017248615622451,0.11404233850334079,ok,-0.17367915599783063,0.015998170219391372,0.00039768201396677013,0.01521395856941932,0.016782381869363424,1.5810979477368943e-97,0.7903443606840537,0.6246442084650823,0.7903443606840517,5.694635667187171e-172,0.929020873470115,0.0
TNO,C,2,C-k2,target_norm_retention,all,1600,400,1600,0.0773368681080183,0.7198841721577247,0.4061981572020235,0.22695665927430905,0.16329185965005258,0.12058914080262151,0.11881256611519019,ok,0.3505462245345645,-0.4609926499281993,0.0060730679170669525,-0.4729318599163422,-0.4490534399400565,2.9826834497125927e-239,-0.8805916343586052,0.7754416265023635,-0.8805916343586075,0.0,-0.9566173609833443,0.0
TNO,C,2,C-k2,target_norm_retention,iid,800,200,800,0.09155195335285603,0.7189064561223293,0.3557980907758454,0.22750362758856643,0.18375424542464266,0.1678688973188395,0.12002665467694137,ok,0.34563404274364984,-0.4549765766477715,0.008262012989549197,-0.4712689072311866,-0.43868424606435646,2.0667094266130158e-122,-0.8623819595222028,0.7437026441093595,-0.8623819595222058,4.016263485983361e-238,-0.9506444619444718,0.0
TNO,C,2,C-k2,target_norm_retention,ood,800,200,800,0.0773368681080183,0.7198841721577247,0.45659822362820157,0.21503145187685396,0.14282947387546252,0.10017248615622451,0.11404233850334079,ok,0.35915505884410853,-0.4737766679197499,0.008545214193995732,-0.49062745897161264,-0.4569258768678872,5.813398259417715e-123,-0.8933251115784293,0.7980297549766189,-0.8933251115784323,2.0385683577487195e-279,-0.9529134264272289,0.0
TNO,D,0,D-k0,log_nk,all,1600,400,245,7.383989457978509,8.154500175151941,7.958374634959847,0.23199193460850195,0.017826804856449087,0.013757355511188,0.010565819265274569,ok,-0.06589722991990013,0.010520242966266276,0.0010864145553626085,0.008384430937193255,0.012656054995339297,4.663124996317013e-20,0.23099122339872577,0.053356945287196145,0.2309912233986306,8.02814465782614e-21,0.305581628901948,6.239078128999735e-36
TNO,D,0,D-k0,log_nk,iid,800,200,173,7.383989457978509,8.101374671228582,7.775637599393222,0.20201615090200456,0.016060234241012435,0.0125280418433245,0.00978476832540076,ok,-0.07657262928087896,0.01191321770566088,0.00163454976070422,0.008689956608138911,0.01513647880318285,7.2154751549792936e-12,0.2459600785342713,0.06049636023239213,0.2459600785338798,1.7312875063098904e-12,0.3721166845402695,1.1208156624698615e-27
TNO,D,0,D-k0,log_nk,ood,800,200,72,8.127699852817772,8.154500175151941,8.141111670526472,0.005302345153874631,0.019593375471885742,0.014922839589416502,0.011019153663501063,ok,-0.12071090776092899,0.017234044798313163,0.06700748643555708,-0.11490180659198618,0.14936989618861252,0.7972933575597188,0.00829291039117428,6.877236241442652e-05,0.008292910370572962,0.8148326716929639,-0.035996189724095004,0.30921833082021005
TNO,D,0,D-k0,beta_k,all,1600,400,1,1.0,1.0,1.0,0.0,0.017826804856449087,0.013757355511188,0.010565819265274569,constant_predictor,,,,,,,,,,,,
TNO,D,0,D-k0,beta_k,iid,800,200,1,1.0,1.0,1.0,0.0,0.016060234241012435,0.0125280418433245,0.00978476832540076,constant_predictor,,,,,,,,,,,,
TNO,D,0,D-k0,beta_k,ood,800,200,1,1.0,1.0,1.0,0.0,0.019593375471885742,0.014922839589416502,0.011019153663501063,constant_predictor,,,,,,,,,,,,
TNO,D,0,D-k0,beta_total,all,1600,400,6,0.0,6.0,3.995,2.165157024464477,0.017826804856449087,0.013757355511188,0.010565819265274569,ok,0.013792893691090342,0.0010097399662975588,0.00012342242757061708,0.0007671004470076737,0.001252379485587444,3.8029653162348186e-15,0.20691680654589267,0.04281456483115054,0.20691680654589295,6.227120368135346e-17,0.3239174641309819,2.1086583632647574e-40
TNO,D,0,D-k0,beta_total,iid,800,200,5,0.0,4.0,1.99,1.1539343376334121,0.016060234241012435,0.0125280418433245,0.00978476832540076,ok,0.012503006622150412,0.0017875515672673482,0.00030494658438884114,0.0011862101545352726,0.0023888929799994237,1.875998753820698e-08,0.2108089905823837,0.044440430510363615,0.2108089905823839,1.7329424046559275e-09,0.3327048618396006,3.9464924598929738e-22
TNO,D,0,D-k0,beta_total,ood,800,200,1,6.0,6.0,6.0,0.0,0.019593375471885742,0.014922839589416502,0.011019153663501063,constant_predictor,,,,,,,,,,,,
TNO,D,0,D-k0,rho_H,all,1600,400,1,0.0,0.0,0.0,0.0,0.017826804856449087,0.013757355511188,0.010565819265274569,constant_predictor,,,,,,,,,,,,
TNO,D,0,D-k0,rho_H,iid,800,200,1,0.0,0.0,0.0,0.0,0.016060234241012435,0.0125280418433245,0.00978476832540076,constant_predictor,,,,,,,,,,,,
TNO,D,0,D-k0,rho_H,ood,800,200,1,0.0,0.0,0.0,0.0,0.019593375471885742,0.014922839589416502,0.011019153663501063,constant_predictor,,,,,,,,,,,,
TNO,D,0,D-k0,log_lambda1_positive,all,1600,400,379,0.5033968243114202,0.7686805951110842,0.6677806442096653,0.03520496700715221,0.017826804856449087,0.013757355511188,0.010565819265274569,ok,0.04336561000222486,-0.03824430277700247,0.007658502018621422,-0.05330036094127494,-0.023188244612730002,8.871440308349638e-07,-0.12742877610077344,0.01623809297854073,-0.1274287761007723,3.1536015348351485e-07,-0.2115815315432597,1.1924296990754212e-17
TNO,D,0,D-k0,log_lambda1_positive,iid,800,200,179,0.5033968243114202,0.7686805951110842,0.6835510801736885,0.04404126412379503,0.016060234241012435,0.0125280418433245,0.00978476832540076,ok,0.031593749156124826,-0.022724731721826902,0.007945195849830182,-0.03839231267324267,-0.007057150770411139,0.004685669456765271,-0.10228406832129783,0.010462030632365726,-0.10228406832134634,0.003778253039492181,-0.19696117086611162,1.9395693323796117e-08
TNO,D,0,D-k0,log_lambda1_positive,ood,800,200,200,0.6335723799667812,0.6723225601100697,0.6520102082456419,0.0065315992396273274,0.019593375471885742,0.014922839589416502,0.011019153663501063,ok,-0.05694565883780438,0.11738931897345434,0.06175030533748779,-0.004379599746203056,0.23915823769311173,0.058742879127829314,0.06958247520288881,0.004841720855418341,0.0695824752033027,0.049137429126857604,0.03715249343410451,0.29392484588229467
TNO,D,0,D-k0,initial_rayleigh_quotient,all,1600,400,1600,1.8019885967744893,10.283227253396591,3.7975272601485863,1.955888692457057,0.017826804856449087,0.013757355511188,0.010565819265274569,ok,-0.0009866608790238675,0.0049541357959170616,9.796671262086677e-05,0.00476154036148407,0.005146731230350053,1.296489881061405e-175,0.9170834689532352,0.8410420890273007,0.9170834689532357,0.0,0.8452382247024317,0.0
TNO,D,0,D-k0,initial_rayleigh_quotient,iid,800,200,800,1.8019885967744893,10.283227253396591,3.8331394688740534,1.939721806529613,0.016060234241012435,0.0125280418433245,0.00978476832540076,ok,-0.0015022745290773128,0.00458175574165804,0.00013312488779660192,0.004319239247965065,0.004844272235351016,9.837951103372098e-86,0.908282263690935,0.8249766705355299,0.9082822636909355,3.0743064079204024e-304,0.8321899799843437,1.438494371040917e-206
TNO,D,0,D-k0,initial_rayleigh_quotient,ood,800,200,800,1.9242826846127261,9.211651013740937,3.761915051423119,1.9724930152021374,0.019593375471885742,0.014922839589416502,0.011019153663501063,ok,-0.0005323378432829241,0.005349858526857269,0.00010665397926192992,0.005139541514481467,0.00556017553923307,6.954727778695766e-115,0.957655995986242,0.9171050066484021,0.9576559959862425,0.0,0.9679074967304637,0.0
TNO,D,0,D-k0,target_norm_retention,all,1600,400,1600,0.38950793534688544,0.8409387136167635,0.72541767488412,0.1120238395661907,0.017826804856449087,0.013757355511188,0.010565819265274569,ok,0.08033589956975484,-0.08616979827971673,0.0017405179226065784,-0.08959152997280838,-0.08274806658662508,1.925794746260717e-172,-0.9136131723986245,0.8346890287803013,-0.9136131723986366,0.0,-0.8270966023814854,0.0
TNO,D,0,D-k0,target_norm_retention,iid,800,200,800,0.38950793534688544,0.8409387136167635,0.7231668320609083,0.11045632381727896,0.016060234241012435,0.0125280418433245,0.00978476832540076,ok,0.07389566797533599,-0.07997523001642914,0.0023863634586931276,-0.08468103505575668,-0.07526942497710161,9.025087164911668e-84,-0.9028082842926439,0.8150627981874471,-0.9028082842926549,1.0908688885666353e-294,-0.8141688580763409,1.3505090397465127e-190
TNO,D,0,D-k0,target_norm_retention,ood,800,200,800,0.4155558489615949,0.8260093580251746,0.7276685177073319,0.11359420245477028,0.019593375471885742,0.014922839589416502,0.011019153663501063,ok,0.08705674936442973,-0.09271168430523988,0.0019530153913352177,-0.09656294578720315,-0.08886042282327661,1.7375315022666182e-110,-0.9557458003127656,0.9134500348155268,-0.9557458003127853,0.0,-0.9643415927212388,0.0
TNO,D,1,D-k1,log_nk,all,1600,400,343,9.111403624116159,9.921327470664458,9.718085351035178,0.23976327767915767,0.12638627213658718,0.11258427798748,0.058724334866908375,ok,0.859653682005741,-0.07545389687188127,0.007007480110047095,-0.08923009329584501,-0.06167770044791753,6.6016427802623395e-24,-0.3080677485520889,0.09490573769779342,-0.30806774855183006,1.6115430917482765e-36,-0.2315324372299544,6.484110998619017e-21
TNO,D,1,D-k1,log_nk,iid,800,200,177,9.111403624116159,9.865214390314636,9.530356928753216,0.21078321113054613,0.1360918169980864,0.12178408727049751,0.06578319239732229,ok,1.2141211646844414,-0.11311531726938516,0.01067182056465563,-0.1341596836709131,-0.09207095086785722,4.2407289839485005e-21,-0.3624453136613365,0.1313666053952397,-0.36244531366157784,3.0465883990545747e-26,-0.40984220279861033,9.35106214427823e-34
TNO,D,1,D-k1,log_nk,ood,800,200,166,9.888221618865694,9.921327470664458,9.905813773317142,0.006565690274090844,0.11668072727508795,0.10586752369999851,0.04884006242588195,ok,1.5737722961212528,-0.14709458528038805,0.18664821061928008,-0.5151567456835169,0.22096757512274073,0.43158494969419403,-0.019774288565099638,0.00039102248581635024,-0.01977428850341429,0.5765156959157304,-0.00044959336926034835,0.9898699007264098
TNO,D,1,D-k1,beta_k,all,1600,400,4,0.0,3.0,1.9975,1.1568622244584645,0.12638627213658718,0.11258427798748,0.058724334866908375,ok,0.15940455505776113,-0.016529803715231016,0.00141269791676975,-0.019307065110699132,-0.013752542319762901,2.1606889309527537e-27,-0.32563511428785447,0.10603822765726456,-0.3256351142878552,7.743420546628563e-41,-0.26654767126907947,1.9841845760714817e-27
TNO,D,1,D-k1,beta_k,iid,800,200,3,0.0,2.0,0.995,0.8159701336898565,0.1360918169980864,0.12178408727049751,0.06578319239732229,ok,0.1731362380124835,-0.037230573883816225,0.0023287170020257954,-0.04182270261566583,-0.03263844515196662,1.502440821450059e-37,-0.4618054436434463,0.2132642677787202,-0.4618054436434462,1.659910670873278e-43,-0.5051749075882562,4.889062244760113e-53
TNO,D,1,D-k1,beta_k,ood,800,200,1,3.0,3.0,3.0,0.0,0.11668072727508795,0.10586752369999851,0.04884006242588195,constant_predictor,,,,,,,,,,,,
TNO,D,1,D-k1,beta_total,all,1600,400,6,0.0,6.0,3.995,2.165157024464477,0.12638627213658718,0.11258427798748,0.058724334866908375,ok,0.1506295948036116,-0.006068416186989892,0.0007895320265926585,-0.007620578749072074,-0.004516253624907711,1.191142976652664e-13,-0.2237415538960676,0.05006028293982656,-0.22374155389606706,1.331899175962854e-19,-0.20272741751578313,2.6577380699797063e-16
TNO,D,1,D-k1,beta_total,iid,800,200,5,0.0,4.0,1.99,1.1539343376334121,0.1360918169980864,0.12178408727049751,0.06578319239732229,ok,0.16293866826493442,-0.013490880033591956,0.0018086206667012647,-0.017057401393358217,-0.009924358673825694,2.636570828244791e-12,-0.236649957965379,0.056003202605015456,-0.23664995796537866,1.205647848793616e-11,-0.26128671195673325,5.931584656059703e-14
TNO,D,1,D-k1,beta_total,ood,800,200,1,6.0,6.0,6.0,0.0,0.11668072727508795,0.10586752369999851,0.04884006242588195,constant_predictor,,,,,,,,,,,,
TNO,D,1,D-k1,rho_H,all,1600,400,4,0.0,0.5,0.1965625022398308,0.19777088866174766,0.12638627213658718,0.11258427798748,0.058724334866908375,ok,0.1658939341807715,-0.2009928729742159,0.0051691538251878045,-0.21115505357596606,-0.19083069237246572,8.689163559865051e-138,-0.6769006271910656,0.4581944590916581,-0.6769006271910658,6.458753479762658e-215,-0.8255378402338386,0.0
TNO,D,1,D-k1,rho_H,iid,800,200,4,0.0,0.5,0.15701389067806304,0.19359928066917223,0.1360918169980864,0.12178408727049751,0.06578319239732229,ok,0.17035499861658468,-0.21821751865731787,0.007257733029181462,-0.23252945280062723,-0.2039055845140085,6.217200267529346e-76,-0.6422119860997817,0.4124362350902262,-0.6422119860997815,3.1282479043607667e-94,-0.7917141991926581,5.640830396007432e-173
TNO,D,1,D-k1,rho_H,ood,800,200,4,0.0,0.5,0.23611111380159855,0.19406911061920515,0.11668072727508795,0.10586752369999851,0.04884006242588195,ok,0.15921800842062192,-0.18015789456347914,0.006613608089027576,-0.1931996423157378,-0.16711614681122047,4.620314442619595e-69,-0.7158689123713086,0.512468299699679,-0.7158689123713077,1.2840890132348577e-126,-0.8479806836789162,3.251543219339514e-222
TNO,D,1,D-k1,log_lambda1_positive,all,1600,400,384,0.5033968243114326,0.7686805951189433,0.6678219969077439,0.035195855103344914,0.12638627213658718,0.11258427798748,0.058724334866908375,ok,-0.1643763929345176,0.4353894696752132,0.058415019558471414,0.3205497882334663,0.55022915111696,5.703716537376905e-13,0.2609464155352422,0.0680930317806887,0.26094641553523723,2.5619374296738996e-26,0.24760349730726897,8.880222982379906e-24
TNO,D,1,D-k1,log_lambda1_positive,iid,800,200,184,0.5033968243114326,0.7686805951189433,0.6835510801736869,0.044041264123835105,0.1360918169980864,0.12178408727049751,0.06578319239732229,ok,-0.13870256125612715,0.4020100124549466,0.061198923781402306,0.2813283942031904,0.5226916307067028,4.3295666768193136e-10,0.2691421394087774,0.07243749120555987,0.2691421394088257,9.639590408312254e-15,0.3306345582913527,7.349372790968647e-22
TNO,D,1,D-k1,log_lambda1_positive,ood,800,200,200,0.6339451296162183,0.6729966261551327,0.6520929136418009,0.0066322285464830485,0.11668072727508795,0.10586752369999851,0.04884006242588195,ok,0.20713848987899838,-0.1387191314481384,0.16463887322635362,-0.4633798349446929,0.1859415720484161,0.4004826722137713,-0.018837342497869756,0.00035484547238029407,-0.01883734249781826,0.5947158763673751,-0.03401051420447713,0.33668472006965255
TNO,D,1,D-k1,initial_rayleigh_quotient,all,1600,400,1600,3.997080762354902,17.84090746994571,9.3765935816095,2.6992134021253795,0.12638627213658718,0.11258427798748,0.058724334866908375,ok,-0.04385090787206371,0.018155546417468735,0.0004186914668022103,0.017332429434313148,0.01897866340062432,4.517456124119788e-153,0.8345040318295052,0.6963969791397029,0.834504031829507,0.0,0.922804643673689,0.0
TNO,D,1,D-k1,initial_rayleigh_quotient,iid,800,200,800,3.997080762354902,17.84090746994571,9.8594969574826,2.718919016389789,0.1360918169980864,0.12178408727049751,0.06578319239732229,ok,-0.05889443712931405,0.019776491130150536,0.0006163277740272994,0.01856111954275474,0.02099186271754633,1.3456059945443091e-80,0.8173923437230302,0.6681302435770307,0.8173923437230316,2.536329744657563e-193,0.8979902546722729,9.654319248682802e-287
TNO,D,1,D-k1,initial_rayleigh_quotient,ood,800,200,800,4.260069852411767,15.411035247786048,8.893690205736402,2.592514010093532,0.11668072727508795,0.10586752369999851,0.04884006242588195,ok,-0.02773234698429957,0.01623770009059252,0.0004832380781246674,0.015284775600004082,0.01719062458118096,5.777450489036971e-84,0.8619248806334414,0.7429144998549732,0.8619248806334419,1.368046923720062e-237,0.9439951156173683,0.0
TNO,D,1,D-k1,target_norm_retention,all,1600,400,1600,0.30027767833331487,0.8274266228513649,0.6072654148590875,0.13868439175686645,0.12638627213658718,0.11258427798748,0.058724334866908375,ok,0.3571274842954256,-0.3799676492565947,0.007162812110056618,-0.3940492170993071,-0.3658860814138823,7.849989307758476e-183,-0.8973380872489299,0.805215642827588,-0.897338087248941,0.0,-0.9509827962823424,0.0
TNO,D,1,D-k1,target_norm_retention,iid,800,200,800,0.30027767833331487,0.8241541822897855,0.5783332703028572,0.14074157448720284,0.1360918169980864,0.12178408727049751,0.06578319239732229,ok,0.3763964021965343,-0.41551229634879444,0.01062865503475665,-0.4364715422011521,-0.3945530504964368,2.4878943007689728e-95,-0.8889786688020781,0.7902830735851123,-0.8889786688020768,6.81596641478325e-273,-0.9481027079729814,0.0
TNO,D,1,D-k1,target_norm_retention,ood,800,200,800,0.33141727297098145,0.8274266228513649,0.6361975594153177,0.13040846892115593,0.11668072727508795,0.10586752369999851,0.04884006242588195,ok,0.33486721362862953,-0.342953982021025,0.008276526184277407,-0.3592749319937623,-0.3266330320482877,8.176987629583266e-100,-0.9157257686483778,0.8385536833666686,-0.9157257686483811,3.105707e-318,-0.9573432614738462,0.0
TNO,D,2,D-k2,log_nk,all,1600,400,357,9.543378146148761,10.367284459872343,10.162239385949931,0.24169667372647527,0.23489874054910564,0.17100054025650002,0.17586901803934127,ok,0.7521000618316178,-0.05089442411655252,0.015930531743516215,-0.08221269130966397,-0.019576156923441078,0.0015106199611767293,-0.06994417298357551,0.004892187334357034,-0.06994417298358072,0.005125974472032503,-0.05484617991873319,0.02825094481078216
TNO,D,2,D-k2,log_nk,iid,800,200,179,9.543378146148761,10.31088412749404,9.973818858330237,0.21391859473400596,0.2478176683420311,0.22990867495536751,0.1702406289898397,ok,0.48846755391500996,-0.024128158831754037,0.0287525153782005,-0.08082686969542788,0.03257055203191981,0.40238260346055543,-0.030318625239077125,0.0009192190363900288,-0.030318625239117464,0.391778651218188,-0.01038262938085134,0.7693587160490959
TNO,D,2,D-k2,log_nk,ood,800,200,178,10.330909827996335,10.367284459872343,10.350659913569626,0.0072838673246226554,0.22197981275618026,0.14026441425085,0.18050608541446989,ok,-5.369265617375172,0.5401825078594408,0.2291789054575255,0.08825166543856,0.9921133502803215,0.01939266901522668,0.021797701220408226,0.00047513977743007807,0.021797701196002106,0.5381313430008132,0.01720243017033953,0.6270853225659683
TNO,D,2,D-k2,beta_k,all,1600,400,4,0.0,3.0,1.9975,1.1568622244584645,0.23489874054910564,0.17100054025650002,0.17586901803934127,ok,0.3075857461838608,-0.036388989053694774,0.004109232219404835,-0.04446744083909998,-0.028310537268289564,2.7654514025158056e-17,-0.2393659058984175,0.05729603690657015,-0.2393659058984177,2.770484004683187e-22,-0.18518885153968193,8.239618057550763e-14
TNO,D,2,D-k2,beta_k,iid,800,200,3,0.0,2.0,0.995,0.8159701336898565,0.2478176683420311,0.22990867495536751,0.1702406289898397,ok,0.35470958522356466,-0.107429062192496,0.00642527254384383,-0.12009942043391479,-0.0947587039510772,8.9173012821637e-40,-0.514911785509313,0.2651341468563885,-0.514911785509313,2.2625428547464628e-55,-0.5092240188546937,5.339773911027459e-54
TNO,D,2,D-k2,beta_k,ood,800,200,1,3.0,3.0,3.0,0.0,0.22197981275618026,0.14026441425085,0.18050608541446989,constant_predictor,,,,,,,,,,,,
TNO,D,2,D-k2,beta_total,all,1600,400,6,0.0,6.0,3.995,2.165157024464477,0.23489874054910564,0.17100054025650002,0.17586901803934127,ok,0.2752923336669201,-0.01011103707579834,0.0020802368979506145,-0.014200631575461083,-0.006021442576135596,1.686133275163013e-06,-0.12447890591160508,0.01549499801695009,-0.12447890591160495,5.892659830666024e-07,-0.1145504615741959,4.357365545493924e-06
TNO,D,2,D-k2,beta_total,iid,800,200,5,0.0,4.0,1.99,1.1539343376334121,0.2478176683420311,0.22990867495536751,0.1702406289898397,ok,0.31206360614450046,-0.032284390855512275,0.004018737203713487,-0.0402091659839936,-0.02435961572703095,8.189713579348035e-14,-0.21883182292505007,0.0478873667247004,-0.2188318229250498,3.954943117326901e-10,-0.2123575910195435,1.3088375599146638e-09
TNO,D,2,D-k2,beta_total,ood,800,200,1,6.0,6.0,6.0,0.0,0.22197981275618026,0.14026441425085,0.18050608541446989,constant_predictor,,,,,,,,,,,,
TNO,D,2,D-k2,rho_H,all,1600,400,4,0.0,0.5,0.1965625022398308,0.19777088866174766,0.23489874054910564,0.17100054025650002,0.17586901803934127,ok,0.37578558796365746,-0.716753428599785,0.011001539768369659,-0.7383816559275812,-0.6951252012719887,9.50400584530745e-215,-0.8060144083696672,0.6496592264995039,-0.8060144083696668,0.0,-0.940433027036741,0.0
TNO,D,2,D-k2,rho_H,iid,800,200,4,0.0,0.5,0.15701389067806304,0.19359928066917223,0.2478176683420311,0.22990867495536751,0.1702406289898397,ok,0.3578202831026081,-0.7005916118983593,0.0174496623412862,-0.7350015877472008,-0.6661816360495177,2.2428035239952998e-97,-0.7967195193720363,0.6347619925484077,-0.796719519372036,1.0399088251885932e-176,-0.9175367092129425,7.7e-322
TNO,D,2,D-k2,rho_H,ood,800,200,4,0.0,0.5,0.23611111380159855,0.19406911061920515,0.22197981275618026,0.14026441425085,0.18050608541446989,ok,0.40267043646483314,-0.7652779269868896,0.011056395993019325,-0.7870806594211368,-0.7434751945526423,3.4436761091208516e-141,-0.8227800537906361,0.6769670169157211,-0.8227800537906356,5.305917125961735e-198,-0.9547928065851378,0.0
TNO,D,2,D-k2,log_lambda1_positive,all,1600,400,385,2.266242713506224,2.685133355534697,2.3980652561087026,0.12108473168180206,0.23489874054910564,0.17100054025650002,0.17586901803934127,ok,0.2818833996083996,-0.01959273582718689,0.03164768710173188,-0.0818097877532425,0.04262431609886873,0.5362110178967929,-0.013489477492941148,0.00018196600303255206,-0.013489477492939286,0.5897613256403209,0.03757642716427463,0.13299048248612483
TNO,D,2,D-k2,log_lambda1_positive,iid,800,200,185,2.288142934549517,2.685133355534697,2.4780375687199285,0.1274107355819357,0.2478176683420311,0.22990867495536751,0.1702406289898397,ok,0.6581311984548227,-0.16558002803998687,0.05318583069614443,-0.2704601749425892,-0.060699881137384504,0.0021230945471647053,-0.12392266931480474,0.015356827970097076,-0.12392266931476742,0.0004428578056239949,-0.05624581566549388,0.11191531686793199
TNO,D,2,D-k2,log_lambda1_positive,ood,800,200,200,2.266242713506224,2.3546645827932653,2.318092943497476,0.01734151873572787,0.22197981275618026,0.14026441425085,0.18050608541446989,ok,-0.11846078169126656,0.14686235744031378,0.11056887670462362,-0.07117466256767324,0.3648993774483008,0.18561908631412638,0.014109310039473077,0.00019907262979179663,0.014109310039538246,0.690285692576406,0.01069420453313828,0.7626418049879549
TNO,D,2,D-k2,initial_rayleigh_quotient,all,1600,400,1600,9.234775758008858,42.241847033780694,22.03469820024163,6.042655510112891,0.23489874054910564,0.17100054025650002,0.17586901803934127,ok,-0.25568236961487123,0.02226402675025507,0.00047156136127044884,0.02133697139843192,0.02319108210207822,2.05132485271321e-165,0.7649661402535088,0.585173195734346,0.7649661402535056,1.2354669857184388e-307,0.8529652023301573,0.0
TNO,D,2,D-k2,initial_rayleigh_quotient,iid,800,200,800,9.234775758008858,41.04377920357768,21.05494116338114,5.543905176901834,0.2478176683420311,0.22990867495536751,0.1702406289898397,ok,-0.2669327968845708,0.024447965027888964,0.0008036166504801598,0.022863267914906834,0.026032662140871094,9.084404086282116e-77,0.7961507231679563,0.6338559740008602,0.7961507231679568,2.796554738436116e-176,0.8552818363778694,4.599764956930954e-230
TNO,D,2,D-k2,initial_rayleigh_quotient,ood,800,200,800,12.480546134269723,42.241847033780694,23.014455237102116,6.357352855762587,0.22197981275618026,0.14026441425085,0.18050608541446989,ok,-0.29099571940322544,0.02228927545208309,0.0005350601528630332,0.02123416008207775,0.02334439082208843,3.169368408684469e-100,0.7850194558416822,0.6162555460499646,0.7850194558416783,3.876032387827663e-168,0.9043549755546495,2.5006188500918603e-297
TNO,D,2,D-k2,target_norm_retention,all,1600,400,1600,0.07543813228969622,0.7237137381537226,0.4041376744790584,0.2277965013568616,0.23489874054910564,0.17100054025650002,0.17586901803934127,ok,0.5070192205174591,-0.6733360860729505,0.010272372770765544,-0.6935308240968722,-0.6531413480490288,1.0293756364904853e-215,-0.8721468190061161,0.7606400739024886,-0.8721468190061169,0.0,-0.9240030269543076,0.0
TNO,D,2,D-k2,target_norm_retention,iid,800,200,800,0.07543813228969622,0.7237137381537226,0.3537813692771599,0.22753455679941395,0.2478176683420311,0.22990867495536751,0.1702406289898397,ok,0.47527909166075005,-0.6429434760328516,0.015165094847596977,-0.6728483840617333,-0.6130385680039699,1.3640495180271313e-101,-0.8593240035252719,0.7384377430347011,-0.8593240035252717,1.3455781258241177e-234,-0.9130864423225662,3.96468713113e-313
TNO,D,2,D-k2,target_norm_retention,ood,800,200,800,0.08281154795539389,0.7229823170192002,0.45449397968095695,0.21678929975212613,0.22197981275618026,0.14026441425085,0.18050608541446989,ok,0.5636901485065702,-0.7518478814400616,0.01070927271306286,-0.7729661018507374,-0.7307296610293859,2.282067447588041e-142,-0.9029755166605844,0.815364783688451,-0.9029755166605853,5.682049583003282e-295,-0.9223868787294981,0.0
Transolver,A,0,A-k0,log_nk,all,1600,400,221,7.731492029245684,7.903226808730733,7.836536796010969,0.029959236007328197,0.03700629376980892,0.026976072229444502,0.0263001068344098,ok,-0.10512879929094554,0.018137488122757194,0.022482282330971007,-0.02606104438629682,0.062336020631811206,0.4202935253571679,0.02066095361022852,0.0004268750040967717,0.020660953610537044,0.4088719343705641,0.029383002332124795,0.2401327058577352
Transolver,A,0,A-k0,log_nk,iid,800,200,144,7.731492029245684,7.8868329989550565,7.823175250569664,0.030283035489778357,0.03580028009484473,0.027416833676397002,0.022906025705081975,ok,0.2776371590772474,-0.03091288015881487,0.028049561032076967,-0.08622539559934186,0.02439963528171212,0.27175769005739364,-0.04086854083696252,0.0016702376302056843,-0.04086854083773568,0.2482494127286274,-0.004742759648667791,0.8934527871286204
Transolver,A,0,A-k0,log_nk,ood,800,200,134,7.767687277186908,7.903226808730733,7.849898341452274,0.02283996663231808,0.03821230744477311,0.026727959513663503,0.029268726456074867,ok,-0.3930498612241784,0.05493856734324713,0.04397841347955293,-0.031784952923463075,0.14166208760995735,0.21305322162752638,0.0428715286546636,0.0018379679689275452,0.042871528651629735,0.225799288428752,0.06750989632111512,0.05630591803386372
Transolver,A,0,A-k0,beta_k,all,1600,400,1,1.0,1.0,1.0,0.0,0.03700629376980892,0.026976072229444502,0.0263001068344098,constant_predictor,,,,,,,,,,,,
Transolver,A,0,A-k0,beta_k,iid,800,200,1,1.0,1.0,1.0,0.0,0.03580028009484473,0.027416833676397002,0.022906025705081975,constant_predictor,,,,,,,,,,,,
Transolver,A,0,A-k0,beta_k,ood,800,200,1,1.0,1.0,1.0,0.0,0.03821230744477311,0.026727959513663503,0.029268726456074867,constant_predictor,,,,,,,,,,,,
Transolver,A,0,A-k0,beta_total,all,1600,400,1,2.0,2.0,2.0,0.0,0.03700629376980892,0.026976072229444502,0.0263001068344098,constant_predictor,,,,,,,,,,,,
Transolver,A,0,A-k0,beta_total,iid,800,200,1,2.0,2.0,2.0,0.0,0.03580028009484473,0.027416833676397002,0.022906025705081975,constant_predictor,,,,,,,,,,,,
Transolver,A,0,A-k0,beta_total,ood,800,200,1,2.0,2.0,2.0,0.0,0.03821230744477311,0.026727959513663503,0.029268726456074867,constant_predictor,,,,,,,,,,,,
Transolver,A,0,A-k0,rho_H,all,1600,400,1,0.0,0.0,0.0,0.0,0.03700629376980892,0.026976072229444502,0.0263001068344098,constant_predictor,,,,,,,,,,,,
Transolver,A,0,A-k0,rho_H,iid,800,200,1,0.0,0.0,0.0,0.0,0.03580028009484473,0.027416833676397002,0.022906025705081975,constant_predictor,,,,,,,,,,,,
Transolver,A,0,A-k0,rho_H,ood,800,200,1,0.0,0.0,0.0,0.0,0.03821230744477311,0.026727959513663503,0.029268726456074867,constant_predictor,,,,,,,,,,,,
Transolver,A,0,A-k0,log_lambda1_positive,all,1600,400,400,0.5911348066758972,0.7538510155881601,0.684904804429579,0.034406063767318584,0.03700629376980892,0.026976072229444502,0.0263001068344098,ok,0.049590356696876614,-0.01837344817218438,0.02095711311076346,-0.05957360888033412,0.02282671253596536,0.3811681425813721,-0.024036329335765796,0.0005777451279376233,-0.024036329335767624,0.3366323317837463,-0.07053174590649026,0.004763884440345519
Transolver,A,0,A-k0,log_lambda1_positive,iid,800,200,200,0.5954494520463843,0.7538510155881601,0.6852804259716637,0.03580301041419787,0.03580028009484473,0.027416833676397002,0.022906025705081975,ok,0.04981600582357507,-0.020452540591475145,0.027677555771766896,-0.07503147782443849,0.0341263966414882,0.46080342835167576,-0.03196811761330243,0.0010219605437389312,-0.03196811761331579,0.3665195834462062,-0.08884486747699676,0.011938533093498488
Transolver,A,0,A-k0,log_lambda1_positive,ood,800,200,200,0.5911348066758972,0.7538033002606008,0.6845291828874942,0.03296813507681577,0.03821230744477311,0.026727959513663503,0.029268726456074867,ok,0.04854293900675365,-0.015091586772683858,0.032198638460851546,-0.07858590260148032,0.04840272905611261,0.6397952254907175,-0.016999081664588807,0.00028896877743911364,-0.01699908166458157,0.6311637363072626,-0.049822036702346015,0.15917520960315393
Transolver,A,0,A-k0,initial_rayleigh_quotient,all,1600,400,1600,1.9058051657219186,9.483124457550876,3.8709239840100538,1.9549361874885733,0.03700629376980892,0.026976072229444502,0.0263001068344098,ok,-0.00858891881997765,0.011778896402546401,0.0003170538473247373,0.011155591589813992,0.01240220121527881,1.3492332742817332e-131,0.8755474253773571,0.7665832940849173,0.8755474253773563,0.0,0.8898312557934595,0.0
Transolver,A,0,A-k0,initial_rayleigh_quotient,iid,800,200,800,1.9058051657219186,9.183459701111824,3.857903564960899,1.9311303017306383,0.03580028009484473,0.027416833676397002,0.022906025705081975,ok,-0.005209023604052018,0.010629945256112805,0.0003559581745027712,0.009928011204422996,0.011331879307802613,1.8868605691261733e-75,0.8961750787375982,0.8031297717503384,0.8961750787375972,7.518212627262381e-284,0.8895737180839347,9.048092638779592e-274
Transolver,A,0,A-k0,initial_rayleigh_quotient,ood,800,200,800,1.9086632860459276,9.483124457550876,3.8839444030592087,1.9795783549606447,0.03821230744477311,0.026727959513663503,0.029268726456074867,ok,-0.011755776142419017,0.012865293217852071,0.0004930894101155856,0.011892942328674569,0.013837644107029574,3.794272527404236e-66,0.8701388501649673,0.7571416185664142,0.8701388501649688,1.8489512284604875e-247,0.8899820937220214,2.2479360298806305e-274
Transolver,A,0,A-k0,target_norm_retention,all,1600,400,1600,0.4143438152804424,0.8281922245454145,0.719969085278326,0.11255047190149724,0.03700629376980892,0.026976072229444502,0.0263001068344098,ok,0.18218071847116152,-0.20163980324965047,0.005582594852798925,-0.2126147788528349,-0.19066482764646606,7.845084629916053e-128,-0.8629111338886509,0.7446156249889901,-0.8629111338886467,0.0,-0.870046022478915,0.0
Transolver,A,0,A-k0,target_norm_retention,iid,800,200,800,0.424533116512869,0.8276397681899487,0.7209072654355037,0.11112600418005994,0.03580028009484473,0.027416833676397002,0.022906025705081975,ok,0.16775128183371196,-0.18303463991191024,0.006357214434190853,-0.1955707905186096,-0.1704984893052109,6.957887699054053e-73,-0.8879719433578585,0.7884941721907159,-0.8879719433578495,2.022417576418117e-271,-0.8694712726113636,1.2413871844800222e-246
Transolver,A,0,A-k0,target_norm_retention,ood,800,200,800,0.4143438152804424,0.8281922245454145,0.7190309051211483,0.11401894757919251,0.03821230744477311,0.026727959513663503,0.029268726456074867,ok,0.19579934828411782,-0.21916587968189344,0.008741516900994386,-0.236403771141476,-0.20192798822231087,1.674600609114631e-63,-0.8537803304868709,0.728940852726266,-0.8537803304868683,2.0503018779850853e-228,-0.8708160715876119,2.650302112581696e-248
Transolver,A,1,A-k1,log_nk,all,1600,400,360,9.477998292597036,9.666498594399865,9.597116032256835,0.03324862117039561,0.4126465025078501,0.41053551435470553,0.08852557676746779,ok,0.6004805758507636,-0.01957192897514571,0.045317128964408974,-0.10866210977904081,0.0695182518287494,0.6660560284216723,-0.007350865996364216,5.403523090363738e-05,-0.007350865996846749,0.7689040011457989,-0.013335868659646696,0.5940048164716575
Transolver,A,1,A-k1,log_nk,iid,800,200,193,9.477998292597036,9.649498121050817,9.58308176490093,0.034175695693235884,0.41513588147237857,0.41311906278133304,0.08896216286212114,ok,-0.3484528674868904,0.07968091765146092,0.058866859356648364,-0.03640197089629055,0.19576380619921238,0.17740628981087458,0.03061021345034762,0.0009369851675153917,0.030610213450992192,0.3872383719244894,0.024878364474044234,0.4822583751105821
Transolver,A,1,A-k1,log_nk,ood,800,200,182,9.515395652485308,9.666498594399865,9.61115029961274,0.02549377714194966,0.4101571235433217,0.4074037969112395,0.08807206008843084,ok,1.3921394761674781,-0.10217115766762759,0.08558376283374906,-0.2709386188691272,0.06659630353387201,0.23397161278717607,-0.02957497214551538,0.0008746789772842156,-0.02957497214342296,0.40350306061642227,-0.0369249548535375,0.29689358221159534
Transolver,A,1,A-k1,beta_k,all,1600,400,1,1.0,1.0,1.0,0.0,0.4126465025078501,0.41053551435470553,0.08852557676746779,constant_predictor,,,,,,,,,,,,
Transolver,A,1,A-k1,beta_k,iid,800,200,1,1.0,1.0,1.0,0.0,0.41513588147237857,0.41311906278133304,0.08896216286212114,constant_predictor,,,,,,,,,,,,
Transolver,A,1,A-k1,beta_k,ood,800,200,1,1.0,1.0,1.0,0.0,0.4101571235433217,0.4074037969112395,0.08807206008843084,constant_predictor,,,,,,,,,,,,
Transolver,A,1,A-k1,beta_total,all,1600,400,1,2.0,2.0,2.0,0.0,0.4126465025078501,0.41053551435470553,0.08852557676746779,constant_predictor,,,,,,,,,,,,
Transolver,A,1,A-k1,beta_total,iid,800,200,1,2.0,2.0,2.0,0.0,0.41513588147237857,0.41311906278133304,0.08896216286212114,constant_predictor,,,,,,,,,,,,
Transolver,A,1,A-k1,beta_total,ood,800,200,1,2.0,2.0,2.0,0.0,0.4101571235433217,0.4074037969112395,0.08807206008843084,constant_predictor,,,,,,,,,,,,
Transolver,A,1,A-k1,rho_H,all,1600,400,4,0.0,0.5,0.23611111380159855,0.19400841660345367,0.4126465025078501,0.41053551435470553,0.08852557676746779,ok,0.4911314239004364,-0.33240672211023486,0.0074415460768017935,-0.3470362606664719,-0.3177771835539978,2.4416335023493318e-157,-0.7284866609154946,0.530692815131807,-0.7284866609154946,8.54530758912172e-265,-0.7249984178653821,4.59719524399149e-261
Transolver,A,1,A-k1,rho_H,iid,800,200,4,0.0,0.5,0.23611111380159855,0.19406911061920515,0.41513588147237857,0.41311906278133304,0.08896216286212114,ok,0.4938387525940503,-0.33332980330525575,0.011260230010091021,-0.35553448756340816,-0.3111251190471033,7.843695427557068e-75,-0.7271520429486912,0.5287500935644547,-0.7271520429486908,1.6441988926660022e-132,-0.7271193027083404,1.7119094794039373e-132
Transolver,A,1,A-k1,rho_H,ood,800,200,4,0.0,0.5,0.23611111380159855,0.19406911061920515,0.4101571235433217,0.4074037969112395,0.08807206008843084,ok,0.48842409520682206,-0.3314836409152151,0.009767335915164353,-0.35074440289300557,-0.3122228789374246,1.0683381534083762e-84,-0.7304329581099722,0.5335323062932819,-0.7304329581099706,2.7961193628172755e-134,-0.7234835367516449,1.4588343369484538e-130
Transolver,A,1,A-k1,log_lambda1_positive,all,1600,400,400,0.5911348066759515,0.753851015588182,0.6849048044296137,0.03440606376731256,0.4126465025078501,0.41053551435470553,0.08852557676746779,ok,0.5140140801679578,-0.14800243333748442,0.044481995269462574,-0.2354508020147412,-0.06055406466022764,0.0009584766982928172,-0.05752214608556199,0.003308797290287435,-0.0575221460855519,0.021392029617518266,-0.05731190904369395,0.02187281928727055
Transolver,A,1,A-k1,log_lambda1_positive,iid,800,200,200,0.59544945204644,0.753851015588182,0.6852804259716967,0.03580301041419249,0.41513588147237857,0.41311906278133304,0.08896216286212114,ok,0.5286522234906098,-0.16564947387382023,0.05938837533886908,-0.2827607692756425,-0.04853817847199797,0.005796059182028241,-0.06666598076534765,0.004444352991395895,-0.06666598076527441,0.05946395287364802,-0.06885532073945656,0.05156012351583095
Transolver,A,1,A-k1,log_lambda1_positive,ood,800,200,200,0.5911348066759515,0.7538033002606184,0.6845291828875307,0.03296813507680907,0.4101571235433217,0.4074037969112395,0.08807206008843084,ok,0.49842803004591324,-0.1289512685642462,0.06703097805537664,-0.26113344440798375,0.003230907279491324,0.05581199346700427,-0.04827050526674806,0.002330041678703876,-0.048270505266713885,0.17258128946493517,-0.045223538128221066,0.2013310517802816
Transolver,A,1,A-k1,initial_rayleigh_quotient,all,1600,400,1600,4.022796692058106,16.786387100399214,8.760483059211474,2.5656560407689484,0.4126465025078501,0.41053551435470553,0.08852557676746779,ok,0.16535501435578812,0.028228065333913283,0.0005137317154364865,0.027218106131756473,0.029238024536070092,3.387768165366643e-188,0.818108268680493,0.6693011392833912,0.8181082686804914,0.0,0.8278310782543274,0.0
Transolver,A,1,A-k1,initial_rayleigh_quotient,iid,800,200,800,4.216248802078913,16.082300568496414,8.944990359272502,2.5636117632449182,0.41513588147237857,0.41311906278133304,0.08896216286212114,ok,0.15866727568382877,0.028671758770839932,0.0007174916724624998,0.027256896371883062,0.030086621169796803,5.155309646259414e-97,0.8262305646926058,0.6826569460322589,0.826230564692604,4.400672616133452e-201,0.8339219905031102,3.333821786049691e-208
Transolver,A,1,A-k1,initial_rayleigh_quotient,ood,800,200,800,4.022796692058106,16.786387100399214,8.575975759150445,2.556001565299346,0.4101571235433217,0.4074037969112395,0.08807206008843084,ok,0.17058302768672515,0.02793549125893627,0.0007340264191465719,0.02648802305804824,0.029382959459824304,2.7793142245836666e-93,0.8107356557068528,0.6572923034344229,0.8107356557068544,9.468038737546594e-188,0.823231708174544,2.114796537953438e-198
Transolver,A,1,A-k1,target_norm_retention,all,1600,400,1600,0.30599608959904107,0.826686670801375,0.6371089309523051,0.12916031726759405,0.4126465025078501,0.41053551435470553,0.08852557676746779,ok,0.7189125689629754,-0.4807122480567618,0.01394999586602944,-0.5081369257077716,-0.4532875704057521,1.1795677419203958e-121,-0.7013673193739276,0.4919161166857623,-0.7013673193739228,3.1351487114706486e-237,-0.7518337302084883,2.3660684950511634e-291
Transolver,A,1,A-k1,target_norm_retention,iid,800,200,800,0.30599608959904107,0.8234863240216965,0.6348690703804128,0.12861193755560305,0.41513588147237857,0.41311906278133304,0.08896216286212114,ok,0.7262046091003795,-0.4899730387583824,0.02069450802378381,-0.5307817092859045,-0.4491643682308603,8.634583448688415e-60,-0.7083503799518532,0.5017602607779179,-0.7083503799518414,7.549602642060453e-123,-0.7579610983767163,3.1596109179028525e-150
Transolver,A,1,A-k1,target_norm_retention,ood,800,200,800,0.3218475544678999,0.826686670801375,0.6393487915241975,0.12974812987448248,0.4101571235433217,0.4074037969112395,0.08807206008843084,ok,0.7114416479449888,-0.47123655881699567,0.018758586835835214,-0.5082276768887914,-0.4342454407451999,1.2438292414514277e-63,-0.6942276832584661,0.4819520762024154,-0.6942276832584651,4.38858090883075e-116,-0.7454374381834972,1.0227923821323192e-142
Transolver,A,2,A-k2,log_nk,all,1600,400,374,9.916206324943902,10.11382951201313,10.04340980982206,0.035149350400342214,0.5438208056520666,0.513722330331802,0.193479118171772,ok,-8.519107409350656,0.9023756260685302,0.1263009772863361,0.6540770873198479,1.1506741648172123,4.316075354972928e-12,0.16393457533361083,0.026874544986444038,0.16393457532334021,4.19743369820851e-11,0.20287459381556852,2.5269882629497045e-16
Transolver,A,2,A-k2,log_nk,iid,800,200,193,9.916206324943902,10.097737680195356,10.02918406295987,0.0364899857700807,0.49985726900398686,0.474960476160049,0.15908017098786031,ok,-6.471208220101911,0.6950780288150763,0.1258125639101202,0.44698112006371954,0.9431749375664331,1.0250559837635858e-07,0.15943776790693417,0.025420401833528228,0.15943776790186326,5.85531037581131e-06,0.1616762748048783,4.306481722723562e-06
Transolver,A,2,A-k2,log_nk,ood,800,200,194,9.95408560529922,10.11382951201313,10.057635556684254,0.027124353892019008,0.5877843423001464,0.564708679914474,0.21386506417118362,ok,-0.13975101646342036,0.07233661974086494,0.3048631420360082,-0.5288402482974742,0.6735134877792041,0.8126869949022648,0.009174402003466644,8.416965212865168e-05,0.009174402003886091,0.7955650437745864,0.08887220843015796,0.011912265944947993
Transolver,A,2,A-k2,beta_k,all,1600,400,1,1.0,1.0,1.0,0.0,0.5438208056520666,0.513722330331802,0.193479118171772,constant_predictor,,,,,,,,,,,,
Transolver,A,2,A-k2,beta_k,iid,800,200,1,1.0,1.0,1.0,0.0,0.49985726900398686,0.474960476160049,0.15908017098786031,constant_predictor,,,,,,,,,,,,
Transolver,A,2,A-k2,beta_k,ood,800,200,1,1.0,1.0,1.0,0.0,0.5877843423001464,0.564708679914474,0.21386506417118362,constant_predictor,,,,,,,,,,,,
Transolver,A,2,A-k2,beta_total,all,1600,400,1,2.0,2.0,2.0,0.0,0.5438208056520666,0.513722330331802,0.193479118171772,constant_predictor,,,,,,,,,,,,
Transolver,A,2,A-k2,beta_total,iid,800,200,1,2.0,2.0,2.0,0.0,0.49985726900398686,0.474960476160049,0.15908017098786031,constant_predictor,,,,,,,,,,,,
Transolver,A,2,A-k2,beta_total,ood,800,200,1,2.0,2.0,2.0,0.0,0.5877843423001464,0.564708679914474,0.21386506417118362,constant_predictor,,,,,,,,,,,,
Transolver,A,2,A-k2,rho_H,all,1600,400,4,0.0,0.5,0.23611111380159855,0.19400841660345367,0.5438208056520666,0.513722330331802,0.193479118171772,ok,0.6826064191518737,-0.5877978857718119,0.01955379075081863,-0.6262392167475701,-0.5493565547960537,1.468678951934696e-104,-0.5894059171812202,0.34739933520823496,-0.5894059171812198,2.7072153459863314e-150,-0.6464597471210218,5.201918873681894e-190
Transolver,A,2,A-k2,rho_H,iid,800,200,4,0.0,0.5,0.23611111380159855,0.19406911061920515,0.49985726900398686,0.474960476160049,0.15908017098786031,ok,0.6257765902763195,-0.533305354605802,0.01921530995424213,-0.5711971108198503,-0.4954135983917537,2.425610838365298e-70,-0.6506033732180608,0.42328474924271864,-0.6506033732180603,1.8212213353630261e-97,-0.68529589112393,5.262171408691874e-112
Transolver,A,2,A-k2,rho_H,ood,800,200,4,0.0,0.5,0.23611111380159855,0.19406911061920515,0.5877843423001464,0.564708679914474,0.21386506417118362,ok,0.7394362480274286,-0.6422904169378227,0.03369121281361965,-0.708728024529339,-0.5758528093463064,8.89437501595937e-47,-0.5828382043482772,0.33970037244792284,-0.582838204348276,5.766144497870268e-74,-0.6526127273773903,2.9541445176493846e-98
Transolver,A,2,A-k2,log_lambda1_positive,all,1600,400,400,2.2572324471287004,2.4820940566972225,2.402940436605092,0.03782836822457726,0.5438208056520666,0.513722330331802,0.193479118171772,ok,0.6976568611563303,-0.06401992041116115,0.12318227556854208,-0.306187318324997,0.17814747750267473,0.6035490463491195,-0.012516953487825347,0.00015667412461883856,-0.012516953487926592,0.6168593186070608,-0.015834281102051765,0.5267885498966153
Transolver,A,2,A-k2,log_lambda1_positive,iid,800,200,200,2.2572324471287004,2.4820940566972225,2.409096014356256,0.0401798062193372,0.49985726900398686,0.474960476160049,0.15908017098786031,ok,0.11365141977012602,0.16031152221931866,0.12429874637775305,-0.08480020414228726,0.4054232485809246,0.19864211969110876,0.040490815778609766,0.0016395061624235874,0.040490815778686254,0.2526519986503429,0.02457895144088655,0.4875470240540969
Transolver,A,2,A-k2,log_lambda1_positive,ood,800,200,200,2.2672418969714236,2.4576481935426377,2.3967848588539282,0.03425591783120631,0.5877843423001464,0.564708679914474,0.21386506417118362,ok,0.38400220049411954,0.08502312631567466,0.19006269074485257,-0.2897722405162863,0.4598184931476356,0.6551142906328853,0.013618611530169054,0.00018546658000884175,0.013618611530143274,0.7005278350485233,0.04717084524102736,0.18258143048680597
Transolver,A,2,A-k2,initial_rayleigh_quotient,all,1600,400,1600,9.663916100440069,39.04852027739478,19.594550100497294,5.72707233863774,0.5438208056520666,0.513722330331802,0.193479118171772,ok,0.10119413690121998,0.02258927438908704,0.0007977024117040106,0.021021049443896267,0.024157499334277813,1.6614077038106175e-97,0.668653081149473,0.4470969429306859,0.6686530811494745,7.097278306914282e-208,0.7544481219190283,1.640582905666248e-294
Transolver,A,2,A-k2,initial_rayleigh_quotient,iid,800,200,800,9.663916100440069,38.88365121351391,19.180059547420786,5.632207685053734,0.49985726900398686,0.474960476160049,0.15908017098786031,ok,0.10308410703603954,0.020686753395471238,0.000639058892716636,0.019426557029817895,0.02194694976112458,3.1000305543450504e-81,0.7324111530008085,0.5364260970399779,0.7324111530008113,2.328372383498051e-135,0.7887045604758759,8.863911347725979e-171
Transolver,A,2,A-k2,initial_rayleigh_quotient,ood,800,200,800,9.979632635603817,39.04852027739478,20.009040653573805,5.794304735317522,0.5877843423001464,0.564708679914474,0.21386506417118362,ok,0.11694278646230771,0.023531440811668483,0.0013611627677760421,0.020847286983963896,0.02621559463937307,1.7160304295244277e-41,0.6375437683209335,0.4064620565248567,0.6375437683209337,1.784226369422082e-92,0.7323791209048764,2.4244276267199965e-135
Transolver,A,2,A-k2,target_norm_retention,all,1600,400,1600,0.08394024928892163,0.7225126387866652,0.45501184297776304,0.21687702146741486,0.5438208056520666,0.513722330331802,0.193479118171772,ok,0.7692757615415458,-0.49549250062156636,0.019570504473505876,-0.5339666895609718,-0.45701831168216084,5.0124364958907244e-85,-0.5554136214267941,0.30848429086642526,-0.5554136214267934,3.6032892905818463e-130,-0.6373462211098614,4.244855756131615e-183
Transolver,A,2,A-k2,target_norm_retention,iid,800,200,800,0.08394024928892163,0.7206892913917543,0.45327157530405254,0.21835439625622652,0.49985726900398686,0.474960476160049,0.15908017098786031,ok,0.7005312975050051,-0.4427236108207464,0.018497950484059937,-0.47920076533298966,-0.40624645630850315,1.753912630139827e-60,-0.6076850819862256,0.36928115886860413,-0.6076850819862241,6.319572752788457e-82,-0.6908842045065696,1.5367234086820453e-114
Transolver,A,2,A-k2,target_norm_retention,ood,800,200,800,0.0842743000456455,0.7225126387866652,0.4567521106514736,0.21551205537277981,0.5877843423001464,0.564708679914474,0.21386506417118362,ok,0.8403800674321579,-0.5530258519697469,0.03452363645564043,-0.621104962809734,-0.4849467411297597,1.2070033290013869e-37,-0.5572847463150167,0.3105662884753908,-0.5572847463150151,1.828277741941484e-66,-0.6499718280809814,3.216629535089233e-97
Transolver,B,0,B-k0,log_nk,all,1600,400,274,7.383989457978509,8.155649270366002,7.870143704693032,0.25330373664630723,0.0417886788197206,0.031103918328881,0.0301312884251276,ok,-0.18004275557531763,0.028186452842374015,0.002959616320476033,0.022368062332497475,0.034004843352250555,1.6429968151160185e-19,0.23695414968794287,0.05614726905440537,0.23695414968808884,7.403815564053627e-22,0.3790797256555408,7.714306404382082e-56
Transolver,B,0,B-k0,log_nk,iid,800,200,117,7.383989457978509,7.988542982737695,7.674815803605809,0.22556013876593328,0.03468598764564328,0.024708678014575502,0.026657853857180377,ok,-0.09683143067081618,0.017136231237584853,0.0043593383351335354,0.008539805479021015,0.02573265699614869,0.00011674874957434706,0.14499481903467792,0.021023497546958758,0.14499481903488395,3.847825236989899e-05,0.31109489479337854,2.0634835929377845e-19
Transolver,B,0,B-k0,log_nk,ood,800,200,159,7.980023592310645,8.155649270366002,8.065471605780253,0.033571027992587404,0.04889136999379792,0.035688132047652504,0.03170585873860886,ok,0.2687441887090722,-0.027258519955315225,0.03489119625799429,-0.09606244275295707,0.04154540284232662,0.4355877219610794,-0.02886206439007622,0.0008330187608571737,-0.02886206439008008,0.41493732608932904,0.004407395385357482,0.9009465964185889
Transolver,B,0,B-k0,beta_k,all,1600,400,1,1.0,1.0,1.0,0.0,0.0417886788197206,0.031103918328881,0.0301312884251276,constant_predictor,,,,,,,,,,,,
Transolver,B,0,B-k0,beta_k,iid,800,200,1,1.0,1.0,1.0,0.0,0.03468598764564328,0.024708678014575502,0.026657853857180377,constant_predictor,,,,,,,,,,,,
Transolver,B,0,B-k0,beta_k,ood,800,200,1,1.0,1.0,1.0,0.0,0.04889136999379792,0.035688132047652504,0.03170585873860886,constant_predictor,,,,,,,,,,,,
Transolver,B,0,B-k0,beta_total,all,1600,400,4,0.0,3.0,1.9975,1.1568622244584645,0.0417886788197206,0.031103918328881,0.0301312884251276,ok,0.028909732386639724,0.006447532632330831,0.0006562940196772604,0.005157306304897716,0.007737758959763945,1.522248026974737e-20,0.24754689670311358,0.061279466067342026,0.24754689670311353,9.096644397599055e-24,0.40209759792630223,3.146170991352933e-63
Transolver,B,0,B-k0,beta_total,iid,800,200,3,0.0,2.0,0.995,0.8159701336898565,0.03468598764564328,0.024708678014575502,0.026657853857180377,ok,0.030187859856876012,0.004520731445997253,0.001189267671558459,0.00217554727820331,0.006865915613791196,0.0001913309871999067,0.13837504932426253,0.019147654275492143,0.13837504932426267,8.614717180276463e-05,0.304954757965433,1.1148796805867937e-18
Transolver,B,0,B-k0,beta_total,ood,800,200,1,3.0,3.0,3.0,0.0,0.04889136999379792,0.035688132047652504,0.03170585873860886,constant_predictor,,,,,,,,,,,,
Transolver,B,0,B-k0,rho_H,all,1600,400,1,0.0,0.0,0.0,0.0,0.0417886788197206,0.031103918328881,0.0301312884251276,constant_predictor,,,,,,,,,,,,
Transolver,B,0,B-k0,rho_H,iid,800,200,1,0.0,0.0,0.0,0.0,0.03468598764564328,0.024708678014575502,0.026657853857180377,constant_predictor,,,,,,,,,,,,
Transolver,B,0,B-k0,rho_H,ood,800,200,1,0.0,0.0,0.0,0.0,0.04889136999379792,0.035688132047652504,0.03170585873860886,constant_predictor,,,,,,,,,,,,
Transolver,B,0,B-k0,log_lambda1_positive,all,1600,400,334,0.4839635920958233,0.78652672909991,0.660299946497459,0.05208200265921611,0.0417886788197206,0.031103918328881,0.0301312884251276,ok,0.11138012655031432,-0.10539368979164661,0.017000840465215952,-0.1388161061158097,-0.07197127346748354,1.4164837251087066e-09,-0.18217323980794528,0.03318708930215686,-0.18217323980803743,2.0923439027092282e-13,-0.26097782052031404,2.5258864508870958e-26
Transolver,B,0,B-k0,log_lambda1_positive,iid,800,200,134,0.5910233297863299,0.7641555981649725,0.6869600234305279,0.04167734597343741,0.03468598764564328,0.024708678014575502,0.026657853857180377,ok,0.07768246636569937,-0.06258949175141357,0.023916799898359167,-0.10975238182848619,-0.015426601674340942,0.009552695294090958,-0.09785348498047398,0.00957530452285138,-0.09785348498061452,0.005604990070779999,-0.22241381599661272,2.0068647455534425e-10
Transolver,B,0,B-k0,log_lambda1_positive,ood,800,200,200,0.4839635920958233,0.78652672909991,0.6336398695643902,0.04762525821114128,0.04889136999379792,0.035688132047652504,0.03170585873860886,ok,0.07241852392243356,-0.03713016661153375,0.02663914692748836,-0.08966140672841558,0.015401073505348077,0.16492658446929845,-0.05577309187161855,0.00311063777692111,-0.05577309187162862,0.11496550984649746,-0.015149732458424478,0.66875764911949
Transolver,B,0,B-k0,initial_rayleigh_quotient,all,1600,400,1600,1.7488274411298415,9.601429199906384,3.8133088589809176,2.014902693625446,0.0417886788197206,0.031103918328881,0.0301312884251276,ok,-0.007010788345966161,0.012797145201274906,0.00034428175586165077,0.012120312299938943,0.013473978102610869,1.1471170478023112e-131,0.8557550534500772,0.7323167115053428,0.8557550534500764,0.0,0.7853063692603005,0.0
Transolver,B,0,B-k0,initial_rayleigh_quotient,iid,800,200,800,1.8517599173648494,9.601429199906384,3.777306675866613,2.0318055609388854,0.03468598764564328,0.024708678014575502,0.026657853857180377,ok,-0.00882174441770732,0.011518188962872277,0.00042278524319488997,0.010684474835742043,0.012351903090002512,4.5382434615893996e-69,0.8778921406085054,0.7706946105421842,0.8778921406085056,2.0534808861865057e-257,0.7976406135009587,2.0813706318562697e-177
Transolver,B,0,B-k0,initial_rayleigh_quotient,ood,800,200,800,1.7488274411298415,9.229387571693632,3.849311042095222,1.9984787904249977,0.04889136999379792,0.035688132047652504,0.03170585873860886,ok,-0.004995976118647943,0.0139992184375712,0.00047031037739419254,0.01307178681104032,0.014926650064102081,3.2041951187450424e-75,0.8823965741052235,0.7786237139926362,0.882396574105224,1.6303928882773605e-263,0.8785358570872768,2.8552676715604006e-258
Transolver,B,0,B-k0,target_norm_retention,all,1600,400,1600,0.3997271106723129,0.8433838536060418,0.7234929861688051,0.11654482536574688,0.0417886788197206,0.031103918328881,0.0301312884251276,ok,0.2000262160893478,-0.2187132982553988,0.006158225368948606,-0.23081992160264686,-0.20660667490815077,1.331180810619987e-125,-0.8459612742309748,0.7156504774984966,-0.8459612742309762,0.0,-0.7597179442257596,5.303830328450648e-301
Transolver,B,0,B-k0,target_norm_retention,iid,800,200,800,0.3997271106723129,0.831962956584739,0.7254979602292542,0.11627888079501619,0.03468598764564328,0.024708678014575502,0.026657853857180377,ok,0.17874480492592326,-0.19856543391901185,0.007790885956574151,-0.21392872246657896,-0.18320214537144475,1.3810637053685032e-64,-0.8661224772398682,0.7501681455801296,-0.8661224772398702,1.494581058822219e-242,-0.7680470672610427,1.2871243548968843e-156
Transolver,B,0,B-k0,target_norm_retention,ood,800,200,800,0.41532293334141107,0.8433838536060418,0.7214880121083557,0.11684846698053436,0.04889136999379792,0.035688132047652504,0.03170585873860886,ok,0.21967158618933863,-0.23670554926682866,0.008331894867174353,-0.25313568387615104,-0.22027541465750625,5.918656126003598e-72,-0.8723523556210686,0.7609986323576505,-0.8723523556210819,3.1023754651742085e-250,-0.866809682515129,2.2192498828505913e-243
Transolver,B,1,B-k1,log_nk,all,1600,400,318,9.111403624116159,9.91422964906803,9.618079468081744,0.2626740432741036,0.4117327920068051,0.40750105679035153,0.07491320278300105,ok,-0.33609106215584955,0.07775188972438171,0.005858175379144122,0.06623514284223105,0.08926863660653238,1.4879123111964795e-33,0.2726275541210735,0.07432578326602757,0.2726275541210529,1.1515224832731312e-28,0.2769115551567079,1.4824226800311358e-29
Transolver,B,1,B-k1,log_nk,iid,800,200,131,9.111403624116159,9.747885820441555,9.41746102300045,0.23691163444952995,0.3954520158655937,0.3895766437053675,0.07684597643129314,ok,-0.2547980599234698,0.0690472808117748,0.00903593788327763,0.051228803969414455,0.08686575765413515,8.888696299635715e-13,0.21286871364096435,0.0453130892472553,0.21286871364119064,1.1924715568050536e-09,0.22832603631672352,6.384640112301325e-11
Transolver,B,1,B-k1,log_nk,ood,800,200,187,9.721125994942152,9.91422964906803,9.818697913163039,0.03685474387108677,0.4280135681480165,0.42197549343109053,0.0692452506769921,ok,-1.8856490387895928,0.2356384346885005,0.04651626597183432,0.14391037959129635,0.3273664897857046,9.256974592300665e-07,0.12541501506202257,0.01572892600179643,0.12541501505719377,0.0003768679623571799,0.11007307665445273,0.001821151927999277
Transolver,B,1,B-k1,beta_k,all,1600,400,4,0.0,3.0,1.9975,1.1568622244584645,0.4117327920068051,0.40750105679035153,0.07491320278300105,ok,0.3774121146941065,0.017181815926257157,0.0013027941775436806,0.014620617291657336,0.01974301456085698,3.233659027005125e-33,0.26533365353852045,0.07040194770009844,0.2653336535385183,3.472539704493892e-27,0.2649449042795626,4.151592640030852e-27
Transolver,B,1,B-k1,beta_k,iid,800,200,3,0.0,2.0,0.995,0.8159701336898565,0.3954520158655937,0.3895766437053675,0.07684597643129314,ok,0.3755240550646989,0.020028101307431972,0.002587954288019543,0.014924767912953552,0.025131434701910392,4.938222989482669e-13,0.21266347648000408,0.04522575422856134,0.2126634764800045,1.2379345427681753e-09,0.2170910322417312,5.476469289934571e-10
Transolver,B,1,B-k1,beta_k,ood,800,200,1,3.0,3.0,3.0,0.0,0.4280135681480165,0.42197549343109053,0.0692452506769921,constant_predictor,,,,,,,,,,,,
Transolver,B,1,B-k1,beta_total,all,1600,400,4,0.0,3.0,1.9975,1.1568622244584645,0.4117327920068051,0.40750105679035153,0.07491320278300105,ok,0.3774121146941065,0.017181815926257157,0.0013027941775436806,0.014620617291657336,0.01974301456085698,3.233659027005125e-33,0.26533365353852045,0.07040194770009844,0.2653336535385183,3.472539704493892e-27,0.2649449042795626,4.151592640030852e-27
Transolver,B,1,B-k1,beta_total,iid,800,200,3,0.0,2.0,0.995,0.8159701336898565,0.3954520158655937,0.3895766437053675,0.07684597643129314,ok,0.3755240550646989,0.020028101307431972,0.002587954288019543,0.014924767912953552,0.025131434701910392,4.938222989482669e-13,0.21266347648000408,0.04522575422856134,0.2126634764800045,1.2379345427681753e-09,0.2170910322417312,5.476469289934571e-10
Transolver,B,1,B-k1,beta_total,ood,800,200,1,3.0,3.0,3.0,0.0,0.4280135681480165,0.42197549343109053,0.0692452506769921,constant_predictor,,,,,,,,,,,,
Transolver,B,1,B-k1,rho_H,all,1600,400,4,0.0,0.5,0.1965625022398308,0.19777088866174766,0.4117327920068051,0.40750105679035153,0.07491320278300105,ok,0.43750447987197805,-0.13111192405216754,0.009781622164146705,-0.15034188206304752,-0.11188196604128756,4.3924583827532895e-34,-0.3461355378044614,0.11980981053118478,-0.34613553780446266,2.9888779309580998e-46,-0.27767338528688235,1.0255996241747198e-29
Transolver,B,1,B-k1,rho_H,iid,800,200,4,0.0,0.5,0.15701389067806304,0.19359928066917223,0.3954520158655937,0.3895766437053675,0.07684597643129314,ok,0.4157612080785353,-0.12934646817065965,0.012684255204269934,-0.15435926822964918,-0.10433366811167011,6.521338633700243e-20,-0.32586459770378245,0.10618773603664866,-0.3258645977037832,3.0240389940666404e-21,-0.23561491932412226,1.488509339308995e-11
Transolver,B,1,B-k1,rho_H,ood,800,200,4,0.0,0.5,0.23611111380159855,0.19406911061920515,0.4280135681480165,0.42197549343109053,0.0692452506769921,ok,0.47004300747325406,-0.1780070351137923,0.010341292433242163,-0.1983996144035209,-0.15761445582406367,2.877364347446109e-41,-0.4988886118650975,0.24888984704868244,-0.49888861186509603,1.435242112032561e-51,-0.47691954184551894,1.1291205168464973e-46
Transolver,B,1,B-k1,log_lambda1_positive,all,1600,400,341,0.48396371872013666,0.7865796598052194,0.6601380210831935,0.05202854901877113,0.4117327920068051,0.40750105679035153,0.07491320278300105,ok,0.5351949924933286,-0.1870248289652146,0.032377220118236766,-0.25067608976169264,-0.12337356816873658,1.5375072555227768e-08,-0.12989206334870498,0.016871948120970814,-0.12989206334865397,1.8508706173376244e-07,-0.14382932320474115,7.52591696641381e-09
Transolver,B,1,B-k1,log_lambda1_positive,iid,800,200,141,0.5910233297874282,0.7641555981649928,0.6869600234308078,0.041677345973235094,0.3954520158655937,0.3895766437053675,0.07684597643129314,ok,0.5884234006752526,-0.28090628017320957,0.048038810293344114,-0.3756367265091247,-0.18617583383729444,2.019510228007507e-08,-0.15234926756771455,0.02321029932837726,-0.15234926756757683,1.507179884964781e-05,-0.15999792549343259,5.4241443356120515e-06
Transolver,B,1,B-k1,log_lambda1_positive,ood,800,200,200,0.48396371872013666,0.7865796598052194,0.6333160187355792,0.04732532287849365,0.4280135681480165,0.42197549343109053,0.0692452506769921,ok,0.32926496305693076,0.15592311290063993,0.04433167910085618,0.06850296818014244,0.2433432576211374,0.0005402303402162262,0.10656487759231172,0.011356073136266409,0.10656487759232129,0.0025445347231147462,0.10811074835330005,0.00219840490383359
Transolver,B,1,B-k1,initial_rayleigh_quotient,all,1600,400,1600,4.040722026297464,17.302904387338785,9.461190744080676,2.805127875532731,0.4117327920068051,0.40750105679035153,0.07491320278300105,ok,0.27308671370385657,0.014654189102961568,0.0006357192675479834,0.013404411242346204,0.015903966963576932,2.342941238191516e-75,0.5487266972835028,0.3011009883116623,0.5487266972835039,1.7669591648096805e-126,0.5220126287158706,1.5402424498085037e-112
Transolver,B,1,B-k1,initial_rayleigh_quotient,iid,800,200,800,4.128986068925543,17.302904387338785,10.11995476427233,2.809825757094821,0.3954520158655937,0.3895766437053675,0.07684597643129314,ok,0.23714826862782157,0.015642732692506732,0.0007226591309469175,0.014217680289974378,0.017067785095039086,3.3689903015570173e-54,0.5719668780583806,0.3271461095958479,0.5719668780583783,1.0782229393121364e-70,0.5518118153309616,6.09907312346421e-65
Transolver,B,1,B-k1,initial_rayleigh_quotient,ood,800,200,800,4.040722026297464,16.62278996797976,8.80242672388902,2.6425718339727258,0.4280135681480165,0.42197549343109053,0.0692452506769921,ok,0.26573411831933547,0.01843576265034608,0.0007132630224288752,0.01702923896549636,0.019842286335195802,1.6120236279879193e-65,0.7035547801662915,0.49498932869483603,0.7035547801662896,1.659105745220855e-120,0.6836198337809903,2.95278153697771e-111
Transolver,B,1,B-k1,target_norm_retention,all,1600,400,1600,0.3002410380880237,0.8294970829195383,0.6106806439661167,0.13646261769953813,0.4117327920068051,0.40750105679035153,0.07491320278300105,ok,0.5417225662771044,-0.21286047880291498,0.015321838948575008,-0.24298210021562117,-0.1827388573902088,4.545142095017388e-36,-0.3877487153548072,0.15034906625929678,-0.3877487153547987,1.4900588218443616e-58,-0.40281853332755213,1.806046862292821e-63
Transolver,B,1,B-k1,target_norm_retention,iid,800,200,800,0.3002410380880237,0.8234588560243168,0.5802514062502272,0.13942895976873398,0.3954520158655937,0.3895766437053675,0.07684597643129314,ok,0.5216082883905466,-0.21741657351632576,0.01825427974078174,-0.25341321991171945,-0.18141992712093208,4.831480416982241e-25,-0.3944795562454364,0.15561412029559307,-0.3944795562454321,3.4811641325367898e-31,-0.39071742299597345,1.4157327428842085e-30
Transolver,B,1,B-k1,target_norm_retention,ood,800,200,800,0.311076362730106,0.8294970829195383,0.6411098816820061,0.12638342125508512,0.4280135681480165,0.42197549343109053,0.0692452506769921,ok,0.6165862806894556,-0.2941347777181422,0.019607797965798403,-0.33280050323511834,-0.2554690522011661,1.5770967974933283e-34,-0.5368420094473628,0.28819934310745987,-0.5368420094473418,6.465778802704106e-61,-0.5797362339628656,5.093434862805997e-73
Transolver,B,2,B-k2,log_nk,all,1600,400,329,9.543378146148761,10.357552330480354,10.05700041393879,0.26563318777746764,0.5128282843250777,0.5124275088310241,0.1299342495982914,ok,-2.7238151751688333,0.3218299021851461,0.009384115474157698,0.30338141342642666,0.3402783909438656,4.921637493985728e-121,0.6579381733749984,0.43288263998358967,0.6579381733746643,4.6368618624066945e-199,0.6507433066452998,2.4260922664426794e-193
Transolver,B,2,B-k2,log_nk,iid,800,200,134,9.543378146148761,10.193616628630961,9.855271155705621,0.24125881012768224,0.44131282089278057,0.42654363811016005,0.11485568180785272,ok,-2.240853890352653,0.27215554690168253,0.014408935299069645,0.24374175264301604,0.30056934116034906,2.9307482965957295e-46,0.5716732718978066,0.3268103298008729,0.5716732718965203,1.3163864139321145e-70,0.6080307453296561,4.8411719518103803e-82
Transolver,B,2,B-k2,log_nk,ood,800,200,195,10.154285180632154,10.357552330480354,10.258729672171958,0.03890022804884361,0.5843437477573749,0.5827763378620145,0.10175163716883019,ok,-4.263073487446637,0.47251632415643696,0.11828238093525895,0.23926860900175323,0.7057640393111206,9.11035306979691e-05,0.1806456709486479,0.03263285843458963,0.18064567095446815,2.692114115340646e-07,0.18452473422005244,1.4707301608905796e-07
Transolver,B,2,B-k2,beta_k,all,1600,400,1,0.0,0.0,0.0,0.0,0.5128282843250777,0.5124275088310241,0.1299342495982914,constant_predictor,,,,,,,,,,,,
Transolver,B,2,B-k2,beta_k,iid,800,200,1,0.0,0.0,0.0,0.0,0.44131282089278057,0.42654363811016005,0.11485568180785272,constant_predictor,,,,,,,,,,,,
Transolver,B,2,B-k2,beta_k,ood,800,200,1,0.0,0.0,0.0,0.0,0.5843437477573749,0.5827763378620145,0.10175163716883019,constant_predictor,,,,,,,,,,,,
Transolver,B,2,B-k2,beta_total,all,1600,400,4,0.0,3.0,1.9975,1.1568622244584645,0.5128282843250777,0.5124275088310241,0.1299342495982914,ok,0.3669408151415809,0.07303502837721974,0.002294939824586919,0.0685233435335686,0.07754671322087088,1.540926974223366e-111,0.6502632343133073,0.4228422738996026,0.650263234313307,5.766884718461293e-193,0.6435406643451819,9.030086321658616e-188
Transolver,B,2,B-k2,beta_total,iid,800,200,3,0.0,2.0,0.995,0.8159701336898565,0.44131282089278057,0.42654363811016005,0.11485568180785272,ok,0.3635363821236464,0.07816727514485829,0.0046740548583037635,0.06895024207884551,0.08738430821087106,8.678752103425552e-40,0.5553243944590037,0.30838518308125984,0.5553243944590042,6.469906021603814e-66,0.5774323521795657,2.5302937288660356e-72
Transolver,B,2,B-k2,beta_total,ood,800,200,1,3.0,3.0,3.0,0.0,0.5843437477573749,0.5827763378620145,0.10175163716883019,constant_predictor,,,,,,,,,,,,
Transolver,B,2,B-k2,rho_H,all,1600,400,1,0.0,0.0,0.0,0.0,0.5128282843250777,0.5124275088310241,0.1299342495982914,constant_predictor,,,,,,,,,,,,
Transolver,B,2,B-k2,rho_H,iid,800,200,1,0.0,0.0,0.0,0.0,0.44131282089278057,0.42654363811016005,0.11485568180785272,constant_predictor,,,,,,,,,,,,
Transolver,B,2,B-k2,rho_H,ood,800,200,1,0.0,0.0,0.0,0.0,0.5843437477573749,0.5827763378620145,0.10175163716883019,constant_predictor,,,,,,,,,,,,
Transolver,B,2,B-k2,log_lambda1_positive,all,1600,400,341,2.269147735025334,2.6801398291281306,2.4316724405207566,0.11758202001057262,0.5128282843250777,0.5124275088310241,0.1299342495982914,ok,1.9141188026681206,-0.5762661512267453,0.02222022440774053,-0.6199494969114082,-0.5325828055420824,1.27406251804748e-87,-0.5214832758448458,0.27194480698617773,-0.5214832758451391,2.8274732131768183e-112,-0.41850942485111803,7.255362658816936e-69
Transolver,B,2,B-k2,log_lambda1_positive,iid,800,200,141,2.3079179766807294,2.6801398291281306,2.49949217157336,0.13156113788144,0.44131282089278057,0.42654363811016005,0.11485568180785272,ok,1.4430968864567606,-0.40079504027147567,0.03068048442460213,-0.46129562231331145,-0.3402944582296399,1.4367663775641935e-28,-0.45908962208387505,0.21076328110534126,-0.45908962208412113,5.9238097124451675e-43,-0.407981565265749,1.947295988606436e-33
Transolver,B,2,B-k2,log_lambda1_positive,ood,800,200,200,2.269147735025334,2.436837653384714,2.3638527094681536,0.033904105669069255,0.5843437477573749,0.5827763378620145,0.10175163716883019,ok,-0.8658787560629974,0.6134995205122844,0.13149433383469317,0.3541984083752466,0.8728006326493223,5.641529853480112e-06,0.20442081474187393,0.04178786949981905,0.204420814742088,5.3928459596734715e-09,0.20046359992095136,1.069930463170608e-08
Transolver,B,2,B-k2,initial_rayleigh_quotient,all,1600,400,1600,18.10295563287944,42.92928857678454,26.149336602373523,4.543025397123421,0.5128282843250777,0.5124275088310241,0.1299342495982914,ok,-0.12017964212504972,0.024207418187147056,0.0005067261741208257,0.023211231369885406,0.025203605004408706,3.79295864385189e-167,0.8463889695211095,0.716374287727007,0.8463889695211104,0.0,0.86988610542426,0.0
Transolver,B,2,B-k2,initial_rayleigh_quotient,iid,800,200,800,18.10295563287944,39.239361095504606,23.735281786350328,3.556241582911774,0.44131282089278057,0.42654363811016005,0.11485568180785272,ok,-0.22275886499574252,0.027978251611506796,0.0007470794020565841,0.02650504349554739,0.0294514597274662,4.629245103063527e-92,0.8662821049154762,0.7504446852967799,0.8662821049154714,9.605619664626176e-243,0.8744620616594715,6.279164425666089e-253
Transolver,B,2,B-k2,initial_rayleigh_quotient,ood,800,200,800,19.97141079184148,42.92928857678454,28.563391418396723,4.121556473592118,0.5843437477573749,0.5827763378620145,0.10175163716883019,ok,0.07938456114288482,0.017678544512374137,0.0006629782475138688,0.01637118021849417,0.018985908806254104,1.301004773518346e-67,0.7160879333839589,0.5127819283381082,0.7160879333839583,9.930107631028922e-127,0.7087078417310028,5.028572947975766e-123
Transolver,B,2,B-k2,target_norm_retention,all,1600,400,1600,0.07724110015150125,0.21958787048386205,0.15267364116347337,0.02544651991165597,0.5128282843250777,0.5124275088310241,0.1299342495982914,ok,0.6945352697987975,-1.1901660567534225,0.14028748239734545,-1.4659610476743739,-0.9143710658324711,4.3095881788377913e-16,-0.23308392017489502,0.05432811384409819,-0.23308392017489793,3.504375098926017e-21,-0.21333603060001197,6.33891183837743e-18
Transolver,B,2,B-k2,target_norm_retention,iid,800,200,800,0.07724110015150125,0.21119322308416655,0.14921158044986707,0.02429390432927563,0.44131282089278057,0.42654363811016005,0.11485568180785272,ok,0.7124472680509943,-1.8171139689074627,0.18638011812870448,-2.1846474625693366,-1.4495804752455885,1.3192865501316056e-18,-0.3843501011110626,0.14772500022408797,-0.3843501011110676,1.4598825638965438e-29,-0.39109033764115264,1.2329371266612187e-30
Transolver,B,2,B-k2,target_norm_retention,ood,800,200,800,0.07766014934669044,0.21958787048386205,0.15613570187707967,0.026108727515521502,0.5843437477573749,0.5827763378620145,0.10175163716883019,ok,0.8055243336875866,-1.4165919983140087,0.14706812276162615,-1.7066039454442707,-1.1265800511837467,2.8785117401966246e-18,-0.3634871684991264,0.13212292166350226,-0.36348716849911267,2.1460845460087577e-26,-0.3301717971434331,8.439721503722657e-22
Transolver,C,0,C-k0,log_nk,all,1600,400,236,7.383989457978509,7.816416983691801,7.638937468881613,0.13285965075075507,0.03258820750022957,0.0225528478622435,0.025263280401911992,ok,-0.05631257377670097,0.011637846446458303,0.004410403650146461,0.0029673135246066056,0.020308379368310002,0.008647652956524393,0.06120346169495651,0.0037458637234394354,0.061203461694902206,0.014344416420208528,0.12388917125933907,6.665834359942469e-07
Transolver,C,0,C-k0,log_nk,iid,800,200,119,7.383989457978509,7.746732907753622,7.5388594218869125,0.12127475230744209,0.03165907660557375,0.021724092774092502,0.025450593430758964,ok,-0.08589291233199244,0.015592808190094967,0.0071537939803781965,0.0014858373342762545,0.029699779045913678,0.030456899792294028,0.07430136967831125,0.005520693536086307,0.07430136967840115,0.03562525423531984,0.1431899205083301,4.810402455652675e-05
Transolver,C,0,C-k0,log_nk,ood,800,200,122,7.674152921281675,7.816416983691801,7.7390155158763125,0.023698078287639795,0.03351733839488538,0.024359087459742503,0.025056017803344245,ok,0.09447966728341717,-0.007877271826535349,0.04588326877360596,-0.09835708395620153,0.08260254030313084,0.8638630125386626,-0.007450354078745035,5.550777589169442e-05,-0.007450354078287848,0.8333545120481948,0.030098105840797747,0.39523364528850924
Transolver,C,0,C-k0,beta_k,all,1600,400,1,1.0,1.0,1.0,0.0,0.03258820750022957,0.0225528478622435,0.025263280401911992,constant_predictor,,,,,,,,,,,,
Transolver,C,0,C-k0,beta_k,iid,800,200,1,1.0,1.0,1.0,0.0,0.03165907660557375,0.021724092774092502,0.025450593430758964,constant_predictor,,,,,,,,,,,,
Transolver,C,0,C-k0,beta_k,ood,800,200,1,1.0,1.0,1.0,0.0,0.03351733839488538,0.024359087459742503,0.025056017803344245,constant_predictor,,,,,,,,,,,,
Transolver,C,0,C-k0,beta_total,all,1600,400,4,0.0,3.0,2.0025,1.1525293716301959,0.03258820750022957,0.0225528478622435,0.025263280401911992,ok,0.03003411711598099,0.0012754508785261323,0.0005190141864617318,0.0002551067223908812,0.0022957950346613834,0.014417310494386323,0.0581870040702098,0.0033857274426667416,0.058187004070209866,0.019931578334879116,0.12207081747838595,9.714184738863557e-07
Transolver,C,0,C-k0,beta_total,iid,800,200,3,0.0,2.0,1.005,0.8159701336898565,0.03165907660557375,0.021724092774092502,0.025450593430758964,ok,0.029342668538300386,0.0023048836490282307,0.0010719525103323867,0.00019103988115371342,0.0044187274169027475,0.03274788372363048,0.07389675310926708,0.00546073012009185,0.07389675310926713,0.036644277228862356,0.14621935421744217,3.30196806376883e-05
Transolver,C,0,C-k0,beta_total,ood,800,200,1,3.0,3.0,3.0,0.0,0.03351733839488538,0.024359087459742503,0.025056017803344245,constant_predictor,,,,,,,,,,,,
Transolver,C,0,C-k0,rho_H,all,1600,400,1,0.0,0.0,0.0,0.0,0.03258820750022957,0.0225528478622435,0.025263280401911992,constant_predictor,,,,,,,,,,,,
Transolver,C,0,C-k0,rho_H,iid,800,200,1,0.0,0.0,0.0,0.0,0.03165907660557375,0.021724092774092502,0.025450593430758964,constant_predictor,,,,,,,,,,,,
Transolver,C,0,C-k0,rho_H,ood,800,200,1,0.0,0.0,0.0,0.0,0.03351733839488538,0.024359087459742503,0.025056017803344245,constant_predictor,,,,,,,,,,,,
Transolver,C,0,C-k0,log_lambda1_positive,all,1600,400,335,0.6671266100083025,0.7461019031171019,0.7075874038421409,0.014334179386468063,0.03258820750022957,0.0225528478622435,0.025263280401911992,ok,0.038045543587420655,-0.007712596433391873,0.04522296050072975,-0.09661764888412505,0.08119245601734132,0.8646671829421753,-0.004376064353198799,1.9149939224027968e-05,-0.004376064353260061,0.8611530160346236,-0.04249597625242889,0.08926677755315933
Transolver,C,0,C-k0,log_lambda1_positive,iid,800,200,135,0.6671266100083025,0.7461019031171019,0.713538963626299,0.012262831017344348,0.03165907660557375,0.021724092774092502,0.025450593430758964,ok,0.007913985822800371,0.03327791752546691,0.0664969892794392,-0.09785125565700509,0.1644070907079389,0.6173165526057423,0.016034261846748353,0.0002570975529727626,0.016034261846835474,0.6506658366477326,-0.03012799428256238,0.3947642932777975
Transolver,C,0,C-k0,log_lambda1_positive,ood,800,200,200,0.6680164939718534,0.7347656872469495,0.7016358440579827,0.013779939728065342,0.03351733839488538,0.024359087459742503,0.025056017803344245,ok,0.02280995282111521,0.015260602297398493,0.06926396280544746,-0.12132492243745031,0.1518461270322473,0.8258436966502058,0.008392801343079312,7.043911438431305e-05,0.008392801343089538,0.8126433969256699,0.027760962452188787,0.43296855038885296
Transolver,C,0,C-k0,initial_rayleigh_quotient,all,1600,400,1600,2.020287562688089,10.188545072201846,3.8882111853426875,1.9844282328946323,0.03258820750022957,0.0225528478622435,0.025263280401911992,ok,-0.01119727885853449,0.011261087495406972,0.00028509999047908344,0.010700601642057378,0.011821573348756565,5.983559588255403e-140,0.8845573339434981,0.7824416770332288,0.8845573339434979,0.0,0.9057448850565958,0.0
Transolver,C,0,C-k0,initial_rayleigh_quotient,iid,800,200,800,2.020287562688089,10.188545072201846,3.9664022875951237,2.0277465728461253,0.03165907660557375,0.021724092774092502,0.025450593430758964,ok,-0.012001932597807977,0.011007710776068026,0.0004170090073732602,0.010185387134967382,0.01183003441716867,6.268625306721821e-67,0.8770266147930709,0.7691756830553901,0.877026614793069,2.863974163647753e-256,0.9085617790027797,9.640410568199408e-305
Transolver,C,0,C-k0,initial_rayleigh_quotient,ood,800,200,800,2.0303067641596257,9.742532900998366,3.810020083090251,1.9382570169243067,0.03351733839488538,0.024359087459742503,0.025056017803344245,ok,-0.010731563755067414,0.01161382386049345,0.0003732311683411887,0.010877828215565195,0.012349819505421704,2.211040601586234e-78,0.8984099455708348,0.8071404303005917,0.8984099455708356,2.0343916992610158e-287,0.9294741788659046,0.0
Transolver,C,0,C-k0,target_norm_retention,all,1600,400,1600,0.3776723959775004,0.819516746089003,0.7197912852277767,0.11180331424323807,0.03258820750022957,0.0225528478622435,0.025263280401911992,ok,0.17392467184561766,-0.19635756537488822,0.005240591733035499,-0.20666018770963965,-0.18605494304013678,9.620196184201734e-133,-0.8689855884267625,0.7551359528934086,-0.8689855884267637,0.0,-0.893354065763307,0.0
Transolver,C,0,C-k0,target_norm_retention,iid,800,200,800,0.3776723959775004,0.819516746089003,0.7154277196948868,0.11416248884099138,0.03165907660557375,0.021724092774092502,0.025450593430758964,ok,0.1686250989760925,-0.1914463454518251,0.007608135626770373,-0.2064492582905719,-0.1764434326130783,9.640602203145704e-64,-0.8587615583799295,0.73747141415112,-0.8587615583799264,5.864081454022717e-234,-0.8964126037696935,3.1682698818715e-284
Transolver,C,0,C-k0,target_norm_retention,ood,800,200,800,0.3917113428045454,0.8186686496864528,0.7241548507606665,0.1092904559214939,0.03351733839488538,0.024359087459742503,0.025056017803344245,ok,0.1805373908599047,-0.20302294779988925,0.006910191490216995,-0.21664954513103912,-0.18939635046873937,2.6606117525476465e-74,-0.8855545482815727,0.7842068579821774,-0.885554548281571,6.087735300733241e-268,-0.9194607022823474,0.0
Transolver,C,1,C-k1,log_nk,all,1600,400,321,9.111403624116159,9.592195614445213,9.398410354881623,0.14872587885895874,0.27756192672997665,0.2694660872220985,0.05398029550657901,ok,-0.05682714934235277,0.035579322826520016,0.008651189768416383,0.018571712718599427,0.052586932934440604,4.752044277089455e-05,0.09802773413746645,0.009609436660139248,0.09802773413753424,8.583083247935814e-05,0.09839863019592551,8.065693436198711e-05
Transolver,C,1,C-k1,log_nk,iid,800,200,134,9.111403624116159,9.519955154427514,9.28712946586172,0.1370804270062386,0.27482305383309674,0.2666229456663125,0.05492821849474919,ok,-0.1720816728468752,0.048120867521301916,0.01464609087194607,0.01923941277869654,0.0770023222639073,0.0012027357487576012,0.12009180797227721,0.01442204234217892,0.12009180797281294,0.000664739895898391,0.10709623638570205,0.002420313509502704
Transolver,C,1,C-k1,log_nk,ood,800,200,188,9.433403920090221,9.592195614445213,9.509691243901527,0.026029686814930824,0.28030079962685656,0.2745117694139475,0.05290803995072086,ok,-0.5674158482278309,0.08914239443892319,0.07807230180850515,-0.0648127920369724,0.24309758091481878,0.25491216826482027,0.04385625722176441,0.0019233712971423733,0.04385625721766924,0.21530887516117725,0.05304079541987651,0.13389187447146758
Transolver,C,1,C-k1,beta_k,all,1600,400,1,0.0,0.0,0.0,0.0,0.27756192672997665,0.2694660872220985,0.05398029550657901,constant_predictor,,,,,,,,,,,,
Transolver,C,1,C-k1,beta_k,iid,800,200,1,0.0,0.0,0.0,0.0,0.27482305383309674,0.2666229456663125,0.05492821849474919,constant_predictor,,,,,,,,,,,,
Transolver,C,1,C-k1,beta_k,ood,800,200,1,0.0,0.0,0.0,0.0,0.28030079962685656,0.2745117694139475,0.05290803995072086,constant_predictor,,,,,,,,,,,,
Transolver,C,1,C-k1,beta_total,all,1600,400,4,0.0,3.0,2.0025,1.1525293716301959,0.27756192672997665,0.2694660872220985,0.05398029550657901,ok,0.26952794072012415,0.004011978032385757,0.0011375262661518888,0.0017756840959308796,0.006248271968840634,0.0004692687847306136,0.08565945179192565,0.0073375416812933025,0.0856594517919265,0.0006035677873611066,0.08858688949878839,0.00038863590244496145
Transolver,C,1,C-k1,beta_total,iid,800,200,3,0.0,2.0,1.005,0.8159701336898565,0.27482305383309674,0.2666229456663125,0.05492821849474919,ok,0.26698270104168603,0.00780134606110523,0.002485874177842735,0.002899310207927665,0.012703381914282795,0.001957722348394171,0.11589062166742929,0.013430636190463141,0.11589062166742953,0.0010240775190233976,0.10369234999931004,0.003322654390771939
Transolver,C,1,C-k1,beta_total,ood,800,200,1,3.0,3.0,3.0,0.0,0.28030079962685656,0.2745117694139475,0.05290803995072086,constant_predictor,,,,,,,,,,,,
Transolver,C,1,C-k1,rho_H,all,1600,400,1,0.0,0.0,0.0,0.0,0.27756192672997665,0.2694660872220985,0.05398029550657901,constant_predictor,,,,,,,,,,,,
Transolver,C,1,C-k1,rho_H,iid,800,200,1,0.0,0.0,0.0,0.0,0.27482305383309674,0.2666229456663125,0.05492821849474919,constant_predictor,,,,,,,,,,,,
Transolver,C,1,C-k1,rho_H,ood,800,200,1,0.0,0.0,0.0,0.0,0.28030079962685656,0.2745117694139475,0.05290803995072086,constant_predictor,,,,,,,,,,,,
Transolver,C,1,C-k1,log_lambda1_positive,all,1600,400,343,0.6671266100083363,0.7461019031171127,0.7075874038421653,0.014334179386463936,0.27756192672997665,0.2694660872220985,0.05398029550657901,ok,0.4147476512086654,-0.19387813255842018,0.09396672787891434,-0.3786098878039408,-0.009146377312899606,0.03973395973929365,-0.051483303400336515,0.0026505305289798997,-0.051483303400034694,0.039485785160808494,-0.062433289829125646,0.012496074658754902
Transolver,C,1,C-k1,log_lambda1_positive,iid,800,200,143,0.6671266100083363,0.7461019031171127,0.7135389636263194,0.012262831017341585,0.27482305383309674,0.2666229456663125,0.05492821849474919,ok,0.5873662223396521,-0.43801836261073085,0.16953988516366422,-0.7723436486705094,-0.10369307655095228,0.01049485032907401,-0.09778844663788817,0.009562580295574219,-0.09778844663647224,0.0056369074451498745,-0.09772656249472218,0.005667428748300057
Transolver,C,1,C-k1,log_lambda1_positive,ood,800,200,200,0.6680164939718866,0.7347656872469673,0.7016358440580113,0.013779939728062773,0.28030079962685656,0.2745117694139475,0.05290803995072086,ok,0.21087797200854774,0.0989442432371944,0.134377353622034,-0.1660420586366907,0.36393054511107953,0.46240527953942845,0.02577010430772431,0.0006640982760294234,0.02577010430769456,0.46669329614409555,0.015904148728067363,0.653314589832156
Transolver,C,1,C-k1,initial_rayleigh_quotient,all,1600,400,1600,8.074225456269636,17.246303429376074,11.334696817030435,1.6775784306075634,0.27756192672997665,0.2694660872220985,0.05398029550657901,ok,0.09510753893804448,0.016096979984307303,0.0007555629650898974,0.014611598127450214,0.017582361841164393,8.288456148875558e-68,0.5002556241342624,0.25025568947795795,0.5002556241342598,4.525975156054303e-102,0.42391465582603743,8.594758128420562e-71
Transolver,C,1,C-k1,initial_rayleigh_quotient,iid,800,200,800,8.102349527174022,17.01325091365047,11.497695944916105,1.6756500465237425,0.27482305383309674,0.2666229456663125,0.05492821849474919,ok,0.082027072334628,0.016768227514636677,0.0011346176097640941,0.014530810893841766,0.019005644135431588,7.592755216700633e-34,0.5115345442653965,0.2616675899768097,0.5115345442653993,1.4891217729908758e-54,0.4301331017704716,2.310182952620379e-37
Transolver,C,1,C-k1,initial_rayleigh_quotient,ood,800,200,800,8.074225456269636,17.246303429376074,11.17169768914477,1.6646483131577874,0.28030079962685656,0.2745117694139475,0.05290803995072086,ok,0.10101173774570546,0.016048506401615585,0.0009512859237401573,0.014172611898843852,0.01792440090438732,3.121573790367186e-40,0.5049349613978158,0.2549593152418008,0.5049349613978029,5.569427988748988e-53,0.43772937145214297,8.886493811813413e-39
Transolver,C,1,C-k1,target_norm_retention,all,1600,400,1600,0.2869736732174376,0.5991884580811021,0.4845623687211373,0.08289913661461802,0.27756192672997665,0.2694660872220985,0.05398029550657901,ok,0.30666266576216616,-0.06005571400229099,0.016808881026643612,-0.09310075202645506,-0.027010675978126925,0.0003962788067596349,-0.09222933651701797,0.008506250514370484,-0.09222933651702424,0.00022060954765856124,-0.08350481582219368,0.0008275170343026383
Transolver,C,1,C-k1,target_norm_retention,iid,800,200,800,0.29691312783439067,0.5977724093728244,0.48533444974197154,0.08184156836383297,0.27482305383309674,0.2666229456663125,0.05492821849474919,ok,0.31104043659653313,-0.07462355656535985,0.025417288308778797,-0.12474534458292984,-0.024501768547789862,0.0037169495896979218,-0.1111870924191739,0.012362569520632638,-0.1111870924191865,0.0016343849207655797,-0.10454186647166638,0.003072574710390161
Transolver,C,1,C-k1,target_norm_retention,ood,800,200,800,0.2869736732174376,0.5991884580811021,0.483790287700303,0.0839874917188466,0.28030079962685656,0.2745117694139475,0.05290803995072086,ok,0.30237742837265197,-0.04563264147103584,0.02221800000569336,-0.08944557198239594,-0.001819710959675723,0.0412968232862312,-0.07243834965777259,0.00524731450114202,-0.07243834965777343,0.040525348096642134,-0.06528828170044015,0.06493380821910255
Transolver,C,2,C-k2,log_nk,all,1600,400,321,9.543378146148761,10.04676504723975,9.845505281566203,0.15612627542321453,0.5693486039713022,0.5455546677112575,0.17500533749838743,ok,-5.2507886692145345,0.5911466305424665,0.017430931520466448,0.5568786864730552,0.6254145746118779,1.369929015032803e-119,0.5273754673706955,0.27812488358472576,0.5273754673709479,3.079337884002902e-115,0.5921590318250317,4.971666606302297e-152
Transolver,C,2,C-k2,log_nk,iid,800,200,133,9.543378146148761,9.974085801381666,9.729188565011398,0.144710143517777,0.49523106362670616,0.47029644250869707,0.15314706837927008,ok,-4.664941065256206,0.5303805239668703,0.026465003569116297,0.4781926869851678,0.5825683609485728,1.2660130905406662e-49,0.5011616778207202,0.2511630273143708,0.5011616778190157,4.2632931724571e-52,0.5610013351055174,1.627000338919965e-67
Transolver,C,2,C-k2,log_nk,ood,800,200,188,9.879041159631202,10.04676504723975,9.961821998121007,0.027336534899447144,0.6434661443158981,0.6134695708751676,0.1638214667433003,ok,-5.574118487042102,0.6241413099463486,0.17892418211325167,0.2713105981036515,0.9769720217890459,0.0005983105917170168,0.10414911452520481,0.010847038056954417,0.10414911452794294,0.0031859822189437125,0.1590728129093768,6.1536348528684295e-06
Transolver,C,2,C-k2,beta_k,all,1600,400,4,0.0,3.0,2.0025,1.1525293716301959,0.5693486039713022,0.5455546677112575,0.17500533749838743,ok,0.41284345752129487,0.07815487962547196,0.0026337057907729684,0.07297720552196668,0.08333255372897724,5.185147096862199e-103,0.5147031261569882,0.264919308075776,0.5147031261569879,6.158207951363149e-109,0.5827640580887211,3.5692810662381915e-146
Transolver,C,2,C-k2,beta_k,iid,800,200,3,0.0,2.0,1.005,0.8159701336898565,0.49523106362670616,0.47029644250869707,0.15314706837927008,ok,0.4051014885906905,0.08968116919006536,0.0050941198351147155,0.07963578624402025,0.09972655213611047,1.9127469051845424e-42,0.47782276466602935,0.228314594433088,0.4778227646660296,7.217623523402423e-47,0.5260296702115489,3.933000221473445e-58
Transolver,C,2,C-k2,beta_k,ood,800,200,1,3.0,3.0,3.0,0.0,0.6434661443158981,0.6134695708751676,0.1638214667433003,constant_predictor,,,,,,,,,,,,
Transolver,C,2,C-k2,beta_total,all,1600,400,4,0.0,3.0,2.0025,1.1525293716301959,0.5693486039713022,0.5455546677112575,0.17500533749838743,ok,0.41284345752129487,0.07815487962547196,0.0026337057907729684,0.07297720552196668,0.08333255372897724,5.185147096862199e-103,0.5147031261569882,0.264919308075776,0.5147031261569879,6.158207951363149e-109,0.5827640580887211,3.5692810662381915e-146
Transolver,C,2,C-k2,beta_total,iid,800,200,3,0.0,2.0,1.005,0.8159701336898565,0.49523106362670616,0.47029644250869707,0.15314706837927008,ok,0.4051014885906905,0.08968116919006536,0.0050941198351147155,0.07963578624402025,0.09972655213611047,1.9127469051845424e-42,0.47782276466602935,0.228314594433088,0.4778227646660296,7.217623523402423e-47,0.5260296702115489,3.933000221473445e-58
Transolver,C,2,C-k2,beta_total,ood,800,200,1,3.0,3.0,3.0,0.0,0.6434661443158981,0.6134695708751676,0.1638214667433003,constant_predictor,,,,,,,,,,,,
Transolver,C,2,C-k2,rho_H,all,1600,400,4,0.0,0.5,0.19715278002433478,0.19777344145938522,0.5693486039713022,0.5455546677112575,0.17500533749838743,ok,0.6038322175666853,-0.17490807682816617,0.026520776145167766,-0.22704599456095692,-0.1227701590953754,1.3511558388442762e-10,-0.19766352722623515,0.03907086999551668,-0.19766352722623526,1.4727053587425311e-15,-0.07308867724396333,0.003442624610150631
Transolver,C,2,C-k2,rho_H,iid,800,200,4,0.0,0.5,0.15819444624707102,0.19384400954744815,0.49523106362670616,0.47029644250869707,0.15314706837927008,ok,0.5088176966558642,-0.0858856511810675,0.027558257125464825,-0.14022933666773538,-0.03154196569439962,0.0021007387553187607,-0.10870870179703142,0.011817581846396141,-0.10870870179703097,0.002076493131104471,0.06632562334144565,0.060778464126334836
Transolver,C,2,C-k2,rho_H,ood,800,200,4,0.0,0.5,0.23611111380159855,0.19406911061920515,0.6434661443158981,0.6134695708751676,0.1638214667433003,ok,0.7453161485385842,-0.4313647188512669,0.027355188026387135,-0.48530796089907374,-0.3774214768034601,6.986122038565743e-37,-0.5110109743501761,0.2611322159063154,-0.5110109743501753,1.990560002994349e-54,-0.5411723857566538,4.644850738176008e-62
Transolver,C,2,C-k2,log_lambda1_positive,all,1600,400,344,2.507009414956816,2.6964556261107866,2.6250755100023775,0.038772774080661244,0.5693486039713022,0.5455546677112575,0.17500533749838743,ok,5.97838761582444,-2.060527017696426,0.11746407420246964,-2.2914528474611284,-1.8296011879317238,1.779825326712269e-51,-0.4565137823009448,0.20840483343318505,-0.4565137823036505,3.496300507815985e-83,-0.5112552524471738,2.872126056383203e-107
Transolver,C,2,C-k2,log_lambda1_positive,iid,800,200,144,2.5380297231594233,2.6964556261107866,2.6486227334733856,0.032277579501732996,0.49523106362670616,0.47029644250869707,0.15314706837927008,ok,6.117874132183868,-2.122855398580499,0.15384695382550403,-2.4262349059895363,-1.8194758911714621,7.884581256633266e-31,-0.447417208984198,0.2001821589013174,-0.4474172089910236,1.234215896653908e-40,-0.49385849774815077,2.0394651322621868e-50
Transolver,C,2,C-k2,log_lambda1_positive,ood,800,200,200,2.507009414956816,2.675911259516468,2.6015282865313702,0.029263697863029327,0.6434661443158981,0.6134695708751676,0.1638214667433003,ok,2.13992260607961,-0.5752220606295869,0.20551212124038618,-0.9804830330321415,-0.16996108822703232,0.005631068133830763,-0.10275286213124923,0.01055815067630983,-0.10275286213196033,0.0036206568041144433,-0.09635931102871617,0.0063808407833438425
Transolver,C,2,C-k2,initial_rayleigh_quotient,all,1600,400,1600,9.48354991510157,35.86134226126692,19.505883276152996,5.252073034994045,0.5693486039713022,0.5455546677112575,0.17500533749838743,ok,0.24785122328093884,0.016482072415731703,0.000732818082869226,0.015041405343674734,0.01792273948778867,6.061875706980232e-73,0.49464233110193734,0.24467103571795745,0.4946423311019362,1.7208116577780492e-99,0.5001127549268575,5.272022605903063e-102
Transolver,C,2,C-k2,initial_rayleigh_quotient,iid,800,200,800,9.48354991510157,34.49063293614603,19.227714655567596,4.827716345157303,0.49523106362670616,0.47029644250869707,0.15314706837927008,ok,0.23097267925018605,0.013743618995302805,0.0009637334858291056,0.011843178441009818,0.01564405954959579,2.9758454920487915e-32,0.43324560350656305,0.18770175295776592,0.4332456035065628,6.141024581710964e-38,0.41556749307420804,9.504103126943383e-35
Transolver,C,2,C-k2,initial_rayleigh_quotient,ood,800,200,800,9.901133582941487,35.86134226126692,19.784051896738394,5.633939249257863,0.6434661443158981,0.6134695708751676,0.1638214667433003,ok,0.3017439497383997,0.017272609087415288,0.0009685713678042935,0.015362628440101023,0.01918258973472955,3.96427181559682e-43,0.5940175741873998,0.3528568784434819,0.594017574187399,1.8414023962005046e-77,0.7002864301350473,6.153669590165135e-119
Transolver,C,2,C-k2,target_norm_retention,all,1600,400,1600,0.0773368681080183,0.7198841721577247,0.4061981572020235,0.22695665927430905,0.5693486039713022,0.5455546677112575,0.17500533749838743,ok,0.6106814609945266,-0.10175540260432014,0.02464043265544069,-0.15019670174494945,-0.05331410346369083,4.428086593939221e-05,-0.13196206794779403,0.01741398737705868,-0.1319620679477955,1.1737339540324092e-07,-0.11282071594559218,6.075306663520055e-06
Transolver,C,2,C-k2,target_norm_retention,iid,800,200,800,0.09155195335285603,0.7189064561223293,0.3557980907758454,0.22750362758856643,0.49523106362670616,0.47029644250869707,0.15314706837927008,ok,0.5050871351444042,-0.027701305243673258,0.023943813293367373,-0.07491746456181471,0.019514854074468194,0.24868800930458623,-0.041150950511612265,0.0016934007280093866,-0.04115095051161367,0.24499297313726856,-0.03206008915638931,0.36514169385286555
Transolver,C,2,C-k2,target_norm_retention,ood,800,200,800,0.0773368681080183,0.7198841721577247,0.45659822362820157,0.21503145187685396,0.6434661443158981,0.6134695708751676,0.1638214667433003,ok,0.8067556872195789,-0.3576219408086097,0.02760857358708432,-0.4120648481710516,-0.3031790334461678,3.132344839711253e-28,-0.46941323798298,0.2203487879936692,-0.4694132379829835,4.421708739226495e-45,-0.564922609254077,1.2256198773843288e-68
Transolver,D,0,D-k0,log_nk,all,1600,400,245,7.383989457978509,8.154500175151941,7.958374634959847,0.23199193460850195,0.037921552995685004,0.0274842809885735,0.027586717003428504,ok,-0.08567902035195425,0.015530881494907278,0.003203833851639713,0.009232377074373667,0.02182938591544089,1.793240968346005e-06,0.130607757484558,0.01705838631513057,0.13060775748450218,1.58244768631063e-07,0.2189748199410814,8.009662254345028e-19
Transolver,D,0,D-k0,log_nk,iid,800,200,173,7.383989457978509,8.101374671228582,7.775637599393222,0.20201615090200456,0.03558190516428973,0.026298237033188003,0.027094287570538396,ok,-0.11986021150243999,0.019990915816198156,0.004958761904883178,0.010212452826489178,0.029769378805907132,7.892429062603287e-05,0.14905311149741024,0.022216830046988267,0.149053111497172,2.3066235004590893e-05,0.3175321201170741,3.371545564649414e-20
Transolver,D,0,D-k0,log_nk,ood,800,200,72,8.127699852817772,8.154500175151941,8.141111670526472,0.005302345153874631,0.040261200827080276,0.0289450436830515,0.02789165393856667,ok,-0.1936102061007738,0.02872720783146324,0.16368516159455648,-0.2940528177714421,0.3515072334343686,0.8608630035166237,0.005461188195042411,2.982457635480884e-05,0.0054611881815982075,0.8774320536997408,-0.03625931483055299,0.3056928761721259
Transolver,D,0,D-k0,beta_k,all,1600,400,1,1.0,1.0,1.0,0.0,0.037921552995685004,0.0274842809885735,0.027586717003428504,constant_predictor,,,,,,,,,,,,
Transolver,D,0,D-k0,beta_k,iid,800,200,1,1.0,1.0,1.0,0.0,0.03558190516428973,0.026298237033188003,0.027094287570538396,constant_predictor,,,,,,,,,,,,
Transolver,D,0,D-k0,beta_k,ood,800,200,1,1.0,1.0,1.0,0.0,0.040261200827080276,0.0289450436830515,0.02789165393856667,constant_predictor,,,,,,,,,,,,
Transolver,D,0,D-k0,beta_total,all,1600,400,6,0.0,6.0,3.995,2.165157024464477,0.037921552995685004,0.0274842809885735,0.027586717003428504,ok,0.03243676865674934,0.0013729122250151862,0.00033993401911293196,0.0007046266580290072,0.0020411977920013653,6.445516137967535e-05,0.10775368984991404,0.011610857676271347,0.10775368984991417,1.564821052360564e-05,0.22219621021735866,2.393581475875316e-19
Transolver,D,0,D-k0,beta_total,iid,800,200,5,0.0,4.0,1.99,1.1539343376334121,0.03558190516428973,0.026298237033188003,0.027094287570538396,ok,0.030371407467633463,0.002618340551083551,0.0008741167323600878,0.0008946203402681789,0.004342060761898923,0.0030889614396478137,0.11151402529582224,0.01243537783767723,0.11151402529582238,0.0015830121877446015,0.24740863929647366,1.2707175546491808e-12
Transolver,D,0,D-k0,beta_total,ood,800,200,1,6.0,6.0,6.0,0.0,0.040261200827080276,0.0289450436830515,0.02789165393856667,constant_predictor,,,,,,,,,,,,
Transolver,D,0,D-k0,rho_H,all,1600,400,1,0.0,0.0,0.0,0.0,0.037921552995685004,0.0274842809885735,0.027586717003428504,constant_predictor,,,,,,,,,,,,
Transolver,D,0,D-k0,rho_H,iid,800,200,1,0.0,0.0,0.0,0.0,0.03558190516428973,0.026298237033188003,0.027094287570538396,constant_predictor,,,,,,,,,,,,
Transolver,D,0,D-k0,rho_H,ood,800,200,1,0.0,0.0,0.0,0.0,0.040261200827080276,0.0289450436830515,0.02789165393856667,constant_predictor,,,,,,,,,,,,
Transolver,D,0,D-k0,log_lambda1_positive,all,1600,400,379,0.5033968243114202,0.7686805951110842,0.6677806442096653,0.03520496700715221,0.037921552995685004,0.0274842809885735,0.027586717003428504,ok,0.07975149008041041,-0.06264023590296337,0.01972190463111659,-0.10141206654482249,-0.02386840526110425,0.0016083011665782286,-0.07993874146060899,0.006390202386305943,-0.07993874146060813,0.001373451490308113,-0.1793215567758134,4.97781683866377e-13
Transolver,D,0,D-k0,log_lambda1_positive,iid,800,200,179,0.5033968243114202,0.7686805951110842,0.6835510801736885,0.04404126412379503,0.03558190516428973,0.026298237033188003,0.027094287570538396,ok,0.06848939233415312,-0.04814195767418134,0.02048264105204276,-0.08853283574026838,-0.007751079608094312,0.019733147872030052,-0.07825386321176668,0.00612366710757184,-0.07825386321180441,0.02687783603948615,-0.20004191473532792,1.1500270866448412e-08
Transolver,D,0,D-k0,log_lambda1_positive,ood,800,200,200,0.6335723799667812,0.6723225601100697,0.6520102082456419,0.0065315992396273274,0.040261200827080276,0.0289450436830515,0.02789165393856667,ok,-0.1415501031812806,0.27884732740239054,0.14978939225557608,-0.016530844915132348,0.5742254997199134,0.06413461146959684,0.06529978450346292,0.00426406185625039,0.06529978450385747,0.06488647958561457,0.05165646731600356,0.14435724529261984
Transolver,D,0,D-k0,initial_rayleigh_quotient,all,1600,400,1600,1.8019885967744893,10.283227253396591,3.7975272601485863,1.955888692457057,0.037921552995685004,0.0274842809885735,0.027586717003428504,ok,-0.008434443210210429,0.012206889649577304,0.0003324855824193024,0.01155324716759907,0.012860532131555538,5.220930828987798e-130,0.8654642534199372,0.7490283739477304,0.8654642534199377,0.0,0.816145443806814,0.0
Transolver,D,0,D-k0,initial_rayleigh_quotient,iid,800,200,800,1.8019885967744893,10.283227253396591,3.8331394688740534,1.939721806529613,0.03558190516428973,0.026298237033188003,0.027094287570538396,ok,-0.010231517027923,0.011951931977489451,0.00047869428742112596,0.011007967644714562,0.01289589631026434,3.1411235234916773e-63,0.8556572313089318,0.7321492974912674,0.8556572313089321,1.7681840580714473e-230,0.8033752396488121,7.68396882641179e-182
Transolver,D,0,D-k0,initial_rayleigh_quotient,ood,800,200,800,1.9242826846127261,9.211651013740937,3.761915051423119,1.9724930152021374,0.040261200827080276,0.0289450436830515,0.02789165393856667,ok,-0.006778904045578418,0.012504297473400846,0.00045786836668833643,0.011601400951305,0.013407193995496692,3.098418232291599e-69,0.8843017872162944,0.7819896508739335,0.8843017872162949,3.600956635652613e-266,0.8926077775121525,2.543023273645494e-278
Transolver,D,0,D-k0,target_norm_retention,all,1600,400,1600,0.38950793534688544,0.8409387136167635,0.72541767488412,0.1120238395661907,0.037921552995685004,0.0274842809885735,0.027586717003428504,ok,0.19123945340694026,-0.21135120595972043,0.005993991820588153,-0.22313495809134073,-0.19956745382810012,1.1814262253470134e-124,-0.8582526723136402,0.7365976495335247,-0.8582526723136519,0.0,-0.7940512408403285,0.0
Transolver,D,0,D-k0,target_norm_retention,iid,800,200,800,0.38950793534688544,0.8409387136167635,0.7231668320609083,0.11045632381727896,0.03558190516428973,0.026298237033188003,0.027094287570538396,ok,0.18533866754856415,-0.20708466669785153,0.008642836731191757,-0.22412796515080416,-0.1900413682448989,1.4879709900573796e-60,-0.8442300223920095,0.7127243307080298,-0.8442300223920196,2.428636052447305e-218,-0.779048576638401,5.7312136436610864e-164
Transolver,D,0,D-k0,target_norm_retention,ood,800,200,800,0.4155558489615949,0.8260093580251746,0.7276685177073319,0.11359420245477028,0.040261200827080276,0.0289450436830515,0.02789165393856667,ok,0.1977059000059297,-0.21636871095497046,0.008267950368328282,-0.2326727497913246,-0.2000646721186163,2.3884856132027997e-66,-0.8812037898947073,0.7765201193248272,-0.8812037898947251,7.107289342418265e-262,-0.8850731016767214,2.936814525447223e-267
Transolver,D,1,D-k1,log_nk,all,1600,400,343,9.111403624116159,9.921327470664458,9.718085351035178,0.23976327767915767,0.3765958338696505,0.37136082351207655,0.07060294398914908,ok,-0.23143125362865571,0.06256655148985263,0.005631655029730143,0.05149512714569643,0.07363797583400883,3.6218878647572584e-25,0.2124721804885979,0.0451444274815207,0.2124721804884597,8.65825915386199e-18,0.19689656907483588,1.9011331447771255e-15
Transolver,D,1,D-k1,log_nk,iid,800,200,177,9.111403624116159,9.865214390314636,9.530356928753216,0.21078321113054613,0.36546725535765245,0.35844574868679,0.07130057146985136,ok,-0.28166275737266366,0.06790197025861523,0.009963418796481835,0.04825454135979545,0.08754939915743501,1.096295276358162e-10,0.2007360535567892,0.040294963197549105,0.20073605355677684,1.0210860651862729e-08,0.19697229498342061,1.9359411694320696e-08
Transolver,D,1,D-k1,log_nk,ood,800,200,166,9.888221618865694,9.921327470664458,9.905813773317142,0.006565690274090844,0.38772441238164856,0.38326723873615204,0.06814703336156329,ok,0.945737904002588,-0.05633191824573852,0.27236765938280166,-0.5934291066075443,0.48076527011606734,0.8363594987565452,-0.005427351852348359,2.9456147898176965e-05,-0.005427351831064561,0.878185523083353,0.004563764117514309,0.897451354954253
Transolver,D,1,D-k1,beta_k,all,1600,400,4,0.0,3.0,1.9975,1.1568622244584645,0.3765958338696505,0.37136082351207655,0.07060294398914908,ok,0.34950907014365334,0.013560332278346514,0.001176960949283559,0.011246512621917098,0.01587415193477593,1.0367398867992472e-26,0.22219238005620356,0.04936945375503954,0.2221923800562018,2.3970484927927227e-19,0.21614115995651212,2.281550428797472e-18
Transolver,D,1,D-k1,beta_k,iid,800,200,3,0.0,2.0,0.995,0.8159701336898565,0.36546725535765245,0.35844574868679,0.07130057146985136,ok,0.3445775755550318,0.020994653067960445,0.0026068551977926715,0.015854047900762634,0.026135258235158255,7.232982830711291e-14,0.24026469237879103,0.05772712240387523,0.2402646923787914,5.7300977931879996e-12,0.23356391466800863,2.2534707468416295e-11
Transolver,D,1,D-k1,beta_k,ood,800,200,1,3.0,3.0,3.0,0.0,0.38772441238164856,0.38326723873615204,0.06814703336156329,constant_predictor,,,,,,,,,,,,
Transolver,D,1,D-k1,beta_total,all,1600,400,6,0.0,6.0,3.995,2.165157024464477,0.3765958338696505,0.37136082351207655,0.07060294398914908,ok,0.35284490036195126,0.0059451648329660566,0.0006767249709895138,0.004614772740666554,0.007275556925265559,4.6738846280849214e-17,0.18231839456544413,0.03323999699692104,0.18231839456544424,2.001287017756997e-13,0.18676442839471719,5.0316191057582723e-14
Transolver,D,1,D-k1,beta_total,iid,800,200,5,0.0,4.0,1.99,1.1539343376334121,0.36546725535765245,0.35844574868679,0.07130057146985136,ok,0.34888721790134697,0.00833167711372133,0.0019381317788804626,0.004509765468740281,0.012153588758702379,2.6868199909466284e-05,0.13484055055102526,0.018181974072903673,0.134840550551026,0.0001305670972120598,0.12198101555194121,0.0005448703756542986
Transolver,D,1,D-k1,beta_total,ood,800,200,1,6.0,6.0,6.0,0.0,0.38772441238164856,0.38326723873615204,0.06814703336156329,constant_predictor,,,,,,,,,,,,
Transolver,D,1,D-k1,rho_H,all,1600,400,4,0.0,0.5,0.1965625022398308,0.19777088866174766,0.3765958338696505,0.37136082351207655,0.07060294398914908,ok,0.3962266007568218,-0.09987035504472447,0.009136626035324929,-0.11783229756019047,-0.08190841252925847,1.663877301321282e-24,-0.27975389908946285,0.07826224405575721,-0.2797538990894626,3.7278800495040914e-30,-0.19253227412303778,7.96985563228903e-15
Transolver,D,1,D-k1,rho_H,iid,800,200,4,0.0,0.5,0.15701389067806304,0.19359928066917223,0.36546725535765245,0.35844574868679,0.07130057146985136,ok,0.37834922729780907,-0.08204351783479766,0.012501905213563369,-0.10669673163626957,-0.05739030403332575,4.4857547874879424e-10,-0.22276912665561757,0.049626083790906494,-0.22276912665561735,1.8750710278558062e-10,-0.11277913755005521,0.001397888656109886
Transolver,D,1,D-k1,rho_H,ood,800,200,4,0.0,0.5,0.23611111380159855,0.19406911061920515,0.38772441238164856,0.38326723873615204,0.06814703336156329,ok,0.4229798610416813,-0.14931719262337406,0.010168914368018528,-0.1693698498592999,-0.12926453538744823,1.488073342399153e-33,-0.42522547707731934,0.1808167063556324,-0.42522547707731767,1.8147267548739554e-36,-0.3877972841933125,4.154089188491567e-30
Transolver,D,1,D-k1,log_lambda1_positive,all,1600,400,384,0.5033968243114326,0.7686805951189433,0.6678219969077439,0.035195855103344914,0.3765958338696505,0.37136082351207655,0.07060294398914908,ok,0.5734485471021604,-0.29476823785980183,0.05554099760964598,-0.4039578011032773,-0.18557867461632638,1.850841794033467e-07,-0.14694316699281496,0.021592294325878503,-0.14694316699281534,3.521879576612109e-09,-0.1591681429420447,1.5274546070656127e-10
Transolver,D,1,D-k1,log_lambda1_positive,iid,800,200,184,0.5033968243114326,0.7686805951189433,0.6835510801736869,0.044041264123835105,0.36546725535765245,0.35844574868679,0.07130057146985136,ok,0.49240484753423674,-0.18570315497756723,0.05891724112436531,-0.301885394181879,-0.06952091577325548,0.0018725848635920642,-0.11470597680208988,0.013157461114130964,-0.11470597680213063,0.0011539081891279754,-0.13536062634948817,0.00012289512568613406
Transolver,D,1,D-k1,log_lambda1_positive,ood,800,200,200,0.6339451296162183,0.6729966261551327,0.6520929136418009,0.0066322285464830485,0.38772441238164856,0.38326723873615204,0.06814703336156329,ok,0.6845991640235443,-0.45526449595012664,0.2724583634150175,-0.9925405487218503,0.082011556821597,0.09630330145643841,-0.04430740469978664,0.001963146111219949,-0.044307404699664765,0.21062163831318018,-0.033408068703206444,0.3453184738476439
Transolver,D,1,D-k1,initial_rayleigh_quotient,all,1600,400,1600,3.997080762354902,17.84090746994571,9.3765935816095,2.6992134021253795,0.3765958338696505,0.37136082351207655,0.07060294398914908,ok,0.27561018899429635,0.01076997141834311,0.0006894703240431939,0.009414522888579229,0.01212541994810699,2.918939685639902e-43,0.4117455951605477,0.1695344351341117,0.4117455951605454,1.6676960198827722e-66,0.39081804231173534,1.5576770692052354e-59
Transolver,D,1,D-k1,initial_rayleigh_quotient,iid,800,200,800,3.997080762354902,17.84090746994571,9.8594969574826,2.718919016389789,0.36546725535765245,0.35844574868679,0.07130057146985136,ok,0.2704997187976964,0.00963208741475232,0.0008827144600311104,0.0078914128585904,0.01137276197091424,4.974337306463321e-22,0.36730232450622796,0.13491099758767733,0.3673023245062266,5.883292237467043e-27,0.33766248072262617,8.73241156493335e-23
Transolver,D,1,D-k1,initial_rayleigh_quotient,ood,800,200,800,4.260069852411767,15.411035247786048,8.893690205736402,2.592514010093532,0.38772441238164856,0.38326723873615204,0.06814703336156329,ok,0.2599136272253074,0.01437095088761961,0.0008238094154124339,0.012746434519682793,0.015995467255556426,5.794170978255855e-42,0.5467133296448644,0.2988954648113732,0.5467133296448634,1.510450441460262e-63,0.5436549197733123,1.0087625146900285e-62
Transolver,D,1,D-k1,target_norm_retention,all,1600,400,1600,0.30027767833331487,0.8274266228513649,0.6072654148590875,0.13868439175686645,0.3765958338696505,0.37136082351207655,0.07060294398914908,ok,0.46576856271715605,-0.1468430881547843,0.015202004728562755,-0.17672912420338305,-0.11695705210618558,5.638684169693162e-20,-0.28844185828251073,0.08319870560947185,-0.28844185828251756,4.954309920923891e-32,-0.3021574959599594,3.940171188825983e-35
Transolver,D,1,D-k1,target_norm_retention,iid,800,200,800,0.30027767833331487,0.8241541822897855,0.5783332703028572,0.14074157448720284,0.36546725535765245,0.35844574868679,0.07130057146985136,ok,0.43299195775910604,-0.11675742321740143,0.019261711484045724,-0.15474068123180912,-0.07877416520299374,6.648703101434484e-09,-0.23046973169961363,0.0531162972296908,-0.2304697316996111,4.181746862580924e-11,-0.21989905452977274,3.2351002307489533e-10
Transolver,D,1,D-k1,target_norm_retention,ood,800,200,800,0.33141727297098145,0.8274266228513649,0.6361975594153177,0.13040846892115593,0.38772441238164856,0.38326723873615204,0.06814703336156329,ok,0.5367673417714407,-0.23427145732335852,0.019095849086106852,-0.27192764189670576,-0.19661527275001128,3.9259937274994453e-26,-0.44830978774049846,0.20098166578393473,-0.4483097877405027,8.264819412955727e-41,-0.4967096276712933,4.555874970182228e-51
Transolver,D,2,D-k2,log_nk,all,1600,400,357,9.543378146148761,10.367284459872343,10.162239385949931,0.24169667372647527,0.6108847112674263,0.594301044940948,0.1782610693597005,ok,-2.215869323437456,0.2781625119570783,0.011678542201887068,0.2552033470658254,0.3011216768483312,1.2008448970486766e-78,0.3771488308519349,0.1422412406129393,0.3771488308518791,3.0249171744542566e-55,0.3398097565243295,1.5483566552068042e-44
Transolver,D,2,D-k2,log_nk,iid,800,200,179,9.543378146148761,10.31088412749404,9.973818858330237,0.21391859473400596,0.5671884295530613,0.5414845943450926,0.17300407209687355,ok,-2.9313178087793377,0.35076897706142984,0.018973169220209366,0.3133547118524868,0.3881832422703729,4.4635388298197686e-45,0.43372393343001464,0.188116450430298,0.433723933430354,5.003569170607333e-38,0.4817776255287654,1.0012810015827184e-47
Transolver,D,2,D-k2,log_nk,ood,800,200,178,10.330909827996335,10.367284459872343,10.350659913569626,0.0072838673246226554,0.6545809929817912,0.6631144285202021,0.17274220750315425,ok,4.444440709618726,-0.3661466755105125,0.4528177630573429,-1.2590836267238117,0.5267902757027867,0.4197131343908541,-0.015438981846527217,0.00023836215983130682,-0.015438981826248638,0.6628196554830776,-0.022378201744110825,0.5273603615641704
Transolver,D,2,D-k2,beta_k,all,1600,400,4,0.0,3.0,1.9975,1.1568622244584645,0.6108847112674263,0.594301044940948,0.1782610693597005,ok,0.5108884502353036,0.050060706399060115,0.003628721250600673,0.04292690424321636,0.05719450855490387,1.1304627941902009e-35,0.32487934898404264,0.10554659139629463,0.32487934898404186,1.2042371600050448e-40,0.33472084957746445,3.470303362897046e-43
Transolver,D,2,D-k2,beta_k,iid,800,200,3,0.0,2.0,0.995,0.8159701336898565,0.5671884295530613,0.5414845943450926,0.17300407209687355,ok,0.4979088093774952,0.06962775897041815,0.00811926916251418,0.05361691301087601,0.08563860492996028,2.7613978775145524e-15,0.32839788744281195,0.10784517247690206,0.3283978874428125,1.4311108462137025e-21,0.34390662166495367,1.2559416788328082e-23
Transolver,D,2,D-k2,beta_k,ood,800,200,1,3.0,3.0,3.0,0.0,0.6545809929817912,0.6631144285202021,0.17274220750315425,constant_predictor,,,,,,,,,,,,
Transolver,D,2,D-k2,beta_total,all,1600,400,6,0.0,6.0,3.995,2.165157024464477,0.6108847112674263,0.594301044940948,0.1782610693597005,ok,0.49936864579032086,0.02791390875522036,0.0016894498237595276,0.024592573231602903,0.031235244278837816,4.266869966533709e-47,0.3390420344650364,0.114949501134191,0.3390420344650367,2.4844927438055217e-44,0.36616231548536415,6.0461691685058275e-52
Transolver,D,2,D-k2,beta_total,iid,800,200,5,0.0,4.0,1.99,1.1539343376334121,0.5671884295530613,0.5414845943450926,0.17300407209687355,ok,0.4380085055466817,0.06491453467657264,0.004103804828721409,0.05682200988825319,0.0730070594648921,4.945130962869322e-37,0.43297888695271763,0.18747071654681446,0.432978886952718,6.883092978567307e-38,0.4712877933683373,1.784457098473928e-45
Transolver,D,2,D-k2,beta_total,ood,800,200,1,6.0,6.0,6.0,0.0,0.6545809929817912,0.6631144285202021,0.17274220750315425,constant_predictor,,,,,,,,,,,,
Transolver,D,2,D-k2,rho_H,all,1600,400,4,0.0,0.5,0.1965625022398308,0.19777088866174766,0.6108847112674263,0.594301044940948,0.1782610693597005,ok,0.6812551622729479,-0.3580054700344695,0.02637866221108829,-0.4098640021051227,-0.30614693796381626,9.196691185821833e-35,-0.39718745213861123,0.1577578721363615,-0.3971874521386111,1.329787875144488e-61,-0.32266209022721726,4.367247222134069e-40
Transolver,D,2,D-k2,rho_H,iid,800,200,4,0.0,0.5,0.15701389067806304,0.19359928066917223,0.5671884295530613,0.5414845943450926,0.17300407209687355,ok,0.5961636007665083,-0.18453890345827278,0.0332825128921191,-0.2501705725649519,-0.11890723435159367,9.289856190839444e-08,-0.20650727195019053,0.04264525336830993,-0.20650727195019059,3.7369655000970824e-09,-0.07084228500034381,0.045165858553501824
Transolver,D,2,D-k2,rho_H,ood,800,200,4,0.0,0.5,0.23611111380159855,0.19406911061920515,0.6545809929817912,0.6631144285202021,0.17274220750315425,ok,0.8085935936284356,-0.6522886541294263,0.021887801676063075,-0.6954504478837717,-0.6091268603750808,2.6385024586968324e-75,-0.7328207784515233,0.5370262933302952,-0.7328207784515223,1.387754217231652e-135,-0.757328596409778,7.760241286553763e-150
Transolver,D,2,D-k2,log_lambda1_positive,all,1600,400,385,2.266242713506224,2.685133355534697,2.3980652561087026,0.12108473168180206,0.6108847112674263,0.594301044940948,0.1782610693597005,ok,1.7338015211489377,-0.4682594883608989,0.02996641136963246,-0.5271712744332511,-0.4093477022885468,2.766809605148103e-43,-0.3180676224444064,0.10116701244742266,-0.3180676224443834,6.091278897280426e-39,-0.2946211829187806,2.087094881231578e-33
Transolver,D,2,D-k2,log_lambda1_positive,iid,800,200,185,2.288142934549517,2.685133355534697,2.4780375687199285,0.1274107355819357,0.5671884295530613,0.5414845943450926,0.17300407209687355,ok,1.5850503391058504,-0.41075321956421024,0.049215973677043515,-0.5078049809382621,-0.3137014581901583,1.1753599906323704e-14,-0.3025036879942326,0.09150848125005773,-0.30250368799414307,2.1620698611581128e-18,-0.33232719562339574,4.422074969210732e-22
Transolver,D,2,D-k2,log_lambda1_positive,ood,800,200,200,2.266242713506224,2.3546645827932653,2.318092943497476,0.01734151873572787,0.6545809929817912,0.6631144285202021,0.17274220750315425,ok,1.2225551873895302,-0.2450178695379497,0.22922762699674948,-0.6970447887169491,0.20700904964104969,0.2864165428312758,-0.024597242541912614,0.0006050243406690026,-0.024597242541980154,0.4872230475816002,-0.019476914929113798,0.5822637226756637
Transolver,D,2,D-k2,initial_rayleigh_quotient,all,1600,400,1600,9.234775758008858,42.241847033780694,22.03469820024163,6.042655510112891,0.6108847112674263,0.594301044940948,0.1782610693597005,ok,0.18602615016153085,0.019281342419350013,0.0007128818709369955,0.017879868490507878,0.02068281634819215,2.8740590352227746e-92,0.6535948114254851,0.4271861775223138,0.6535948114254839,1.3714813009576395e-195,0.6901446065017994,1.0188304944266275e-226
Transolver,D,2,D-k2,initial_rayleigh_quotient,iid,800,200,800,9.234775758008858,41.04377920357768,21.05494116338114,5.543905176901834,0.5671884295530613,0.5414845943450926,0.17300407209687355,ok,0.19708204836883608,0.017578124693500223,0.0011812027401647842,0.01524884421994696,0.019907405167053485,3.668511072633312e-34,0.5632899579031525,0.3172955766745341,0.5632899579031515,3.6121368099249916e-68,0.5581258876966996,1.0602746053078441e-66
Transolver,D,2,D-k2,initial_rayleigh_quotient,ood,800,200,800,12.480546134269723,42.241847033780694,23.014455237102116,6.357352855762587,0.6545809929817912,0.6631144285202021,0.17274220750315425,ok,0.20873521875378248,0.01937242353272177,0.0008936625084722523,0.017610159900789582,0.021134687164653956,2.748525012563257e-54,0.7129544877822767,0.5083041016488841,0.7129544877822735,3.838440428267861e-125,0.7753277505121103,1.9557795743999032e-161
Transolver,D,2,D-k2,target_norm_retention,all,1600,400,1600,0.07543813228969622,0.7237137381537226,0.4041376744790584,0.2277965013568616,0.6108847112674263,0.594301044940948,0.1782610693597005,ok,0.7169262562610118,-0.2623896550359349,0.02481166801007322,-0.311167590434263,-0.21361171963760683,3.3051374998082497e-23,-0.33530285453864966,0.11242800426176791,-0.3353028545386513,2.4389264205101272e-43,-0.3590989918355437,6.865133663307591e-50
Transolver,D,2,D-k2,target_norm_retention,iid,800,200,800,0.07543813228969622,0.7237137381537226,0.3537813692771599,0.22753455679941395,0.5671884295530613,0.5414845943450926,0.17300407209687355,ok,0.6072836046565613,-0.11333320119547813,0.030156311550022328,-0.1728001371069683,-0.05386626528398798,0.00022483339879264747,-0.14905556494781458,0.022217561441911893,-0.14905556494781388,2.3059006372816118e-05,-0.13247912887363889,0.00017141960772305192
Transolver,D,2,D-k2,target_norm_retention,ood,800,200,800,0.08281154795539389,0.7229823170192002,0.45449397968095695,0.21678929975212613,0.6545809929817912,0.6631144285202021,0.17274220750315425,ok,0.9039589451814476,-0.548693631485973,0.021568696911747284,-0.5912261645120248,-0.5061610984599213,1.835935484746256e-64,-0.6886036126759768,0.4741749353904072,-0.6886036126759771,1.6900734907560166e-113,-0.771522010190641,6.796160579337758e-159
RIGNO,A,0,A-k0,log_nk,all,1600,400,221,7.731492029245684,7.903226808730733,7.836536796010969,0.029959236007328197,0.02614355730373541,0.018609484568239,0.017554961611340097,ok,0.1804792684180998,-0.01969437713769307,0.015474450133400194,-0.050116021044309914,0.010727266768923775,0.20386460174947926,-0.03361035505223382,0.0011296559667710593,-0.03361035505273512,0.17903146273547055,-0.03166966203270137,0.2054722618169852
RIGNO,A,0,A-k0,log_nk,iid,800,200,144,7.731492029245684,7.8868329989550565,7.823175250569664,0.030283035489778357,0.025779075573724865,0.018798399691868,0.01678134324518545,ok,0.391155462591266,-0.04670435920387132,0.020241464025167966,-0.08661964665348999,-0.006789071754252654,0.022063286373662304,-0.08428108207035019,0.007103300795212708,-0.08428108207191268,0.017109553801946998,-0.07929700623253653,0.024904313551393612
RIGNO,A,0,A-k0,log_nk,ood,800,200,134,7.767687277186908,7.903226808730733,7.849898341452274,0.02283996663231808,0.026508039033745955,0.018419885027974002,0.018299168008892867,ok,0.06107576100692791,-0.004403588488559804,0.02750202931346999,-0.058636395173395646,0.04982921819627604,0.8729500019293244,-0.005496305301546388,3.0209371961631426e-05,-0.005496305300975134,0.8766501813013505,0.0018640580267122705,0.9580178463471802
RIGNO,A,0,A-k0,beta_k,all,1600,400,1,1.0,1.0,1.0,0.0,0.02614355730373541,0.018609484568239,0.017554961611340097,constant_predictor,,,,,,,,,,,,
RIGNO,A,0,A-k0,beta_k,iid,800,200,1,1.0,1.0,1.0,0.0,0.025779075573724865,0.018798399691868,0.01678134324518545,constant_predictor,,,,,,,,,,,,
RIGNO,A,0,A-k0,beta_k,ood,800,200,1,1.0,1.0,1.0,0.0,0.026508039033745955,0.018419885027974002,0.018299168008892867,constant_predictor,,,,,,,,,,,,
RIGNO,A,0,A-k0,beta_total,all,1600,400,1,2.0,2.0,2.0,0.0,0.02614355730373541,0.018609484568239,0.017554961611340097,constant_predictor,,,,,,,,,,,,
RIGNO,A,0,A-k0,beta_total,iid,800,200,1,2.0,2.0,2.0,0.0,0.025779075573724865,0.018798399691868,0.01678134324518545,constant_predictor,,,,,,,,,,,,
RIGNO,A,0,A-k0,beta_total,ood,800,200,1,2.0,2.0,2.0,0.0,0.026508039033745955,0.018419885027974002,0.018299168008892867,constant_predictor,,,,,,,,,,,,
RIGNO,A,0,A-k0,rho_H,all,1600,400,1,0.0,0.0,0.0,0.0,0.02614355730373541,0.018609484568239,0.017554961611340097,constant_predictor,,,,,,,,,,,,
RIGNO,A,0,A-k0,rho_H,iid,800,200,1,0.0,0.0,0.0,0.0,0.025779075573724865,0.018798399691868,0.01678134324518545,constant_predictor,,,,,,,,,,,,
RIGNO,A,0,A-k0,rho_H,ood,800,200,1,0.0,0.0,0.0,0.0,0.026508039033745955,0.018419885027974002,0.018299168008892867,constant_predictor,,,,,,,,,,,,
RIGNO,A,0,A-k0,log_lambda1_positive,all,1600,400,400,0.5911348066758972,0.7538510155881601,0.684904804429579,0.034406063767318584,0.02614355730373541,0.018609484568239,0.017554961611340097,ok,0.011565553274903065,0.0212847156780775,0.014486782225184893,-0.007195244928473878,0.04976467628462888,0.14255278215336672,0.04171602884144823,0.0017402270623009253,0.04171602884145247,0.09530318786949007,0.059126352568221255,0.018016679096641917
RIGNO,A,0,A-k0,log_lambda1_positive,iid,800,200,200,0.5954494520463843,0.7538510155881601,0.6852804259716637,0.03580301041419787,0.025779075573724865,0.018798399691868,0.01678134324518545,ok,0.01204252930372094,0.020045146117412996,0.02087324035427791,-0.02111597679889589,0.06120626903372188,0.3380557902173026,0.0427663366817645,0.0018289595531782998,0.04276633668176576,0.2269410750747062,0.04424055632292647,0.21131147671785694
RIGNO,A,0,A-k0,log_lambda1_positive,ood,800,200,200,0.5911348066758972,0.7538033002606008,0.6845291828874942,0.03296813507681577,0.026508039033745955,0.018419885027974002,0.018299168008892867,ok,0.010760856796087091,0.02300439868937875,0.019949134925410325,-0.016334428478898308,0.06234322585765581,0.250230920111069,0.0414451696920754,0.0017177020908051288,0.04144516969207768,0.2416323041875058,0.07899929921486723,0.02545435082051823
RIGNO,A,0,A-k0,initial_rayleigh_quotient,all,1600,400,1600,1.9058051657219186,9.483124457550876,3.8709239840100538,1.9549361874885733,0.02614355730373541,0.018609484568239,0.017554961611340097,ok,-0.005488462875124566,0.008171697586810025,0.00016781985279363114,0.007841775957405614,0.008501619216214435,5.6632803358280555e-170,0.9100075340152489,0.8281137119645129,0.9100075340152481,0.0,0.9165256529397082,0.0
RIGNO,A,0,A-k0,initial_rayleigh_quotient,iid,800,200,800,1.9058051657219186,9.183459701111824,3.857903564960899,1.9311303017306383,0.025779075573724865,0.018798399691868,0.01678134324518545,ok,-0.004862920556229323,0.007942654764172358,0.0002304589459954861,0.007488199737435741,0.008397109790908974,7.774441347380402e-86,0.9140091509467814,0.8354127280144543,0.9140091509467803,6.789654055e-315,0.9132766144947103,1.72096886565e-313
RIGNO,A,0,A-k0,initial_rayleigh_quotient,ood,800,200,800,1.9086632860459276,9.483124457550876,3.8839444030592087,1.9795783549606447,0.026508039033745955,0.018419885027974002,0.018299168008892867,ok,-0.006070289632062152,0.008387949281701263,0.0002440657407034629,0.007906662247093995,0.008869236316308532,1.2567133530886242e-85,0.9073966003533139,0.8233685903327546,0.9073966003533156,1.1830281802316528e-302,0.920352945863978,0.0
RIGNO,A,0,A-k0,target_norm_retention,all,1600,400,1600,0.4143438152804424,0.8281922245454145,0.719969085278326,0.11255047190149724,0.02614355730373541,0.018609484568239,0.017554961611340097,ok,0.12755851746309924,-0.14086015946109498,0.00296678880414361,-0.14669265055239317,-0.1350276683697968,3.0658715547962745e-166,-0.9030995208343352,0.8155887445311988,-0.9030995208343313,0.0,-0.9084532269348544,0.0
RIGNO,A,0,A-k0,target_norm_retention,iid,800,200,800,0.424533116512869,0.8276397681899487,0.7209072654355037,0.11112600418005994,0.025779075573724865,0.018798399691868,0.01678134324518545,ok,0.12507431785035922,-0.13773649821194356,0.004015531995114396,-0.14565495280835222,-0.1298180436155349,1.7494002620654136e-85,-0.9120906742932253,0.8319093981326533,-0.912090674293216,3.0372768753736e-311,-0.9045249680077626,1.2740257404002078e-297
RIGNO,A,0,A-k0,target_norm_retention,ood,800,200,800,0.4143438152804424,0.8281922245454145,0.7190309051211483,0.11401894757919251,0.026508039033745955,0.018419885027974002,0.018299168008892867,ok,0.12990018710935697,-0.14379374702703565,0.004377502399589909,-0.1524259915313744,-0.1351615025226969,2.653999943391746e-82,-0.895953941541148,0.8027334653631144,-0.8959539415411457,1.6776305567311875e-283,-0.9131238486310136,3.3649966187e-313
RIGNO,A,1,A-k1,log_nk,all,1600,400,360,9.477998292597036,9.666498594399865,9.597116032256835,0.03324862117039561,0.2649104782949946,0.2604198887056225,0.058547993389363666,ok,5.394780847856051e-05,0.027597512585243154,0.031203281692141382,-0.03374587061564363,0.08894089578612994,0.3769899572212645,0.01567225771666959,0.00024561966193958895,0.015672257716729608,0.5310271369254697,0.007127774695688548,0.7757270510702352
RIGNO,A,1,A-k1,log_nk,iid,800,200,193,9.477998292597036,9.649498121050817,9.58308176490093,0.034175695693235884,0.2646019455914046,0.26167945173594304,0.05837512986847869,ok,-0.046481838340975135,0.032461768725572326,0.04270170124384368,-0.05174413049280775,0.1166676679439524,0.44803565794857647,0.019004729105166675,0.00036117972836979817,0.01900472910540551,0.591445228360741,0.01913261683015469,0.5889519413551687
RIGNO,A,1,A-k1,log_nk,ood,800,200,182,9.515395652485308,9.666498594399865,9.61115029961274,0.02549377714194966,0.2652190109985845,0.259164098484277,0.058755245269692724,ok,0.05125064262906741,0.022262514027588144,0.057498487474488484,-0.0911220046321713,0.13564703268734757,0.6990334994951471,0.00965965793579315,9.330899142900861e-05,0.00965965793539461,0.7850103867834487,-0.0027912767567356057,0.9371710746672413
RIGNO,A,1,A-k1,beta_k,all,1600,400,1,1.0,1.0,1.0,0.0,0.2649104782949946,0.2604198887056225,0.058547993389363666,constant_predictor,,,,,,,,,,,,
RIGNO,A,1,A-k1,beta_k,iid,800,200,1,1.0,1.0,1.0,0.0,0.2646019455914046,0.26167945173594304,0.05837512986847869,constant_predictor,,,,,,,,,,,,
RIGNO,A,1,A-k1,beta_k,ood,800,200,1,1.0,1.0,1.0,0.0,0.2652190109985845,0.259164098484277,0.058755245269692724,constant_predictor,,,,,,,,,,,,
RIGNO,A,1,A-k1,beta_total,all,1600,400,1,2.0,2.0,2.0,0.0,0.2649104782949946,0.2604198887056225,0.058547993389363666,constant_predictor,,,,,,,,,,,,
RIGNO,A,1,A-k1,beta_total,iid,800,200,1,2.0,2.0,2.0,0.0,0.2646019455914046,0.26167945173594304,0.05837512986847869,constant_predictor,,,,,,,,,,,,
RIGNO,A,1,A-k1,beta_total,ood,800,200,1,2.0,2.0,2.0,0.0,0.2652190109985845,0.259164098484277,0.058755245269692724,constant_predictor,,,,,,,,,,,,
RIGNO,A,1,A-k1,rho_H,all,1600,400,4,0.0,0.5,0.23611111380159855,0.19400841660345367,0.2649104782949946,0.2604198887056225,0.058547993389363666,ok,0.31622384138528314,-0.21732718237654225,0.005064153229701139,-0.22728293944153724,-0.20737142531154726,1.3702628035320627e-151,-0.7201494038807265,0.5186151639097651,-0.720149403880726,5.673376821908926e-256,-0.7422743475782637,3.947991170579807e-280
RIGNO,A,1,A-k1,rho_H,iid,800,200,4,0.0,0.5,0.23611111380159855,0.19406911061920515,0.2646019455914046,0.26167945173594304,0.05837512986847869,ok,0.3151346730727932,-0.21402096101181725,0.007110333729491108,-0.22804223014148445,-0.19999969188215005,5.194963936967972e-76,-0.7115163195527019,0.5062554729898218,-0.7115163195527013,2.0207165910618306e-124,-0.7350976546346175,7.682060504666459e-137
RIGNO,A,1,A-k1,rho_H,ood,800,200,4,0.0,0.5,0.23611111380159855,0.19406911061920515,0.2652190109985845,0.259164098484277,0.058755245269692724,ok,0.31731300969777293,-0.22063340374126753,0.007227583955046574,-0.23488588522053355,-0.2063809222620015,5.185383849027321e-77,-0.7287541434031313,0.5310826015272294,-0.7287541434031298,2.2656139742510435e-133,-0.7490985003693225,7.253245699963832e-145
RIGNO,A,1,A-k1,log_lambda1_positive,all,1600,400,400,0.5911348066759515,0.753851015588182,0.6849048044296137,0.03440606376731256,0.2649104782949946,0.2604198887056225,0.058547993389363666,ok,0.37425600373113577,-0.15965069120402753,0.02854792711346958,-0.21577384035835512,-0.10352754204969994,4.163008700586236e-08,-0.09381964340829475,0.008802125489257961,-0.09381964340828675,0.0001711780246631865,-0.0905289568348155,0.0002880958960918415
RIGNO,A,1,A-k1,log_lambda1_positive,iid,800,200,200,0.59544945204644,0.753851015588182,0.6852804259716967,0.03580301041419249,0.2646019455914046,0.26167945173594304,0.05837512986847869,ok,0.38069196656591264,-0.16940513193544465,0.039581018589636766,-0.2474571805713358,-0.09135308329955348,2.9038947244525323e-05,-0.10390064598687021,0.010795344236471438,-0.10390064598678626,0.0032596806807476324,-0.10060511741862381,0.004395036750102842
RIGNO,A,1,A-k1,log_lambda1_positive,ood,800,200,200,0.5911348066759515,0.7538033002606184,0.6845291828875307,0.03296813507680907,0.2652190109985845,0.259164098484277,0.058755245269692724,ok,0.36651192368231655,-0.1479745717435339,0.04132537890639023,-0.229466423121576,-0.06648272036549178,0.00043062062183984925,-0.0830299600789891,0.0068939742707130325,-0.08302996007895608,0.01883267420990407,-0.07877729626637532,0.025871318508340426
RIGNO,A,1,A-k1,initial_rayleigh_quotient,all,1600,400,1600,4.022796692058106,16.786387100399214,8.760483059211474,2.5656560407689484,0.2649104782949946,0.2604198887056225,0.058547993389363666,ok,0.09264254747344763,0.019664204548676144,0.00030910957752114165,0.019056517592796782,0.020271891504555505,5.580234851689853e-211,0.8617133101677341,0.742549828920233,0.8617133101677339,0.0,0.8738372270848545,0.0
RIGNO,A,1,A-k1,initial_rayleigh_quotient,iid,800,200,800,4.216248802078913,16.082300568496414,8.944990359272502,2.5636117632449182,0.2646019455914046,0.26167945173594304,0.05837512986847869,ok,0.08904090099041409,0.01962674497675694,0.00042304969302558597,0.018792509366052437,0.020460980587461444,1.1500078556751263e-108,0.8619313466194345,0.7429256462851843,0.8619313466194304,1.344573503546636e-237,0.869863968537451,4.0550658601940667e-247
RIGNO,A,1,A-k1,initial_rayleigh_quotient,ood,800,200,800,4.022796692058106,16.786387100399214,8.575975759150445,2.556001565299346,0.2652190109985845,0.259164098484277,0.058755245269692724,ok,0.0943467632482207,0.01992452550580564,0.0004575000457343745,0.01902235529662534,0.020826695714985938,1.0901526064432795e-103,0.8667671821796532,0.751285348103657,0.8667671821796538,2.497856021614759e-243,0.8822033628177545,3.01338704174877e-263
RIGNO,A,1,A-k1,target_norm_retention,all,1600,400,1600,0.30599608959904107,0.826686670801375,0.6371089309523051,0.12916031726759405,0.2649104782949946,0.2604198887056225,0.058547993389363666,ok,0.49713285423191866,-0.36449398941844097,0.007422729191039163,-0.37908653534533304,-0.3499014434915489,3.1753959376633146e-171,-0.8040951805526699,0.6465690593880187,-0.8040951805526624,0.0,-0.8221123406688832,0.0
RIGNO,A,1,A-k1,target_norm_retention,iid,800,200,800,0.30599608959904107,0.8234863240216965,0.6348690703804128,0.12861193755560305,0.2646019455914046,0.26167945173594304,0.05837512986847869,ok,0.49507823706458753,-0.36302964221438794,0.010530423546896619,-0.38379517984140865,-0.3422641045873672,7.404450588427788e-86,-0.7998259837794612,0.6397216043287632,-0.7998259837794488,4.427429888394305e-179,-0.8182441300689534,4.728979015073471e-194
RIGNO,A,1,A-k1,target_norm_retention,ood,800,200,800,0.3218475544678999,0.826686670801375,0.6393487915241975,0.12974812987448248,0.2652190109985845,0.259164098484277,0.058755245269692724,ok,0.4993693356549461,-0.3662325287237209,0.010488748349600292,-0.38691588467270027,-0.34554917277474156,8.378624221256316e-87,-0.808744572216369,0.6540677830894355,-0.8087445722163678,3.982149322397424e-186,-0.8260063609474391,7.011227848259718e-201
RIGNO,A,2,A-k2,log_nk,all,1600,400,374,9.916206324943902,10.11382951201313,10.04340980982206,0.035149350400342214,0.3760311151571835,0.37203239821919104,0.1131983034645892,ok,-6.076458893615143,0.6424600938279799,0.06635959876857002,0.5120019472624951,0.7729182403934646,4.735989722236183e-20,0.19949110777318796,0.039796702075585055,0.19949110776068396,7.98054401405138e-16,0.19926882271779303,8.600692657532156e-16
RIGNO,A,2,A-k2,log_nk,iid,800,200,193,9.916206324943902,10.097737680195356,10.02918406295987,0.0364899857700807,0.35073349137447574,0.3487177774910465,0.09933539024559729,ok,-4.508748631118469,0.48453414475062007,0.08102633911058442,0.3247537250849324,0.6443145644163077,1.0187982869880747e-08,0.1779893752201974,0.03168021768926166,0.17798937521453767,4.042618173394016e-07,0.17295931365187567,8.587646314485926e-07
RIGNO,A,2,A-k2,log_nk,ood,800,200,194,9.95408560529922,10.11382951201313,10.057635556684254,0.027124353892019008,0.4013287389398913,0.39716156527913454,0.12039388672576218,ok,-2.6424948423745978,0.3026380866710263,0.11351894493286215,0.07878366031438211,0.5264925130276705,0.008307561321090137,0.0681833836195263,0.0046489738021935345,0.06818338362235721,0.053886773472003616,0.07830782560105644,0.02677253391815501
RIGNO,A,2,A-k2,beta_k,all,1600,400,1,1.0,1.0,1.0,0.0,0.3760311151571835,0.37203239821919104,0.1131983034645892,constant_predictor,,,,,,,,,,,,
RIGNO,A,2,A-k2,beta_k,iid,800,200,1,1.0,1.0,1.0,0.0,0.35073349137447574,0.3487177774910465,0.09933539024559729,constant_predictor,,,,,,,,,,,,
RIGNO,A,2,A-k2,beta_k,ood,800,200,1,1.0,1.0,1.0,0.0,0.4013287389398913,0.39716156527913454,0.12039388672576218,constant_predictor,,,,,,,,,,,,
RIGNO,A,2,A-k2,beta_total,all,1600,400,1,2.0,2.0,2.0,0.0,0.3760311151571835,0.37203239821919104,0.1131983034645892,constant_predictor,,,,,,,,,,,,
RIGNO,A,2,A-k2,beta_total,iid,800,200,1,2.0,2.0,2.0,0.0,0.35073349137447574,0.3487177774910465,0.09933539024559729,constant_predictor,,,,,,,,,,,,
RIGNO,A,2,A-k2,beta_total,ood,800,200,1,2.0,2.0,2.0,0.0,0.4013287389398913,0.39716156527913454,0.12039388672576218,constant_predictor,,,,,,,,,,,,
RIGNO,A,2,A-k2,rho_H,all,1600,400,4,0.0,0.5,0.23611111380159855,0.19400841660345367,0.3760311151571835,0.37203239821919104,0.1131983034645892,ok,0.46937317914198606,-0.3953310900190694,0.010241048945987888,-0.41546424768084805,-0.37519793235729076,8.528336389670883e-137,-0.6775504266520184,0.4590745806563322,-0.6775504266520183,1.7603451051300713e-215,-0.7179362734157066,1.1010830030232632e-253
RIGNO,A,2,A-k2,rho_H,iid,800,200,4,0.0,0.5,0.23611111380159855,0.19406911061920515,0.35073349137447574,0.3487177774910465,0.09933539024559729,ok,0.43670598773855784,-0.364118803981095,0.011489426716116722,-0.3867754541836152,-0.34146215377857475,1.0648988525556842e-79,-0.7113699586182656,0.5060472180245515,-0.7113699586182647,2.391484720808767e-124,-0.7248487644477675,2.771656308943673e-131
RIGNO,A,2,A-k2,rho_H,ood,800,200,4,0.0,0.5,0.23611111380159855,0.19406911061920515,0.4013287389398913,0.39716156527913454,0.12039388672576218,ok,0.5020403705454142,-0.42654337605704484,0.016704007197445834,-0.4594829523652372,-0.3936037997488525,1.0331916165008873e-64,-0.6875672501583141,0.4727487234902642,-0.687567250158313,4.98795260958666e-113,-0.754743378006482,2.9682569313878666e-148
RIGNO,A,2,A-k2,log_lambda1_positive,all,1600,400,400,2.2572324471287004,2.4820940566972225,2.402940436605092,0.03782836822457726,0.3760311151571835,0.37203239821919104,0.1131983034645892,ok,0.41948168041377826,-0.018082248146754694,0.06432999327023578,-0.14455033786311317,0.10838584156960379,0.7787902894062604,-0.00604268721604642,3.651406879212615e-05,-0.006042687216131657,0.8091515039813375,-0.01037844070971096,0.678270487739473
RIGNO,A,2,A-k2,log_lambda1_positive,iid,800,200,200,2.2572324471287004,2.4820940566972225,2.409096014356256,0.0401798062193372,0.35073349137447574,0.3487177774910465,0.09933539024559729,ok,0.14036985331209395,0.08732057037529589,0.06933194133838959,-0.04939900507245662,0.2240401458230484,0.2093406521987961,0.0353199759719763,0.0012475007026653273,0.03531997597203726,0.31840106707000915,0.035892007943195046,0.3106215820647657
RIGNO,A,2,A-k2,log_lambda1_positive,ood,800,200,200,2.2672418969714236,2.4576481935426377,2.3967848588539282,0.03425591783120631,0.4013287389398913,0.39716156527913454,0.12039388672576218,ok,0.1581148633443104,0.10147505509182332,0.09119094393844451,-0.07834952358387202,0.28129963376751865,0.26714722626166454,0.028872904128933684,0.000833644592839411,0.02887290412894792,0.41476204966395724,0.036145417558808894,0.30721563832699383
RIGNO,A,2,A-k2,initial_rayleigh_quotient,all,1600,400,1600,9.663916100440069,39.04852027739478,19.594550100497294,5.72707233863774,0.3760311151571835,0.37203239821919104,0.1131983034645892,ok,0.08554582422506782,0.014824800234874666,0.00033706595715577684,0.01416215306917645,0.015487447400572882,4.184642264651981e-155,0.7500351220152368,0.5625526842564131,0.7500351220152379,3.3455716181591033e-289,0.7985665970963269,0.0
RIGNO,A,2,A-k2,initial_rayleigh_quotient,iid,800,200,800,9.663916100440069,38.88365121351391,19.180059547420786,5.632207685053734,0.35073349137447574,0.3487177774910465,0.09933539024559729,ok,0.07915008935974335,0.014159674600762829,0.0003606026289791125,0.013448581886673932,0.014870767314851726,1.1417994922431415e-95,0.8028380208413308,0.6445488877084286,0.8028380208413329,2.027901779275557e-181,0.8055913993615617,1.3584394537570821e-183
RIGNO,A,2,A-k2,initial_rayleigh_quotient,ood,800,200,800,9.979632635603817,39.04852027739478,20.009040653573805,5.794304735317522,0.4013287389398913,0.39716156527913454,0.12039388672576218,ok,0.10159865250469252,0.014979732992929077,0.000538689997257424,0.01391745972751561,0.016042006258342543,1.787697407109689e-70,0.7209430659251904,0.5197589043056158,0.720943065925192,3.1237091983079727e-129,0.8035260836345058,5.848032328813349e-182
RIGNO,A,2,A-k2,target_norm_retention,all,1600,400,1600,0.08394024928892163,0.7225126387866652,0.45501184297776304,0.21687702146741486,0.3760311151571835,0.37203239821919104,0.1131983034645892,ok,0.5347225245475372,-0.3487632505383136,0.009958360807948862,-0.36834066387328823,-0.32918583720333894,9.150487643197677e-124,-0.6681967190233076,0.4464868553135136,-0.6681967190233078,1.7142204913945604e-207,-0.7114999771484285,3.7352647963432994e-247
RIGNO,A,2,A-k2,target_norm_retention,iid,800,200,800,0.08394024928892163,0.7206892913917543,0.45327157530405254,0.21835439625622652,0.35073349137447574,0.3487177774910465,0.09933539024559729,ok,0.49474934011602345,-0.3177253033017621,0.010804887002132156,-0.3390320709354918,-0.29641853566803233,2.312122776061538e-74,-0.6984088611949416,0.48777493739561284,-0.6984088611949397,4.7972621000017934e-118,-0.7340322641129128,2.9866882554529735e-136
RIGNO,A,2,A-k2,target_norm_retention,ood,800,200,800,0.0842743000456455,0.7225126387866652,0.4567521106514736,0.21551205537277981,0.4013287389398913,0.39716156527913454,0.12039388672576218,ok,0.5760679241058071,-0.38256897142014773,0.016646937509444508,-0.41539600878360755,-0.3497419340566879,6.688881770449466e-58,-0.6848206964229839,0.4689793862492586,-0.6848206964229824,8.591201506056604e-112,-0.7510654704147975,4.901500412573121e-146
RIGNO,B,0,B-k0,log_nk,all,1600,400,274,7.383989457978509,8.155649270366002,7.870143704693032,0.25330373664630723,0.02651291380008177,0.019347703890841502,0.017736492364206824,ok,-0.06386326356271557,0.011483421491897832,0.001870620934666017,0.007805916736117012,0.015160926247678652,2.00845587883021e-09,0.16400049759851792,0.026896163212591584,0.1640004975986097,4.121997847620951e-11,0.2800615731914219,3.207327997367539e-30
RIGNO,B,0,B-k0,log_nk,iid,800,200,117,7.383989457978509,7.988542982737695,7.674815803605809,0.22556013876593328,0.023410455753326707,0.0163234093270555,0.016767348589112937,ok,-0.01858435941925881,0.005471768475909937,0.00280455567674494,-5.8693444559038306e-05,0.01100223039637891,0.05245750167632732,0.07360811103567565,0.005418154010251253,0.07360811103574923,0.03738627586579334,0.21172463252946344,1.468323574872994e-09
RIGNO,B,0,B-k0,log_nk,ood,800,200,159,7.980023592310645,8.155649270366002,8.065471605780253,0.033571027992587404,0.029615371846836835,0.021707161094675503,0.018142256752408114,ok,0.15385661085395017,-0.015404088574067068,0.022756276699856623,-0.06027847733509936,0.029470300186965226,0.49924533125943515,-0.02850423162772514,0.0008124912206876056,-0.028504231627736333,0.4207479045439235,-0.05581174203182602,0.11471369942472122
RIGNO,B,0,B-k0,beta_k,all,1600,400,1,1.0,1.0,1.0,0.0,0.02651291380008177,0.019347703890841502,0.017736492364206824,constant_predictor,,,,,,,,,,,,
RIGNO,B,0,B-k0,beta_k,iid,800,200,1,1.0,1.0,1.0,0.0,0.023410455753326707,0.0163234093270555,0.016767348589112937,constant_predictor,,,,,,,,,,,,
RIGNO,B,0,B-k0,beta_k,ood,800,200,1,1.0,1.0,1.0,0.0,0.029615371846836835,0.021707161094675503,0.018142256752408114,constant_predictor,,,,,,,,,,,,
RIGNO,B,0,B-k0,beta_total,all,1600,400,4,0.0,3.0,1.9975,1.1568622244584645,0.02651291380008177,0.019347703890841502,0.017736492364206824,ok,0.0211467889423025,0.0026864204544577008,0.00040846400988029313,0.0018834099080327655,0.0034894310008826363,1.5094643176258266e-10,0.17522169992565137,0.03070264412483481,0.17522169992565115,1.6884101183206167e-12,0.3134424702439218,8.25606333775833e-38
RIGNO,B,0,B-k0,beta_total,iid,800,200,3,0.0,2.0,0.995,0.8159701336898565,0.023410455753326707,0.0163234093270555,0.016767348589112937,ok,0.02196546280183773,0.0014522542226019818,0.0007640552005632519,-5.4429430316506756e-05,0.0029589378755204704,0.058784160326654136,0.0706728357122376,0.004994649707608989,0.07067283571223774,0.045683799707219426,0.21644811650270493,6.171747449201681e-10
RIGNO,B,0,B-k0,beta_total,ood,800,200,1,3.0,3.0,3.0,0.0,0.029615371846836835,0.021707161094675503,0.018142256752408114,constant_predictor,,,,,,,,,,,,
RIGNO,B,0,B-k0,rho_H,all,1600,400,1,0.0,0.0,0.0,0.0,0.02651291380008177,0.019347703890841502,0.017736492364206824,constant_predictor,,,,,,,,,,,,
RIGNO,B,0,B-k0,rho_H,iid,800,200,1,0.0,0.0,0.0,0.0,0.023410455753326707,0.0163234093270555,0.016767348589112937,constant_predictor,,,,,,,,,,,,
RIGNO,B,0,B-k0,rho_H,ood,800,200,1,0.0,0.0,0.0,0.0,0.029615371846836835,0.021707161094675503,0.018142256752408114,constant_predictor,,,,,,,,,,,,
RIGNO,B,0,B-k0,log_lambda1_positive,all,1600,400,334,0.4839635920958233,0.78652672909991,0.660299946497459,0.05208200265921611,0.02651291380008177,0.019347703890841502,0.017736492364206824,ok,0.05391013849325115,-0.04149208982750539,0.009942667602528849,-0.06103865146158437,-0.021945528193426423,3.690186560908573e-05,-0.12183869777395012,0.014844668275269202,-0.12183869777402048,1.0188661913857549e-06,-0.17290722158136768,3.3217220424578977e-12
RIGNO,B,0,B-k0,log_lambda1_positive,iid,800,200,134,0.5910233297863299,0.7641555981649725,0.6869600234305279,0.04167734597343741,0.023410455753326707,0.0163234093270555,0.016767348589112937,ok,0.034357137135690746,-0.015934961291777336,0.015364091038461257,-0.046232281161514496,0.014362358577959821,0.30092170768141185,-0.039608343042498426,0.0015688208385786773,-0.03960834304258054,0.263148450722484,-0.12299741504000111,0.000489020257810736
RIGNO,B,0,B-k0,log_lambda1_positive,ood,800,200,200,0.4839635920958233,0.78652672909991,0.6336398695643902,0.04762525821114128,0.029615371846836835,0.021707161094675503,0.018142256752408114,ok,0.038535055213237364,-0.014076897295829893,0.015651784400399073,-0.04494153597337744,0.016787741381717652,0.36953744056883164,-0.03695327861770159,0.0013655448005979176,-0.03695327861770917,0.2965229502129967,0.023506718450218518,0.5067398937810192
RIGNO,B,0,B-k0,initial_rayleigh_quotient,all,1600,400,1600,1.7488274411298415,9.601429199906384,3.8133088589809176,2.014902693625446,0.02651291380008177,0.019347703890841502,0.017736492364206824,ok,-0.003644092067478519,0.007908356491118202,0.00016127156783605172,0.007591308313853363,0.00822540466838304,5.089552042195428e-171,0.8984058667801276,0.80713310146495,0.8984058667801262,0.0,0.8331216975084758,0.0
RIGNO,B,0,B-k0,initial_rayleigh_quotient,iid,800,200,800,1.8517599173648494,9.601429199906384,3.777306675866613,2.0318055609388854,0.023410455753326707,0.0163234093270555,0.016767348589112937,ok,-0.005015262164692408,0.007525393185475863,0.0002213933475708707,0.0070888151248802034,0.007961971246071523,8.192713497720576e-85,0.9118994360521232,0.8315605814721816,0.9118994360521236,6.946969490363e-311,0.8462895567024324,1.8678450080801088e-220
RIGNO,B,0,B-k0,initial_rayleigh_quotient,ood,800,200,800,1.7488274411298415,9.229387571693632,3.849311042095222,1.9984787904249977,0.029615371846836835,0.021707161094675503,0.018142256752408114,ok,-0.002154284471668518,0.008253335719322066,0.00021421055615969466,0.007830921811255654,0.008675749627388478,3.2131198741076173e-94,0.9091546112714364,0.8265621071961177,0.9091546112714368,8.137712602523343e-306,0.8885832712238614,2.591134989295556e-272
RIGNO,B,0,B-k0,target_norm_retention,all,1600,400,1600,0.3997271106723129,0.8433838536060418,0.7234929861688051,0.11654482536574688,0.02651291380008177,0.019347703890841502,0.017736492364206824,ok,0.1245617136481174,-0.13552142414986565,0.00283531338627438,-0.1410954441284321,-0.12994740417129919,3.1639442789503388e-167,-0.890498548785056,0.7929876653882931,-0.8904985487850574,0.0,-0.8138067641823298,0.0
RIGNO,B,0,B-k0,target_norm_retention,iid,800,200,800,0.3997271106723129,0.831962956584739,0.7254979602292542,0.11627888079501619,0.023410455753326707,0.0163234093270555,0.016767348589112937,ok,0.11791511388990276,-0.13026178337801653,0.003953088518647773,-0.13805710215236114,-0.1224664646036719,1.5628796252705053e-82,-0.9033446344279724,0.8160315285498112,-0.9033446344279746,1.341045019484909e-295,-0.8248212887832637,8.131162612125601e-200
RIGNO,B,0,B-k0,target_norm_retention,ood,800,200,800,0.41532293334141107,0.8433838536060418,0.7214880121083557,0.11684846698053436,0.029615371846836835,0.021707161094675503,0.018142256752408114,ok,0.1305497447987512,-0.13989750523638037,0.003752343205307509,-0.14729696297635625,-0.13249804749640448,1.0110305189161967e-91,-0.9010350390451027,0.8118641415870345,-0.9010350390451164,1.0235176040415126e-291,-0.8816987057792279,1.4914897860376184e-262
RIGNO,B,1,B-k1,log_nk,all,1600,400,318,9.111403624116159,9.91422964906803,9.618079468081744,0.2626740432741036,0.23848718845662145,0.231232151627301,0.05088869618702529,ok,0.12348272579624157,0.011957112960234504,0.004460872054391889,0.003187362824895153,0.020726863095573853,0.007657185266971538,0.06171946704248193,0.003809292612000914,0.06171946704242327,0.013541419533108202,0.09142537966658976,0.0002504217852446443
RIGNO,B,1,B-k1,log_nk,iid,800,200,131,9.111403624116159,9.747885820441555,9.41746102300045,0.23691163444952995,0.23373947833308692,0.22563433156217852,0.052252765823863775,ok,0.28324925996220823,-0.005257232443883429,0.006679836918360858,-0.018429580569563835,0.007915115681796975,0.43220057655555966,-0.023836049849684737,0.0005681572724480777,-0.023836049849929333,0.5008030281758874,-0.012683476400480079,0.7201963742883986
RIGNO,B,1,B-k1,log_nk,ood,800,200,187,9.721125994942152,9.91422964906803,9.818697913163039,0.03685474387108677,0.24323489858015598,0.23737557932175501,0.04906190440049176,ok,-0.03717608727574956,0.028558876985067004,0.03484136993484304,-0.04014679046856084,0.09726454443869484,0.41337751555921687,0.02145310316409098,0.000460235635335815,0.021453103163314856,0.5445769518163246,-0.0027716753236116955,0.9376113820808019
RIGNO,B,1,B-k1,beta_k,all,1600,400,4,0.0,3.0,1.9975,1.1568622244584645,0.23848718845662145,0.231232151627301,0.05088869618702529,ok,0.23168123164524784,0.0034072374525023416,0.0009868050537166467,0.0014672504616481858,0.005347224443356498,0.0006141822344395098,0.07745736467826891,0.005999643342902261,0.0774573646782675,0.0019317327246673544,0.10059614681391663,5.555664997859774e-05
RIGNO,B,1,B-k1,beta_k,iid,800,200,3,0.0,2.0,0.995,0.8159701336898565,0.23373947833308692,0.22563433156217852,0.052252765823863775,ok,0.23434524095077586,-0.0006088066509436383,0.0019412429236249893,-0.0044368533381637645,0.003219240036276488,0.7541404827565481,-0.009507019131509418,9.03834127667924e-05,-0.009507019131509045,0.7883262364159336,-0.013734810145408399,0.6980974708947926
RIGNO,B,1,B-k1,beta_k,ood,800,200,1,3.0,3.0,3.0,0.0,0.24323489858015598,0.23737557932175501,0.04906190440049176,constant_predictor,,,,,,,,,,,,
RIGNO,B,1,B-k1,beta_total,all,1600,400,4,0.0,3.0,1.9975,1.1568622244584645,0.23848718845662145,0.231232151627301,0.05088869618702529,ok,0.23168123164524784,0.0034072374525023416,0.0009868050537166467,0.0014672504616481858,0.005347224443356498,0.0006141822344395098,0.07745736467826891,0.005999643342902261,0.0774573646782675,0.0019317327246673544,0.10059614681391663,5.555664997859774e-05
RIGNO,B,1,B-k1,beta_total,iid,800,200,3,0.0,2.0,0.995,0.8159701336898565,0.23373947833308692,0.22563433156217852,0.052252765823863775,ok,0.23434524095077586,-0.0006088066509436383,0.0019412429236249893,-0.0044368533381637645,0.003219240036276488,0.7541404827565481,-0.009507019131509418,9.03834127667924e-05,-0.009507019131509045,0.7883262364159336,-0.013734810145408399,0.6980974708947926
RIGNO,B,1,B-k1,beta_total,ood,800,200,1,3.0,3.0,3.0,0.0,0.24323489858015598,0.23737557932175501,0.04906190440049176,constant_predictor,,,,,,,,,,,,
RIGNO,B,1,B-k1,rho_H,all,1600,400,4,0.0,0.5,0.1965625022398308,0.19777088866174766,0.23848718845662145,0.231232151627301,0.05088869618702529,ok,0.26426696026686003,-0.1311530506402695,0.005615541365845418,-0.14219279669275742,-0.12011330458778156,1.1570375868403027e-76,-0.5097056383700115,0.25979983778618077,-0.5097056383700114,1.5921571246681858e-106,-0.49679284005824814,1.7905340313978867e-100
RIGNO,B,1,B-k1,rho_H,iid,800,200,4,0.0,0.5,0.15701389067806304,0.19359928066917223,0.23373947833308692,0.22563433156217852,0.052252765823863775,ok,0.253952841051872,-0.12873614322588742,0.007589404452367711,-0.14370211900268942,-0.11377016744908541,1.641817245196736e-40,-0.47697426790129693,0.22750445223997795,-0.4769742679012968,1.098958871354533e-46,-0.4527851062666357,1.086891365269653e-41
RIGNO,B,1,B-k1,rho_H,ood,800,200,4,0.0,0.5,0.23611111380159855,0.19406911061920515,0.24323489858015598,0.23737557932175501,0.04906190440049176,ok,0.2797019074977988,-0.15444850659713422,0.006856248178178253,-0.1679687300610908,-0.14092828313317762,1.188962247743553e-56,-0.6109360139609632,0.373242813154509,-0.6109360139609623,5.087795773932568e-83,-0.6381374408121183,1.0710318834907529e-92
RIGNO,B,1,B-k1,log_lambda1_positive,all,1600,400,341,0.48396371872013666,0.7865796598052194,0.6601380210831935,0.05202854901877113,0.23848718845662145,0.231232151627301,0.05088869618702529,ok,0.2527647308959967,-0.021628117126090852,0.020552017741806587,-0.06203188979095717,0.01877565553877546,0.29327140356190945,-0.022112564015060097,0.0004889654873192484,-0.022112564015034326,0.37673974167512175,-0.02783805262938885,0.26576533170916544
RIGNO,B,1,B-k1,log_lambda1_positive,iid,800,200,141,0.5910233297874282,0.7641555981649928,0.6869600234308078,0.041677345973235094,0.23373947833308692,0.22563433156217852,0.052252765823863775,ok,0.2461210334466138,-0.018023690886239667,0.03636317565432468,-0.08973029308747549,0.05368291131499616,0.620682805989865,-0.014375882098041822,0.0002066659860954223,-0.014375882097993333,0.6847451418887106,0.006487789715681546,0.8546274395179357
RIGNO,B,1,B-k1,log_lambda1_positive,ood,800,200,200,0.48396371872013666,0.7865796598052194,0.6333160187355792,0.04732532287849365,0.24323489858015598,0.23737557932175501,0.04906190440049176,ok,0.19540562523050298,0.07552196997187574,0.027691364256129544,0.020915803007807307,0.13012813693594416,0.0069566606118135164,0.07284881532856065,0.005306949894776203,0.0728488153285697,0.0393993592616898,0.0678180569632258,0.0551880412784319
RIGNO,B,1,B-k1,initial_rayleigh_quotient,all,1600,400,1600,4.040722026297464,17.302904387338785,9.461190744080676,2.805127875532731,0.23848718845662145,0.231232151627301,0.05088869618702529,ok,0.10977802571075117,0.013603907396793173,0.0003372445700416905,0.012940909091147137,0.014266905702439209,7.245612378808727e-143,0.7498855878457343,0.5623283948587396,0.7498855878457322,5.039956153041631e-289,0.7393944421462665,7.585815914060996e-277
RIGNO,B,1,B-k1,initial_rayleigh_quotient,iid,800,200,800,4.128986068925543,17.302904387338785,10.11995476427233,2.809825757094821,0.23373947833308692,0.22563433156217852,0.052252765823863775,ok,0.08990514282632789,0.01421294253355305,0.00042182685594862023,0.01338111830442502,0.015044766762681079,3.6371427857188094e-84,0.7642828352761991,0.584128252297821,0.7642828352761961,3.4038498919310276e-154,0.7636145603352507,9.063082009464103e-154
RIGNO,B,1,B-k1,initial_rayleigh_quotient,ood,800,200,800,4.040722026297464,16.62278996797976,8.80242672388902,2.6425718339727258,0.24323489858015598,0.23737557932175501,0.04906190440049176,ok,0.10675184148804664,0.015505162539065104,0.00041702748474199897,0.014682802461396255,0.016327522616733953,1.6330456646214592e-91,0.8351389190365751,0.6974570140895769,0.8351389190365738,2.3059882924685495e-209,0.8375193711240175,1.1639930648474148e-211
RIGNO,B,1,B-k1,target_norm_retention,all,1600,400,1600,0.3002410380880237,0.8294970829195383,0.6106806439661167,0.13646261769953813,0.23848718845662145,0.231232151627301,0.05088869618702529,ok,0.3899341469551455,-0.24799698499520006,0.00836410781991893,-0.2644402128644034,-0.23155375712599674,6.520247623156202e-103,-0.6650262295905824,0.44225988604345456,-0.6650262295905736,7.515818738917569e-205,-0.6734614740083884,5.943081436493128e-212
RIGNO,B,1,B-k1,target_norm_retention,iid,800,200,800,0.3002410380880237,0.8234588560243168,0.5802514062502272,0.13942895976873398,0.23373947833308692,0.22563433156217852,0.052252765823863775,ok,0.3760082800800441,-0.24518475994111708,0.01044139078711949,-0.2657747288348427,-0.22459479104739147,2.897974543402849e-59,-0.6542401247231984,0.42803014079782087,-0.6542401247231944,6.702352284289044e-99,-0.667518597685309,2.6124369964634745e-104
RIGNO,B,1,B-k1,target_norm_retention,ood,800,200,800,0.311076362730106,0.8294970829195383,0.6411098816820061,0.12638342125508512,0.24323489858015598,0.23737557932175501,0.04906190440049176,ok,0.43449110795373547,-0.298320482710083,0.010236113333357465,-0.3185056533854757,-0.2781353120346903,9.815851866465888e-74,-0.7684732929973841,0.5905512020502116,-0.7684732929973634,6.798902048462579e-157,-0.7848672029175047,4.970148911112618e-168
RIGNO,B,2,B-k2,log_nk,all,1600,400,329,9.543378146148761,10.357552330480354,10.05700041393879,0.26563318777746764,0.360964176736454,0.35787877273401303,0.07700457320788986,ok,-1.2420977266808908,0.1593976173248956,0.006037186497082337,0.1475289475997169,0.1712662870500743,1.3896385771768713e-89,0.5498543196887253,0.3023397728800482,0.54985431968845,4.273070200230786e-127,0.5495220600711801,6.4958437982946124e-127
RIGNO,B,2,B-k2,log_nk,iid,800,200,134,9.543378146148761,10.193616628630961,9.855271155705621,0.24125881012768224,0.3265799127506868,0.319275860586813,0.07364507993318987,ok,-1.074682414566429,0.1421840459971384,0.009771100075293688,0.12291586125914727,0.16145223073512954,3.794840112233036e-33,0.4657901625950946,0.21696047556942044,0.4657901625940811,2.5139949512179837e-44,0.500669495487159,5.549213959700477e-52
RIGNO,B,2,B-k2,log_nk,ood,800,200,195,10.154285180632154,10.357552330480354,10.258729672171958,0.03890022804884361,0.39534844072222114,0.3924194964768565,0.06384134699133585,ok,-1.9276667840369888,0.22644277595735832,0.06562220983926788,0.097038629816707,0.3558469220980096,0.0006826752784300055,0.1379775966498623,0.019037817178457317,0.1379775966541575,9.031640100076041e-05,0.1520971021107571,1.557544966841086e-05
RIGNO,B,2,B-k2,beta_k,all,1600,400,1,0.0,0.0,0.0,0.0,0.360964176736454,0.35787877273401303,0.07700457320788986,constant_predictor,,,,,,,,,,,,
RIGNO,B,2,B-k2,beta_k,iid,800,200,1,0.0,0.0,0.0,0.0,0.3265799127506868,0.319275860586813,0.07364507993318987,constant_predictor,,,,,,,,,,,,
RIGNO,B,2,B-k2,beta_k,ood,800,200,1,0.0,0.0,0.0,0.0,0.39534844072222114,0.3924194964768565,0.06384134699133585,constant_predictor,,,,,,,,,,,,
RIGNO,B,2,B-k2,beta_total,all,1600,400,4,0.0,3.0,1.9975,1.1568622244584645,0.360964176736454,0.35787877273401303,0.07700457320788986,ok,0.2893472371414266,0.03585328640552042,0.001464367364145271,0.032974446633091625,0.038732126177949217,1.7344218580209097e-81,0.538634407507982,0.29012702495147435,0.5386344075079817,4.586291469934473e-121,0.5428488817832609,2.647985145208756e-123
RIGNO,B,2,B-k2,beta_total,iid,800,200,3,0.0,2.0,0.995,0.8159701336898565,0.3265799127506868,0.319275860586813,0.07364507993318987,ok,0.2862298086733339,0.040552868419450105,0.003008185802542752,0.03462085673980781,0.0464848800990924,7.487958194028174e-30,0.4493162271769511,0.20188507200452976,0.4493162271769515,5.250954938642056e-41,0.476096232927158,1.6958444748120982e-46
RIGNO,B,2,B-k2,beta_total,ood,800,200,1,3.0,3.0,3.0,0.0,0.39534844072222114,0.3924194964768565,0.06384134699133585,constant_predictor,,,,,,,,,,,,
RIGNO,B,2,B-k2,rho_H,all,1600,400,1,0.0,0.0,0.0,0.0,0.360964176736454,0.35787877273401303,0.07700457320788986,constant_predictor,,,,,,,,,,,,
RIGNO,B,2,B-k2,rho_H,iid,800,200,1,0.0,0.0,0.0,0.0,0.3265799127506868,0.319275860586813,0.07364507993318987,constant_predictor,,,,,,,,,,,,
RIGNO,B,2,B-k2,rho_H,ood,800,200,1,0.0,0.0,0.0,0.0,0.39534844072222114,0.3924194964768565,0.06384134699133585,constant_predictor,,,,,,,,,,,,
RIGNO,B,2,B-k2,log_lambda1_positive,all,1600,400,341,2.269147735025334,2.6801398291281306,2.4316724405207566,0.11758202001057262,0.360964176736454,0.35787877273401303,0.07700457320788986,ok,1.0733493363913456,-0.29296098758364436,0.01416877707754489,-0.32081577319020693,-0.2651062019770818,4.42115076004702e-65,-0.44733634989938187,0.2001098099415407,-0.4473363498996483,1.477873738960031e-79,-0.3590728673790682,6.984807032740367e-50
RIGNO,B,2,B-k2,log_lambda1_positive,iid,800,200,141,2.3079179766807294,2.6801398291281306,2.49949217157336,0.13156113788144,0.3265799127506868,0.319275860586813,0.07364507993318987,ok,0.8657774259153372,-0.21572282533905396,0.0192374269366775,-0.25365819528135475,-0.17778745539675317,6.190875328154079e-23,-0.3853718455374319,0.14851145933309373,-0.38537184553764925,1.0074140908643677e-29,-0.33831620983875105,7.142671224226671e-23
RIGNO,B,2,B-k2,log_lambda1_positive,ood,800,200,200,2.269147735025334,2.436837653384714,2.3638527094681536,0.033904105669069255,0.39534844072222114,0.3924194964768565,0.06384134699133585,ok,-0.2169578018352764,0.2590289319232856,0.07677652249004045,0.10762896595433946,0.4104288978922317,0.0008910552924731203,0.13756201416716785,0.01892330774175255,0.1375620141672567,9.487883350750792e-05,0.14575374830197788,3.500248470377705e-05
RIGNO,B,2,B-k2,initial_rayleigh_quotient,all,1600,400,1600,18.10295563287944,42.92928857678454,26.149336602373523,4.543025397123421,0.360964176736454,0.35787877273401303,0.07700457320788986,ok,0.002870142169448883,0.013694191941163864,0.00032291442682833303,0.01305936565521542,0.014329018227112307,6.695393299848669e-150,0.8079138574514687,0.6527248010621136,0.8079138574514697,0.0,0.8274187685229566,0.0
RIGNO,B,2,B-k2,initial_rayleigh_quotient,iid,800,200,800,18.10295563287944,39.239361095504606,23.735281786350328,3.556241582911774,0.3265799127506868,0.319275860586813,0.07364507993318987,ok,-0.09441687918425341,0.017737172691880465,0.0005418381252405255,0.016668691454888588,0.018805653928872342,4.740357597952228e-82,0.8565089636317313,0.733607604781494,0.8565089636317263,2.0002349611309084e-231,0.8687550683672944,9.46376304658178e-246
RIGNO,B,2,B-k2,initial_rayleigh_quotient,ood,800,200,800,19.97141079184148,42.92928857678454,28.563391418396723,4.121556473592118,0.39534844072222114,0.3924194964768565,0.06384134699133585,ok,0.10094688881043522,0.010306953666649438,0.0004175920243249504,0.009483480341455498,0.011130426991843377,1.7810397945217653e-62,0.6654103274725426,0.44277090390711626,0.6654103274725425,1.9702113750224664e-103,0.6434706304228601,1.0388555598991114e-94
RIGNO,B,2,B-k2,target_norm_retention,all,1600,400,1600,0.07724110015150125,0.21958787048386205,0.15267364116347337,0.02544651991165597,0.360964176736454,0.35787877273401303,0.07700457320788986,ok,0.5182889383185936,-1.0304644625176969,0.07976105070100695,-1.18726888924213,-0.8736600357932638,3.842728667331867e-32,-0.34052178164690833,0.11595508377598696,-0.34052178164691155,9.974335558177964e-45,-0.30727660245179783,2.482775037749487e-36
RIGNO,B,2,B-k2,target_norm_retention,iid,800,200,800,0.07724110015150125,0.21119322308416655,0.14921158044986707,0.02429390432927563,0.3265799127506868,0.319275860586813,0.07364507993318987,ok,0.528219190606029,-1.3513648018967905,0.11469219075254271,-1.577532818025567,-1.125196785768014,1.1821683732609257e-24,-0.44578575026348194,0.1987249351379805,-0.44578575026348755,2.560848593077537e-40,-0.4566750573047771,1.8183072618095933e-42
RIGNO,B,2,B-k2,target_norm_retention,ood,800,200,800,0.07766014934669044,0.21958787048386205,0.15613570187707967,0.026108727515521502,0.39534844072222114,0.3924194964768565,0.06384134699133585,ok,0.5731259377415892,-1.1386088824151608,0.0804751594559643,-1.297302399753863,-0.9799153650764584,6.592789348210349e-32,-0.46564852495615955,0.2168285487938315,-0.46564852495614295,2.689598155773924e-44,-0.41920017062526665,2.1769813627073853e-35
RIGNO,C,0,C-k0,log_nk,all,1600,400,236,7.383989457978509,7.816416983691801,7.638937468881613,0.13285965075075507,0.023048151312623145,0.0167041609268945,0.015531066657907955,ok,-0.017884017397533307,0.005358358917965657,0.0026689654496988503,0.00011136688853313065,0.010605350947398184,0.045353840353281896,0.04583778500980342,0.0021011025346021617,0.045837785009773604,0.06679633314291505,0.08923933861273735,0.00035168159796523127
RIGNO,C,0,C-k0,log_nk,iid,800,200,119,7.383989457978509,7.746732907753622,7.5388594218869125,0.12127475230744209,0.02267431060013736,0.016473762319504502,0.015314117652652235,ok,-0.037261185204038524,0.007950207378874195,0.00431187744203995,-0.0005526275609578253,0.016453042318706215,0.06670028292523796,0.06295886270005147,0.003963818392492824,0.06295886270012212,0.07512065130671101,0.11824070921199538,0.000805539235252631
RIGNO,C,0,C-k0,log_nk,ood,800,200,122,7.674152921281675,7.816416983691801,7.7390155158763125,0.023698078287639795,0.023421992025108928,0.0171326886962375,0.015745726242616748,ok,0.05872468066097889,-0.004561651099330098,0.026970134929903262,-0.05774558517364203,0.048622282974981834,0.8658605836859551,-0.006865505166744059,4.7135161188593955e-05,-0.006865505166301508,0.8462663506432699,0.023985047030710745,0.4981291925774667
RIGNO,C,0,C-k0,beta_k,all,1600,400,1,1.0,1.0,1.0,0.0,0.023048151312623145,0.0167041609268945,0.015531066657907955,constant_predictor,,,,,,,,,,,,
RIGNO,C,0,C-k0,beta_k,iid,800,200,1,1.0,1.0,1.0,0.0,0.02267431060013736,0.016473762319504502,0.015314117652652235,constant_predictor,,,,,,,,,,,,
RIGNO,C,0,C-k0,beta_k,ood,800,200,1,1.0,1.0,1.0,0.0,0.023421992025108928,0.0171326886962375,0.015745726242616748,constant_predictor,,,,,,,,,,,,
RIGNO,C,0,C-k0,beta_total,all,1600,400,4,0.0,3.0,2.0025,1.1525293716301959,0.023048151312623145,0.0167041609268945,0.015531066657907955,ok,0.02185193733363962,0.0005973602891303548,0.00031130843547315444,-1.4649461616721344e-05,0.0012093700398774308,0.055713957177426,0.04432891145423607,0.0019650523907174255,0.04432891145423601,0.0762880375276098,0.08988834642234556,0.0003182008082221106
RIGNO,C,0,C-k0,beta_total,iid,800,200,3,0.0,2.0,1.005,0.8159701336898565,0.02267431060013736,0.016473762319504502,0.015314117652652235,ok,0.021404529422462293,0.0012634638583831474,0.0006666308580741666,-5.110322479479502e-05,0.0025780309415610898,0.05950253020674739,0.06732015495901912,0.004532003263706397,0.06732015495901922,0.05700353287450543,0.13086325884011757,0.00020598875119965158
RIGNO,C,0,C-k0,beta_total,ood,800,200,1,3.0,3.0,3.0,0.0,0.023421992025108928,0.0171326886962375,0.015745726242616748,constant_predictor,,,,,,,,,,,,
RIGNO,C,0,C-k0,rho_H,all,1600,400,1,0.0,0.0,0.0,0.0,0.023048151312623145,0.0167041609268945,0.015531066657907955,constant_predictor,,,,,,,,,,,,
RIGNO,C,0,C-k0,rho_H,iid,800,200,1,0.0,0.0,0.0,0.0,0.02267431060013736,0.016473762319504502,0.015314117652652235,constant_predictor,,,,,,,,,,,,
RIGNO,C,0,C-k0,rho_H,ood,800,200,1,0.0,0.0,0.0,0.0,0.023421992025108928,0.0171326886962375,0.015745726242616748,constant_predictor,,,,,,,,,,,,
RIGNO,C,0,C-k0,log_lambda1_positive,all,1600,400,335,0.6671266100083025,0.7461019031171019,0.7075874038421409,0.014334179386468063,0.023048151312623145,0.0167041609268945,0.015531066657907955,ok,0.013948162743292426,0.012860585872391493,0.026476629006349763,-0.03919054179516015,0.06491171353994313,0.6274227490014612,0.011869496730031293,0.00014088495262420953,0.011869496730027677,0.6351964943387621,-0.014796441625456106,0.5542340293067309
RIGNO,C,0,C-k0,log_lambda1_positive,iid,800,200,135,0.6671266100083025,0.7461019031171019,0.713538963626299,0.012262831017344348,0.02267431060013736,0.016473762319504502,0.015314117652652235,ok,-0.0006735900655825047,0.0327212694133133,0.04330236201670757,-0.052669106746989616,0.11811164557361621,0.45075478396293633,0.026201666108981878,0.0006865273068966671,0.026201666109172937,0.4592615896931677,-0.004218788088106664,0.9051649981311238
RIGNO,C,0,C-k0,log_lambda1_positive,ood,800,200,200,0.6680164939718534,0.7347656872469495,0.7016358440579827,0.013779939728065342,0.023421992025108928,0.0171326886962375,0.015745726242616748,ok,0.005600469008659802,0.025399960916157503,0.03847050677340453,-0.05046220667624823,0.10126212850856323,0.5098600939366661,0.022228884532016248,0.0004941233075397289,0.022228884532061757,0.5301203689094591,0.03116591392443433,0.37867478414367206
RIGNO,C,0,C-k0,initial_rayleigh_quotient,all,1600,400,1600,2.020287562688089,10.188545072201846,3.8882111853426875,1.9844282328946323,0.023048151312623145,0.0167041609268945,0.015531066657907955,ok,-0.004631882747195944,0.007118963641729122,0.00015111682850631937,0.006821878943695565,0.007416048339762679,4.33994635210817e-165,0.9096009147835686,0.8273738241751041,0.9096009147835682,0.0,0.8945434695482304,0.0
RIGNO,C,0,C-k0,initial_rayleigh_quotient,iid,800,200,800,2.020287562688089,10.188545072201846,3.9664022875951237,2.0277465728461253,0.02267431060013736,0.016473762319504502,0.015314117652652235,ok,-0.004913177098796455,0.006955292403197059,0.00018808969856094895,0.0065843876912139,0.007326197115180218,4.205053884501288e-91,0.9209521993768245,0.8481529535370067,0.9209521993768226,0.0,0.895037125058008,4.587218290628674e-282
RIGNO,C,0,C-k0,initial_rayleigh_quotient,ood,800,200,800,2.0303067641596257,9.742532900998366,3.810020083090251,1.9382570169243067,0.023421992025108928,0.0171326886962375,0.015745726242616748,ok,-0.004531659963794377,0.0073368778587199765,0.00023818387544531923,0.006867189606800897,0.007806566110639056,1.175289060093295e-77,0.9031501483552569,0.8156801904741233,0.9031501483552574,2.871793322354787e-295,0.9097592027487543,6.4268121187060205e-307
RIGNO,C,0,C-k0,target_norm_retention,all,1600,400,1600,0.3776723959775004,0.819516746089003,0.7197912852277767,0.11180331424323807,0.023048151312623145,0.0167041609268945,0.015531066657907955,ok,0.11350118195433932,-0.12566563738416542,0.002728707937577717,-0.13103007880124523,-0.1203011959670856,9.051867226600257e-162,-0.9046278053854656,0.8183514662765247,-0.9046278053854662,0.0,-0.8858711077621515,0.0
RIGNO,C,0,C-k0,target_norm_retention,iid,800,200,800,0.3776723959775004,0.819516746089003,0.7154277196948868,0.11416248884099138,0.02267431060013736,0.016473762319504502,0.015314117652652235,ok,0.11046821592633123,-0.12271526935472382,0.0033815985320624587,-0.12938363471004855,-0.11604690399939911,1.0998522216178275e-89,-0.914808210703646,0.8368740623708009,-0.9148082107036428,1.93220013e-316,-0.8874135272086362,1.3076380934417195e-270
RIGNO,C,0,C-k0,target_norm_retention,ood,800,200,800,0.3917113428045454,0.8186686496864528,0.7241548507606665,0.1092904559214939,0.023421992025108928,0.0171326886962375,0.015745726242616748,ok,0.11724317189395977,-0.12955955452110735,0.004302170733939188,-0.13804324825437694,-0.12107586078783775,4.7905226073455e-76,-0.8992676847304512,0.8086823688004633,-0.8992676847304497,8.26091673589921e-289,-0.9018699872968553,4.1459447902330186e-293
RIGNO,C,1,C-k1,log_nk,all,1600,400,321,9.111403624116159,9.592195614445213,9.398410354881623,0.14872587885895874,0.1683203300364751,0.160760565990614,0.035667239338813654,ok,-0.2610555113954264,0.04568600701808567,0.005152208424562679,0.03555713984196475,0.055814874194206596,2.5305177651477528e-17,0.19050231168093962,0.03629113075592483,0.19050231168131476,1.534585871630867e-14,0.1892157677462129,2.315779722744713e-14
RIGNO,C,1,C-k1,log_nk,iid,800,200,134,9.111403624116159,9.519955154427514,9.28712946586172,0.1370804270062386,0.16337211136913843,0.1567651671942545,0.03332403173312237,ok,-0.2785781718591246,0.047587393376261125,0.008410743052152782,0.031001773572568316,0.06417301317995394,5.2821171366920384e-08,0.19575363078435376,0.03831948396569451,0.19575363078547126,2.37517023966503e-08,0.19865334986974897,1.4570311940469915e-08
RIGNO,C,1,C-k1,log_nk,ood,800,200,188,9.433403920090221,9.592195614445213,9.509691243901527,0.026029686814930824,0.1732685487038118,0.1656941546496875,0.03723404340911135,ok,-0.1843320538397085,0.037603807881125315,0.04893799896241784,-0.058899799435284644,0.13410741519753527,0.4431623086960468,0.02628818287178014,0.0006910685585708176,0.02628818286932165,0.4577797310553724,0.04484801859630147,0.20510248813143525
RIGNO,C,1,C-k1,beta_k,all,1600,400,1,0.0,0.0,0.0,0.0,0.1683203300364751,0.160760565990614,0.035667239338813654,constant_predictor,,,,,,,,,,,,
RIGNO,C,1,C-k1,beta_k,iid,800,200,1,0.0,0.0,0.0,0.0,0.16337211136913843,0.1567651671942545,0.03332403173312237,constant_predictor,,,,,,,,,,,,
RIGNO,C,1,C-k1,beta_k,ood,800,200,1,0.0,0.0,0.0,0.0,0.1732685487038118,0.1656941546496875,0.03723404340911135,constant_predictor,,,,,,,,,,,,
RIGNO,C,1,C-k1,beta_total,all,1600,400,4,0.0,3.0,2.0025,1.1525293716301959,0.1683203300364751,0.160760565990614,0.035667239338813654,ok,0.1571157475579581,0.005595297117861197,0.0007143712890082352,0.004190895101377774,0.00699969913434462,4.370028248147138e-14,0.18080301113507224,0.03268972883550936,0.18080301113507288,3.1787812884237383e-13,0.18739756627495688,4.121940991393939e-14
RIGNO,C,1,C-k1,beta_total,iid,800,200,3,0.0,2.0,1.005,0.8159701336898565,0.16337211136913843,0.1567651671942545,0.03332403173312237,ok,0.1558399990285276,0.007494639144886451,0.0014262179716571957,0.0046821992821509464,0.010307079007621955,3.7975941459830643e-07,0.18351326015968936,0.03367711665443773,0.18351326015968966,1.7239975508933587e-07,0.19609650965073275,2.242676342769056e-08
RIGNO,C,1,C-k1,beta_total,ood,800,200,1,3.0,3.0,3.0,0.0,0.1732685487038118,0.1656941546496875,0.03723404340911135,constant_predictor,,,,,,,,,,,,
RIGNO,C,1,C-k1,rho_H,all,1600,400,1,0.0,0.0,0.0,0.0,0.1683203300364751,0.160760565990614,0.035667239338813654,constant_predictor,,,,,,,,,,,,
RIGNO,C,1,C-k1,rho_H,iid,800,200,1,0.0,0.0,0.0,0.0,0.16337211136913843,0.1567651671942545,0.03332403173312237,constant_predictor,,,,,,,,,,,,
RIGNO,C,1,C-k1,rho_H,ood,800,200,1,0.0,0.0,0.0,0.0,0.1732685487038118,0.1656941546496875,0.03723404340911135,constant_predictor,,,,,,,,,,,,
RIGNO,C,1,C-k1,log_lambda1_positive,all,1600,400,343,0.6671266100083363,0.7461019031171127,0.7075874038421653,0.014334179386463936,0.1683203300364751,0.160760565990614,0.035667239338813654,ok,0.2878168507449647,-0.16887881279356326,0.0632935378422008,-0.2933093064929425,-0.044448319094184036,0.007937084952575143,-0.06787010270575412,0.004606350841241502,-0.06787010270539962,0.006611299386390041,-0.09611685672570132,0.00011783484531794536
RIGNO,C,1,C-k1,log_lambda1_positive,iid,800,200,143,0.6671266100083363,0.7461019031171127,0.7135389636263194,0.012262831017341585,0.16337211136913843,0.1567651671942545,0.03332403173312237,ok,0.37947606373578247,-0.30286216083894185,0.09793885509247441,-0.49599332707483995,-0.10973099460304375,0.0022707636156702954,-0.11144952476513817,0.012420996570025045,-0.11144952476356809,0.001593028467326621,-0.13362197129423645,0.00015034375911350406
RIGNO,C,1,C-k1,log_lambda1_positive,ood,800,200,200,0.6680164939718866,0.7347656872469673,0.7016358440580113,0.013779939728062773,0.1732685487038118,0.1656941546496875,0.03723404340911135,ok,0.04366777547657942,0.18471230386083232,0.09913419702450665,-0.010776024720552474,0.38020063244221713,0.06389974221944929,0.06836013983941998,0.0046731087188726095,0.06836013983947542,0.053266416014678054,0.04558466792450097,0.19775200057753445
RIGNO,C,1,C-k1,initial_rayleigh_quotient,all,1600,400,1600,8.074225456269636,17.246303429376074,11.334696817030435,1.6775784306075634,0.1683203300364751,0.160760565990614,0.035667239338813654,ok,0.0032448742998878403,0.014563729264338118,0.0005789245295237897,0.013425605729469188,0.01570185279920705,2.4220571949947396e-84,0.6849926861727904,0.4692149801102147,0.6849926861727902,4.7217022722201287e-222,0.6397094159021156,7.213275926761287e-185
RIGNO,C,1,C-k1,initial_rayleigh_quotient,iid,800,200,800,8.102349527174022,17.01325091365047,11.497695944916105,1.6756500465237425,0.16337211136913843,0.1567651671942545,0.03332403173312237,ok,0.01635915201424798,0.012786297364203187,0.0008682819128786041,0.011074083163848841,0.014498511564557533,1.1031202645550872e-33,0.6429402043780246,0.41337210640566113,0.6429402043780288,1.6541923646740807e-94,0.5833845677883872,3.919081119440259e-74
RIGNO,C,1,C-k1,initial_rayleigh_quotient,ood,800,200,800,8.074225456269636,17.246303429376074,11.17169768914477,1.6646483131577874,0.1732685487038118,0.1656941546496875,0.03723404340911135,ok,-0.019188662018914476,0.017227212557831145,0.0007014467412948591,0.015843990065892335,0.018610435049769954,3.7538547433366983e-62,0.7701889910185474,0.5931910818861412,0.77018899101853,5.1360505086863795e-158,0.7429944265537917,2.65188720695113e-141
RIGNO,C,1,C-k1,target_norm_retention,all,1600,400,1600,0.2869736732174376,0.5991884580811021,0.4845623687211373,0.08289913661461802,0.1683203300364751,0.160760565990614,0.035667239338813654,ok,0.27907117484708766,-0.22855849310566018,0.01139807385977468,-0.25096627762751267,-0.20615070858380768,2.283537427162726e-62,-0.5312242297311359,0.282199182253445,-0.5312242297311418,3.3210331941122994e-117,-0.529208072932841,3.588707494568148e-116
RIGNO,C,1,C-k1,target_norm_retention,iid,800,200,800,0.29691312783439067,0.5977724093728244,0.48533444974197154,0.08184156836383297,0.16337211136913843,0.1567651671942545,0.03332403173312237,ok,0.2613771591030507,-0.20193301296872218,0.01685742102583379,-0.23517511467978247,-0.1686909112576619,2.9915646726884017e-25,-0.4959338239186689,0.24595035770661455,-0.49593382391869034,6.859705092156539e-51,-0.4888725607383762,2.7114233635581764e-49
RIGNO,C,1,C-k1,target_norm_retention,ood,800,200,800,0.2869736732174376,0.5991884580811021,0.483790287700303,0.0839874917188466,0.1732685487038118,0.1656941546496875,0.03723404340911135,ok,0.29556825582003066,-0.25279487874296036,0.015140751762176838,-0.28265178326524054,-0.22293797422068018,1.0502260848667403e-39,-0.5702203102603607,0.3251512022334304,-0.5702203102603681,3.5239138894462697e-70,-0.5758658529153952,7.470763261046798e-72
RIGNO,C,2,C-k2,log_nk,all,1600,400,321,9.543378146148761,10.04676504723975,9.845505281566203,0.15612627542321453,0.4121605324669681,0.4024952362810155,0.10329887067500251,ok,-2.9061469791322923,0.33703780727355914,0.012112377352474252,0.313225754017837,0.3608498605292813,1.734931271684882e-95,0.5094001239566477,0.2594884862872977,0.5094001239568929,2.2293284344848156e-106,0.510699498163279,5.313681749359138e-107
RIGNO,C,2,C-k2,log_nk,iid,800,200,133,9.543378146148761,9.974085801381666,9.729188565011398,0.144710143517777,0.3711986702198672,0.36743126683688,0.08684483631621234,ok,-2.630141338928553,0.30848821451998854,0.017292370026519174,0.27438841228061195,0.3425880167593651,3.791341564259774e-43,0.5140360174574546,0.2642330272417567,0.514036017455739,3.695606099558777e-55,0.5257734150515819,4.565565255708249e-58
RIGNO,C,2,C-k2,log_nk,ood,800,200,188,9.879041159631202,10.04676504723975,9.961821998121007,0.027336534899447144,0.45312239471406895,0.43425185153391055,0.10223842004098464,ok,-5.413299903576436,0.5888904960757382,0.14873655133490904,0.2955884803017782,0.8821925118496982,0.00010461625251281094,0.15745769145761263,0.024792924600522404,0.15745769146193658,7.657139460367253e-06,0.103152099811842,0.0034911744997159666
RIGNO,C,2,C-k2,beta_k,all,1600,400,4,0.0,3.0,2.0025,1.1525293716301959,0.4121605324669681,0.4024952362810155,0.10329887067500251,ok,0.3247012225956912,0.043675061109252,0.001724189769744715,0.04028542937756345,0.047064692840940545,4.4409854095591857e-85,0.48729274973901243,0.23745422394820748,0.4872927497390122,3.4825416089670018e-96,0.514309731139398,9.568099459678126e-109
RIGNO,C,2,C-k2,beta_k,iid,800,200,3,0.0,2.0,1.005,0.8159701336898565,0.3711986702198672,0.36743126683688,0.08684483631621234,ok,0.31945384484379596,0.05148738843390191,0.0033787967053795025,0.0448245481590405,0.05815022870876332,2.944834075052628e-35,0.4837613035596177,0.2340249988217008,0.48376130355961794,3.6815962302189656e-48,0.5042819055320616,7.935765810475297e-53
RIGNO,C,2,C-k2,beta_k,ood,800,200,1,3.0,3.0,3.0,0.0,0.45312239471406895,0.43425185153391055,0.10223842004098464,constant_predictor,,,,,,,,,,,,
RIGNO,C,2,C-k2,beta_total,all,1600,400,4,0.0,3.0,2.0025,1.1525293716301959,0.4121605324669681,0.4024952362810155,0.10329887067500251,ok,0.3247012225956912,0.043675061109252,0.001724189769744715,0.04028542937756345,0.047064692840940545,4.4409854095591857e-85,0.48729274973901243,0.23745422394820748,0.4872927497390122,3.4825416089670018e-96,0.514309731139398,9.568099459678126e-109
RIGNO,C,2,C-k2,beta_total,iid,800,200,3,0.0,2.0,1.005,0.8159701336898565,0.3711986702198672,0.36743126683688,0.08684483631621234,ok,0.31945384484379596,0.05148738843390191,0.0033787967053795025,0.0448245481590405,0.05815022870876332,2.944834075052628e-35,0.4837613035596177,0.2340249988217008,0.48376130355961794,3.6815962302189656e-48,0.5042819055320616,7.935765810475297e-53
RIGNO,C,2,C-k2,beta_total,ood,800,200,1,3.0,3.0,3.0,0.0,0.45312239471406895,0.43425185153391055,0.10223842004098464,constant_predictor,,,,,,,,,,,,
RIGNO,C,2,C-k2,rho_H,all,1600,400,4,0.0,0.5,0.19715278002433478,0.19777344145938522,0.4121605324669681,0.4024952362810155,0.10329887067500251,ok,0.43287930050847484,-0.10508991067206602,0.01651589422142313,-0.1375589579385025,-0.07262086340562954,5.435315916968759e-10,-0.2012025219681654,0.04048245484635027,-0.20120252196816618,4.472211542976329e-16,-0.1283109676546175,2.6086554266647994e-07
RIGNO,C,2,C-k2,rho_H,iid,800,200,4,0.0,0.5,0.15819444624707102,0.19384400954744815,0.3711986702198672,0.36743126683688,0.08684483631621234,ok,0.37073800476875907,0.002912020377685176,0.016559401108584136,-0.029742399007237998,0.03556643976260835,0.8605882463012029,0.00649984190008763,4.224794472618143e-05,0.0064998419000882185,0.8543603959800725,0.14415642667172632,4.2697268529846005e-05
RIGNO,C,2,C-k2,rho_H,ood,800,200,4,0.0,0.5,0.23611111380159855,0.19406911061920515,0.45312239471406895,0.43425185153391055,0.10223842004098464,ok,0.5254124703088505,-0.3061697284420346,0.01740849900732448,-0.3404985319850872,-0.271840924898982,2.1580289140836338e-42,-0.5811718028648144,0.3377606644451372,-0.5811718028648132,1.8638648284650688e-73,-0.6497273525302659,4.007495472627615e-97
RIGNO,C,2,C-k2,log_lambda1_positive,all,1600,400,344,2.507009414956816,2.6964556261107866,2.6250755100023775,0.038772774080661244,0.4121605324669681,0.4024952362810155,0.10329887067500251,ok,3.368852213310987,-1.1263263359770281,0.06981161629820627,-1.263570898030022,-0.9890817739240344,1.9428778052297793e-45,-0.42276160698148124,0.17872737633970437,-0.4227616069840123,2.2291506139369958e-70,-0.4612286304958984,4.3370223138127624e-85
RIGNO,C,2,C-k2,log_lambda1_positive,iid,800,200,144,2.5380297231594233,2.6964556261107866,2.6486227334733856,0.032277579501732996,0.3711986702198672,0.36743126683688,0.08684483631621234,ok,3.533092280754322,-1.1937878394586825,0.0992818160065411,-1.3895672662577456,-0.9980084126596195,2.1768548252532286e-25,-0.44369456528224654,0.1968648672670621,-0.44369456528907564,6.489217351140948e-40,-0.478771912619409,4.503390732904966e-47
RIGNO,C,2,C-k2,log_lambda1_positive,ood,800,200,200,2.507009414956816,2.675911259516468,2.6015282865313702,0.029263697863029327,0.45312239471406895,0.43425185153391055,0.10223842004098464,ok,1.101301897969341,-0.2491533559760799,0.10118248951825476,-0.4486808283450482,-0.04962588360711162,0.014650665704850283,-0.07131515263949667,0.005085850996077723,-0.07131515264007998,0.04374655456949854,-0.08730031571331259,0.013508200755285023
RIGNO,C,2,C-k2,initial_rayleigh_quotient,all,1600,400,1600,9.48354991510157,35.86134226126692,19.505883276152996,5.252073034994045,0.4121605324669681,0.4024952362810155,0.10329887067500251,ok,0.21142091631090515,0.010291234358070746,0.0004497593931378972,0.009407040090504176,0.011175428625637317,1.2593117625114999e-74,0.5232420656260607,0.27378225924062605,0.52324206562606,3.7417989951445463e-113,0.5276064824634698,2.3501465549300293e-115
RIGNO,C,2,C-k2,initial_rayleigh_quotient,iid,800,200,800,9.48354991510157,34.49063293614603,19.227714655567596,4.827716345157303,0.3711986702198672,0.36743126683688,0.08684483631621234,ok,0.2460046731128076,0.0065111220625904635,0.0005924851947640682,0.005342767005404582,0.007679477119776345,2.9143081580089484e-22,0.3619541672279505,0.1310108191736783,0.3619541672279495,3.592138681470619e-26,0.33245215226898794,4.258768899084688e-22
RIGNO,C,2,C-k2,initial_rayleigh_quotient,ood,800,200,800,9.901133582941487,35.86134226126692,19.784051896738394,5.633939249257863,0.45312239471406895,0.43425185153391055,0.10223842004098464,ok,0.20783438404781812,0.01239826967430722,0.0005783582007210835,0.011257772435474973,0.013538766913139466,1.305485647683537e-53,0.6832176995004571,0.4667864249106931,0.6832176995004545,4.4586497517991895e-111,0.7660856266962918,2.3852898813463202e-155
RIGNO,C,2,C-k2,target_norm_retention,all,1600,400,1600,0.0773368681080183,0.7198841721577247,0.4061981572020235,0.22695665927430905,0.4121605324669681,0.4024952362810155,0.10329887067500251,ok,0.4464544338640753,-0.08442653121159083,0.0159075481635229,-0.11569961435743543,-0.05315344806574622,1.8498353423264214e-07,-0.1854924778237453,0.03440745932919331,-0.1854924778237468,7.495069912513858e-14,-0.1811331010285551,2.874986797292527e-13
RIGNO,C,2,C-k2,target_norm_retention,iid,800,200,800,0.09155195335285603,0.7189064561223293,0.3557980907758454,0.22750362758856643,0.3711986702198672,0.36743126683688,0.08684483631621234,ok,0.3677574751125128,0.009671763836199776,0.014614980125078824,-0.019148341865524252,0.0384918695379238,0.5088838252775001,0.025336697623605183,0.0006419482464699033,0.025336697623603258,0.4742233217445421,0.019974359334936465,0.5726635577740629
RIGNO,C,2,C-k2,target_norm_retention,ood,800,200,800,0.0773368681080183,0.7198841721577247,0.45659822362820157,0.21503145187685396,0.45312239471406895,0.43425185153391055,0.10223842004098464,ok,0.5848297958257964,-0.28845359945809634,0.01787172081672847,-0.3236958562796422,-0.2532113426365505,5.145116095218864e-38,-0.6066857866711375,0.36806764374878265,-0.6066857866711419,1.3629443364621297e-81,-0.6850865782602785,6.53112786016638e-112
RIGNO,D,0,D-k0,log_nk,all,1600,400,245,7.383989457978509,8.154500175151941,7.958374634959847,0.23199193460850195,0.027790722145087963,0.0200797129054145,0.018629321933919384,ok,-0.032974616586610626,0.007635395607636392,0.0022092975133555085,0.00329207732132083,0.011978713893951954,0.0006070783933546263,0.09508398667434238,0.009040964521878636,0.09508398667429949,0.00013951890505272083,0.1655716710638213,2.6695689848438733e-11
RIGNO,D,0,D-k0,log_nk,iid,800,200,173,7.383989457978509,8.101374671228582,7.775637599393222,0.20201615090200456,0.026337890087547527,0.019009114323526,0.017906013685297973,ok,-0.02905548771920339,0.00712396598975721,0.0034628612370326845,0.0002953541115630525,0.013952577867951368,0.04096641984753242,0.08037278501519204,0.0064597845710774315,0.0803727850150612,0.023001493281431945,0.16953703153210842,1.4163745305078268e-06
RIGNO,D,0,D-k0,log_nk,ood,800,200,72,8.127699852817772,8.154500175151941,8.141111670526472,0.005302345153874631,0.029243554202628398,0.020830685712988004,0.01922720929950812,ok,0.022743163232412378,0.000798464784777124,0.11342224575708623,-0.22286527499937223,0.2244622045689265,0.9943901869627959,0.00022019502758576843,4.848585000161165e-08,0.00022019502770560112,0.9950385323469685,-0.024545090116032897,0.4881470903418369
RIGNO,D,0,D-k0,beta_k,all,1600,400,1,1.0,1.0,1.0,0.0,0.027790722145087963,0.0200797129054145,0.018629321933919384,constant_predictor,,,,,,,,,,,,
RIGNO,D,0,D-k0,beta_k,iid,800,200,1,1.0,1.0,1.0,0.0,0.026337890087547527,0.019009114323526,0.017906013685297973,constant_predictor,,,,,,,,,,,,
RIGNO,D,0,D-k0,beta_k,ood,800,200,1,1.0,1.0,1.0,0.0,0.029243554202628398,0.020830685712988004,0.01922720929950812,constant_predictor,,,,,,,,,,,,
RIGNO,D,0,D-k0,beta_total,all,1600,400,6,0.0,6.0,3.995,2.165157024464477,0.027790722145087963,0.0200797129054145,0.018629321933919384,ok,0.02475923002191418,0.0007588215577406226,0.00023031170681159552,0.00030604548674959643,0.0012115976287316488,0.0010730890663863037,0.088192572541556,0.0077779298514978334,0.08819257254155613,0.00041269538939820924,0.17519108637555278,1.7036928782998953e-12
RIGNO,D,0,D-k0,beta_total,iid,800,200,5,0.0,4.0,1.99,1.1539343376334121,0.026337890087547527,0.019009114323526,0.017906013685297973,ok,0.024416178399911552,0.0009656842651437034,0.0006044949842783522,-0.0002263535750699283,0.002157722105357335,0.11173965329020089,0.06223251319061326,0.0038728856980200232,0.062232513190613487,0.07855129613151952,0.14386620826430965,4.4257146880111535e-05
RIGNO,D,0,D-k0,beta_total,ood,800,200,1,6.0,6.0,6.0,0.0,0.029243554202628398,0.020830685712988004,0.01922720929950812,constant_predictor,,,,,,,,,,,,
RIGNO,D,0,D-k0,rho_H,all,1600,400,1,0.0,0.0,0.0,0.0,0.027790722145087963,0.0200797129054145,0.018629321933919384,constant_predictor,,,,,,,,,,,,
RIGNO,D,0,D-k0,rho_H,iid,800,200,1,0.0,0.0,0.0,0.0,0.026337890087547527,0.019009114323526,0.017906013685297973,constant_predictor,,,,,,,,,,,,
RIGNO,D,0,D-k0,rho_H,ood,800,200,1,0.0,0.0,0.0,0.0,0.029243554202628398,0.020830685712988004,0.01922720929950812,constant_predictor,,,,,,,,,,,,
RIGNO,D,0,D-k0,log_lambda1_positive,all,1600,400,379,0.5033968243114202,0.7686805951110842,0.6677806442096653,0.03520496700715221,0.027790722145087963,0.0200797129054145,0.018629321933919384,ok,0.043106738754028026,-0.022935700131092644,0.013824056055608451,-0.05011278927115265,0.004241389008967363,0.09787838221184722,-0.043342992797332336,0.001878615024629604,-0.043342992797331385,0.0830638158099735,-0.09339559694451317,0.0001832285422202789
RIGNO,D,0,D-k0,log_lambda1_positive,iid,800,200,179,0.5033968243114202,0.7686805951110842,0.6835510801736885,0.04404126412379503,0.026337890087547527,0.019009114323526,0.017906013685297973,ok,0.032513255050231865,-0.009034240661450848,0.015753126216303433,-0.040098720996077114,0.022030239673175415,0.5669613436937344,-0.02222043309704219,0.0004937476470211477,-0.022220433097063494,0.5302768055431479,-0.0405634403232526,0.25180133152442347
RIGNO,D,0,D-k0,log_lambda1_positive,ood,800,200,200,0.6335723799667812,0.6723225601100697,0.6520102082456419,0.0065315992396273274,0.029243554202628398,0.020830685712988004,0.01922720929950812,ok,-0.07034099823992666,0.1527346522848394,0.10695209690320574,-0.0581702351246326,0.3636395396943114,0.15484037043217058,0.051884884758284844,0.002692041266411871,0.05188488475858818,0.14258859206590863,0.0136000243762576,0.7009168814146505
RIGNO,D,0,D-k0,initial_rayleigh_quotient,all,1600,400,1600,1.8019885967744893,10.283227253396591,3.7975272601485863,1.955888692457057,0.027790722145087963,0.0200797129054145,0.018629321933919384,ok,-0.005002712956250965,0.008635470624654792,0.00018603498134742649,0.008269739376827769,0.009001201872481816,6.342375403000691e-163,0.9066362913646816,0.8219893648195059,0.9066362913646826,0.0,0.868485122455126,0.0
RIGNO,D,0,D-k0,initial_rayleigh_quotient,iid,800,200,800,1.8019885967744893,10.283227253396591,3.8331394688740534,1.939721806529613,0.026337890087547527,0.019009114323526,0.017906013685297973,ok,-0.005894757684370932,0.008408942078328936,0.00022531774461678582,0.007964625277296352,0.00885325887936152,8.479270522197996e-92,0.9109234811191674,0.8297815884542631,0.910923481119168,4.600618341819027e-309,0.8714165178383092,4.691435065206382e-249
RIGNO,D,0,D-k0,initial_rayleigh_quotient,ood,800,200,800,1.9242826846127261,9.211651013740937,3.761915051423119,1.9724930152021374,0.029243554202628398,0.020830685712988004,0.01922720929950812,ok,-0.004187833910897161,0.008886800381332001,0.00028561417190903346,0.00832358164590561,0.009450019116758392,2.2378347215671484e-78,0.9116846551476144,0.8311689104316258,0.9116846551476152,1.75535348874195e-310,0.9164021975034338,1.434e-319
RIGNO,D,0,D-k0,target_norm_retention,all,1600,400,1600,0.38950793534688544,0.8409387136167635,0.72541767488412,0.1120238395661907,0.027790722145087963,0.0200797129054145,0.018629321933919384,ok,0.13655236244943783,-0.1499296806101722,0.0033608052022127575,-0.15653677929347493,-0.14332258192686947,3.755942641405972e-157,-0.9015732588905094,0.8128343411464752,-0.9015732588905214,0.0,-0.8543919372624756,0.0
RIGNO,D,0,D-k0,target_norm_retention,iid,800,200,800,0.38950793534688544,0.8409387136167635,0.7231668320609083,0.11045632381727896,0.026337890087547527,0.019009114323526,0.017906013685297973,ok,0.13220883241550271,-0.1463990570837439,0.004204779819108213,-0.15469070016516212,-0.13810741400232568,1.3648706577156392e-86,-0.9030877525277189,0.815567488765586,-0.9030877525277297,3.6652559681090485e-295,-0.8583273801990317,1.8188962464187636e-233
RIGNO,D,0,D-k0,target_norm_retention,ood,800,200,800,0.4155558489615949,0.8260093580251746,0.7276685177073319,0.11359420245477028,0.029243554202628398,0.020830685712988004,0.01922720929950812,ok,0.14122686652683436,-0.15389330388654476,0.005074477408401733,-0.16389995282068828,-0.14388665495240124,1.5206888023022667e-76,-0.9092004380775567,0.8266454366004545,-0.909200438077575,6.717463146015788e-306,-0.9119778702779223,4.9491107647675e-311
RIGNO,D,1,D-k1,log_nk,all,1600,400,343,9.111403624116159,9.921327470664458,9.718085351035178,0.23976327767915767,0.2609659292058376,0.2520141001890535,0.05644507016754138,ok,0.05711061850419075,0.02097690062785313,0.0051376986601060215,0.010876558593734936,0.031077242661971323,5.374673976625448e-05,0.08910415799210478,0.007939550971473919,0.08910415799206067,0.00035905731158464727,0.12824588218591315,2.645538097534165e-07
RIGNO,D,1,D-k1,log_nk,iid,800,200,177,9.111403624116159,9.865214390314636,9.530356928753216,0.21078321113054613,0.2523794435434416,0.24117892847175254,0.057153398593143216,ok,0.4269554099380325,-0.01831788333844893,0.007691333519935458,-0.03348485880709039,-0.003150907869807467,0.01817907530295631,-0.06755682717451235,0.00456392489790558,-0.06755682717465109,0.05613446784533806,-0.059054937000852965,0.09508348927291548
RIGNO,D,1,D-k1,log_nk,ood,800,200,166,9.888221618865694,9.921327470664458,9.905813773317142,0.006565690274090844,0.2695524148682336,0.25898638624025005,0.054423601878799396,ok,0.4420466582031841,-0.017413434907256678,0.23219915525916976,-0.47530007868975777,0.44047320887524444,0.940295191432344,-0.0021007654080614363,4.413215255127945e-06,-0.0021007653974494216,0.9526926314801706,0.0034863994625554317,0.9215699090294389
RIGNO,D,1,D-k1,beta_k,all,1600,400,4,0.0,3.0,1.9975,1.1568622244584645,0.2609659292058376,0.2520141001890535,0.05644507016754138,ok,0.2508500872733748,0.005064251280331748,0.0010977677546252177,0.0029061196869323356,0.00722238287373116,5.349632162847282e-06,0.10379367027078679,0.010773125988280507,0.1037936702707855,3.1860806615504854e-05,0.13205446721896702,1.1499241762102861e-07
RIGNO,D,1,D-k1,beta_k,iid,800,200,3,0.0,2.0,0.995,0.8159701336898565,0.2523794435434416,0.24117892847175254,0.057153398593143216,ok,0.25786949866874853,-0.005517643342017061,0.001949607357503591,-0.009362184329363038,-0.0016731023546710851,0.00513007308328989,-0.07877453110861457,0.006205426751382137,-0.07877453110861429,0.025876549000956685,-0.07907475782215541,0.025313951657348763
RIGNO,D,1,D-k1,beta_k,ood,800,200,1,3.0,3.0,3.0,0.0,0.2695524148682336,0.25898638624025005,0.054423601878799396,constant_predictor,,,,,,,,,,,,
RIGNO,D,1,D-k1,beta_total,all,1600,400,6,0.0,6.0,3.995,2.165157024464477,0.2609659292058376,0.2520141001890535,0.05644507016754138,ok,0.24697253600132746,0.0035027267095143924,0.0005493053828574414,0.002422832263558718,0.004582621155470067,5.012329382091613e-10,0.13435988860273518,0.018052579665339574,0.13435988860273562,6.864847461487071e-08,0.14576770401765357,4.699910742344143e-09
RIGNO,D,1,D-k1,beta_total,iid,800,200,5,0.0,4.0,1.99,1.1539343376334121,0.2523794435434416,0.24117892847175254,0.057153398593143216,ok,0.25479071688357485,-0.0012116951457956365,0.0013841430978654098,-0.003941165185808962,0.001517774894217689,0.3824052869201574,-0.02446427806386049,0.000598500901185961,-0.02446427806385986,0.48958078923670806,-0.02731217085923368,0.44044566818867414
RIGNO,D,1,D-k1,beta_total,ood,800,200,1,6.0,6.0,6.0,0.0,0.2695524148682336,0.25898638624025005,0.054423601878799396,constant_predictor,,,,,,,,,,,,
RIGNO,D,1,D-k1,rho_H,all,1600,400,4,0.0,0.5,0.1965625022398308,0.19777088866174766,0.2609659292058376,0.2520141001890535,0.05644507016754138,ok,0.28827680425639945,-0.13894244700466388,0.005849143195681507,-0.1504414372708036,-0.12744345673852414,2.2547296922327026e-78,-0.4868232271726675,0.23699685451481145,-0.48682322717266835,5.6283261691585135e-96,-0.4582933647292953,6.72295329394225e-84
RIGNO,D,1,D-k1,rho_H,iid,800,200,4,0.0,0.5,0.15701389067806304,0.19359928066917223,0.2523794435434416,0.24117892847175254,0.057153398593143216,ok,0.27507885084052786,-0.14456942120890812,0.007450860759343977,-0.1592621948435875,-0.12987664757422873,9.035982283628544e-48,-0.4897090399128253,0.23981494377234092,-0.489709039912825,1.761863016474982e-49,-0.46606292715024944,2.2072709707934342e-44
RIGNO,D,1,D-k1,rho_H,ood,800,200,4,0.0,0.5,0.23611111380159855,0.19406911061920515,0.2695524148682336,0.25898638624025005,0.054423601878799396,ok,0.30802737241294553,-0.16295275950899124,0.008199641111140948,-0.17912209545860203,-0.14678342355938045,3.870902202531622e-49,-0.5810732112380503,0.337646076818499,-0.5810732112380497,1.9974149595763765e-73,-0.5859441082167334,6.357787123544747e-75
RIGNO,D,1,D-k1,log_lambda1_positive,all,1600,400,384,0.5033968243114326,0.7686805951189433,0.6678219969077439,0.035195855103344914,0.2609659292058376,0.2520141001890535,0.05644507016754138,ok,0.33181772417660205,-0.1060938323368113,0.03403360126883998,-0.1730014180497089,-0.039186246623913706,0.0019571770984567645,-0.0661539287523509,0.004376342289371227,-0.06615392875235195,0.008121199815572413,-0.08211849269614037,0.0010099991975502866
RIGNO,D,1,D-k1,log_lambda1_positive,iid,800,200,184,0.5033968243114326,0.7686805951189433,0.6835510801736869,0.044041264123835105,0.2523794435434416,0.24117892847175254,0.057153398593143216,ok,0.24400526427027197,0.012250992670579115,0.0355312954014994,-0.057815177822066056,0.0823171631632243,0.7306130515151199,0.009440369553961632,8.912057731524925e-05,0.009440369553948717,0.7897753042844796,0.01620407665833061,0.6472154810579631
RIGNO,D,1,D-k1,log_lambda1_positive,ood,800,200,200,0.6339451296162183,0.6729966261551327,0.6520929136418009,0.0066322285464830485,0.2695524148682336,0.25898638624025005,0.054423601878799396,ok,0.5115065768098732,-0.3710424647774485,0.22293349534244458,-0.810657629850374,0.06857270029547707,0.09761348867942209,-0.04521638300115964,0.0020445212916966327,-0.04521638300104042,0.2014024374664529,-0.048294922670257916,0.17236397685737567
RIGNO,D,1,D-k1,initial_rayleigh_quotient,all,1600,400,1600,3.997080762354902,17.84090746994571,9.3765935816095,2.6992134021253795,0.2609659292058376,0.2520141001890535,0.05644507016754138,ok,0.11719730612663716,0.015332713509219002,0.00039156708390052764,0.01456292109079484,0.016102505927643163,9.409624367146848e-139,0.7332131162595644,0.5376014738550613,0.7332131162595643,6.063966918610346e-270,0.7184181409836489,3.5118449015318826e-254
RIGNO,D,1,D-k1,initial_rayleigh_quotient,iid,800,200,800,3.997080762354902,17.84090746994571,9.8594969574826,2.718919016389789,0.2523794435434416,0.24117892847175254,0.057153398593143216,ok,0.09578537714498035,0.01588256146066551,0.0005091348830958812,0.014878569596038935,0.016886553325292084,1.4599791327435262e-78,0.755570087647663,0.5708861573478974,0.7555700876476631,9.301607036378815e-149,0.7544555694618273,4.440904685411855e-148
RIGNO,D,1,D-k1,initial_rayleigh_quotient,ood,800,200,800,4.260069852411767,15.411035247786048,8.893690205736402,2.592514010093532,0.2695524148682336,0.25898638624025005,0.054423601878799396,ok,0.11810502316890875,0.01702863358132737,0.0004681338390667626,0.016105493993795073,0.017951773168859667,7.286650079068801e-90,0.8111732705721149,0.65800207489066,0.811173270572114,4.137826149347871e-188,0.7981118017371903,9.110702275102586e-178
RIGNO,D,1,D-k1,target_norm_retention,all,1600,400,1600,0.30027767833331487,0.8274266228513649,0.6072654148590875,0.13868439175686645,0.2609659292058376,0.2520141001890535,0.05644507016754138,ok,0.42747572906055126,-0.2741960858965602,0.008456259420870402,-0.29082047711343684,-0.25757169467968355,7.050319986484994e-114,-0.6736942177909656,0.453863899084996,-0.6736942177909768,3.75579895932548e-212,-0.6594416657975257,2.826209480246688e-200
RIGNO,D,1,D-k1,target_norm_retention,iid,800,200,800,0.30027767833331487,0.8241541822897855,0.5783332703028572,0.14074157448720284,0.2523794435434416,0.24117892847175254,0.057153398593143216,ok,0.41523267990979607,-0.2815906411212925,0.010248228814720631,-0.3017997029994461,-0.26138157924313893,1.1848436122709967e-69,-0.6934235087994619,0.48083616255575434,-0.6934235087994597,1.036785562745049e-115,-0.6959865562289941,6.62808860976712e-117
RIGNO,D,1,D-k1,target_norm_retention,ood,800,200,800,0.33141727297098145,0.8274266228513649,0.6361975594153177,0.13040846892115593,0.2695524148682336,0.25898638624025005,0.054423601878799396,ok,0.47431995157970297,-0.3218615564945806,0.010513436501754897,-0.3425935964067666,-0.30112951658239456,3.2366256618753414e-77,-0.7712365837254345,0.594805868076488,-0.7712365837254402,1.049159812154123e-158,-0.7563312286425448,3.1827152771919816e-149
RIGNO,D,2,D-k2,log_nk,all,1600,400,357,9.543378146148761,10.367284459872343,10.162239385949931,0.24169667372647527,0.43359201688470916,0.4326741272935655,0.08587958953603816,ok,-1.4034079044541423,0.18076723560347546,0.00788095590904903,0.16527384926392757,0.19626062194302335,7.25870428336195e-75,0.5087453235411173,0.2588218042248759,0.5087453235410384,4.581360910911677e-106,0.48284887873043614,3.178051147454212e-94
RIGNO,D,2,D-k2,log_nk,iid,800,200,179,9.543378146148761,10.31088412749404,9.973818858330237,0.21391859473400596,0.3993261507793852,0.39851274554792954,0.0840823699694277,ok,-1.3849158287336638,0.17889255909464402,0.012582637001031299,0.15408014571654577,0.20370497247274227,4.047401467495218e-32,0.4551304258408838,0.2071437045264165,0.45513042584122687,3.708601260995724e-42,0.47458564261595454,3.566507004568894e-46
RIGNO,D,2,D-k2,log_nk,ood,800,200,178,10.330909827996335,10.367284459872343,10.350659913569626,0.0072838673246226554,0.4678578829900332,0.45724773226061455,0.07306678669980213,ok,-3.004689878961313,0.33549047026063233,0.3228947823847223,-0.301244008966905,0.9722249494881696,0.3000614823094386,0.03344430738542833,0.0011185216941800302,0.03344430735087947,0.3447951827971332,0.017749754865535372,0.616164669064865
RIGNO,D,2,D-k2,beta_k,all,1600,400,4,0.0,3.0,1.9975,1.1568622244584645,0.43359201688470916,0.4326741272935655,0.08587958953603816,ok,0.36526548802113884,0.03420602195923417,0.0021269901383530283,0.03002451398809157,0.038387529930376765,3.23079170577517e-45,0.4607806682288466,0.21231882421342096,0.46078066822884534,6.601021557488826e-85,0.4767029085566359,1.4656734896498514e-91
RIGNO,D,2,D-k2,beta_k,iid,800,200,3,0.0,2.0,0.995,0.8159701336898565,0.3993261507793852,0.39851274554792954,0.0840823699694277,ok,0.3652141442733069,0.03428342362419939,0.004230089944034273,0.025941870076297446,0.04262497717210133,5.2786115744016486e-14,0.3327005383905732,0.11068964824537764,0.3327005383905738,3.95163986797729e-22,0.3595952870970573,7.892428515399992e-26
RIGNO,D,2,D-k2,beta_k,ood,800,200,1,3.0,3.0,3.0,0.0,0.4678578829900332,0.45724773226061455,0.07306678669980213,constant_predictor,,,,,,,,,,,,
RIGNO,D,2,D-k2,beta_total,all,1600,400,6,0.0,6.0,3.995,2.165157024464477,0.43359201688470916,0.4326741272935655,0.08587958953603816,ok,0.3560303553307742,0.01941468374316274,0.0009734417967735268,0.017500967943895468,0.021328399542430015,6.7337102827303685e-62,0.4894741475985437,0.23958494116732132,0.48947414759854413,3.7069184289807984e-97,0.5114445598923215,2.328501167759132e-107
RIGNO,D,2,D-k2,beta_total,iid,800,200,5,0.0,4.0,1.99,1.1539343376334121,0.3993261507793852,0.39851274554792954,0.0840823699694277,ok,0.33272572910465165,0.033467548580268104,0.002347030948652205,0.02883930554151752,0.03809579161901869,3.003025497522425e-32,0.4593038174022413,0.210959996680272,0.45930381740224197,5.360495557431275e-43,0.49042117663092843,1.2194639267207337e-49
RIGNO,D,2,D-k2,beta_total,ood,800,200,1,6.0,6.0,6.0,0.0,0.4678578829900332,0.45724773226061455,0.07306678669980213,constant_predictor,,,,,,,,,,,,
RIGNO,D,2,D-k2,rho_H,all,1600,400,4,0.0,0.5,0.1965625022398308,0.19777088866174766,0.43359201688470916,0.4326741272935655,0.08587958953603816,ok,0.4389357042178782,-0.02718569041540214,0.012978332783412108,-0.05270014908985589,-0.0016712317409483916,0.03682795675844351,-0.06260554086697223,0.0039194537472458935,-0.06260554086697223,0.012254776493115722,-0.00464129130278362,0.8528309521830231
RIGNO,D,2,D-k2,rho_H,iid,800,200,4,0.0,0.5,0.15701389067806304,0.19359928066917223,0.3993261507793852,0.39851274554792954,0.0840823699694277,ok,0.4012818332869472,-0.012455474475005945,0.01672286146587743,-0.04543223058121897,0.020521281631207082,0.45726094799372285,-0.02867867425277332,0.0008224663568967561,-0.028678674252773817,0.4179093262245892,0.06589084468373804,0.06249250959085838
RIGNO,D,2,D-k2,rho_H,ood,800,200,4,0.0,0.5,0.23611111380159855,0.19406911061920515,0.4678578829900332,0.45724773226061455,0.07306678669980213,ok,0.4952842395358463,-0.11615868522334433,0.012670136547749674,-0.14114364390521272,-0.09117372654147592,6.110279813198377e-17,-0.3085233900405215,0.09518668220209536,-0.30852339004052093,4.202749090386731e-19,-0.26221570108188685,4.799656943404971e-14
RIGNO,D,2,D-k2,log_lambda1_positive,all,1600,400,385,2.266242713506224,2.685133355534697,2.3980652561087026,0.12108473168180206,0.43359201688470916,0.4326741272935655,0.08587958953603816,ok,1.1543110105467294,-0.30054186049612175,0.018209606687976696,-0.33634062333199727,-0.26474309766024623,5.089483479286608e-47,-0.42374481217159876,0.1795596658423173,-0.4237448121715679,9.892432314180402e-71,-0.40038746527269786,1.16736942311317e-62
RIGNO,D,2,D-k2,log_lambda1_positive,iid,800,200,185,2.288142934549517,2.685133355534697,2.4780375687199285,0.1274107355819357,0.3993261507793852,0.39851274554792954,0.0840823699694277,ok,0.9202134818057264,-0.21020154722488993,0.0275876263373413,-0.2646031475211171,-0.15579994692866278,1.0142663799936047e-12,-0.31852020539052495,0.10145512124195732,-0.318520205390423,2.5430396775280137e-20,-0.3367063792988917,1.170574560162601e-22
RIGNO,D,2,D-k2,log_lambda1_positive,ood,800,200,200,2.266242713506224,2.3546645827932653,2.318092943497476,0.01734151873572787,0.4678578829900332,0.45724773226061455,0.07306678669980213,ok,-0.16032817632155383,0.2709926110057248,0.12913920610749488,0.016335708402878846,0.5256495136085708,0.03712685035726047,0.06431682099703336,0.004136653463203466,0.06431682099733621,0.06903468305639726,0.05183168839317052,0.14299900501822316
RIGNO,D,2,D-k2,initial_rayleigh_quotient,all,1600,400,1600,9.234775758008858,42.241847033780694,22.03469820024163,6.042655510112891,0.43359201688470916,0.4326741272935655,0.08587958953603816,ok,0.29785515086790604,0.006160141826463248,0.00032551839094384675,0.005520196336382518,0.0068000873165439775,1.83279307527361e-57,0.43343960016407235,0.1878698869903911,0.4334396001640726,2.8369728965546246e-74,0.3948467597057656,7.749874294619009e-61
RIGNO,D,2,D-k2,initial_rayleigh_quotient,iid,800,200,800,9.234775758008858,41.04377920357768,21.05494116338114,5.543905176901834,0.3993261507793852,0.39851274554792954,0.0840823699694277,ok,0.2583145335129867,0.006697317089237296,0.0005054917614985825,0.005700509302086012,0.00769412487638858,3.864036782422034e-29,0.4415823542542385,0.1949949755887126,0.441582354254235,1.6489809595559732e-39,0.4079953640552564,1.936764379409031e-33
RIGNO,D,2,D-k2,initial_rayleigh_quotient,ood,800,200,800,12.480546134269723,42.241847033780694,23.014455237102116,6.357352855762587,0.4678578829900332,0.45724773226061455,0.07306678669980213,ok,0.3670267060374168,0.004381210674500945,0.0004074838402174007,0.0035776702491083666,0.005184751099893523,1.4936780502362282e-21,0.3811978526942877,0.1453118028987358,0.38119785269428763,4.5476865584964893e-29,0.32403116254869146,5.174079844950809e-21
RIGNO,D,2,D-k2,target_norm_retention,all,1600,400,1600,0.07543813228969622,0.7237137381537226,0.4041376744790584,0.2277965013568616,0.43359201688470916,0.4326741272935655,0.08587958953603816,ok,0.4456020288370832,-0.029717625232180467,0.012348231427416971,-0.05399335045168666,-0.005441900012674271,0.016554108372837092,-0.07882630894136199,0.00621358698131913,-0.07882630894136394,0.0016022378212502432,-0.09818684792454997,8.357399318227845e-05
RIGNO,D,2,D-k2,target_norm_retention,iid,800,200,800,0.07543813228969622,0.7237137381537226,0.3537813692771599,0.22753455679941395,0.3993261507793852,0.39851274554792954,0.0840823699694277,ok,0.4035991030894667,-0.012077946102170611,0.014888669992800144,-0.041437756329642444,0.017281864125301225,0.4182100926615504,-0.03268402299321279,0.0010682453590207253,-0.03268402299321188,0.3558795665139724,-0.04928480357000558,0.16372521450842398
RIGNO,D,2,D-k2,target_norm_retention,ood,800,200,800,0.08281154795539389,0.7229823170192002,0.45449397968095695,0.21678929975212613,0.4678578829900332,0.45724773226061455,0.07306678669980213,ok,0.5250702247044805,-0.1258814071742136,0.01265294353110924,-0.1508324619744025,-0.10093035237402467,3.4798188479385762e-19,-0.3734903825075961,0.13949506582566917,-0.3734903825075946,6.947507103754232e-28,-0.3457890012328144,6.939264686148273e-24
