model,protocol,degree,task,variable,scope,n,n_geometries,n_unique_x,x_min,x_max,x_mean,x_sd,y_mean,y_median,y_sd,status,intercept,slope,slope_se_cluster,slope_ci95_low,slope_ci95_high,p_cluster,standardized_slope,r2,pearson_r,pearson_p,spearman_rho,spearman_p
GAOT,A,0,A-k0,log_nk,all,1600,400,221,7.731492029245684,7.903226808730733,7.836536796010969,0.029959236007328197,0.31971695668995337,0.314737126231193,0.024252273817982395,ok,0.27144509540915057,0.006159846184765446,0.022792252570474604,-0.038648065279051805,0.05096775764858269,0.787099564576132,0.007609360136837712,5.790236169389562e-05,0.007609360136951352,0.7610205249729393,0.0038397760602969207,0.8780264069774302
GAOT,A,0,A-k0,beta_k,all,1600,400,1,1.0,1.0,1.0,0.0,0.31971695668995337,0.314737126231193,0.024252273817982395,constant_predictor,,,,,,,,,,,,
GAOT,A,0,A-k0,beta_total,all,1600,400,1,2.0,2.0,2.0,0.0,0.31971695668995337,0.314737126231193,0.024252273817982395,constant_predictor,,,,,,,,,,,,
GAOT,A,0,A-k0,rho_H,all,1600,400,1,0.0,0.0,0.0,0.0,0.31971695668995337,0.314737126231193,0.024252273817982395,constant_predictor,,,,,,,,,,,,
GAOT,A,0,A-k0,log_lambda1_positive,all,1600,400,400,0.5911348066758972,0.7538510155881601,0.684904804429579,0.034406063767318584,0.31971695668995337,0.314737126231193,0.024252273817982395,ok,0.32581700215383197,-0.008906413598533027,0.01923803200978298,-0.046726985846363644,0.028914158649297587,0.6436463920140634,-0.012635295004051448,0.00015965067983936265,-0.012635295004048842,0.6135328736496409,-0.006279770850828603,0.8018164322269346
GAOT,A,0,A-k0,initial_rayleigh_quotient,all,1600,400,1600,1.9058051657219186,9.483124457550876,3.8709239840100538,1.9549361874885733,0.31971695668995337,0.314737126231193,0.024252273817982395,ok,0.2933811567530161,0.006803491891270649,0.00036763078734452695,0.006080756491609185,0.007526227290932113,1.192540959875021e-55,0.5484183709680941,0.30076270961529494,0.5484183709680914,2.6024556716497936e-126,0.403532726965909,1.0407399466602714e-63
GAOT,A,0,A-k0,target_norm_retention,all,1600,400,1600,0.4143438152804424,0.8281922245454145,0.719969085278326,0.11255047190149724,0.31971695668995337,0.314737126231193,0.024252273817982395,ok,0.4060246753926141,-0.11987697870290398,0.006129022533904646,-0.13192619139962083,-0.10782776600618711,3.1938861823193414e-60,-0.5563276509410624,0.30950045520160274,-0.5563276509410644,1.110972985016184e-130,-0.4022804022579696,2.733479779744749e-63
GAOT,A,1,A-k1,log_nk,all,1600,400,360,9.477998292597036,9.666498594399865,9.597116032256835,0.03324862117039561,0.5352451018989082,0.5136508643627165,0.07056632716354239,ok,0.9441672964229986,-0.04260886219967272,0.03698104691340565,-0.11531091175846488,0.030093187359119436,0.24993653714265016,-0.02007594804382038,0.0004030436898972978,-0.020075948044794505,0.42226887893576953,-0.03603908269034456,0.14961159385413708
GAOT,A,1,A-k1,beta_k,all,1600,400,1,1.0,1.0,1.0,0.0,0.5352451018989082,0.5136508643627165,0.07056632716354239,constant_predictor,,,,,,,,,,,,
GAOT,A,1,A-k1,beta_total,all,1600,400,1,2.0,2.0,2.0,0.0,0.5352451018989082,0.5136508643627165,0.07056632716354239,constant_predictor,,,,,,,,,,,,
GAOT,A,1,A-k1,rho_H,all,1600,400,4,0.0,0.5,0.23611111380159855,0.19400841660345367,0.5352451018989082,0.5136508643627165,0.07056632716354239,ok,0.5951991015678096,-0.25392281923366167,0.0068346992633233124,-0.26735934107483883,-0.24048629739248453,1.338931031650916e-131,-0.6981114942377101,0.48735965838680473,-0.6981114942377074,3.94715966369462e-234,-0.8059667820441782,0.0
GAOT,A,1,A-k1,log_lambda1_positive,all,1600,400,400,0.5911348066759515,0.753851015588182,0.6849048044296137,0.03440606376731256,0.5352451018989082,0.5136508643627165,0.07056632716354239,ok,0.6278837188530451,-0.13525765384475244,0.03774396117981037,-0.20945953738431702,-0.061055770305187856,0.00038087290690219666,-0.06594765024987634,0.004349092573477598,-0.06594765024985855,0.00832203689922558,-0.06996370696228883,0.0051135481131455345
GAOT,A,1,A-k1,initial_rayleigh_quotient,all,1600,400,1600,4.022796692058106,16.786387100399214,8.760483059211474,2.5656560407689484,0.5352451018989082,0.5136508643627165,0.07056632716354239,ok,0.31865934722846784,0.024723037897174484,0.00046110107575340214,0.02381654670617242,0.025629529088176548,1.8611619336705482e-184,0.8988821450213786,0.8079891106382326,0.8988821450213773,0.0,0.9569407026308463,0.0
GAOT,A,1,A-k1,target_norm_retention,all,1600,400,1600,0.30599608959904107,0.826686670801375,0.6371089309523051,0.12916031726759405,0.5352451018989082,0.5136508643627165,0.07056632716354239,ok,0.8297346053727201,-0.4622278689982068,0.010416465672919413,-0.48270588319162117,-0.4417498548047924,2.1963335410952122e-156,-0.8460338040744264,0.7157731976366352,-0.8460338040744205,0.0,-0.8736143765634389,0.0
GAOT,A,2,A-k2,log_nk,all,1600,400,374,9.916206324943902,10.11382951201313,10.04340980982206,0.035149350400342214,0.8597194183245298,0.755379527807235,0.24320035837194195,ok,-6.275095108509334,0.7103976300811286,0.09551692028352764,0.5226183092734495,0.8981769508888076,6.343333015736574e-13,0.10267260866904655,0.01054166456960648,0.10267260866271245,3.878978305308955e-05,0.15613972824002703,3.4019433513721946e-10
GAOT,A,2,A-k2,beta_k,all,1600,400,1,1.0,1.0,1.0,0.0,0.8597194183245298,0.755379527807235,0.24320035837194195,constant_predictor,,,,,,,,,,,,
GAOT,A,2,A-k2,beta_total,all,1600,400,1,2.0,2.0,2.0,0.0,0.8597194183245298,0.755379527807235,0.24320035837194195,constant_predictor,,,,,,,,,,,,
GAOT,A,2,A-k2,rho_H,all,1600,400,4,0.0,0.5,0.23611111380159855,0.19400841660345367,0.8597194183245298,0.755379527807235,0.24320035837194195,ok,1.0436293761582731,-0.7789127537142575,0.023706598078719783,-0.8255182019706365,-0.7323073054578785,1.5184901639625114e-115,-0.6213626946602937,0.3860915983155009,-0.6213626946602931,1.5887883150196287e-171,-0.8892286778156463,0.0
GAOT,A,2,A-k2,log_lambda1_positive,all,1600,400,400,2.2572324471287004,2.4820940566972225,2.402940436605092,0.03782836822457726,0.8597194183245298,0.755379527807235,0.24320035837194195,ok,0.13254167747118606,0.3026199608512874,0.09758714700740068,0.11077072481840172,0.49446919688417307,0.0020654842323445995,0.04707073372680674,0.0022156539735912473,0.0470707337269267,0.059781552778192415,0.039878300377340366,0.11081969759944364
GAOT,A,2,A-k2,initial_rayleigh_quotient,all,1600,400,1600,9.663916100440069,39.04852027739478,19.594550100497294,5.72707233863774,0.8597194183245298,0.755379527807235,0.24320035837194195,ok,0.27333890223532886,0.029925694291614263,0.001035337397632141,0.02789029624112162,0.03196109234210691,6.760871695595834e-100,0.7047136654705122,0.49662135030088406,0.7047136654705113,1.8438886989488725e-240,0.9053305743478808,0.0
GAOT,A,2,A-k2,target_norm_retention,all,1600,400,1600,0.08394024928892163,0.7225126387866652,0.45501184297776304,0.21687702146741486,0.8597194183245298,0.755379527807235,0.24320035837194195,ok,1.2285527204230402,-0.8106015432141971,0.02541782552045933,-0.8605711402078207,-0.7606319462205735,8.455674199963683e-112,-0.722864264946195,0.522532745536202,-0.7228642649461943,8.254856457222116e-259,-0.9092758600686954,0.0
GAOT,B,0,B-k0,log_nk,all,1600,400,274,7.383989457978509,8.155649270366002,7.870143704693032,0.25330373664630723,0.31766768175177235,0.3137575685977935,0.025060545544470677,ok,0.4490900045783818,-0.016698846648537376,0.0024880854442224398,-0.021590241737917522,-0.011807451559157231,6.629064292090933e-11,-0.16878643947523547,0.02848886215084212,-0.1687864394755755,1.0832199761387617e-11,-0.20410489134952642,1.6550101128718704e-16
GAOT,B,0,B-k0,beta_k,all,1600,400,1,1.0,1.0,1.0,0.0,0.31766768175177235,0.3137575685977935,0.025060545544470677,constant_predictor,,,,,,,,,,,,
GAOT,B,0,B-k0,beta_total,all,1600,400,4,0.0,3.0,1.9975,1.1568622244584645,0.31766768175177235,0.3137575685977935,0.025060545544470677,ok,0.32415616497719346,-0.003248301990198294,0.0005651541162340005,-0.004359353893704717,-0.002137250086691871,1.7998012287014802e-08,-0.149950361592299,0.02248511094166228,-0.14995036159230254,1.6658178315866563e-09,-0.19887818761631756,9.80746659092484e-16
GAOT,B,0,B-k0,rho_H,all,1600,400,1,0.0,0.0,0.0,0.0,0.31766768175177235,0.3137575685977935,0.025060545544470677,constant_predictor,,,,,,,,,,,,
GAOT,B,0,B-k0,log_lambda1_positive,all,1600,400,334,0.4839635920958233,0.78652672909991,0.660299946497459,0.05208200265921611,0.31766768175177235,0.3137575685977935,0.025060545544470677,ok,0.28877026326087235,0.04376407819534799,0.015495967365363537,0.01330013297508175,0.07422802341561424,0.0049772467623503845,0.09095256258103136,0.008272368640026895,0.0909525625808684,0.00026967628969546076,0.15171095467583418,1.067140163499929e-09
GAOT,B,0,B-k0,initial_rayleigh_quotient,all,1600,400,1600,1.7488274411298415,9.601429199906384,3.8133088589809176,2.014902693625446,0.31766768175177235,0.3137575685977935,0.025060545544470677,ok,0.2934607302095752,0.006348017545231395,0.00036077366996319576,0.005638762739801223,0.0070572723506615665,1.0427239912875593e-51,0.5103894337962821,0.26049737413089513,0.5103894337962878,7.48602945898886e-107,0.3866532555286155,3.316725122641237e-58
GAOT,B,0,B-k0,target_norm_retention,all,1600,400,1600,0.3997271106723129,0.8433838536060418,0.7234929861688051,0.11654482536574688,0.31766768175177235,0.3137575685977935,0.025060545544470677,ok,0.39952621652321196,-0.11314350841866885,0.006041582665319488,-0.12502082069098241,-0.10126619614635528,1.3088874124883652e-56,-0.5261773095291247,0.27686256106332463,-0.5261773095291404,1.2465282421551834e-114,-0.3966659938148414,1.9717755972739747e-61
GAOT,B,1,B-k1,log_nk,all,1600,400,318,9.111403624116159,9.91422964906803,9.618079468081744,0.2626740432741036,0.5382899051345881,0.5209733545780175,0.06130636026781167,ok,0.47581562366207897,0.006495504812556679,0.00548235970659032,-0.0042824157806856285,0.017273425405798987,0.2368013957703423,0.02783072596003527,0.0007745493074553522,0.027830725959903338,0.2658912124068752,0.013479868390683694,0.5900263703205723
GAOT,B,1,B-k1,beta_k,all,1600,400,4,0.0,3.0,1.9975,1.1568622244584645,0.5382899051345881,0.5209733545780175,0.06130636026781167,ok,0.5383683400178625,-3.926652479327355e-05,0.0012358834960148363,-0.0024689236241868767,0.0023903905746003296,0.9746697406811957,-0.000740966500386916,5.490313546019365e-07,-0.0007409665003889863,0.9763737030842305,-0.010052847698715214,0.6878240122127866
GAOT,B,1,B-k1,beta_total,all,1600,400,4,0.0,3.0,1.9975,1.1568622244584645,0.5382899051345881,0.5209733545780175,0.06130636026781167,ok,0.5383683400178625,-3.926652479327355e-05,0.0012358834960148363,-0.0024689236241868767,0.0023903905746003296,0.9746697406811957,-0.000740966500386916,5.490313546019365e-07,-0.0007409665003889863,0.9763737030842305,-0.010052847698715214,0.6878240122127866
GAOT,B,1,B-k1,rho_H,all,1600,400,4,0.0,0.5,0.1965625022398308,0.19777088866174766,0.5382899051345881,0.5209733545780175,0.06130636026781167,ok,0.5669698725174588,-0.1459076225427649,0.00712971305069383,-0.15992412004120674,-0.13189112504432307,3.680779160048479e-64,-0.47068982804963844,0.22154891422939849,-0.4706898280496386,5.250878996582735e-89,-0.47535691852521006,5.523523252488674e-91
GAOT,B,1,B-k1,log_lambda1_positive,all,1600,400,341,0.48396371872013666,0.7865796598052194,0.6601380210831935,0.05202854901877113,0.5382899051345881,0.5209733545780175,0.06130636026781167,ok,0.5098886864099743,0.043023152458354544,0.024296773518335275,-0.004742537804146643,0.09078884272085573,0.07736818549764503,0.03651223440509534,0.0013331432612549987,0.03651223440512791,0.1443355050672812,0.03788740269791101,0.12980898057364101
GAOT,B,1,B-k1,initial_rayleigh_quotient,all,1600,400,1600,4.040722026297464,17.302904387338785,9.461190744080676,2.805127875532731,0.5382899051345881,0.5209733545780175,0.06130636026781167,ok,0.38017064671145595,0.016712405732022477,0.0005025609786237299,0.015724407386281412,0.01770040407776354,4.479939344262071e-117,0.7646912160714812,0.5847526559368827,0.7646912160714825,2.7770833977788505e-307,0.770812721096873,3.126797284e-315
GAOT,B,1,B-k1,target_norm_retention,all,1600,400,1600,0.3002410380880237,0.8294970829195383,0.6106806439661167,0.13646261769953813,0.5382899051345881,0.5209733545780175,0.06130636026781167,ok,0.7101723588817306,-0.2814604580077045,0.012979251696962766,-0.30697672319939007,-0.2559441928160189,1.8521638763552303e-69,-0.6265064621493844,0.3925103471149216,-0.6265064621493712,3.550653916912027e-175,-0.609398114957319,2.7201012778321565e-163
GAOT,B,2,B-k2,log_nk,all,1600,400,329,9.543378146148761,10.357552330480354,10.05700041393879,0.26563318777746764,0.6018661620281633,0.624209463596344,0.138239198391268,ok,-3.449069566301534,0.40279760978384427,0.007798690384329003,0.38746595148485674,0.4181292680828318,8.621806984170996e-179,0.7739947450591232,0.5990678653785276,0.7739947450587293,1.8399e-319,0.7275368067845394,8.98201248291136e-264
GAOT,B,2,B-k2,beta_k,all,1600,400,1,0.0,0.0,0.0,0.0,0.6018661620281633,0.624209463596344,0.138239198391268,constant_predictor,,,,,,,,,,,,
GAOT,B,2,B-k2,beta_total,all,1600,400,4,0.0,3.0,1.9975,1.1568622244584645,0.6018661620281633,0.624209463596344,0.138239198391268,ok,0.4217814091161808,0.09015507029385855,0.002069461190324304,0.08608666005195123,0.09422348053576587,9.769802338001496e-154,0.7544675922610852,0.5692213477722382,0.7544675922610846,1.5535395600907025e-294,0.7260919700695528,3.1560036666489476e-262
GAOT,B,2,B-k2,rho_H,all,1600,400,1,0.0,0.0,0.0,0.0,0.6018661620281633,0.624209463596344,0.138239198391268,constant_predictor,,,,,,,,,,,,
GAOT,B,2,B-k2,log_lambda1_positive,all,1600,400,341,2.269147735025334,2.6801398291281306,2.4316724405207566,0.11758202001057262,0.6018661620281633,0.624209463596344,0.138239198391268,ok,2.4576252920665027,-0.7631616409819241,0.02045785039289678,-0.8033802874851841,-0.7229429944786641,3.773106528545459e-132,-0.6491218727068818,0.42135920562695517,-0.6491218727072404,4.489677246394943e-192,-0.5062516624850799,7.015820071891596e-105
GAOT,B,2,B-k2,initial_rayleigh_quotient,all,1600,400,1600,18.10295563287944,42.92928857678454,26.149336602373523,4.543025397123421,0.6018661620281633,0.624209463596344,0.138239198391268,ok,-0.06171140465962853,0.02537645894341961,0.0007261240045680451,0.023948951942615964,0.026803965944223258,1.734984996801294e-123,0.8339595339862533,0.6954885043265707,0.8339595339862544,0.0,0.8854999168594646,0.0
GAOT,B,2,B-k2,target_norm_retention,all,1600,400,1600,0.07724110015150125,0.21958787048386205,0.15267364116347337,0.02544651991165597,0.6018661620281633,0.624209463596344,0.138239198391268,ok,0.790553535238669,-1.2358870317926658,0.1582885029719479,-1.5470707204156602,-0.9247033431696713,5.179227278691944e-14,-0.2274971522480701,0.05175495428098287,-0.227497152248073,3.1464049897902585e-20,-0.167751878639224,1.4508270755974288e-11
GAOT,C,0,C-k0,log_nk,all,1600,400,236,7.383989457978509,7.816416983691801,7.638937468881613,0.13285965075075507,0.32429312436841384,0.31990876793861356,0.023385803168013357,ok,0.4029135218115844,-0.010292059303187412,0.0043576992064357665,-0.018858979120531933,-0.0017251394858428908,0.018665493028162915,-0.058471346684292685,0.0034188983830311104,-0.0584713466839198,0.01933402031418606,-0.0405457568008866,0.10496844448268108
GAOT,C,0,C-k0,beta_k,all,1600,400,1,1.0,1.0,1.0,0.0,0.32429312436841384,0.31990876793861356,0.023385803168013357,constant_predictor,,,,,,,,,,,,
GAOT,C,0,C-k0,beta_total,all,1600,400,4,0.0,3.0,2.0025,1.1525293716301959,0.32429312436841384,0.31990876793861356,0.023385803168013357,ok,0.3265762304480153,-0.0011401278799506034,0.0005073487786890388,-0.0021375386925274707,-0.00014271706737373625,0.02517133945957599,-0.05618925549047817,0.003157232432574264,-0.056189255490479456,0.024602381330307982,-0.03258217622450882,0.19270646360252822
GAOT,C,0,C-k0,rho_H,all,1600,400,1,0.0,0.0,0.0,0.0,0.32429312436841384,0.31990876793861356,0.023385803168013357,constant_predictor,,,,,,,,,,,,
GAOT,C,0,C-k0,log_lambda1_positive,all,1600,400,335,0.6671266100083025,0.7461019031171019,0.7075874038421409,0.014334179386468063,0.32429312436841384,0.31990876793861356,0.023385803168013357,ok,0.2801063947606409,0.06244702685193973,0.039432382783539666,-0.01507417080541866,0.13996822450929813,0.1140660285996305,0.03827650812830021,0.0014650910744710144,0.038276508127978455,0.12591166965755662,0.022958913363476528,0.35874464521568084
GAOT,C,0,C-k0,initial_rayleigh_quotient,all,1600,400,1600,2.020287562688089,10.188545072201846,3.8882111853426875,1.9844282328946323,0.32429312436841384,0.31990876793861356,0.023385803168013357,ok,0.29992308160794867,0.0062676746706383756,0.0003676631498784645,0.0055448756485880785,0.0069904736926886726,2.398049430128781e-49,0.5318504770460682,0.2828649299341287,0.5318504770460666,1.5804356811347607e-117,0.3947984494291784,8.035804471705078e-61
GAOT,C,0,C-k0,target_norm_retention,all,1600,400,1600,0.3776723959775004,0.819516746089003,0.7197912852277767,0.11180331424323807,0.32429312436841384,0.31990876793861356,0.023385803168013357,ok,0.4061208035721696,-0.11368250892043114,0.006337493835413872,-0.12614156103920113,-0.10122345680166114,3.4516829035677665e-53,-0.5434956061793625,0.2953874739362754,-0.543495606179365,1.1928334989418017e-123,-0.39638840903579586,2.431082541736972e-61
GAOT,C,1,C-k1,log_nk,all,1600,400,321,9.111403624116159,9.592195614445213,9.398410354881623,0.14872587885895874,0.5178315879590805,0.525966942310333,0.06028325495125251,ok,-0.09191889938316097,0.06487804472441963,0.009559448306106617,0.04608486436550069,0.08367122508333857,4.1616824231396696e-11,0.16006176554488888,0.025619768789378883,0.16006176554498855,1.202448964684215e-10,0.15126376083949458,1.195529797581741e-09
GAOT,C,1,C-k1,beta_k,all,1600,400,1,0.0,0.0,0.0,0.0,0.5178315879590805,0.525966942310333,0.06028325495125251,constant_predictor,,,,,,,,,,,,
GAOT,C,1,C-k1,beta_total,all,1600,400,4,0.0,3.0,2.0025,1.1525293716301959,0.5178315879590805,0.525966942310333,0.06028325495125251,ok,0.5046802231184613,0.006567473078960947,0.0013593792420205865,0.0038950323215645364,0.009239913836357357,1.9382311913038973e-06,0.12556066567762234,0.015765480765407736,0.12556066567762206,4.6930966044905615e-07,0.16119016367878597,8.87215671736145e-11
GAOT,C,1,C-k1,rho_H,all,1600,400,1,0.0,0.0,0.0,0.0,0.5178315879590805,0.525966942310333,0.06028325495125251,constant_predictor,,,,,,,,,,,,
GAOT,C,1,C-k1,log_lambda1_positive,all,1600,400,343,0.6671266100083363,0.7461019031171127,0.7075874038421653,0.014334179386463936,0.5178315879590805,0.525966942310333,0.06028325495125251,ok,0.6625602108071159,-0.20453815608126488,0.1268602851803152,-0.4539362534855446,0.04485994132301485,0.10768506428578228,-0.048635174444648904,0.0023653801932259633,-0.04863517444428554,0.05177045009863806,-0.09277971659305571,0.00020215640391971535
GAOT,C,1,C-k1,initial_rayleigh_quotient,all,1600,400,1600,8.074225456269636,17.246303429376074,11.334696817030435,1.6775784306075634,0.5178315879590805,0.525966942310333,0.06028325495125251,ok,0.43374580754032294,0.007418441073114121,0.0008916624511067144,0.005665497521735778,0.009171384624492464,1.4118838309796326e-15,0.20644234859337013,0.04261844329274256,0.20644234859336077,7.351028562468167e-17,0.14364335493881053,7.871070479531989e-09
GAOT,C,1,C-k1,target_norm_retention,all,1600,400,1600,0.2869736732174376,0.5991884580811021,0.4845623687211373,0.08289913661461802,0.5178315879590805,0.525966942310333,0.06028325495125251,ok,0.36679369702589987,0.31169958850044854,0.02274162633913949,0.2669912045267026,0.3564079724741945,2.6183846284106094e-35,0.428636887485818,0.1837295813135209,0.42863688748580775,1.668049580593296e-72,0.3995640359625141,2.188757276462291e-62
GAOT,C,2,C-k2,log_nk,all,1600,400,321,9.543378146148761,10.04676504723975,9.845505281566203,0.15612627542321453,0.7289827808737752,0.7704966068267816,0.15423100136486523,ok,-5.8898187839343095,0.6722663160011311,0.023223302752270674,0.6266109912190093,0.7179216407832528,4.4959758638769646e-100,0.680527488513425,0.46311766262283416,0.6805274885137513,4.368557844235723e-218,0.5468337378641095,1.8917230383995825e-125
GAOT,C,2,C-k2,beta_k,all,1600,400,4,0.0,3.0,2.0025,1.1525293716301959,0.7289827808737752,0.7704966068267816,0.15423100136486523,ok,0.5617182157859237,0.0835278727030469,0.003854339493690288,0.07595052148465557,0.09110522392143823,2.135922969579614e-69,0.624182724537378,0.389604073610904,0.6241827245373779,1.6144976367299888e-173,0.5354759881979297,2.0815070140647132e-119
GAOT,C,2,C-k2,beta_total,all,1600,400,4,0.0,3.0,2.0025,1.1525293716301959,0.7289827808737752,0.7704966068267816,0.15423100136486523,ok,0.5617182157859237,0.0835278727030469,0.003854339493690288,0.07595052148465557,0.09110522392143823,2.135922969579614e-69,0.624182724537378,0.389604073610904,0.6241827245373779,1.6144976367299888e-173,0.5354759881979297,2.0815070140647132e-119
GAOT,C,2,C-k2,rho_H,all,1600,400,4,0.0,0.5,0.19715278002433478,0.19777344145938522,0.7289827808737752,0.7704966068267816,0.15423100136486523,ok,0.6827232638777057,0.23463791375581738,0.026371256062576107,0.1827939416346819,0.2864818858769529,2.016878330361717e-17,0.3008808040515634,0.0905292582467151,0.30088080405156314,7.783963714361246e-35,0.32708453462407594,3.3083076205871886e-41
GAOT,C,2,C-k2,log_lambda1_positive,all,1600,400,344,2.507009414956816,2.6964556261107866,2.6250755100023775,0.038772774080661244,0.7289827808737752,0.7704966068267816,0.15423100136486523,ok,5.951901896746795,-1.9896262396917752,0.15707799894174987,-2.2984301653999815,-1.6808223139835692,3.863996723644417e-31,-0.5001804307424959,0.25018046330074406,-0.5001804307454903,4.904469335461622e-102,-0.47358488177004726,3.139475505898006e-90
GAOT,C,2,C-k2,initial_rayleigh_quotient,all,1600,400,1600,9.48354991510157,35.86134226126692,19.505883276152996,5.252073034994045,0.7289827808737752,0.7704966068267816,0.15423100136486523,ok,0.6711479930378008,0.002964991998423372,0.0007684501071909103,0.0014542749571434899,0.004475709039703254,0.00013305355701427748,0.10096773272613904,0.010194483051856995,0.1009677327261384,5.212342605446863e-05,0.14271308211448522,9.841853390957683e-09
GAOT,C,2,C-k2,target_norm_retention,all,1600,400,1600,0.0773368681080183,0.7198841721577247,0.4061981572020235,0.22695665927430905,0.7289827808737752,0.7704966068267816,0.15423100136486523,ok,0.6440509670098133,0.20908960899524853,0.025180293108061334,0.15958698345482414,0.2585922345356729,1.5848529187191553e-15,0.30768314234224703,0.09466891608159933,0.3076831423422469,1.988657240625631e-36,0.18825878642921345,3.13911616986178e-14
GAOT,D,0,D-k0,log_nk,all,1600,400,245,7.383989457978509,8.154500175151941,7.958374634959847,0.23199193460850195,0.3158247861359264,0.3119454532861705,0.023665432676304825,ok,0.4288851015033014,-0.014206458046186372,0.0026505252172381397,-0.019417197919281263,-0.008995718173091482,1.4118720714290533e-07,-0.13926572698454065,0.01939494271253428,-0.13926572698454692,2.22468524505284e-08,-0.1755048319000812,1.5532867418506874e-12
GAOT,D,0,D-k0,beta_k,all,1600,400,1,1.0,1.0,1.0,0.0,0.3158247861359264,0.3119454532861705,0.023665432676304825,constant_predictor,,,,,,,,,,,,
GAOT,D,0,D-k0,beta_total,all,1600,400,6,0.0,6.0,3.995,2.165157024464477,0.3158247861359264,0.3119454532861705,0.023665432676304825,ok,0.3210294698231665,-0.0013027994210863976,0.0002818797420277061,-0.001856954500105781,-0.0007486443420670142,5.143347260325908e-06,-0.11919348175948535,0.014207086093948496,-0.11919348175948466,1.7436793950778625e-06,-0.17082464268272649,6.05876884873955e-12
GAOT,D,0,D-k0,rho_H,all,1600,400,1,0.0,0.0,0.0,0.0,0.3158247861359264,0.3119454532861705,0.023665432676304825,constant_predictor,,,,,,,,,,,,
GAOT,D,0,D-k0,log_lambda1_positive,all,1600,400,379,0.5033968243114202,0.7686805951110842,0.6677806442096653,0.03520496700715221,0.3158247861359264,0.3119454532861705,0.023665432676304825,ok,0.257423824126773,0.08745530813979364,0.017173153191454727,0.053694137523683245,0.12121647875590405,5.457817486766827e-07,0.13009951179741144,0.01692588296992692,0.13009951179741966,1.7688445951535666e-07,0.1614109478804483,8.357665568821039e-11
GAOT,D,0,D-k0,initial_rayleigh_quotient,all,1600,400,1600,1.8019885967744893,10.283227253396591,3.7975272601485863,1.955888692457057,0.3158247861359264,0.3119454532861705,0.023665432676304825,ok,0.2916326313780363,0.006370501934709862,0.00035016734992678186,0.005682098383348548,0.007058905486071176,2.727202290695288e-54,0.526506017016561,0.2772085859546417,0.5265060170165596,8.498661212805789e-115,0.4015221168055144,4.89524300436079e-63
GAOT,D,0,D-k0,target_norm_retention,all,1600,400,1600,0.38950793534688544,0.8409387136167635,0.72541767488412,0.1120238395661907,0.3158247861359264,0.3119454532861705,0.023665432676304825,ok,0.3981860840171678,-0.1135363814982834,0.0058930740807143335,-0.12512173669044313,-0.10195102630612367,5.988300382920495e-59,-0.5374413204210836,0.28884317289596706,-0.5374413204210922,1.9472801815149103e-120,-0.4119923230438762,1.3706510487440172e-66
GAOT,D,1,D-k1,log_nk,all,1600,400,343,9.111403624116159,9.921327470664458,9.718085351035178,0.23976327767915767,0.5444526332430537,0.5255197584629056,0.05884978453330149,ok,0.7912032347083056,-0.025390865849818943,0.006285749899380134,-0.037748193152341826,-0.01303353854729606,6.427801529644165e-05,-0.1034463807733988,0.01070115369508673,-0.10344638077326151,3.387064184756828e-05,-0.1181227292398447,2.160383195090554e-06
GAOT,D,1,D-k1,beta_k,all,1600,400,4,0.0,3.0,1.9975,1.1568622244584645,0.5444526332430537,0.5255197584629056,0.05884978453330149,ok,0.5559603824772976,-0.005761075962074546,0.0012595931532821097,-0.008237344523866808,-0.003284807400282283,6.402623117095685e-06,-0.11325056167348134,0.012825689719359712,-0.11325056167348377,5.5961902558065446e-06,-0.12751246385050016,3.097523651151411e-07
GAOT,D,1,D-k1,beta_total,all,1600,400,6,0.0,6.0,3.995,2.165157024464477,0.5444526332430537,0.5255197584629056,0.05884978453330149,ok,0.553680297039278,-0.0023098032030598958,0.0006268040094573908,-0.0035420543144447855,-0.0010775520916750062,0.00026022934888458686,-0.08498054274787877,0.007221692645724365,-0.08498054274787964,0.0006671818290891289,-0.12268451486429752,8.559869921008683e-07
GAOT,D,1,D-k1,rho_H,all,1600,400,4,0.0,0.5,0.1965625022398308,0.19777088866174766,0.5444526332430537,0.5255197584629056,0.05884978453330149,ok,0.5739193968258952,-0.14991040125694177,0.005866466630484609,-0.16144344813642003,-0.1383773543774635,5.086048322612518e-86,-0.503789665694487,0.2538040272605645,-0.5037896656944885,1.015097630493718e-103,-0.5600446175829279,8.938141551426042e-133
GAOT,D,1,D-k1,log_lambda1_positive,all,1600,400,384,0.5033968243114326,0.7686805951189433,0.6678219969077439,0.035195855103344914,0.5444526332430537,0.5255197584629056,0.05884978453330149,ok,0.4629971436689171,0.12197185769756758,0.039419917906752866,0.04447516508172464,0.19946855031341051,0.0021126470014757384,0.07294680625007481,0.0053212365420852725,0.07294680625006926,0.003506137499545678,0.08122063846714483,0.0011473328095495
GAOT,D,1,D-k1,initial_rayleigh_quotient,all,1600,400,1600,3.997080762354902,17.84090746994571,9.3765935816095,2.6992134021253795,0.5444526332430537,0.5255197584629056,0.05884978453330149,ok,0.38013707180529605,0.017524014452330795,0.00046821402095627296,0.01660353972820002,0.01844448917646157,1.354579339322512e-132,0.8037591818539921,0.6460288224145947,0.8037591818539895,0.0,0.8396519301665147,0.0
GAOT,D,1,D-k1,target_norm_retention,all,1600,400,1600,0.30027767833331487,0.8274266228513649,0.6072654148590875,0.13868439175686645,0.5444526332430537,0.5255197584629056,0.05884978453330149,ok,0.7185314983229396,-0.28666026554513935,0.010866869143313257,-0.3080237402151785,-0.2652967908751002,1.7397846155283885e-89,-0.6755386597123908,0.45635248076603185,-0.6755386597124045,9.743653659775236e-214,-0.6761156024934841,3.0920312569098535e-214
GAOT,D,2,D-k2,log_nk,all,1600,400,357,9.543378146148761,10.367284459872343,10.162239385949931,0.24169667372647527,0.7675808710977432,0.83032014966011,0.13671058161466926,ok,-2.7504910322622425,0.3461906150551938,0.020421703140494123,0.30604303142210465,0.3863381986882829,6.15209987551965e-49,0.6120456744892139,0.3745999076608446,0.6120456744891223,4.395849260391147e-165,0.4261367524040821,1.3552436424677892e-71
GAOT,D,2,D-k2,beta_k,all,1600,400,4,0.0,3.0,1.9975,1.1568622244584645,0.7675808710977432,0.83032014966011,0.13671058161466926,ok,0.622272200988309,0.07274526663801427,0.004415993979266246,0.0640637435355528,0.08142678974047574,6.9353648814682e-47,0.6155796426854439,0.378938296488738,0.6155796426854433,1.6788857923845578e-167,0.4922184795191061,2.1627993565177528e-98
GAOT,D,2,D-k2,beta_total,all,1600,400,6,0.0,6.0,3.995,2.165157024464477,0.7675808710977432,0.83032014966011,0.13671058161466926,ok,0.6219790430536761,0.036446014529178186,0.0023830354625246093,0.03176114006625379,0.041130888992102585,6.959707814894702e-42,0.5772146050406184,0.3331767002721969,0.5772146050406183,8.371573690479035e-143,0.48492292490416294,3.8981885516028766e-95
GAOT,D,2,D-k2,rho_H,all,1600,400,4,0.0,0.5,0.1965625022398308,0.19777088866174766,0.7675808710977432,0.83032014966011,0.13671058161466926,ok,0.7012454943466321,0.33747727056391286,0.021917834945571847,0.29438840057692617,0.38056614055089955,2.554308950951852e-42,0.48820785424414037,0.23834690894566857,0.4882078542441412,1.363407916352557e-96,0.601588782174302,4.182974814391793e-158
GAOT,D,2,D-k2,log_lambda1_positive,all,1600,400,385,2.266242713506224,2.685133355534697,2.3980652561087026,0.12108473168180206,0.7675808710977432,0.83032014966011,0.13671058161466926,ok,2.010621086040901,-0.5183512883048962,0.052847000449710815,-0.622244648996522,-0.41445792761327044,1.7245727474780727e-20,-0.4591043789003971,0.21077683072548814,-0.459104378900363,3.160989812528857e-84,-0.3575425915549873,1.9167701403061717e-49
GAOT,D,2,D-k2,initial_rayleigh_quotient,all,1600,400,1600,9.234775758008858,42.241847033780694,22.03469820024163,6.042655510112891,0.7675808710977432,0.83032014966011,0.13671058161466926,ok,0.7712062661553573,-0.00016453118734229694,0.0005060164552174774,-0.0011593227488394253,0.0008302603741548314,0.7452380670732905,-0.007272336011133371,5.288687105875489e-05,-0.007272336011130115,0.7713037625502281,-0.14052537520522468,1.6551524215851688e-08
GAOT,D,2,D-k2,target_norm_retention,all,1600,400,1600,0.07543813228969622,0.7237137381537226,0.4041376744790584,0.2277965013568616,0.7675808710977432,0.83032014966011,0.13671058161466926,ok,0.6434998059263206,0.3070267213552068,0.02056416243385811,0.2665990731087359,0.34745436960167775,2.3305465101744477e-40,0.5115888771866618,0.26172317926110755,0.5115888771866601,1.9841191321664344e-107,0.4419122107078949,1.824177368799647e-77
GNOT,A,0,A-k0,log_nk,all,1600,400,221,7.731492029245684,7.903226808730733,7.836536796010969,0.029959236007328197,0.021233177037792733,0.015845342539250504,0.013753050682768903,ok,0.009833467266689974,0.00145468720023895,0.012002889486627843,-0.022142120871443634,0.025051495271921534,0.9035977910472545,0.0031688472728018746,1.0041593038634389e-05,0.0031688472728492664,0.8992133475183198,0.00832160469776562,0.7394288426765658
GNOT,A,0,A-k0,beta_k,all,1600,400,1,1.0,1.0,1.0,0.0,0.021233177037792733,0.015845342539250504,0.013753050682768903,constant_predictor,,,,,,,,,,,,
GNOT,A,0,A-k0,beta_total,all,1600,400,1,2.0,2.0,2.0,0.0,0.021233177037792733,0.015845342539250504,0.013753050682768903,constant_predictor,,,,,,,,,,,,
GNOT,A,0,A-k0,rho_H,all,1600,400,1,0.0,0.0,0.0,0.0,0.021233177037792733,0.015845342539250504,0.013753050682768903,constant_predictor,,,,,,,,,,,,
GNOT,A,0,A-k0,log_lambda1_positive,all,1600,400,400,0.5911348066758972,0.7538510155881601,0.684904804429579,0.034406063767318584,0.021233177037792733,0.015845342539250504,0.013753050682768903,ok,0.017246770274498786,0.00582038078505587,0.011012365210839398,-0.015829128575582014,0.027469890145693756,0.5974244155404809,0.014560870679521878,0.00021201895494582512,0.014560870679523639,0.5605596156343662,0.01254327602265,0.6161187392559442
GNOT,A,0,A-k0,initial_rayleigh_quotient,all,1600,400,1600,1.9058051657219186,9.483124457550876,3.8709239840100538,1.9549361874885733,0.021233177037792733,0.015845342539250504,0.013753050682768903,ok,-0.0028761999432820604,0.006228326125923786,0.0001641404024143093,0.00590563802845407,0.0065510142233935025,1.8705477173228709e-134,0.8853294015926313,0.7838081493243655,0.8853294015926307,0.0,0.8823456317756375,0.0
GNOT,A,0,A-k0,target_norm_retention,all,1600,400,1600,0.4143438152804424,0.8281922245454145,0.719969085278326,0.11255047190149724,0.021233177037792733,0.015845342539250504,0.013753050682768903,ok,0.0992073102948641,-0.10830205747921523,0.0028689100216879888,-0.11394212600039241,-0.10266198895803805,9.338355689092387e-134,-0.8863086422317066,0.7855430092946039,-0.8863086422317025,0.0,-0.8710533109583246,0.0
GNOT,A,1,A-k1,log_nk,all,1600,400,360,9.477998292597036,9.666498594399865,9.597116032256835,0.03324862117039561,0.3261337967496361,0.319651082158088,0.07950593763029472,ok,0.10993348170022574,0.02252763375137859,0.04438450730979013,-0.06472908068493449,0.10978434818769167,0.6120450169162395,0.009420840540840351,8.875223649484898e-05,0.00942084054078361,0.7065099317663377,0.0013243782226461547,0.957784693139033
GNOT,A,1,A-k1,beta_k,all,1600,400,1,1.0,1.0,1.0,0.0,0.3261337967496361,0.319651082158088,0.07950593763029472,constant_predictor,,,,,,,,,,,,
GNOT,A,1,A-k1,beta_total,all,1600,400,1,2.0,2.0,2.0,0.0,0.3261337967496361,0.319651082158088,0.07950593763029472,constant_predictor,,,,,,,,,,,,
GNOT,A,1,A-k1,rho_H,all,1600,400,4,0.0,0.5,0.23611111380159855,0.19400841660345367,0.3261337967496361,0.319651082158088,0.07950593763029472,ok,0.3945213509049695,-0.2896414025338882,0.007161651669848858,-0.3037206890355209,-0.2755621160322555,3.1476566904051043e-143,-0.7067757649711892,0.49953198195060733,-0.7067757649711875,1.7873838988450129e-242,-0.7210612874635322,6.377618796550535e-257
GNOT,A,1,A-k1,log_lambda1_positive,all,1600,400,400,0.5911348066759515,0.753851015588182,0.6849048044296137,0.03440606376731256,0.3261337967496361,0.319651082158088,0.07950593763029472,ok,0.4829993660007529,-0.22903266006691414,0.044729010410262705,-0.3169666425519756,-0.14109867758185268,4.752124438546164e-07,-0.09911350701506416,0.009823487272824005,-0.09911350701505751,7.1504521384547e-05,-0.09728149878664392,9.720447282468063e-05
GNOT,A,1,A-k1,initial_rayleigh_quotient,all,1600,400,1600,4.022796692058106,16.786387100399214,8.760483059211474,2.5656560407689484,0.3261337967496361,0.319651082158088,0.07950593763029472,ok,0.10724753256980094,0.024985638657183434,0.0005453646214998031,0.02391349146154745,0.026057785852819416,5.1770484085793026e-161,0.8062863814192238,0.6500977288621042,0.8062863814192226,0.0,0.8180681369406786,0.0
GNOT,A,1,A-k1,target_norm_retention,all,1600,400,1600,0.30599608959904107,0.826686670801375,0.6371089309523051,0.12916031726759405,0.3261337967496361,0.319651082158088,0.07950593763029472,ok,0.5994880249473842,-0.429054145872913,0.013286202969256157,-0.4551738549493178,-0.40293443679650826,2.2938642042127665e-113,-0.6970142263287538,0.4858288317046662,-0.6970142263287502,4.281774710021293e-233,-0.7470975457412288,9.939846065806082e-286
GNOT,A,2,A-k2,log_nk,all,1600,400,374,9.916206324943902,10.11382951201313,10.04340980982206,0.035149350400342214,0.44006981837563175,0.431275591254234,0.15575916260634595,ok,-6.647152108507303,0.7056589406468834,0.09967419111356929,0.5097067276378902,0.9016111536558766,6.555711079708026e-12,0.15924233896029594,0.025358122514369752,0.15924233895032416,1.4974897293397573e-10,0.19285945062656001,7.16630036945896e-15
GNOT,A,2,A-k2,beta_k,all,1600,400,1,1.0,1.0,1.0,0.0,0.44006981837563175,0.431275591254234,0.15575916260634595,constant_predictor,,,,,,,,,,,,
GNOT,A,2,A-k2,beta_total,all,1600,400,1,2.0,2.0,2.0,0.0,0.44006981837563175,0.431275591254234,0.15575916260634595,constant_predictor,,,,,,,,,,,,
GNOT,A,2,A-k2,rho_H,all,1600,400,4,0.0,0.5,0.23611111380159855,0.19400841660345367,0.44006981837563175,0.431275591254234,0.15575916260634595,ok,0.5583339820782256,-0.500883511150475,0.01594093898731819,-0.5322222382282521,-0.46954478407269795,5.868383944898877e-110,-0.62388379132903,0.3892309850830835,-0.6238837913290289,2.631936772719663e-173,-0.7145691978614656,3.025576429183242e-250
GNOT,A,2,A-k2,log_lambda1_positive,all,1600,400,400,2.2572324471287004,2.4820940566972225,2.402940436605092,0.03782836822457726,0.44006981837563175,0.431275591254234,0.15575916260634595,ok,0.42957782590797283,0.00436631399924222,0.08529879876518179,-0.16332492280248484,0.1720575508009693,0.9592009646927686,0.0010604225843515922,1.124496057158808e-06,0.0010604225843034239,0.9661927702406609,-0.009098549741317486,0.7161081190041183
GNOT,A,2,A-k2,initial_rayleigh_quotient,all,1600,400,1600,9.663916100440069,39.04852027739478,19.594550100497294,5.72707233863774,0.44006981837563175,0.431275591254234,0.15575916260634595,ok,0.0546181784979716,0.01967136973805167,0.0006422272340061548,0.018408797688535247,0.02093394178756809,7.87232499513229e-107,0.7232920080254801,0.5231513288735337,0.7232920080254817,2.928220511442402e-259,0.8137729145597323,0.0
GNOT,A,2,A-k2,target_norm_retention,all,1600,400,1600,0.08394024928892163,0.7225126387866652,0.45501184297776304,0.21687702146741486,0.44006981837563175,0.431275591254234,0.15575916260634595,ok,0.6403734747807105,-0.44021635809349197,0.015821010877942764,-0.4713193152274997,-0.40911340095948423,1.753227444812983e-95,-0.6129515011957293,0.3757095428180983,-0.6129515011957294,1.0621312683659103e-165,-0.7089014956646469,1.4390493746059342e-244
GNOT,B,0,B-k0,log_nk,all,1600,400,274,7.383989457978509,8.155649270366002,7.870143704693032,0.25330373664630723,0.02626071790029478,0.023050776682793504,0.016635968026220714,ok,-0.2362782039960913,0.03335884727744312,0.0013224152732921495,0.030759074995135506,0.035958619559750736,1.2347797437646381e-84,0.5079308070484102,0.2579937047491915,0.5079308070487472,1.1198666429281041e-105,0.6750667409312711,2.4866398311982824e-213
GNOT,B,0,B-k0,beta_k,all,1600,400,1,1.0,1.0,1.0,0.0,0.02626071790029478,0.023050776682793504,0.016635968026220714,constant_predictor,,,,,,,,,,,,
GNOT,B,0,B-k0,beta_total,all,1600,400,4,0.0,3.0,1.9975,1.1568622244584645,0.02626071790029478,0.023050776682793504,0.016635968026220714,ok,0.011190256782911821,0.007544661385423252,0.00029744429785227557,0.006959907521259464,0.00812941524958704,3.184950920685886e-85,0.5246543957868764,0.275262235018492,0.5246543957868761,7.311923544042711e-114,0.6921780595475948,1.378258675814701e-228
GNOT,B,0,B-k0,rho_H,all,1600,400,1,0.0,0.0,0.0,0.0,0.02626071790029478,0.023050776682793504,0.016635968026220714,constant_predictor,,,,,,,,,,,,
GNOT,B,0,B-k0,log_lambda1_positive,all,1600,400,334,0.4839635920958233,0.78652672909991,0.660299946497459,0.05208200265921611,0.02626071790029478,0.023050776682793504,0.016635968026220714,ok,0.09287350402517695,-0.10088261626890616,0.010329650498535072,-0.12118995814129824,-0.08057527439651407,2.414624725274404e-20,-0.3158318578458742,0.09974976243046918,-0.31583185784602114,2.159952140421081e-38,-0.4128911541992314,6.69844349108489e-67
GNOT,B,0,B-k0,initial_rayleigh_quotient,all,1600,400,1600,1.7488274411298415,9.601429199906384,3.8133088589809176,2.014902693625446,0.02626071790029478,0.023050776682793504,0.016635968026220714,ok,0.003967906253510692,0.005846054560799908,0.0002297346107255037,0.005394413018756899,0.0062976961028429175,1.434796550275738e-85,0.7080580500678573,0.5013462022658952,0.7080580500678566,9.800561256660222e-244,0.565769049128535,4.7119984201339024e-136
GNOT,B,0,B-k0,target_norm_retention,all,1600,400,1600,0.3997271106723129,0.8433838536060418,0.7234929861688051,0.11654482536574688,0.02626071790029478,0.023050776682793504,0.016635968026220714,ok,0.10001136863422988,-0.10193692564246576,0.004035977733644446,-0.10987136443476597,-0.09400248685016555,9.099022292098991e-85,-0.7141286385377354,0.5099797123797618,-0.7141286385377372,8.454374973667833e-250,-0.5440743736618647,5.8343838980837464e-124
GNOT,B,1,B-k1,log_nk,all,1600,400,318,9.111403624116159,9.91422964906803,9.618079468081744,0.2626740432741036,0.2554031215654681,0.25129105150699604,0.07497731126707487,ok,-1.4268527934471107,0.174905595300522,0.005939350688707054,0.16322926366154675,0.18658192693949724,4.230220666309264e-102,0.6127608356773311,0.3754758417400961,0.6127608356774248,1.4328058431995622e-165,0.6923901882048441,8.779789826913591e-229
GNOT,B,1,B-k1,beta_k,all,1600,400,4,0.0,3.0,1.9975,1.1568622244584645,0.2554031215654681,0.25129105150699604,0.07497731126707487,ok,0.1731940994047188,0.04115595602540638,0.001228764286321815,0.03874029477467367,0.04357161727613909,5.441256233784553e-118,0.6350157138560175,0.40324495684406714,0.6350157138560173,2.2802408125137047e-181,0.6919866301951418,2.0697635005685054e-228
GNOT,B,1,B-k1,beta_total,all,1600,400,4,0.0,3.0,1.9975,1.1568622244584645,0.2554031215654681,0.25129105150699604,0.07497731126707487,ok,0.1731940994047188,0.04115595602540638,0.001228764286321815,0.03874029477467367,0.04357161727613909,5.441256233784553e-118,0.6350157138560175,0.40324495684406714,0.6350157138560173,2.2802408125137047e-181,0.6919866301951418,2.0697635005685054e-228
GNOT,B,1,B-k1,rho_H,all,1600,400,4,0.0,0.5,0.1965625022398308,0.19777088866174766,0.2554031215654681,0.25129105150699604,0.07497731126707487,ok,0.26140294050534896,-0.030523720808967536,0.010885810915854992,-0.05192443362667956,-0.009123007991255507,0.005293987529601388,-0.08051373525718192,0.006482461565063713,-0.0805137352571823,0.0012673766433163524,0.002152748308984165,0.9314324459699473
GNOT,B,1,B-k1,log_lambda1_positive,all,1600,400,341,0.48396371872013666,0.7865796598052194,0.6601380210831935,0.05202854901877113,0.2554031215654681,0.25129105150699604,0.07497731126707487,ok,0.6018807966197577,-0.5248564148536183,0.043451744296760415,-0.610279385021991,-0.4394334446852457,7.632750065145744e-29,-0.364210415745058,0.13264922693712355,-0.3642104157449695,2.2625357794226297e-51,-0.4135457911452296,3.9710161866358616e-67
GNOT,B,1,B-k1,initial_rayleigh_quotient,all,1600,400,1600,4.040722026297464,17.302904387338785,9.461190744080676,2.805127875532731,0.2554031215654681,0.25129105150699604,0.07497731126707487,ok,0.20498625792448097,0.0053288074413392564,0.0007976612649900932,0.0037606633875965105,0.006896951495082002,8.020144699209199e-11,0.19936679569371507,0.03974711922517982,0.1993667956937159,8.321722401025573e-16,0.15712723227626263,2.624630976593871e-10
GNOT,B,1,B-k1,target_norm_retention,all,1600,400,1600,0.3002410380880237,0.8294970829195383,0.6106806439661167,0.13646261769953813,0.2554031215654681,0.25129105150699604,0.07497731126707487,ok,0.2917527352494897,-0.05952311415660083,0.01646861265070077,-0.09189920929256022,-0.02714701902064144,0.00033963568542711087,-0.10833517278986685,0.011736509663409334,-0.10833517278986303,1.4067362314327768e-05,-0.09938990698824493,6.823632917666836e-05
GNOT,B,2,B-k2,log_nk,all,1600,400,329,9.543378146148761,10.357552330480354,10.05700041393879,0.26563318777746764,0.4844590618833895,0.4836183190345761,0.130481110765023,ok,-2.785673812264834,0.3251598627375887,0.009155944707381503,0.30715994111740574,0.3431597843577716,1.355426593281349e-125,0.6619598068245666,0.4381907858507713,0.6619598068242294,2.514213277495638e-202,0.6590279795237625,6.11247973756789e-200
GNOT,B,2,B-k2,beta_k,all,1600,400,1,0.0,0.0,0.0,0.0,0.4844590618833895,0.4836183190345761,0.130481110765023,constant_predictor,,,,,,,,,,,,
GNOT,B,2,B-k2,beta_total,all,1600,400,4,0.0,3.0,1.9975,1.1568622244584645,0.4844590618833895,0.4836183190345761,0.130481110765023,ok,0.33732598091034305,0.07365861375371527,0.002246198706773264,0.06924275040400768,0.07807447710342286,2.675773984935822e-115,0.6530666949264828,0.42649610802219906,0.6530666949264823,3.591874868053855e-195,0.6503060821343776,5.338348886998411e-193
GNOT,B,2,B-k2,rho_H,all,1600,400,1,0.0,0.0,0.0,0.0,0.4844590618833895,0.4836183190345761,0.130481110765023,constant_predictor,,,,,,,,,,,,
GNOT,B,2,B-k2,log_lambda1_positive,all,1600,400,341,2.269147735025334,2.6801398291281306,2.4316724405207566,0.11758202001057262,0.4844590618833895,0.4836183190345761,0.130481110765023,ok,1.9360453807019273,-0.5969497760593419,0.02216379992488134,-0.6405221953129937,-0.55337735680569,8.509591091700622e-92,-0.5379365649355875,0.28937574789502074,-0.5379365649358858,1.0692237038223511e-120,-0.44644159512422205,3.29042664897888e-79
GNOT,B,2,B-k2,initial_rayleigh_quotient,all,1600,400,1600,18.10295563287944,42.92928857678454,26.149336602373523,4.543025397123421,0.4844590618833895,0.4836183190345761,0.130481110765023,ok,-0.1418919374772665,0.023952844727380317,0.000529400325838676,0.022912082176344693,0.02499360727841594,3.404098038877751e-159,0.8339780470278818,0.6955193829244409,0.8339780470278824,0.0,0.8583992649997129,0.0
GNOT,B,2,B-k2,target_norm_retention,all,1600,400,1600,0.07724110015150125,0.21958787048386205,0.15267364116347337,0.02544651991165597,0.4844590618833895,0.4836183190345761,0.130481110765023,ok,0.7064908726527245,-1.4542904006042208,0.14157987412884274,-1.7326261397071452,-1.1759546615012963,4.057900998406632e-22,-0.2836167581601053,0.08043846550924916,-0.28361675816010784,5.563634564996949e-31,-0.258428916378483,7.929181270030964e-26
GNOT,C,0,C-k0,log_nk,all,1600,400,236,7.383989457978509,7.816416983691801,7.638937468881613,0.13285965075075507,0.01790394274983505,0.015007250010966502,0.009761632153466718,ok,-0.13883379991329192,0.020518264915981816,0.00148598313299258,0.01759693011355378,0.02343959971840985,1.0082518678301828e-35,0.27926165090954524,0.0779870696685383,0.2792616509092114,4.740158017013123e-30,0.4013225385606229,5.705176756886376e-63
GNOT,C,0,C-k0,beta_k,all,1600,400,1,1.0,1.0,1.0,0.0,0.01790394274983505,0.015007250010966502,0.009761632153466718,constant_predictor,,,,,,,,,,,,
GNOT,C,0,C-k0,beta_total,all,1600,400,4,0.0,3.0,2.0025,1.1525293716301959,0.01790394274983505,0.015007250010966502,0.009761632153466718,ok,0.013334796643023863,0.0022817209022777517,0.00018046825510388418,0.001926933433521826,0.0026365083710336774,4.7684957290383025e-31,0.269396584136162,0.07257451954423222,0.269396584136162,5.275085782648428e-28,0.41345782531498876,4.260332868641403e-67
GNOT,C,0,C-k0,rho_H,all,1600,400,1,0.0,0.0,0.0,0.0,0.01790394274983505,0.015007250010966502,0.009761632153466718,constant_predictor,,,,,,,,,,,,
GNOT,C,0,C-k0,log_lambda1_positive,all,1600,400,335,0.6671266100083025,0.7461019031171019,0.7075874038421409,0.014334179386468063,0.01790394274983505,0.015007250010966502,0.009761632153466718,ok,0.057511579426585704,-0.05597561016728323,0.019683141044443814,-0.09467123441601455,-0.017279985918551913,0.004686741040380588,-0.08219572554983995,0.006756137298728371,-0.08219572555022747,0.0009989258431159246,-0.18858138476386976,2.8336813274568107e-14
GNOT,C,0,C-k0,initial_rayleigh_quotient,all,1600,400,1600,2.020287562688089,10.188545072201846,3.8882111853426875,1.9844282328946323,0.01790394274983505,0.015007250010966502,0.009761632153466718,ok,0.002357467259526256,0.0039983619071191495,0.0001465199394730971,0.003710314358712323,0.004286409455525976,2.857415966354786e-93,0.8128212709797557,0.6606784185571445,0.8128212709797551,0.0,0.7511084301204807,1.7515763913089287e-290
GNOT,C,0,C-k0,target_norm_retention,all,1600,400,1600,0.3776723959775004,0.819516746089003,0.7197912852277767,0.11180331424323807,0.01790394274983505,0.015007250010966502,0.009761632153466718,ok,0.06908383231724546,-0.0711037916376198,0.002607221944701855,-0.07622940042523292,-0.06597818285000669,3.360138018019534e-93,-0.8143760628721621,0.6632083717791648,-0.8143760628721626,0.0,-0.7419784949134746,8.624365891779845e-280
GNOT,C,1,C-k1,log_nk,all,1600,400,321,9.111403624116159,9.592195614445213,9.398410354881623,0.14872587885895874,0.09628156088758211,0.096686474978923,0.017525056091898576,ok,-0.6873415101420342,0.0833782566881254,0.0019991204201847946,0.07944813128625144,0.08730838208999936,1.522439782561362e-147,0.7075871505713336,0.5006795756564211,0.7075871505732851,2.851799067006036e-243,0.6233723670751237,6.0651809440109165e-173
GNOT,C,1,C-k1,beta_k,all,1600,400,1,0.0,0.0,0.0,0.0,0.09628156088758211,0.096686474978923,0.017525056091898576,constant_predictor,,,,,,,,,,,,
GNOT,C,1,C-k1,beta_total,all,1600,400,4,0.0,3.0,2.0025,1.1525293716301959,0.09628156088758211,0.096686474978923,0.017525056091898576,ok,0.07553322724173261,0.01036121530379502,0.00032303244170364865,0.00972615700918187,0.010996273598408171,1.6223560307816742e-112,0.6814018112574469,0.46430842838492925,0.6814018112574469,7.401227286456045e-219,0.6463685109964138,6.116918499234936e-190
GNOT,C,1,C-k1,rho_H,all,1600,400,1,0.0,0.0,0.0,0.0,0.09628156088758211,0.096686474978923,0.017525056091898576,constant_predictor,,,,,,,,,,,,
GNOT,C,1,C-k1,log_lambda1_positive,all,1600,400,343,0.6671266100083363,0.7461019031171127,0.7075874038421653,0.014334179386463936,0.09628156088758211,0.096686474978923,0.017525056091898576,ok,0.4429951620787864,-0.48999402661578995,0.04572459399877907,-0.5798852540528865,-0.40010279917869335,1.0169462902869523e-23,-0.4007783050151487,0.16062324976951337,-0.4007783050135239,8.656931788588266e-63,-0.42553572045116933,2.236630727917612e-71
GNOT,C,1,C-k1,initial_rayleigh_quotient,all,1600,400,1600,8.074225456269636,17.246303429376074,11.334696817030435,1.6775784306075634,0.09628156088758211,0.096686474978923,0.017525056091898576,ok,0.04142863500648357,0.004839381834958408,0.0002661010457526916,0.00431624652564012,0.005362517144276696,2.909250262343368e-54,0.46324773748103687,0.21459846628129675,0.4632477374810337,6.480177330374927e-86,0.42753418946648025,4.21143212332247e-72
GNOT,C,1,C-k1,target_norm_retention,all,1600,400,1600,0.2869736732174376,0.5991884580811021,0.4845623687211373,0.08289913661461802,0.09628156088758211,0.096686474978923,0.017525056091898576,ok,0.12659026806188928,-0.06254861939505986,0.0056427154433341025,-0.07364178770822426,-0.05145545108189546,4.483000192216694e-25,-0.29587503270154,0.08754203497614144,-0.2958750327015468,1.0871043254154328e-33,-0.2561690863941744,2.163277606205418e-25
GNOT,C,2,C-k2,log_nk,all,1600,400,321,9.543378146148761,10.04676504723975,9.845505281566203,0.15612627542321453,0.49567817419767335,0.47707562148570953,0.1688556361232987,ok,-5.22821796998722,0.5813714969918149,0.01742091858514992,0.5471232376252545,0.6156197563583753,1.58896159178155e-117,0.5375441918697468,0.2889537582131749,0.5375441918700032,1.7194223749169034e-120,0.6065052133110395,2.359720351363248e-161
GNOT,C,2,C-k2,beta_k,all,1600,400,4,0.0,3.0,2.0025,1.1525293716301959,0.49567817419767335,0.47707562148570953,0.1688556361232987,ok,0.338325878267136,0.07857792555832081,0.002429134364556361,0.07380242400558021,0.08335342711106142,1.4039324795217354e-113,0.5363360634382749,0.2876563729444658,0.5363360634382752,7.394727991634072e-120,0.6105773469177415,4.3523405182040275e-164
GNOT,C,2,C-k2,beta_total,all,1600,400,4,0.0,3.0,2.0025,1.1525293716301959,0.49567817419767335,0.47707562148570953,0.1688556361232987,ok,0.338325878267136,0.07857792555832081,0.002429134364556361,0.07380242400558021,0.08335342711106142,1.4039324795217354e-113,0.5363360634382749,0.2876563729444658,0.5363360634382752,7.394727991634072e-120,0.6105773469177415,4.3523405182040275e-164
GNOT,C,2,C-k2,rho_H,all,1600,400,4,0.0,0.5,0.19715278002433478,0.19777344145938522,0.49567817419767335,0.47707562148570953,0.1688556361232987,ok,0.5254017353262713,-0.15076409840596255,0.025317881915336293,-0.200537213538222,-0.10099098327370312,5.713740437683074e-09,-0.17658359101792787,0.031181764616787344,-0.17658359101792923,1.1289525293275303e-12,-0.0606204073444945,0.015301989370730957
GNOT,C,2,C-k2,log_lambda1_positive,all,1600,400,344,2.507009414956816,2.6964556261107866,2.6250755100023775,0.038772774080661244,0.49567817419767335,0.47707562148570953,0.1688556361232987,ok,5.538453199764418,-1.9210018936034983,0.11309265866663216,-2.1433338382444855,-1.698669948962511,4.395507088694655e-49,-0.44110208068402035,0.1945710455860732,-0.4411020806866291,3.716989824904857e-77,-0.5065355199948792,5.14841908953548e-105
GNOT,C,2,C-k2,initial_rayleigh_quotient,all,1600,400,1600,9.48354991510157,35.86134226126692,19.505883276152996,5.252073034994045,0.49567817419767335,0.47707562148570953,0.1688556361232987,ok,0.17707006676108783,0.01633394924628211,0.0008443452386112252,0.014674027894515534,0.017993870598048686,2.7150034579264464e-59,0.5080499316511868,0.2581147330507748,0.5080499316511861,9.827908835000311e-106,0.49092430211886806,8.286056224493122e-98
GNOT,C,2,C-k2,target_norm_retention,all,1600,400,1600,0.0773368681080183,0.7198841721577247,0.4061981572020235,0.22695665927430905,0.49567817419767335,0.47707562148570953,0.1688556361232987,ok,0.5311237946381362,-0.0872618937629348,0.024071956337425145,-0.1345856097928928,-0.03993817773297681,0.0003263018978735341,-0.11728757384162139,0.013756374977654251,-0.11728757384162283,2.550127323962954e-06,-0.10384512552543967,3.1572832583630655e-05
GNOT,D,0,D-k0,log_nk,all,1600,400,245,7.383989457978509,8.154500175151941,7.958374634959847,0.23199193460850195,0.025702167942071766,0.0200077779591075,0.017286727779543456,ok,-0.1301834955156684,0.019587625690924197,0.0017912340284040084,0.01606618982110257,0.023109061560745825,1.6015793057727039e-24,0.26287052335041233,0.06910091204646351,0.26287052335030564,1.0713719719033693e-26,0.4057724432389327,1.8315465915357676e-64
GNOT,D,0,D-k0,beta_k,all,1600,400,1,1.0,1.0,1.0,0.0,0.025702167942071766,0.0200077779591075,0.017286727779543456,constant_predictor,,,,,,,,,,,,
GNOT,D,0,D-k0,beta_total,all,1600,400,6,0.0,6.0,3.995,2.165157024464477,0.025702167942071766,0.0200077779591075,0.017286727779543456,ok,0.017671992309052358,0.0020100564788534166,0.00019902564970018636,0.001618786521519447,0.002401326436187386,1.6565328250249327e-21,0.25175891934330824,0.06338255346891042,0.2517589193433087,1.4907632173177983e-24,0.4332906084308878,3.2223692534601943e-74
GNOT,D,0,D-k0,rho_H,all,1600,400,1,0.0,0.0,0.0,0.0,0.025702167942071766,0.0200077779591075,0.017286727779543456,constant_predictor,,,,,,,,,,,,
GNOT,D,0,D-k0,log_lambda1_positive,all,1600,400,379,0.5033968243114202,0.7686805951110842,0.6677806442096653,0.03520496700715221,0.025702167942071766,0.0200077779591075,0.017286727779543456,ok,0.07211595566896305,-0.06950454184221494,0.01229325178116679,-0.09367218107443784,-0.04533690260999204,2.9929421316727795e-08,-0.14154819429146065,0.02003589130717276,-0.14154819429145962,1.2993197962583727e-08,-0.25982502890027526,4.2441283056986573e-26
GNOT,D,0,D-k0,initial_rayleigh_quotient,all,1600,400,1600,1.8019885967744893,10.283227253396591,3.7975272601485863,1.955888692457057,0.025702167942071766,0.0200077779591075,0.017286727779543456,ok,-0.0025998582718980787,0.00745275129713288,0.00022545631523826495,0.0070095205729682475,0.007895982021297512,2.581754438070617e-116,0.8432337325868295,0.7110431277723177,0.8432337325868301,0.0,0.7524342079821126,4.4870475162155885e-292
GNOT,D,0,D-k0,target_norm_retention,all,1600,400,1600,0.38950793534688544,0.8409387136167635,0.72541767488412,0.1120238395661907,0.025702167942071766,0.0200077779591075,0.017286727779543456,ok,0.1205105495734359,-0.13069488780585486,0.00396568567006119,-0.13849113751167016,-0.12289863810003956,6.251433754103994e-116,-0.8469470526984285,0.7173193100745734,-0.8469470526984397,0.0,-0.7328357540374041,1.577238855640351e-269
GNOT,D,1,D-k1,log_nk,all,1600,400,343,9.111403624116159,9.921327470664458,9.718085351035178,0.23976327767915767,0.26816625115461606,0.26637038588523804,0.06667321263229743,ok,-1.078649666245127,0.1385886076063626,0.005733132868633698,0.12731768520877484,0.14985953000395036,3.651929513923844e-80,0.49837794665673285,0.2483805777134087,0.49837794665635915,3.3427552484515306e-101,0.5065561187380835,5.034027569122604e-105
GNOT,D,1,D-k1,beta_k,all,1600,400,4,0.0,3.0,1.9975,1.1568622244584645,0.26816625115461606,0.26637038588523804,0.06667321263229743,ok,0.2078034713689299,0.030219163847652507,0.0009500035383890156,0.02835152596031219,0.03208680173499283,1.761348047386045e-111,0.5243396520109377,0.2749320706709507,0.5243396520109372,1.0527768792653044e-113,0.5496709510930623,5.384563306926113e-127
GNOT,D,1,D-k1,beta_total,all,1600,400,6,0.0,6.0,3.995,2.165157024464477,0.26816625115461606,0.26637038588523804,0.06667321263229743,ok,0.2081660926984692,0.015018813130449775,0.0005749562803603539,0.013888490884928257,0.01614913537597129,2.0847624456203746e-88,0.4877234419143684,0.23787415579279847,0.48772344191436856,2.2406258728201266e-96,0.521562768815568,2.5811425252994056e-112
GNOT,D,1,D-k1,rho_H,all,1600,400,4,0.0,0.5,0.1965625022398308,0.19777088866174766,0.26816625115461606,0.26637038588523804,0.06667321263229743,ok,0.2738982870337807,-0.029161390467907694,0.0093863987085609,-0.0476143678994634,-0.01070841303635199,0.0020266829966091165,-0.08650061816065203,0.007482356942174695,-0.08650061816065144,0.000532573592162299,0.017521115132251238,0.4837083593590704
GNOT,D,1,D-k1,log_lambda1_positive,all,1600,400,384,0.5033968243114326,0.7686805951189433,0.6678219969077439,0.035195855103344914,0.26816625115461606,0.26637038588523804,0.06667321263229743,ok,0.7116045222344589,-0.6640066861126493,0.06735044784888455,-0.7964127699312624,-0.5316006022940363,1.1521262908805338e-20,-0.35051982931976106,0.12286415074635182,-0.3505198293197575,1.8360169482777627e-47,-0.3680542566420224,1.6678810407799736e-52
GNOT,D,1,D-k1,initial_rayleigh_quotient,all,1600,400,1600,3.997080762354902,17.84090746994571,9.3765935816095,2.6992134021253795,0.26816625115461606,0.26637038588523804,0.06667321263229743,ok,0.2053355558429424,0.006700801817293699,0.0006927802246329579,0.0053388462636136174,0.00806275737097378,5.092317564881565e-20,0.27127677452674165,0.07359108839763151,0.27127677452673965,2.18119930400761e-28,0.22603035684779565,5.545097380981609e-20
GNOT,D,1,D-k1,target_norm_retention,all,1600,400,1600,0.30027767833331487,0.8274266228513649,0.6072654148590875,0.13868439175686645,0.26816625115461606,0.26637038588523804,0.06667321263229743,ok,0.31561547798934875,-0.0781358952341164,0.014693192332600188,-0.10702164310498946,-0.04925014736324335,1.7528626082629056e-07,-0.16252747808454115,0.026415181132522503,-0.16252747808454612,6.170672587380091e-11,-0.13790844840173766,3.050565617708453e-08
GNOT,D,2,D-k2,log_nk,all,1600,400,357,9.543378146148761,10.367284459872343,10.162239385949931,0.24169667372647527,0.5518703872151669,0.5229225158691405,0.18434932824020042,ok,-2.7962606776351158,0.3294678404721922,0.012229099411781241,0.30542632013404236,0.353509360810342,7.901133546045994e-92,0.4319586184670941,0.18658824806795193,0.4319586184670375,1.0034828070117378e-73,0.42017689518928925,1.8626217410382644e-69
GNOT,D,2,D-k2,beta_k,all,1600,400,4,0.0,3.0,1.9975,1.1568622244584645,0.5518703872151669,0.5229225158691405,0.18434932824020042,ok,0.42524845081576035,0.0633902059571495,0.0034699075302685235,0.05656862002907345,0.07021179188522556,1.2800613174249957e-54,0.3977976777703091,0.1582429924394504,0.3977976777703086,8.379056266049976e-62,0.42314658658975,1.622272844494957e-70
GNOT,D,2,D-k2,beta_total,all,1600,400,6,0.0,6.0,3.995,2.165157024464477,0.5518703872151669,0.5229225158691405,0.18434932824020042,ok,0.40869851225772336,0.03583776594679427,0.0015815432434382552,0.03272856691483987,0.038946964978748666,1.1354205196268984e-73,0.4209095385458242,0.17716483963885943,0.420909538545825,1.02235889857137e-69,0.4537416829777141,4.472943037783884e-82
GNOT,D,2,D-k2,rho_H,all,1600,400,4,0.0,0.5,0.1965625022398308,0.19777088866174766,0.5518703872151669,0.5229225158691405,0.18434932824020042,ok,0.6179445048609964,-0.3361481304567982,0.026487081078935142,-0.38821980613914436,-0.28407645477445204,3.091312940302718e-31,-0.36062140891451827,0.13004780056749266,-0.3606214089145189,2.5006448005323044e-50,-0.28474138461189674,3.1796539395648095e-31
GNOT,D,2,D-k2,log_lambda1_positive,all,1600,400,385,2.266242713506224,2.685133355534697,2.3980652561087026,0.12108473168180206,0.5518703872151669,0.5229225158691405,0.18434932824020042,ok,1.8742429070925934,-0.5514330840284201,0.029131660052893804,-0.6087038097018899,-0.4941623583549503,1.7451711782451543e-57,-0.3621934924170205,0.13118412594921958,-0.3621934924169948,8.762614180226725e-51,-0.3573826115782891,2.129436027328521e-49
GNOT,D,2,D-k2,initial_rayleigh_quotient,all,1600,400,1600,9.234775758008858,42.241847033780694,22.03469820024163,6.042655510112891,0.5518703872151669,0.5229225158691405,0.18434932824020042,ok,0.11588043290186689,0.01978651807940438,0.0006733062942579381,0.01846284685700741,0.021110189301801346,7.492426887552431e-102,0.6485682027692277,0.4206407136433038,0.6485682027692259,1.2111141171831272e-191,0.6784026400010312,3.183999149332081e-216
GNOT,D,2,D-k2,target_norm_retention,all,1600,400,1600,0.07543813228969622,0.7237137381537226,0.4041376744790584,0.2277965013568616,0.5518703872151669,0.5229225158691405,0.18434932824020042,ok,0.6553702537010784,-0.2561005148043296,0.025204733042454165,-0.30565118747888737,-0.20654984212977182,1.0058927825149047e-21,-0.3164578999284668,0.10014560242713588,-0.3164578999284673,1.5169964980660037e-38,-0.3305617004147267,4.220456622822572e-42
MGN-lite,A,0,A-k0,log_nk,all,1600,400,221,7.731492029245684,7.903226808730733,7.836536796010969,0.029959236007328197,0.010212060307966979,0.007504311157390001,0.006152500049895367,ok,0.06923686677916599,-0.007532001444964934,0.005220424500916864,-0.017794976467611162,0.0027309735776812954,0.149862834169054,-0.03667663666269763,0.0013451756769277123,-0.03667663666324472,0.14253600441886774,-0.03915027711487772,0.1174921167657066
MGN-lite,A,0,A-k0,beta_k,all,1600,400,1,1.0,1.0,1.0,0.0,0.010212060307966979,0.007504311157390001,0.006152500049895367,constant_predictor,,,,,,,,,,,,
MGN-lite,A,0,A-k0,beta_total,all,1600,400,1,2.0,2.0,2.0,0.0,0.010212060307966979,0.007504311157390001,0.006152500049895367,constant_predictor,,,,,,,,,,,,
MGN-lite,A,0,A-k0,rho_H,all,1600,400,1,0.0,0.0,0.0,0.0,0.010212060307966979,0.007504311157390001,0.006152500049895367,constant_predictor,,,,,,,,,,,,
MGN-lite,A,0,A-k0,log_lambda1_positive,all,1600,400,400,0.5911348066758972,0.7538510155881601,0.684904804429579,0.034406063767318584,0.010212060307966979,0.007504311157390001,0.006152500049895367,ok,0.001703955081772756,0.012422317920926802,0.004962298931263955,0.0026667990014363346,0.02217783684041727,0.012701431336351463,0.06946819326439187,0.004825829875419907,0.06946819326439868,0.0054373157750300175,0.09179546494627364,0.00023625779850091656
MGN-lite,A,0,A-k0,initial_rayleigh_quotient,all,1600,400,1600,1.9058051657219186,9.483124457550876,3.8709239840100538,1.9549361874885733,0.010212060307966979,0.007504311157390001,0.006152500049895367,ok,-0.0010955504495404702,0.002921165800262869,5.354963127276699e-05,0.0028158911184572415,0.0030264404820684963,4.342329781690963e-187,0.9281906032142201,0.8615377958951754,0.9281906032142189,0.0,0.9222895253084085,0.0
MGN-lite,A,0,A-k0,target_norm_retention,all,1600,400,1600,0.4143438152804424,0.8281922245454145,0.719969085278326,0.11255047190149724,0.010212060307966979,0.007504311157390001,0.006152500049895367,ok,0.04664390995305283,-0.050601963875993305,0.0009604213779370636,-0.052490082478465656,-0.048713845273520955,8.469630292218583e-182,-0.9256846594389576,0.856892088720611,-0.9256846594389532,0.0,-0.9186261869633543,0.0
MGN-lite,A,1,A-k1,log_nk,all,1600,400,360,9.477998292597036,9.666498594399865,9.597116032256835,0.03324862117039561,0.2251061726035546,0.208406060934066,0.06559686862263188,ok,-0.5571264305479308,0.08150704862988975,0.04037643316574549,0.002129916557428446,0.16088418070235105,0.044189097153038065,0.04131290166002266,0.0017067558436310026,0.04131290166075044,0.09854885781547001,0.03355239740355724,0.17978260837033924
MGN-lite,A,1,A-k1,beta_k,all,1600,400,1,1.0,1.0,1.0,0.0,0.2251061726035546,0.208406060934066,0.06559686862263188,constant_predictor,,,,,,,,,,,,
MGN-lite,A,1,A-k1,beta_total,all,1600,400,1,2.0,2.0,2.0,0.0,0.2251061726035546,0.208406060934066,0.06559686862263188,constant_predictor,,,,,,,,,,,,
MGN-lite,A,1,A-k1,rho_H,all,1600,400,4,0.0,0.5,0.23611111380159855,0.19400841660345367,0.2251061726035546,0.208406060934066,0.06559686862263188,ok,0.2742236664581593,-0.20802703042550397,0.006999264416429628,-0.2217870753931302,-0.19426698545787774,3.374010908455124e-103,-0.6152579479936647,0.37854234256937425,-0.615257947993664,2.7951517356870122e-167,-0.6536616816171709,1.2139087998931048e-195
MGN-lite,A,1,A-k1,log_lambda1_positive,all,1600,400,400,0.5911348066759515,0.753851015588182,0.6849048044296137,0.03440606376731256,0.2251061726035546,0.208406060934066,0.06559686862263188,ok,0.3151088480323758,-0.1314090291770988,0.037321736869021925,-0.204780850419083,-0.05803720793511456,0.00047960441186719965,-0.06892504981416131,0.004750662491883828,-0.06892504981415512,0.005813347143895583,-0.09259299884433884,0.00020824788180109867
MGN-lite,A,1,A-k1,initial_rayleigh_quotient,all,1600,400,1600,4.022796692058106,16.786387100399214,8.760483059211474,2.5656560407689484,0.2251061726035546,0.208406060934066,0.06559686862263188,ok,0.04484431084881936,0.0205767034233567,0.0004500344914350327,0.01969196833253873,0.021461438514174667,1.0162068187119403e-160,0.8048058473790004,0.6477124519754305,0.8048058473790003,0.0,0.8316118824655792,0.0
MGN-lite,A,1,A-k1,target_norm_retention,all,1600,400,1600,0.30599608959904107,0.826686670801375,0.6371089309523051,0.12916031726759405,0.2251061726035546,0.208406060934066,0.06559686862263188,ok,0.4936969205519556,-0.4215774334648388,0.00854098971724679,-0.4383683982841532,-0.40478646864552437,5.410440506349848e-172,-0.830086499592302,0.6890435968053921,-0.8300864995922967,0.0,-0.8121939676538935,0.0
MGN-lite,A,2,A-k2,log_nk,all,1600,400,374,9.916206324943902,10.11382951201313,10.04340980982206,0.035149350400342214,0.4109089406998824,0.3800896853208535,0.19232073020873638,ok,-12.416616797706496,1.2772082371726245,0.11039934200734373,1.0601711572686907,1.4942453170765584,6.851957612841622e-27,0.23342798154863,0.05448862256299147,0.23342798153390182,3.055501468410917e-21,0.24792266596493137,7.751853513331998e-24
MGN-lite,A,2,A-k2,beta_k,all,1600,400,1,1.0,1.0,1.0,0.0,0.4109089406998824,0.3800896853208535,0.19232073020873638,constant_predictor,,,,,,,,,,,,
MGN-lite,A,2,A-k2,beta_total,all,1600,400,1,2.0,2.0,2.0,0.0,0.4109089406998824,0.3800896853208535,0.19232073020873638,constant_predictor,,,,,,,,,,,,
MGN-lite,A,2,A-k2,rho_H,all,1600,400,4,0.0,0.5,0.23611111380159855,0.19400841660345367,0.4109089406998824,0.3800896853208535,0.19232073020873638,ok,0.5722170100377133,-0.6831871094105988,0.017917893622692162,-0.7184123855688547,-0.6479618332523429,4.127880134280327e-135,-0.6891823320178917,0.47497228676561853,-0.6891823320178909,7.709925932279206e-226,-0.7332817626149241,5.095206897963914e-270
MGN-lite,A,2,A-k2,log_lambda1_positive,all,1600,400,400,2.2572324471287004,2.4820940566972225,2.402940436605092,0.03782836822457726,0.4109089406998824,0.3800896853208535,0.19232073020873638,ok,1.01136798008315,-0.24988511168906596,0.11650029044416564,-0.4789162126559534,-0.020854010722178545,0.032561566687034166,-0.04915094700687758,0.0024158155916956803,-0.049150947007110514,0.04933449466652137,-0.0795284945285458,0.0014540700607997606
MGN-lite,A,2,A-k2,initial_rayleigh_quotient,all,1600,400,1600,9.663916100440069,39.04852027739478,19.594550100497294,5.72707233863774,0.4109089406998824,0.3800896853208535,0.19232073020873638,ok,-0.07865933298137304,0.024984920356442925,0.0007167269153600517,0.023575887349815475,0.026393953363070374,3.7065633199946104e-123,0.7440198781543063,0.55356557908875,0.7440198781543073,3.842913303758149e-282,0.7910214740318259,0.0
MGN-lite,A,2,A-k2,target_norm_retention,all,1600,400,1600,0.08394024928892163,0.7225126387866652,0.45501184297776304,0.21687702146741486,0.4109089406998824,0.3800896853208535,0.19232073020873638,ok,0.6952212243385727,-0.6248458980277241,0.01845078527147009,-0.6611188004240808,-0.5885729956313673,2.0865664078691718e-119,-0.7046287578739077,0.496501686422926,-0.7046287578739077,2.2298042064010276e-240,-0.7252751592871717,2.336792045813049e-261
MGN-lite,B,0,B-k0,log_nk,all,1600,400,274,7.383989457978509,8.155649270366002,7.870143704693032,0.25330373664630723,0.01144329006783615,0.008743272162973499,0.007463494070002854,ok,-0.06678019513871396,0.00993927025244843,0.0006211221153110627,0.00871818933185834,0.01116035117303852,7.054359794693863e-45,0.33732917462902334,0.11379097205604338,0.3373291746292386,7.101347424822643e-44,0.4353823505787795,5.357710182797863e-75
MGN-lite,B,0,B-k0,beta_k,all,1600,400,1,1.0,1.0,1.0,0.0,0.01144329006783615,0.008743272162973499,0.007463494070002854,constant_predictor,,,,,,,,,,,,
MGN-lite,B,0,B-k0,beta_total,all,1600,400,4,0.0,3.0,1.9975,1.1568622244584645,0.01144329006783615,0.008743272162973499,0.007463494070002854,ok,0.006976484430531716,0.002236198066235006,0.000145055025614504,0.0019510304319689607,0.0025213657005010515,2.1280145481789592e-42,0.34661688546546354,0.12014326528977803,0.34661688546546326,2.2050911325601166e-46,0.4805198268573575,3.296501239434416e-93
MGN-lite,B,0,B-k0,rho_H,all,1600,400,1,0.0,0.0,0.0,0.0,0.01144329006783615,0.008743272162973499,0.007463494070002854,constant_predictor,,,,,,,,,,,,
MGN-lite,B,0,B-k0,log_lambda1_positive,all,1600,400,334,0.4839635920958233,0.78652672909991,0.660299946497459,0.05208200265921611,0.01144329006783615,0.008743272162973499,0.007463494070002854,ok,0.02738547462605894,-0.02414385256698523,0.004884213869608885,-0.033745861932364334,-0.014541843201606125,1.1334233943420374e-06,-0.168481435344259,0.028385994055691866,-0.1684814353443481,1.1808941859200086e-11,-0.24381416874232423,4.392133986929135e-23
MGN-lite,B,0,B-k0,initial_rayleigh_quotient,all,1600,400,1600,1.7488274411298415,9.601429199906384,3.8133088589809176,2.014902693625446,0.01144329006783615,0.008743272162973499,0.007463494070002854,ok,-0.0004985072931929571,0.0031316103160394064,8.481017594064969e-05,0.002964879676185837,0.0032983409558929758,8.919693159458837e-131,0.845433787712599,0.7147582894060704,0.8454337877125983,0.0,0.7630037775405382,3.9093185376327714e-305
MGN-lite,B,0,B-k0,target_norm_retention,all,1600,400,1600,0.3997271106723129,0.8433838536060418,0.7234929861688051,0.11654482536574688,0.01144329006783615,0.008743272162973499,0.007463494070002854,ok,0.050595791827873396,-0.05411593824477263,0.0014782427150405652,-0.05702205594826696,-0.051209820541278296,1.2689995385650425e-129,-0.8450375270731818,0.7140884221619609,-0.8450375270731834,0.0,-0.7479923312470044,8.80326366484727e-287
MGN-lite,B,1,B-k1,log_nk,all,1600,400,318,9.111403624116159,9.91422964906803,9.618079468081744,0.2626740432741036,0.24558114329352929,0.23222999274730602,0.07437632537235107,ok,-0.7870685931230806,0.10736548183486269,0.006275447781174596,0.09502840774772588,0.1197025559219995,1.304683247152907e-49,0.37918148120987527,0.14377859569254448,0.37918148120991424,7.176507665374299e-56,0.38966518878558576,3.648096977383746e-59
MGN-lite,B,1,B-k1,beta_k,all,1600,400,4,0.0,3.0,1.9975,1.1568622244584645,0.24558114329352929,0.23222999274730602,0.07437632537235107,ok,0.19794716884328967,0.023846795719769512,0.0013855791622900213,0.02112284782396447,0.026570743615574554,4.75489524538896e-50,0.37091718372032684,0.1375795571790177,0.37091718372032556,2.3368807983717755e-53,0.4031738947324625,1.3730630660705836e-63
MGN-lite,B,1,B-k1,beta_total,all,1600,400,4,0.0,3.0,1.9975,1.1568622244584645,0.24558114329352929,0.23222999274730602,0.07437632537235107,ok,0.19794716884328967,0.023846795719769512,0.0013855791622900213,0.02112284782396447,0.026570743615574554,4.75489524538896e-50,0.37091718372032684,0.1375795571790177,0.37091718372032556,2.3368807983717755e-53,0.4031738947324625,1.3730630660705836e-63
MGN-lite,B,1,B-k1,rho_H,all,1600,400,4,0.0,0.5,0.1965625022398308,0.19777088866174766,0.24558114329352929,0.23222999274730602,0.07437632537235107,ok,0.2668836556943903,-0.10837526058184366,0.010688653104011969,-0.12938837547564946,-0.08736214568803785,1.1986544909771744e-21,-0.28817599534417776,0.0830454042926082,-0.2881759953441792,5.667560814339128e-32,-0.23287018220676958,3.815419756219417e-21
MGN-lite,B,1,B-k1,log_lambda1_positive,all,1600,400,341,0.48396371872013666,0.7865796598052194,0.6601380210831935,0.05202854901877113,0.24558114329352929,0.23222999274730602,0.07437632537235107,ok,0.4225641802329477,-0.2681000507272887,0.0385285997676031,-0.3438444766840278,-0.19235562477054963,1.4185129709481302e-11,-0.1875443101197517,0.03517286825827404,-0.18754431011969902,3.935368416568237e-14,-0.2262010302465421,5.1923373765211546e-20
MGN-lite,B,1,B-k1,initial_rayleigh_quotient,all,1600,400,1600,4.040722026297464,17.302904387338785,9.461190744080676,2.805127875532731,0.24558114329352929,0.23222999274730602,0.07437632537235107,ok,0.11054068379416472,0.014273093435289982,0.000667201685338447,0.012961423430198762,0.015584763440381202,3.4468161440015093e-68,0.5383144712376309,0.28978246994385015,0.5383144712376309,6.7624439214296354e-121,0.5100952734747163,1.0359296860036369e-106
MGN-lite,B,1,B-k1,target_norm_retention,all,1600,400,1600,0.3002410380880237,0.8294970829195383,0.6106806439661167,0.13646261769953813,0.24558114329352929,0.23222999274730602,0.07437632537235107,ok,0.4200017057915204,-0.2856166545007915,0.014970002703761557,-0.3150465914361246,-0.25618671756545836,3.882127932675744e-58,-0.5240376710819818,0.2746154807130199,-0.5240376710819746,1.493018560269789e-113,-0.47998204393829846,5.64301072135066e-93
MGN-lite,B,2,B-k2,log_nk,all,1600,400,329,9.543378146148761,10.357552330480354,10.05700041393879,0.26563318777746764,0.31160712559241754,0.29548327624797754,0.11235000943201597,ok,-1.6107392789741786,0.1911451054433939,0.008345008047926502,0.17473942633729636,0.2075507845494914,9.958193311937699e-75,0.45193128103574404,0.20424188277840138,0.4519312810355147,2.333678165769072e-81,0.4534305274772013,5.94579810269356e-82
MGN-lite,B,2,B-k2,beta_k,all,1600,400,1,0.0,0.0,0.0,0.0,0.31160712559241754,0.29548327624797754,0.11235000943201597,constant_predictor,,,,,,,,,,,,
MGN-lite,B,2,B-k2,beta_total,all,1600,400,4,0.0,3.0,1.9975,1.1568622244584645,0.31160712559241754,0.29548327624797754,0.11235000943201597,ok,0.22756260462575284,0.04207485405089589,0.0020939764389507885,0.03795824861254748,0.046191459489244295,1.5162332067920323e-62,0.433242591586414,0.18769914316451186,0.43324259158641354,3.3573598700908427e-74,0.45802808712449894,8.60139454202211e-84
MGN-lite,B,2,B-k2,rho_H,all,1600,400,1,0.0,0.0,0.0,0.0,0.31160712559241754,0.29548327624797754,0.11235000943201597,constant_predictor,,,,,,,,,,,,
MGN-lite,B,2,B-k2,log_lambda1_positive,all,1600,400,341,2.269147735025334,2.6801398291281306,2.4316724405207566,0.11758202001057262,0.31160712559241754,0.29548327624797754,0.11235000943201597,ok,1.2250368915324121,-0.37563849090808427,0.01876327452259922,-0.4125257244529176,-0.33875125736325096,3.1617071619308633e-62,-0.39313154291653474,0.1545524100361072,-0.39313154291675334,2.794725560754786e-60,-0.34369864274541156,1.382426875692065e-45
MGN-lite,B,2,B-k2,initial_rayleigh_quotient,all,1600,400,1600,18.10295563287944,42.92928857678454,26.149336602373523,4.543025397123421,0.31160712559241754,0.29548327624797754,0.11235000943201597,ok,-0.0862382246402965,0.015214357300238433,0.0006412340506980065,0.013953737776897353,0.016474976823579512,2.96094973284987e-78,0.6152132248615254,0.37848731204451835,0.6152132248615261,3.000286375189112e-167,0.6843574811943287,1.7485559192246298e-221
MGN-lite,B,2,B-k2,target_norm_retention,all,1600,400,1600,0.07724110015150125,0.21958787048386205,0.15267364116347337,0.02544651991165597,0.31160712559241754,0.29548327624797754,0.11235000943201597,ok,0.7330707565499096,-2.7605526909927662,0.11076199579093236,-2.978302721868826,-2.5428026601167066,2.355760714730955e-83,-0.6252465787377587,0.3909332842232751,-0.625246578737761,2.8238340113692128e-174,-0.5331538889273004,3.3526354231528113e-118
MGN-lite,C,0,C-k0,log_nk,all,1600,400,236,7.383989457978509,7.816416983691801,7.638937468881613,0.13285965075075507,0.009254839944478092,0.006992214126512001,0.005583566100895749,ok,-0.05124382811455378,0.007919775270511825,0.0008503710406467116,0.006248007630043871,0.00959154291097978,8.459217353142309e-19,0.188449202078196,0.03551310176382705,0.18844920207797944,2.955128152624455e-14,0.23316498199848548,3.393081132330946e-21
MGN-lite,C,0,C-k0,beta_k,all,1600,400,1,1.0,1.0,1.0,0.0,0.009254839944478092,0.006992214126512001,0.005583566100895749,constant_predictor,,,,,,,,,,,,
MGN-lite,C,0,C-k0,beta_total,all,1600,400,4,0.0,3.0,2.0025,1.1525293716301959,0.009254839944478092,0.006992214126512001,0.005583566100895749,ok,0.007448082195023574,0.0009022510609011346,0.00010546499814788965,0.0006949145422779607,0.0011095875795243083,2.5616433304473933e-16,0.186237760865093,0.03468450357204356,0.18623776086509297,5.936326281343687e-14,0.24172457497251004,1.0482082272605938e-22
MGN-lite,C,0,C-k0,rho_H,all,1600,400,1,0.0,0.0,0.0,0.0,0.009254839944478092,0.006992214126512001,0.005583566100895749,constant_predictor,,,,,,,,,,,,
MGN-lite,C,0,C-k0,log_lambda1_positive,all,1600,400,335,0.6671266100083025,0.7461019031171019,0.7075874038421409,0.014334179386468063,0.009254839944478092,0.006992214126512001,0.005583566100895749,ok,0.014284308461270254,-0.007107911318772877,0.010421074062027578,-0.027594985270125234,0.013379162632579478,0.4955898681173495,-0.01824749166846113,0.00033297095219519957,-0.018247491668589765,0.4657631617605038,-0.061455196209984506,0.013947574960264294
MGN-lite,C,0,C-k0,initial_rayleigh_quotient,all,1600,400,1600,2.020287562688089,10.188545072201846,3.8882111853426875,1.9844282328946323,0.009254839944478092,0.006992214126512001,0.005583566100895749,ok,-0.00055422656977308,0.002522771024173847,6.197817154053917e-05,0.0024009264449910387,0.0026446156033566553,3.989239094553622e-144,0.8966058527893053,0.8039020552560354,0.8966058527893044,0.0,0.8733486194721171,0.0
MGN-lite,C,0,C-k0,target_norm_retention,all,1600,400,1600,0.3776723959775004,0.819516746089003,0.7197912852277767,0.11180331424323807,0.009254839944478092,0.006992214126512001,0.005583566100895749,ok,0.041354681565624225,-0.04459604093565564,0.0011253620176833897,-0.04680842084401193,-0.042383661027299346,2.112948188688713e-140,-0.8929750429449621,0.7974044273225583,-0.8929750429449629,0.0,-0.8681272961434752,0.0
MGN-lite,C,1,C-k1,log_nk,all,1600,400,321,9.111403624116159,9.592195614445213,9.398410354881623,0.14872587885895874,0.1841995766479517,0.1629965677857395,0.07364533784340492,ok,-0.8992123412540656,0.11527608148535035,0.010620556049343985,0.09439684045008814,0.13615532252061255,3.185358601293873e-24,0.23279866767372018,0.054195219670942985,0.23279866767432997,3.9254643551664955e-21,0.24283171042666585,6.618188125093808e-23
MGN-lite,C,1,C-k1,beta_k,all,1600,400,1,0.0,0.0,0.0,0.0,0.1841995766479517,0.1629965677857395,0.07364533784340492,constant_predictor,,,,,,,,,,,,
MGN-lite,C,1,C-k1,beta_total,all,1600,400,4,0.0,3.0,2.0025,1.1525293716301959,0.1841995766479517,0.1629965677857395,0.07364533784340492,ok,0.155258934235814,0.01445225588621117,0.0014797214272868247,0.011543231141949103,0.017361280630473236,2.4038517653829036e-20,0.22617384729215947,0.051154609198936996,0.2261738472921595,5.2469992251229375e-20,0.25071041413086415,2.3459464814154656e-24
MGN-lite,C,1,C-k1,rho_H,all,1600,400,1,0.0,0.0,0.0,0.0,0.1841995766479517,0.1629965677857395,0.07364533784340492,constant_predictor,,,,,,,,,,,,
MGN-lite,C,1,C-k1,log_lambda1_positive,all,1600,400,343,0.6671266100083363,0.7461019031171127,0.7075874038421653,0.014334179386463936,0.1841995766479517,0.1629965677857395,0.07364533784340492,ok,0.535872890178696,-0.49700335480992974,0.13384991367304297,-0.7601425536564088,-0.23386415596345067,0.00023382953541850184,-0.09673572628138737,0.009357800739106859,-0.09673572628097038,0.00010640735677310859,-0.13415263952870932,7.193262585460887e-08
MGN-lite,C,1,C-k1,initial_rayleigh_quotient,all,1600,400,1600,8.074225456269636,17.246303429376074,11.334696817030435,1.6775784306075634,0.1841995766479517,0.1629965677857395,0.07364533784340492,ok,-0.19255654734405342,0.03323918849121099,0.0009392929277426867,0.03139260688569627,0.03508577009672571,3.9826138660006043e-125,0.7571605657145919,0.5732921222732462,0.7571605657145954,7.854017459640405e-298,0.772663180727805,1.10514e-317
MGN-lite,C,1,C-k1,target_norm_retention,all,1600,400,1600,0.2869736732174376,0.5991884580811021,0.4845623687211373,0.08289913661461802,0.1841995766479517,0.1629965677857395,0.07364533784340492,ok,0.5470531236166745,-0.7488273345005515,0.015700003364274358,-0.779692399660427,-0.717962269340676,6.523016703411517e-167,-0.842920153825876,0.7105143857258436,-0.8429201538258793,0.0,-0.8408927259346587,0.0
MGN-lite,C,2,C-k2,log_nk,all,1600,400,321,9.543378146148761,10.04676504723975,9.845505281566203,0.15612627542321453,0.4035225112456824,0.35284197330474804,0.19091740383422212,ok,-4.669810685829725,0.5152943451845273,0.016523732125397143,0.4828098891687255,0.5477788012003292,4.991517282793253e-109,0.4213915821428302,0.17757086550100698,0.42139158214303113,6.883995948025715e-70,0.4788524153434215,1.7399642560741624e-92
MGN-lite,C,2,C-k2,beta_k,all,1600,400,4,0.0,3.0,2.0025,1.1525293716301959,0.4035225112456824,0.35284197330474804,0.19091740383422212,ok,0.26865597195159185,0.06734908329292921,0.002392927160332417,0.06264476247128145,0.07205340411457697,8.48011139854782e-97,0.4065726596348973,0.16530132756259397,0.4065726596348971,9.813729083843627e-65,0.4793655426536266,1.0438276569240374e-92
MGN-lite,C,2,C-k2,beta_total,all,1600,400,4,0.0,3.0,2.0025,1.1525293716301959,0.4035225112456824,0.35284197330474804,0.19091740383422212,ok,0.26865597195159185,0.06734908329292921,0.002392927160332417,0.06264476247128145,0.07205340411457697,8.48011139854782e-97,0.4065726596348973,0.16530132756259397,0.4065726596348971,9.813729083843627e-65,0.4793655426536266,1.0438276569240374e-92
MGN-lite,C,2,C-k2,rho_H,all,1600,400,4,0.0,0.5,0.19715278002433478,0.19777344145938522,0.4035225112456824,0.35284197330474804,0.19091740383422212,ok,0.4831463302437873,-0.4038686088437448,0.029445330411007983,-0.4617559876361525,-0.34598123005133713,2.3897176383620134e-35,-0.41837194024384766,0.1750350803834022,-0.4183719402438483,8.1133581768446e-69,-0.34940076165101924,3.7581666068903167e-47
MGN-lite,C,2,C-k2,log_lambda1_positive,all,1600,400,344,2.507009414956816,2.6964556261107866,2.6250755100023775,0.038772774080661244,0.4035225112456824,0.35284197330474804,0.19091740383422212,ok,5.06618183547077,-1.7762000774678117,0.0952208210000466,-1.9633972886117927,-1.5890028663238307,2.741449374871842e-56,-0.36072250587228954,0.1301207262443178,-0.36072250587441557,2.337986754270026e-50,-0.4685247159593607,4.241246488772087e-88
MGN-lite,C,2,C-k2,initial_rayleigh_quotient,all,1600,400,1600,9.48354991510157,35.86134226126692,19.505883276152996,5.252073034994045,0.4035225112456824,0.35284197330474804,0.19091740383422212,ok,-0.0673969149629374,0.02414243023715541,0.0007958191233888169,0.022577907699869563,0.025706952774441256,1.1586225563537334e-105,0.664150068570439,0.44109531358211784,0.6641500685704382,3.984166309957599e-204,0.6825574365458738,7.0152576591593875e-220
MGN-lite,C,2,C-k2,target_norm_retention,all,1600,400,1600,0.0773368681080183,0.7198841721577247,0.4061981572020235,0.22695665927430905,0.4035225112456824,0.35284197330474804,0.19091740383422212,ok,0.5499689843526966,-0.36052963439265107,0.0297037048625957,-0.4189249585720036,-0.3021343102132985,4.5325221469323784e-29,-0.4285863925857397,0.18368629590965913,-0.42858639258574127,1.7404444434888831e-72,-0.3992046686346362,2.8780341263544977e-62
MGN-lite,D,0,D-k0,log_nk,all,1600,400,245,7.383989457978509,8.154500175151941,7.958374634959847,0.23199193460850195,0.011782214238482504,0.008515987545251,0.007906041501842955,ok,-0.04991221053400318,0.007752138797471475,0.000777822669539802,0.006222995980037187,0.009281281614905762,4.858912148351611e-21,0.22747587102341993,0.05174527189782119,0.22747587102332684,3.1724696709304265e-20,0.30473827435512457,9.845832768856939e-36
MGN-lite,D,0,D-k0,beta_k,all,1600,400,1,1.0,1.0,1.0,0.0,0.011782214238482504,0.008515987545251,0.007906041501842955,constant_predictor,,,,,,,,,,,,
MGN-lite,D,0,D-k0,beta_total,all,1600,400,6,0.0,6.0,3.995,2.165157024464477,0.011782214238482504,0.008515987545251,0.007906041501842955,ok,0.00860392979292503,0.0007955655683498045,8.699692432992097e-05,0.0006245359401484558,0.0009665951965511533,3.0934947342181805e-18,0.21787444175863743,0.047469272371637894,0.2178744417586376,1.2047812071099562e-18,0.32374833342524395,2.3264518036431125e-40
MGN-lite,D,0,D-k0,rho_H,all,1600,400,1,0.0,0.0,0.0,0.0,0.011782214238482504,0.008515987545251,0.007906041501842955,constant_predictor,,,,,,,,,,,,
MGN-lite,D,0,D-k0,log_lambda1_positive,all,1600,400,379,0.5033968243114202,0.7686805951110842,0.6677806442096653,0.03520496700715221,0.011782214238482504,0.008515987545251,0.007906041501842955,ok,0.025198112956933694,-0.020090277900057345,0.005541595669963454,-0.03098465209059506,-0.009195903709519627,0.0003259158812672477,-0.08946039183720027,0.008003161707665352,-0.08946039183719921,0.00033992481564108074,-0.15966022641130245,1.3391407937349222e-10
MGN-lite,D,0,D-k0,initial_rayleigh_quotient,all,1600,400,1600,1.8019885967744893,10.283227253396591,3.7975272601485863,1.955888692457057,0.011782214238482504,0.008515987545251,0.007906041501842955,ok,-0.0018804630625877759,0.003597782547724409,8.562606653177827e-05,0.003429447926287255,0.003766117169161563,1.3710252103065073e-148,0.8900613791836498,0.7922092587143024,0.8900613791836506,0.0,0.839887828081183,0.0
MGN-lite,D,0,D-k0,target_norm_retention,all,1600,400,1600,0.38950793534688544,0.8409387136167635,0.72541767488412,0.1120238395661907,0.011782214238482504,0.008515987545251,0.007906041501842955,ok,0.0574220745852612,-0.06291528580974995,0.001514245516849896,-0.06589218240405087,-0.05993838921544903,5.23929658312273e-147,-0.8914716526809935,0.7947217075338042,-0.8914716526810059,0.0,-0.8270684217064147,0.0
MGN-lite,D,1,D-k1,log_nk,all,1600,400,343,9.111403624116159,9.921327470664458,9.718085351035178,0.23976327767915767,0.2662241161055859,0.25325705111026753,0.07414838452541299,ok,-0.6414041333144307,0.0933957890504993,0.006509406812695028,0.08059876851716928,0.10619280958382933,6.125048998860759e-38,0.30200092217119245,0.09120455699211794,0.3020009221709728,4.2840843184147585e-35,0.3096116860278222,6.906937855451364e-37
MGN-lite,D,1,D-k1,beta_k,all,1600,400,4,0.0,3.0,1.9975,1.1568622244584645,0.2662241161055859,0.25325705111026753,0.07414838452541299,ok,0.22939942202202512,0.018435391280881383,0.001406554137143026,0.015670208109481568,0.0212005744522812,6.868572272296304e-33,0.2876287582321245,0.08273030256215319,0.2876287582321235,7.471924548063571e-32,0.326353498280776,5.083149542105705e-41
MGN-lite,D,1,D-k1,beta_total,all,1600,400,6,0.0,6.0,3.995,2.165157024464477,0.2662241161055859,0.25325705111026753,0.07414838452541299,ok,0.22640593671533807,0.00996700360206454,0.0007332608674605253,0.008525466047693322,0.011408541156435756,7.564132068370391e-35,0.2910397576426846,0.08470414052871245,0.2910397576426846,1.3209395012942547e-32,0.3337260132419001,6.330211746998485e-43
MGN-lite,D,1,D-k1,rho_H,all,1600,400,4,0.0,0.5,0.1965625022398308,0.19777088866174766,0.2662241161055859,0.25325705111026753,0.07414838452541299,ok,0.28727580129130476,-0.10709919209327762,0.009601696680119513,-0.1259754296838768,-0.08822295450267846,2.4766712453045752e-25,-0.28565831246105305,0.08160067147809635,-0.2856583124610528,2.0111675976704326e-31,-0.20431933496478114,1.536890974256535e-16
MGN-lite,D,1,D-k1,log_lambda1_positive,all,1600,400,384,0.5033968243114326,0.7686805951189433,0.6678219969077439,0.035195855103344914,0.2662241161055859,0.25325705111026753,0.07414838452541299,ok,0.5286808824855389,-0.39300407533028614,0.055927623182490095,-0.5029537163407168,-0.28305443431985544,9.178356688470004e-12,-0.18654640392884217,0.034799560818782216,-0.18654640392884092,5.388408202055333e-14,-0.2191751558681246,7.434169976114862e-19
MGN-lite,D,1,D-k1,initial_rayleigh_quotient,all,1600,400,1600,3.997080762354902,17.84090746994571,9.3765935816095,2.6992134021253795,0.2662241161055859,0.25325705111026753,0.07414838452541299,ok,0.11895460846856012,0.015706077730175738,0.0006816116932981221,0.014366078697102158,0.017046076763249318,2.556157095952162e-75,0.5717461786316266,0.3268936927798659,0.5717461786316249,1.5176363400806327e-139,0.5257392102496916,2.0755354778639635e-114
MGN-lite,D,1,D-k1,target_norm_retention,all,1600,400,1600,0.30027767833331487,0.8274266228513649,0.6072654148590875,0.13868439175686645,0.2662241161055859,0.25325705111026753,0.07414838452541299,ok,0.446033861204017,-0.296097457056984,0.013269017254490574,-0.3221833802676312,-0.27001153384633675,3.5015644696203917e-72,-0.5538097154177208,0.30670520089106756,-0.5538097154177305,2.8154486561035635e-129,-0.48673859442913847,6.136550799787495e-96
MGN-lite,D,2,D-k2,log_nk,all,1600,400,357,9.543378146148761,10.367284459872343,10.162239385949931,0.24169667372647527,0.3843251422513272,0.32934699952602353,0.1867903388604897,ok,-1.2703674412390813,0.16282755410960073,0.013876392577105441,0.13554757517335625,0.1901075330458452,1.613427247572389e-27,0.21069011630575607,0.04439032510891927,0.21069011630572354,1.6403274494774814e-17,0.16564343913029828,2.6168549232921864e-11
MGN-lite,D,2,D-k2,beta_k,all,1600,400,4,0.0,3.0,1.9975,1.1568622244584645,0.3843251422513272,0.32934699952602353,0.1867903388604897,ok,0.31847318984367756,0.03296718518530639,0.0029140554844357598,0.027238363966626395,0.03869600640398639,6.310849378929214e-26,0.20417807162977863,0.04168868493445488,0.2041780716297784,1.6137292975933038e-16,0.18084296260953164,3.140400356384588e-13
MGN-lite,D,2,D-k2,beta_total,all,1600,400,6,0.0,6.0,3.995,2.165157024464477,0.3843251422513272,0.32934699952602353,0.1867903388604897,ok,0.3175956288072501,0.016703257432810294,0.0016190624545287607,0.01352029835965166,0.019886216505968928,2.810348307854673e-22,0.19361373496462683,0.03748627836695273,0.19361373496462705,5.604981322077458e-15,0.18840106147572283,3.0006174229042044e-14
MGN-lite,D,2,D-k2,rho_H,all,1600,400,4,0.0,0.5,0.1965625022398308,0.19777088866174766,0.3843251422513272,0.32934699952602353,0.1867903388604897,ok,0.4803262860153332,-0.4884000898954398,0.02489120051722345,-0.5373343804204875,-0.4394657993703921,1.7085392585646284e-60,-0.5171108976532286,0.26740368047172836,-0.517110897653229,4.099027351850498e-110,-0.545348238329248,1.202977128275792e-124
MGN-lite,D,2,D-k2,log_lambda1_positive,all,1600,400,385,2.266242713506224,2.685133355534697,2.3980652561087026,0.12108473168180206,0.3843251422513272,0.32934699952602353,0.1867903388604897,ok,0.980640160853419,-0.24866505074583353,0.03231109960229985,-0.3121863234152108,-0.18514377807645627,1.1137331662668402e-13,-0.16119431621508654,0.025983607580045365,-0.16119431621507446,8.86220054532156e-11,-0.13729965237472813,3.511173707739684e-08
MGN-lite,D,2,D-k2,initial_rayleigh_quotient,all,1600,400,1600,9.234775758008858,42.241847033780694,22.03469820024163,6.042655510112891,0.3843251422513272,0.32934699952602353,0.1867903388604897,ok,-0.08985335463672495,0.021519627479302243,0.0007162929922503299,0.020111447533960526,0.02292780742464396,1.7259202672406573e-104,0.696158571993939,0.4846367573606375,0.6961585719939369,2.7272564900752446e-232,0.7753637061967603,2.65e-321
MGN-lite,D,2,D-k2,target_norm_retention,all,1600,400,1600,0.07543813228969622,0.7237137381537226,0.4041376744790584,0.2277965013568616,0.3843251422513272,0.32934699952602353,0.1867903388604897,ok,0.5640181624043147,-0.444633181958637,0.025422548154952214,-0.49461206330831875,-0.39465430060895523,2.9847999366053714e-51,-0.542243693411761,0.29402822304482856,-0.5422436934117616,5.5760167159574525e-123,-0.6086007748440527,9.349985111196646e-163
TNO,A,0,A-k0,log_nk,all,1600,400,221,7.731492029245684,7.903226808730733,7.836536796010969,0.029959236007328197,0.015906910234188623,0.012061770074069,0.009182800884626217,ok,0.042168081295366276,-0.003351119473381908,0.00788857155695068,-0.018859477623015763,0.01215723867625195,0.6712064457184399,-0.010933154323305203,0.00011953386346075234,-0.010933154323468083,0.6621131979843283,-0.015709551249925978,0.5300499961025122
TNO,A,0,A-k0,beta_k,all,1600,400,1,1.0,1.0,1.0,0.0,0.015906910234188623,0.012061770074069,0.009182800884626217,constant_predictor,,,,,,,,,,,,
TNO,A,0,A-k0,beta_total,all,1600,400,1,2.0,2.0,2.0,0.0,0.015906910234188623,0.012061770074069,0.009182800884626217,constant_predictor,,,,,,,,,,,,
TNO,A,0,A-k0,rho_H,all,1600,400,1,0.0,0.0,0.0,0.0,0.015906910234188623,0.012061770074069,0.009182800884626217,constant_predictor,,,,,,,,,,,,
TNO,A,0,A-k0,log_lambda1_positive,all,1600,400,400,0.5911348066758972,0.7538510155881601,0.684904804429579,0.034406063767318584,0.015906910234188623,0.012061770074069,0.009182800884626217,ok,0.011817498607699399,0.005970773748470631,0.00732688138365531,-0.008433342357631367,0.020374889854572628,0.41560802318797163,0.022371259587479812,0.0005004732555303759,0.022371259587482328,0.3711812230761701,0.022420176004586855,0.37013591441850613
TNO,A,0,A-k0,initial_rayleigh_quotient,all,1600,400,1600,1.9058051657219186,9.483124457550876,3.8709239840100538,1.9549361874885733,0.015906910234188623,0.012061770074069,0.009182800884626217,ok,-0.0014466587477445494,0.0044830559973838315,6.656953993979514e-05,0.004352185121739298,0.004613926873028365,5.207221815587523e-220,0.9544025303321242,0.9108841899043593,0.9544025303321233,0.0,0.9479655333849741,0.0
TNO,A,0,A-k0,target_norm_retention,all,1600,400,1600,0.4143438152804424,0.8281922245454145,0.719969085278326,0.11255047190149724,0.015906910234188623,0.012061770074069,0.009182800884626217,ok,0.07165195047326971,-0.0774269914902403,0.0011708592480049503,-0.07972881564557453,-0.07512516733490605,4.112888025026066e-217,-0.9489963399652299,0.9005940532673932,-0.948996339965225,0.0,-0.9367811130004349,0.0
TNO,A,1,A-k1,log_nk,all,1600,400,360,9.477998292597036,9.666498594399865,9.597116032256835,0.03324862117039561,0.10512043560389384,0.094731215387582,0.04570955717775155,ok,0.36774363846095115,-0.02736480438248864,0.023896438490292105,-0.07434346508584654,0.019613856320869257,0.25283694215944724,-0.019904852956182183,0.0003962031712317904,-0.019904852956797232,0.4262350944125025,-0.02713723201246985,0.2779922080999303
TNO,A,1,A-k1,beta_k,all,1600,400,1,1.0,1.0,1.0,0.0,0.10512043560389384,0.094731215387582,0.04570955717775155,constant_predictor,,,,,,,,,,,,
TNO,A,1,A-k1,beta_total,all,1600,400,1,2.0,2.0,2.0,0.0,0.10512043560389384,0.094731215387582,0.04570955717775155,constant_predictor,,,,,,,,,,,,
TNO,A,1,A-k1,rho_H,all,1600,400,4,0.0,0.5,0.23611111380159855,0.19400841660345367,0.10512043560389384,0.094731215387582,0.04570955717775155,ok,0.1463718482017971,-0.17471186312968906,0.004197131139849335,-0.18296311780207808,-0.16646060845730004,2.8610262084688793e-147,-0.7415423386365348,0.5498850399905407,-0.7415423386365344,2.7237066514971288e-279,-0.8549648715825171,0.0
TNO,A,1,A-k1,log_lambda1_positive,all,1600,400,400,0.5911348066759515,0.753851015588182,0.6849048044296137,0.03440606376731256,0.10512043560389384,0.094731215387582,0.04570955717775155,ok,-0.012285823099003891,0.1714198205992596,0.02134742429576963,0.12945233647860302,0.21338730471991615,1.1060111537846827e-14,0.12902949935796165,0.016648611704569438,0.12902949935797414,2.2330804968971478e-07,0.1541490196360783,5.710429276676349e-10
TNO,A,1,A-k1,initial_rayleigh_quotient,all,1600,400,1600,4.022796692058106,16.786387100399214,8.760483059211474,2.5656560407689484,0.10512043560389384,0.094731215387582,0.04570955717775155,ok,-0.025008421365840167,0.014854073238907315,0.00033318452279838736,0.014199056690959616,0.015509089786855014,4.666512503509263e-157,0.8337521754416957,0.6951426900537583,0.8337521754416947,0.0,0.9097852157364125,0.0
TNO,A,1,A-k1,target_norm_retention,all,1600,400,1600,0.30599608959904107,0.826686670801375,0.6371089309523051,0.12916031726759405,0.10512043560389384,0.094731215387582,0.04570955717775155,ok,0.3097336478528081,-0.32115891381882306,0.005539827632437612,-0.3320498121761285,-0.3102680154615176,1.876231072742048e-196,-0.9074904628991973,0.8235389402529908,-0.9074904628991924,0.0,-0.9385379740382711,0.0
TNO,A,2,A-k2,log_nk,all,1600,400,374,9.916206324943902,10.11382951201313,10.04340980982206,0.035149350400342214,0.1768227242375719,0.117407757788896,0.14700426398299168,ok,-1.1743792229800776,0.13453617574139665,0.037614746597862056,0.06058831867551524,0.20848403280727806,0.00039069784077963473,0.03216817699385575,0.0010347916109807453,0.03216817699187642,0.1984241187265373,0.0338291618490908,0.17621668628696627
TNO,A,2,A-k2,beta_k,all,1600,400,1,1.0,1.0,1.0,0.0,0.1768227242375719,0.117407757788896,0.14700426398299168,constant_predictor,,,,,,,,,,,,
TNO,A,2,A-k2,beta_total,all,1600,400,1,2.0,2.0,2.0,0.0,0.1768227242375719,0.117407757788896,0.14700426398299168,constant_predictor,,,,,,,,,,,,
TNO,A,2,A-k2,rho_H,all,1600,400,4,0.0,0.5,0.23611111380159855,0.19400841660345367,0.1768227242375719,0.117407757788896,0.14700426398299168,ok,0.3198556260749026,-0.6057864008786965,0.007986496394585678,-0.6214872721395857,-0.5900855296178074,3.93567879528005e-239,-0.7994847037088586,0.6391757914644403,-0.7994847037088577,0.0,-0.9479249621988345,0.0
TNO,A,2,A-k2,log_lambda1_positive,all,1600,400,400,2.2572324471287004,2.4820940566972225,2.402940436605092,0.03782836822457726,0.1768227242375719,0.117407757788896,0.14700426398299168,ok,-0.08792243468455194,0.11017549785635668,0.034621177186412166,0.04211278060867821,0.17823821510403515,0.0015754259135665122,0.02835128172009072,0.0008037951751770356,0.028351281720180095,0.2570493397503787,0.025493018238646525,0.30816052540535777
TNO,A,2,A-k2,initial_rayleigh_quotient,all,1600,400,1600,9.663916100440069,39.04852027739478,19.594550100497294,5.72707233863774,0.1768227242375719,0.117407757788896,0.14700426398299168,ok,-0.22409685565383833,0.020460769848511855,0.00035993151526255123,0.01975317065799507,0.02116836903902864,2.028202136157372e-193,0.7971218375012784,0.6354032238214165,0.7971218375012796,0.0,0.9070081169953582,0.0
TNO,A,2,A-k2,target_norm_retention,all,1600,400,1600,0.08394024928892163,0.7225126387866652,0.45501184297776304,0.21687702146741486,0.1768227242375719,0.117407757788896,0.14700426398299168,ok,0.4479790311603202,-0.5959324160624104,0.008088565791030816,-0.6118339483358493,-0.5800308837889716,2.0056088248427292e-234,-0.8791857044803084,0.7729675029625358,-0.8791857044803082,0.0,-0.9172892880036282,0.0
TNO,B,0,B-k0,log_nk,all,1600,400,274,7.383989457978509,8.155649270366002,7.870143704693032,0.25330373664630723,0.018107523451616953,0.014247205574065001,0.011485349348104947,ok,-0.11880274780432726,0.01739615900206535,0.0009461453458830517,0.015536106040685423,0.019256211963445277,3.9509021398395e-55,0.3836637393396755,0.14719786488429243,0.38366373933992315,2.8996747909157244e-57,0.4461439128735624,4.2921260916415755e-79
TNO,B,0,B-k0,beta_k,all,1600,400,1,1.0,1.0,1.0,0.0,0.018107523451616953,0.014247205574065001,0.011485349348104947,constant_predictor,,,,,,,,,,,,
TNO,B,0,B-k0,beta_total,all,1600,400,4,0.0,3.0,1.9975,1.1568622244584645,0.018107523451616953,0.014247205574065001,0.011485349348104947,ok,0.010544794835037074,0.00378609692945175,0.00022093957887980053,0.0033517457805827015,0.0042204480783207985,9.933496667427336e-50,0.38135474882560727,0.14543144445184186,0.38135474882560694,1.523891123576992e-56,0.47941156727842554,9.970251382172919e-93
TNO,B,0,B-k0,rho_H,all,1600,400,1,0.0,0.0,0.0,0.0,0.018107523451616953,0.014247205574065001,0.011485349348104947,constant_predictor,,,,,,,,,,,,
TNO,B,0,B-k0,log_lambda1_positive,all,1600,400,334,0.4839635920958233,0.78652672909991,0.660299946497459,0.05208200265921611,0.018107523451616953,0.014247205574065001,0.011485349348104947,ok,0.05495814350505068,-0.05580890964614926,0.006836042693411323,-0.06924807257320659,-0.04236974671909194,4.298619486309281e-15,-0.2530736934944243,0.0640462943389718,-0.25307369349454684,8.41776513383447e-25,-0.3007649170142497,8.278794007409168e-35
TNO,B,0,B-k0,initial_rayleigh_quotient,all,1600,400,1600,1.7488274411298415,9.601429199906384,3.8133088589809176,2.014902693625446,0.018107523451616953,0.014247205574065001,0.011485349348104947,ok,-0.0007594787717856596,0.004947672197851995,0.000120352627037783,0.004711067683222641,0.00518427671248135,1.631859393020337e-145,0.8679821341501109,0.7533929852037797,0.8679821341501102,0.0,0.7823575175224678,0.0
TNO,B,0,B-k0,target_norm_retention,all,1600,400,1600,0.3997271106723129,0.8433838536060418,0.7234929861688051,0.11654482536574688,0.018107523451616953,0.014247205574065001,0.011485349348104947,ok,0.07980591072024756,-0.08527848707331502,0.0020999527896649155,-0.08940684158266232,-0.08115013256396772,8.422326492990289e-144,-0.8653429758368189,0.7488184658301242,-0.8653429758368206,0.0,-0.7612880464015808,5.73161734714796e-303
TNO,B,1,B-k1,log_nk,all,1600,400,318,9.111403624116159,9.91422964906803,9.618079468081744,0.2626740432741036,0.11354061188176226,0.10172316431999151,0.048099829121883084,ok,0.6303140060974934,-0.05372937455244436,0.004636420968858599,-0.06284424109050307,-0.044614508014385636,5.776301599355433e-27,-0.2934170934478106,0.08609359072742451,-0.29341709344791844,3.8926014201361266e-33,-0.20809561202247154,4.116129152870174e-17
TNO,B,1,B-k1,beta_k,all,1600,400,4,0.0,3.0,1.9975,1.1568622244584645,0.11354061188176226,0.10172316431999151,0.048099829121883084,ok,0.1356205259340535,-0.01105377424395057,0.0010483534529657046,-0.01311476091290868,-0.00899278757499246,4.289565277452851e-23,-0.26585736569073504,0.07068013889201774,-0.265857365690736,2.7286411142530133e-27,-0.2280331236195255,2.5554045296067208e-20
TNO,B,1,B-k1,beta_total,all,1600,400,4,0.0,3.0,1.9975,1.1568622244584645,0.11354061188176226,0.10172316431999151,0.048099829121883084,ok,0.1356205259340535,-0.01105377424395057,0.0010483534529657046,-0.01311476091290868,-0.00899278757499246,4.289565277452851e-23,-0.26585736569073504,0.07068013889201774,-0.265857365690736,2.7286411142530133e-27,-0.2280331236195255,2.5554045296067208e-20
TNO,B,1,B-k1,rho_H,all,1600,400,4,0.0,0.5,0.1965625022398308,0.19777088866174766,0.11354061188176226,0.10172316431999151,0.048099829121883084,ok,0.14619155873954398,-0.1661097436475623,0.004061222071857895,-0.1740938109734238,-0.15812567632170083,8.410126912072294e-145,-0.6829893622555009,0.46647446895417555,-0.6829893622555008,2.8998136479366653e-220,-0.8048791623195108,0.0
TNO,B,1,B-k1,log_lambda1_positive,all,1600,400,341,0.48396371872013666,0.7865796598052194,0.6601380210831935,0.05202854901877113,0.11354061188176226,0.10172316431999151,0.048099829121883084,ok,-0.026620112542965212,0.21232033294301778,0.022790114810665837,0.1675166241595607,0.25712404172647485,8.264030338832926e-19,0.22966233044644827,0.05274478602607757,0.22966233044641315,1.3532728171565888e-20,0.24189815437113363,9.754463646991874e-23
TNO,B,1,B-k1,initial_rayleigh_quotient,all,1600,400,1600,4.040722026297464,17.302904387338785,9.461190744080676,2.805127875532731,0.11354061188176226,0.10172316431999151,0.048099829121883084,ok,-0.02486271450463625,0.014628531453399712,0.00029209217675361487,0.014054299470194855,0.01520276343660457,3.6644545876393405e-174,0.8531194831078929,0.7278128524582737,0.85311948310789,0.0,0.9294055720334267,0.0
TNO,B,1,B-k1,target_norm_retention,all,1600,400,1600,0.3002410380880237,0.8294970829195383,0.6106806439661167,0.13646261769953813,0.11354061188176226,0.10172316431999151,0.048099829121883084,ok,0.30780191502471266,-0.31810620667670764,0.004955133012268159,-0.3278476379204439,-0.30836477543297136,2.0392609597556661e-212,-0.9024898105058872,0.8144878580669361,-0.9024898105058783,0.0,-0.9450261826274151,0.0
TNO,B,2,B-k2,log_nk,all,1600,400,329,9.543378146148761,10.357552330480354,10.05700041393879,0.26563318777746764,0.45313352950848595,0.45188590884208657,0.14113487279263015,ok,-3.051072788184267,0.348434540465563,0.009020461697897277,0.33070096859185855,0.36616811233926744,6.981669771748734e-137,0.6557966566607318,0.430069254886954,0.6557966566603965,2.4255045828922323e-197,0.614664797767972,7.143790467798723e-167
TNO,B,2,B-k2,beta_k,all,1600,400,1,0.0,0.0,0.0,0.0,0.45313352950848595,0.45188590884208657,0.14113487279263015,constant_predictor,,,,,,,,,,,,
TNO,B,2,B-k2,beta_total,all,1600,400,4,0.0,3.0,1.9975,1.1568622244584645,0.45313352950848595,0.45188590884208657,0.14113487279263015,ok,0.2999791508238502,0.07667303063060611,0.002489762812473597,0.07177833795719571,0.08156772330401652,1.7363521541871646e-107,0.628477788771754,0.3949843309794324,0.6284777887717532,1.3580329492116478e-176,0.6158891783712134,1.0274536735533834e-167
TNO,B,2,B-k2,rho_H,all,1600,400,1,0.0,0.0,0.0,0.0,0.45313352950848595,0.45188590884208657,0.14113487279263015,constant_predictor,,,,,,,,,,,,
TNO,B,2,B-k2,log_lambda1_positive,all,1600,400,341,2.269147735025334,2.6801398291281306,2.4316724405207566,0.11758202001057262,0.45313352950848595,0.45188590884208657,0.14113487279263015,ok,2.1205122765055107,-0.6856921677493488,0.022218196443948707,-0.7293715266046382,-0.6420128088940594,9.471154441995196e-108,-0.5712625702923152,0.32634092421733485,-0.5712625702926235,2.926721374321486e-139,-0.436557437108863,1.944647868468183e-75
TNO,B,2,B-k2,initial_rayleigh_quotient,all,1600,400,1600,18.10295563287944,42.92928857678454,26.149336602373523,4.543025397123421,0.45313352950848595,0.45188590884208657,0.14113487279263015,ok,-0.17296625553821654,0.02394323781773769,0.0007607124729255821,0.022447732402865867,0.02543874323260951,3.6146471393917707e-110,0.7707148158568244,0.5940013273812195,0.7707148158568249,4.2089235e-315,0.8062139135601226,0.0
TNO,B,2,B-k2,target_norm_retention,all,1600,400,1600,0.07724110015150125,0.21958787048386205,0.15267364116347337,0.02544651991165597,0.45313352950848595,0.45188590884208657,0.14113487279263015,ok,0.8314617198530097,-2.4780190441612127,0.1471250031991541,-2.767256103862866,-2.1887819844595593,1.8092532194387797e-48,-0.44678511909215207,0.19961694264219032,-0.4467851190921541,2.4205552711717315e-79,-0.35972467957995297,4.536096520525804e-50
TNO,C,0,C-k0,log_nk,all,1600,400,236,7.383989457978509,7.816416983691801,7.638937468881613,0.13285965075075507,0.014553005290508238,0.0111003336496645,0.009056134319262553,ok,-0.12085483302909278,0.017726004286749336,0.0014189554012668801,0.014936441131704512,0.02051556744179416,1.873583069478206e-30,0.26005254071095524,0.06762732393006021,0.2600525407106422,3.8317598054134183e-26,0.30622495471336036,4.400910357239675e-36
TNO,C,0,C-k0,beta_k,all,1600,400,1,1.0,1.0,1.0,0.0,0.014553005290508238,0.0111003336496645,0.009056134319262553,constant_predictor,,,,,,,,,,,,
TNO,C,0,C-k0,beta_total,all,1600,400,4,0.0,3.0,2.0025,1.1525293716301959,0.014553005290508238,0.0111003336496645,0.009056134319262553,ok,0.010703776963116021,0.001922211399446804,0.0001774178484421541,0.001573420808410832,0.002271001990482776,3.7612848083255316e-24,0.24463032660995543,0.059843996697293456,0.24463032660995548,3.119951801123503e-23,0.319576942140895,2.575921253443987e-39
TNO,C,0,C-k0,rho_H,all,1600,400,1,0.0,0.0,0.0,0.0,0.014553005290508238,0.0111003336496645,0.009056134319262553,constant_predictor,,,,,,,,,,,,
TNO,C,0,C-k0,log_lambda1_positive,all,1600,400,335,0.6671266100083025,0.7461019031171019,0.7075874038421409,0.014334179386468063,0.014553005290508238,0.0111003336496645,0.009056134319262553,ok,0.054174525025554435,-0.05599523044065259,0.01772491635390141,-0.0908411273187005,-0.02114933356260467,0.0017029569755250057,-0.08863005446106186,0.0078552865538426,-0.08863005446146706,0.0003860832201961877,-0.16585733123545832,2.4657154660490898e-11
TNO,C,0,C-k0,initial_rayleigh_quotient,all,1600,400,1600,2.020287562688089,10.188545072201846,3.8882111853426875,1.9844282328946323,0.014553005290508238,0.0111003336496645,0.009056134319262553,ok,-0.001472082658635361,0.004121455133289329,9.150202434926634e-05,0.003941568805989095,0.004301341460589562,1.5275235723570635e-158,0.9031151304493741,0.815616938846589,0.9031151304493736,0.0,0.8538312768872176,0.0
TNO,C,0,C-k0,target_norm_retention,all,1600,400,1600,0.3776723959775004,0.819516746089003,0.7197912852277767,0.11180331424323807,0.014553005290508238,0.0111003336496645,0.009056134319262553,ok,0.06703090419067115,-0.07290710512500351,0.0016675135513049039,-0.07618531553183167,-0.06962889471817535,2.9680401438912872e-154,-0.9000811712253095,0.8101461147943263,-0.9000811712253103,0.0,-0.8445821062820729,0.0
TNO,C,1,C-k1,log_nk,all,1600,400,321,9.111403624116159,9.592195614445213,9.398410354881623,0.14872587885895874,0.1754178780550133,0.15199417620897251,0.0695972041139613,ok,-0.9801675413475517,0.12295541222057998,0.010364852031091951,0.10257886669447608,0.1433319577466839,5.1981547996283375e-28,0.2627498040442545,0.06903745952566342,0.26274980404495685,1.131847754177384e-26,0.26478269426268325,4.4724193990766446e-27
TNO,C,1,C-k1,beta_k,all,1600,400,1,0.0,0.0,0.0,0.0,0.1754178780550133,0.15199417620897251,0.0695972041139613,constant_predictor,,,,,,,,,,,,
TNO,C,1,C-k1,beta_total,all,1600,400,4,0.0,3.0,2.0025,1.1525293716301959,0.1754178780550133,0.15199417620897251,0.0695972041139613,ok,0.14510072773092683,0.015139650598794723,0.0014356299668390885,0.012317306460143873,0.017961994737445572,4.228932771614789e-23,0.25071254245728136,0.06285677894539421,0.2507125424572816,2.343793409400681e-24,0.2814557096070943,1.6185695909018827e-30
TNO,C,1,C-k1,rho_H,all,1600,400,1,0.0,0.0,0.0,0.0,0.1754178780550133,0.15199417620897251,0.0695972041139613,constant_predictor,,,,,,,,,,,,
TNO,C,1,C-k1,log_lambda1_positive,all,1600,400,343,0.6671266100083363,0.7461019031171127,0.7075874038421653,0.014334179386463936,0.1754178780550133,0.15199417620897251,0.0695972041139613,ok,0.5823504544586124,-0.5750986721838632,0.1290571828330852,-0.8288157106500679,-0.3213816337176586,1.0854511529541501e-05,-0.11844682034212696,0.014029649249042042,-0.11844682034162797,2.025102941061661e-06,-0.14943891909381815,1.89403887953292e-09
TNO,C,1,C-k1,initial_rayleigh_quotient,all,1600,400,1600,8.074225456269636,17.246303429376074,11.334696817030435,1.6775784306075634,0.1754178780550133,0.15199417620897251,0.0695972041139613,ok,-0.15084560463337815,0.028784491367971836,0.0008023163774342594,0.027207195701609524,0.030361787034334148,6.141732611959432e-127,0.6938244498421231,0.48139236719872847,0.6938244498421258,4.119331996673617e-230,0.7029050734004194,1.0407916683582984e-238
TNO,C,1,C-k1,target_norm_retention,all,1600,400,1600,0.2869736732174376,0.5991884580811021,0.4845623687211373,0.08289913661461802,0.1754178780550133,0.15199417620897251,0.0695972041139613,ok,0.5367709963616902,-0.7457308731182823,0.012881422813356786,-0.7710548138373575,-0.7204069323992072,3.0849863018075344e-196,-0.8882604741872037,0.7890066700032823,-0.8882604741872073,0.0,-0.8735823939774977,0.0
TNO,C,2,C-k2,log_nk,all,1600,400,321,9.543378146148761,10.04676504723975,9.845505281566203,0.15612627542321453,0.16329185965005258,0.12058914080262151,0.11881256611519019,ok,2.6582693887612887,-0.2534128475643168,0.013974521793453964,-0.28088574140550815,-0.22593995372312545,4.902824430266347e-54,-0.33299848095402174,0.1108879883177879,-0.3329984809541748,9.811088349572504e-43,-0.24829433350624028,6.6156576664401804e-24
TNO,C,2,C-k2,beta_k,all,1600,400,4,0.0,3.0,2.0025,1.1525293716301959,0.16329185965005258,0.12058914080262151,0.11881256611519019,ok,0.22525609837393704,-0.03094344006186485,0.0020818425383830664,-0.035036191133881185,-0.026850688989848513,4.425591739350877e-40,-0.30016373433094445,0.09009826740749782,-0.30016373433094456,1.1392664558156985e-34,-0.27904779898232396,5.260804943182065e-30
TNO,C,2,C-k2,beta_total,all,1600,400,4,0.0,3.0,2.0025,1.1525293716301959,0.16329185965005258,0.12058914080262151,0.11881256611519019,ok,0.22525609837393704,-0.03094344006186485,0.0020818425383830664,-0.035036191133881185,-0.026850688989848513,4.425591739350877e-40,-0.30016373433094445,0.09009826740749782,-0.30016373433094456,1.1392664558156985e-34,-0.27904779898232396,5.260804943182065e-30
TNO,C,2,C-k2,rho_H,all,1600,400,4,0.0,0.5,0.19715278002433478,0.19777344145938522,0.16329185965005258,0.12058914080262151,0.11881256611519019,ok,0.2594362409417019,-0.48766434477759896,0.006271486855304078,-0.4999936319724498,-0.47533505758274813,3.655626361959005e-243,-0.8117580395510974,0.6589511147758407,-0.8117580395510973,0.0,-0.9551554826265015,0.0
TNO,C,2,C-k2,log_lambda1_positive,all,1600,400,344,2.507009414956816,2.6964556261107866,2.6250755100023775,0.038772774080661244,0.16329185965005258,0.12058914080262151,0.11881256611519019,ok,-1.9338055497662012,0.7988712711027346,0.06818770365045765,0.6648192032501409,0.9329233389553283,1.8959761438475493e-27,0.26070016267443386,0.06796457481923845,0.26070016267589574,2.8628577184385657e-26,0.2552960179385704,3.17952302365918e-25
TNO,C,2,C-k2,initial_rayleigh_quotient,all,1600,400,1600,9.48354991510157,35.86134226126692,19.505883276152996,5.252073034994045,0.16329185965005258,0.12058914080262151,0.11881256611519019,ok,-0.18171541687903228,0.01768734446139516,0.00037724823897449596,0.016945701851057142,0.018428987071733176,2.1719956761060395e-164,0.7818636356720196,0.6113107447862671,0.7818636356720186,0.0,0.8773835302279416,0.0
TNO,C,2,C-k2,target_norm_retention,all,1600,400,1600,0.0773368681080183,0.7198841721577247,0.4061981572020235,0.22695665927430905,0.16329185965005258,0.12058914080262151,0.11881256611519019,ok,0.3505462245345645,-0.4609926499281993,0.0060730679170669525,-0.4729318599163422,-0.4490534399400565,2.9826834497125927e-239,-0.8805916343586052,0.7754416265023635,-0.8805916343586075,0.0,-0.9566173609833443,0.0
TNO,D,0,D-k0,log_nk,all,1600,400,245,7.383989457978509,8.154500175151941,7.958374634959847,0.23199193460850195,0.017826804856449087,0.013757355511188,0.010565819265274569,ok,-0.06589722991990013,0.010520242966266276,0.0010864145553626085,0.008384430937193255,0.012656054995339297,4.663124996317013e-20,0.23099122339872577,0.053356945287196145,0.2309912233986306,8.02814465782614e-21,0.305581628901948,6.239078128999735e-36
TNO,D,0,D-k0,beta_k,all,1600,400,1,1.0,1.0,1.0,0.0,0.017826804856449087,0.013757355511188,0.010565819265274569,constant_predictor,,,,,,,,,,,,
TNO,D,0,D-k0,beta_total,all,1600,400,6,0.0,6.0,3.995,2.165157024464477,0.017826804856449087,0.013757355511188,0.010565819265274569,ok,0.013792893691090342,0.0010097399662975588,0.00012342242757061708,0.0007671004470076737,0.001252379485587444,3.8029653162348186e-15,0.20691680654589267,0.04281456483115054,0.20691680654589295,6.227120368135346e-17,0.3239174641309819,2.1086583632647574e-40
TNO,D,0,D-k0,rho_H,all,1600,400,1,0.0,0.0,0.0,0.0,0.017826804856449087,0.013757355511188,0.010565819265274569,constant_predictor,,,,,,,,,,,,
TNO,D,0,D-k0,log_lambda1_positive,all,1600,400,379,0.5033968243114202,0.7686805951110842,0.6677806442096653,0.03520496700715221,0.017826804856449087,0.013757355511188,0.010565819265274569,ok,0.04336561000222486,-0.03824430277700247,0.007658502018621422,-0.05330036094127494,-0.023188244612730002,8.871440308349638e-07,-0.12742877610077344,0.01623809297854073,-0.1274287761007723,3.1536015348351485e-07,-0.2115815315432597,1.1924296990754212e-17
TNO,D,0,D-k0,initial_rayleigh_quotient,all,1600,400,1600,1.8019885967744893,10.283227253396591,3.7975272601485863,1.955888692457057,0.017826804856449087,0.013757355511188,0.010565819265274569,ok,-0.0009866608790238675,0.0049541357959170616,9.796671262086677e-05,0.00476154036148407,0.005146731230350053,1.296489881061405e-175,0.9170834689532352,0.8410420890273007,0.9170834689532357,0.0,0.8452382247024317,0.0
TNO,D,0,D-k0,target_norm_retention,all,1600,400,1600,0.38950793534688544,0.8409387136167635,0.72541767488412,0.1120238395661907,0.017826804856449087,0.013757355511188,0.010565819265274569,ok,0.08033589956975484,-0.08616979827971673,0.0017405179226065784,-0.08959152997280838,-0.08274806658662508,1.925794746260717e-172,-0.9136131723986245,0.8346890287803013,-0.9136131723986366,0.0,-0.8270966023814854,0.0
TNO,D,1,D-k1,log_nk,all,1600,400,343,9.111403624116159,9.921327470664458,9.718085351035178,0.23976327767915767,0.12638627213658718,0.11258427798748,0.058724334866908375,ok,0.859653682005741,-0.07545389687188127,0.007007480110047095,-0.08923009329584501,-0.06167770044791753,6.6016427802623395e-24,-0.3080677485520889,0.09490573769779342,-0.30806774855183006,1.6115430917482765e-36,-0.2315324372299544,6.484110998619017e-21
TNO,D,1,D-k1,beta_k,all,1600,400,4,0.0,3.0,1.9975,1.1568622244584645,0.12638627213658718,0.11258427798748,0.058724334866908375,ok,0.15940455505776113,-0.016529803715231016,0.00141269791676975,-0.019307065110699132,-0.013752542319762901,2.1606889309527537e-27,-0.32563511428785447,0.10603822765726456,-0.3256351142878552,7.743420546628563e-41,-0.26654767126907947,1.9841845760714817e-27
TNO,D,1,D-k1,beta_total,all,1600,400,6,0.0,6.0,3.995,2.165157024464477,0.12638627213658718,0.11258427798748,0.058724334866908375,ok,0.1506295948036116,-0.006068416186989892,0.0007895320265926585,-0.007620578749072074,-0.004516253624907711,1.191142976652664e-13,-0.2237415538960676,0.05006028293982656,-0.22374155389606706,1.331899175962854e-19,-0.20272741751578313,2.6577380699797063e-16
TNO,D,1,D-k1,rho_H,all,1600,400,4,0.0,0.5,0.1965625022398308,0.19777088866174766,0.12638627213658718,0.11258427798748,0.058724334866908375,ok,0.1658939341807715,-0.2009928729742159,0.0051691538251878045,-0.21115505357596606,-0.19083069237246572,8.689163559865051e-138,-0.6769006271910656,0.4581944590916581,-0.6769006271910658,6.458753479762658e-215,-0.8255378402338386,0.0
TNO,D,1,D-k1,log_lambda1_positive,all,1600,400,384,0.5033968243114326,0.7686805951189433,0.6678219969077439,0.035195855103344914,0.12638627213658718,0.11258427798748,0.058724334866908375,ok,-0.1643763929345176,0.4353894696752132,0.058415019558471414,0.3205497882334663,0.55022915111696,5.703716537376905e-13,0.2609464155352422,0.0680930317806887,0.26094641553523723,2.5619374296738996e-26,0.24760349730726897,8.880222982379906e-24
TNO,D,1,D-k1,initial_rayleigh_quotient,all,1600,400,1600,3.997080762354902,17.84090746994571,9.3765935816095,2.6992134021253795,0.12638627213658718,0.11258427798748,0.058724334866908375,ok,-0.04385090787206371,0.018155546417468735,0.0004186914668022103,0.017332429434313148,0.01897866340062432,4.517456124119788e-153,0.8345040318295052,0.6963969791397029,0.834504031829507,0.0,0.922804643673689,0.0
TNO,D,1,D-k1,target_norm_retention,all,1600,400,1600,0.30027767833331487,0.8274266228513649,0.6072654148590875,0.13868439175686645,0.12638627213658718,0.11258427798748,0.058724334866908375,ok,0.3571274842954256,-0.3799676492565947,0.007162812110056618,-0.3940492170993071,-0.3658860814138823,7.849989307758476e-183,-0.8973380872489299,0.805215642827588,-0.897338087248941,0.0,-0.9509827962823424,0.0
TNO,D,2,D-k2,log_nk,all,1600,400,357,9.543378146148761,10.367284459872343,10.162239385949931,0.24169667372647527,0.23489874054910564,0.17100054025650002,0.17586901803934127,ok,0.7521000618316178,-0.05089442411655252,0.015930531743516215,-0.08221269130966397,-0.019576156923441078,0.0015106199611767293,-0.06994417298357551,0.004892187334357034,-0.06994417298358072,0.005125974472032503,-0.05484617991873319,0.02825094481078216
TNO,D,2,D-k2,beta_k,all,1600,400,4,0.0,3.0,1.9975,1.1568622244584645,0.23489874054910564,0.17100054025650002,0.17586901803934127,ok,0.3075857461838608,-0.036388989053694774,0.004109232219404835,-0.04446744083909998,-0.028310537268289564,2.7654514025158056e-17,-0.2393659058984175,0.05729603690657015,-0.2393659058984177,2.770484004683187e-22,-0.18518885153968193,8.239618057550763e-14
TNO,D,2,D-k2,beta_total,all,1600,400,6,0.0,6.0,3.995,2.165157024464477,0.23489874054910564,0.17100054025650002,0.17586901803934127,ok,0.2752923336669201,-0.01011103707579834,0.0020802368979506145,-0.014200631575461083,-0.006021442576135596,1.686133275163013e-06,-0.12447890591160508,0.01549499801695009,-0.12447890591160495,5.892659830666024e-07,-0.1145504615741959,4.357365545493924e-06
TNO,D,2,D-k2,rho_H,all,1600,400,4,0.0,0.5,0.1965625022398308,0.19777088866174766,0.23489874054910564,0.17100054025650002,0.17586901803934127,ok,0.37578558796365746,-0.716753428599785,0.011001539768369659,-0.7383816559275812,-0.6951252012719887,9.50400584530745e-215,-0.8060144083696672,0.6496592264995039,-0.8060144083696668,0.0,-0.940433027036741,0.0
TNO,D,2,D-k2,log_lambda1_positive,all,1600,400,385,2.266242713506224,2.685133355534697,2.3980652561087026,0.12108473168180206,0.23489874054910564,0.17100054025650002,0.17586901803934127,ok,0.2818833996083996,-0.01959273582718689,0.03164768710173188,-0.0818097877532425,0.04262431609886873,0.5362110178967929,-0.013489477492941148,0.00018196600303255206,-0.013489477492939286,0.5897613256403209,0.03757642716427463,0.13299048248612483
TNO,D,2,D-k2,initial_rayleigh_quotient,all,1600,400,1600,9.234775758008858,42.241847033780694,22.03469820024163,6.042655510112891,0.23489874054910564,0.17100054025650002,0.17586901803934127,ok,-0.25568236961487123,0.02226402675025507,0.00047156136127044884,0.02133697139843192,0.02319108210207822,2.05132485271321e-165,0.7649661402535088,0.585173195734346,0.7649661402535056,1.2354669857184388e-307,0.8529652023301573,0.0
TNO,D,2,D-k2,target_norm_retention,all,1600,400,1600,0.07543813228969622,0.7237137381537226,0.4041376744790584,0.2277965013568616,0.23489874054910564,0.17100054025650002,0.17586901803934127,ok,0.5070192205174591,-0.6733360860729505,0.010272372770765544,-0.6935308240968722,-0.6531413480490288,1.0293756364904853e-215,-0.8721468190061161,0.7606400739024886,-0.8721468190061169,0.0,-0.9240030269543076,0.0
Transolver,A,0,A-k0,log_nk,all,1600,400,221,7.731492029245684,7.903226808730733,7.836536796010969,0.029959236007328197,0.03700629376980892,0.026976072229444502,0.0263001068344098,ok,-0.10512879929094554,0.018137488122757194,0.022482282330971007,-0.02606104438629682,0.062336020631811206,0.4202935253571679,0.02066095361022852,0.0004268750040967717,0.020660953610537044,0.4088719343705641,0.029383002332124795,0.2401327058577352
Transolver,A,0,A-k0,beta_k,all,1600,400,1,1.0,1.0,1.0,0.0,0.03700629376980892,0.026976072229444502,0.0263001068344098,constant_predictor,,,,,,,,,,,,
Transolver,A,0,A-k0,beta_total,all,1600,400,1,2.0,2.0,2.0,0.0,0.03700629376980892,0.026976072229444502,0.0263001068344098,constant_predictor,,,,,,,,,,,,
Transolver,A,0,A-k0,rho_H,all,1600,400,1,0.0,0.0,0.0,0.0,0.03700629376980892,0.026976072229444502,0.0263001068344098,constant_predictor,,,,,,,,,,,,
Transolver,A,0,A-k0,log_lambda1_positive,all,1600,400,400,0.5911348066758972,0.7538510155881601,0.684904804429579,0.034406063767318584,0.03700629376980892,0.026976072229444502,0.0263001068344098,ok,0.049590356696876614,-0.01837344817218438,0.02095711311076346,-0.05957360888033412,0.02282671253596536,0.3811681425813721,-0.024036329335765796,0.0005777451279376233,-0.024036329335767624,0.3366323317837463,-0.07053174590649026,0.004763884440345519
Transolver,A,0,A-k0,initial_rayleigh_quotient,all,1600,400,1600,1.9058051657219186,9.483124457550876,3.8709239840100538,1.9549361874885733,0.03700629376980892,0.026976072229444502,0.0263001068344098,ok,-0.00858891881997765,0.011778896402546401,0.0003170538473247373,0.011155591589813992,0.01240220121527881,1.3492332742817332e-131,0.8755474253773571,0.7665832940849173,0.8755474253773563,0.0,0.8898312557934595,0.0
Transolver,A,0,A-k0,target_norm_retention,all,1600,400,1600,0.4143438152804424,0.8281922245454145,0.719969085278326,0.11255047190149724,0.03700629376980892,0.026976072229444502,0.0263001068344098,ok,0.18218071847116152,-0.20163980324965047,0.005582594852798925,-0.2126147788528349,-0.19066482764646606,7.845084629916053e-128,-0.8629111338886509,0.7446156249889901,-0.8629111338886467,0.0,-0.870046022478915,0.0
Transolver,A,1,A-k1,log_nk,all,1600,400,360,9.477998292597036,9.666498594399865,9.597116032256835,0.03324862117039561,0.4126465025078501,0.41053551435470553,0.08852557676746779,ok,0.6004805758507636,-0.01957192897514571,0.045317128964408974,-0.10866210977904081,0.0695182518287494,0.6660560284216723,-0.007350865996364216,5.403523090363738e-05,-0.007350865996846749,0.7689040011457989,-0.013335868659646696,0.5940048164716575
Transolver,A,1,A-k1,beta_k,all,1600,400,1,1.0,1.0,1.0,0.0,0.4126465025078501,0.41053551435470553,0.08852557676746779,constant_predictor,,,,,,,,,,,,
Transolver,A,1,A-k1,beta_total,all,1600,400,1,2.0,2.0,2.0,0.0,0.4126465025078501,0.41053551435470553,0.08852557676746779,constant_predictor,,,,,,,,,,,,
Transolver,A,1,A-k1,rho_H,all,1600,400,4,0.0,0.5,0.23611111380159855,0.19400841660345367,0.4126465025078501,0.41053551435470553,0.08852557676746779,ok,0.4911314239004364,-0.33240672211023486,0.0074415460768017935,-0.3470362606664719,-0.3177771835539978,2.4416335023493318e-157,-0.7284866609154946,0.530692815131807,-0.7284866609154946,8.54530758912172e-265,-0.7249984178653821,4.59719524399149e-261
Transolver,A,1,A-k1,log_lambda1_positive,all,1600,400,400,0.5911348066759515,0.753851015588182,0.6849048044296137,0.03440606376731256,0.4126465025078501,0.41053551435470553,0.08852557676746779,ok,0.5140140801679578,-0.14800243333748442,0.044481995269462574,-0.2354508020147412,-0.06055406466022764,0.0009584766982928172,-0.05752214608556199,0.003308797290287435,-0.0575221460855519,0.021392029617518266,-0.05731190904369395,0.02187281928727055
Transolver,A,1,A-k1,initial_rayleigh_quotient,all,1600,400,1600,4.022796692058106,16.786387100399214,8.760483059211474,2.5656560407689484,0.4126465025078501,0.41053551435470553,0.08852557676746779,ok,0.16535501435578812,0.028228065333913283,0.0005137317154364865,0.027218106131756473,0.029238024536070092,3.387768165366643e-188,0.818108268680493,0.6693011392833912,0.8181082686804914,0.0,0.8278310782543274,0.0
Transolver,A,1,A-k1,target_norm_retention,all,1600,400,1600,0.30599608959904107,0.826686670801375,0.6371089309523051,0.12916031726759405,0.4126465025078501,0.41053551435470553,0.08852557676746779,ok,0.7189125689629754,-0.4807122480567618,0.01394999586602944,-0.5081369257077716,-0.4532875704057521,1.1795677419203958e-121,-0.7013673193739276,0.4919161166857623,-0.7013673193739228,3.1351487114706486e-237,-0.7518337302084883,2.3660684950511634e-291
Transolver,A,2,A-k2,log_nk,all,1600,400,374,9.916206324943902,10.11382951201313,10.04340980982206,0.035149350400342214,0.5438208056520666,0.513722330331802,0.193479118171772,ok,-8.519107409350656,0.9023756260685302,0.1263009772863361,0.6540770873198479,1.1506741648172123,4.316075354972928e-12,0.16393457533361083,0.026874544986444038,0.16393457532334021,4.19743369820851e-11,0.20287459381556852,2.5269882629497045e-16
Transolver,A,2,A-k2,beta_k,all,1600,400,1,1.0,1.0,1.0,0.0,0.5438208056520666,0.513722330331802,0.193479118171772,constant_predictor,,,,,,,,,,,,
Transolver,A,2,A-k2,beta_total,all,1600,400,1,2.0,2.0,2.0,0.0,0.5438208056520666,0.513722330331802,0.193479118171772,constant_predictor,,,,,,,,,,,,
Transolver,A,2,A-k2,rho_H,all,1600,400,4,0.0,0.5,0.23611111380159855,0.19400841660345367,0.5438208056520666,0.513722330331802,0.193479118171772,ok,0.6826064191518737,-0.5877978857718119,0.01955379075081863,-0.6262392167475701,-0.5493565547960537,1.468678951934696e-104,-0.5894059171812202,0.34739933520823496,-0.5894059171812198,2.7072153459863314e-150,-0.6464597471210218,5.201918873681894e-190
Transolver,A,2,A-k2,log_lambda1_positive,all,1600,400,400,2.2572324471287004,2.4820940566972225,2.402940436605092,0.03782836822457726,0.5438208056520666,0.513722330331802,0.193479118171772,ok,0.6976568611563303,-0.06401992041116115,0.12318227556854208,-0.306187318324997,0.17814747750267473,0.6035490463491195,-0.012516953487825347,0.00015667412461883856,-0.012516953487926592,0.6168593186070608,-0.015834281102051765,0.5267885498966153
Transolver,A,2,A-k2,initial_rayleigh_quotient,all,1600,400,1600,9.663916100440069,39.04852027739478,19.594550100497294,5.72707233863774,0.5438208056520666,0.513722330331802,0.193479118171772,ok,0.10119413690121998,0.02258927438908704,0.0007977024117040106,0.021021049443896267,0.024157499334277813,1.6614077038106175e-97,0.668653081149473,0.4470969429306859,0.6686530811494745,7.097278306914282e-208,0.7544481219190283,1.640582905666248e-294
Transolver,A,2,A-k2,target_norm_retention,all,1600,400,1600,0.08394024928892163,0.7225126387866652,0.45501184297776304,0.21687702146741486,0.5438208056520666,0.513722330331802,0.193479118171772,ok,0.7692757615415458,-0.49549250062156636,0.019570504473505876,-0.5339666895609718,-0.45701831168216084,5.0124364958907244e-85,-0.5554136214267941,0.30848429086642526,-0.5554136214267934,3.6032892905818463e-130,-0.6373462211098614,4.244855756131615e-183
Transolver,B,0,B-k0,log_nk,all,1600,400,274,7.383989457978509,8.155649270366002,7.870143704693032,0.25330373664630723,0.0417886788197206,0.031103918328881,0.0301312884251276,ok,-0.18004275557531763,0.028186452842374015,0.002959616320476033,0.022368062332497475,0.034004843352250555,1.6429968151160185e-19,0.23695414968794287,0.05614726905440537,0.23695414968808884,7.403815564053627e-22,0.3790797256555408,7.714306404382082e-56
Transolver,B,0,B-k0,beta_k,all,1600,400,1,1.0,1.0,1.0,0.0,0.0417886788197206,0.031103918328881,0.0301312884251276,constant_predictor,,,,,,,,,,,,
Transolver,B,0,B-k0,beta_total,all,1600,400,4,0.0,3.0,1.9975,1.1568622244584645,0.0417886788197206,0.031103918328881,0.0301312884251276,ok,0.028909732386639724,0.006447532632330831,0.0006562940196772604,0.005157306304897716,0.007737758959763945,1.522248026974737e-20,0.24754689670311358,0.061279466067342026,0.24754689670311353,9.096644397599055e-24,0.40209759792630223,3.146170991352933e-63
Transolver,B,0,B-k0,rho_H,all,1600,400,1,0.0,0.0,0.0,0.0,0.0417886788197206,0.031103918328881,0.0301312884251276,constant_predictor,,,,,,,,,,,,
Transolver,B,0,B-k0,log_lambda1_positive,all,1600,400,334,0.4839635920958233,0.78652672909991,0.660299946497459,0.05208200265921611,0.0417886788197206,0.031103918328881,0.0301312884251276,ok,0.11138012655031432,-0.10539368979164661,0.017000840465215952,-0.1388161061158097,-0.07197127346748354,1.4164837251087066e-09,-0.18217323980794528,0.03318708930215686,-0.18217323980803743,2.0923439027092282e-13,-0.26097782052031404,2.5258864508870958e-26
Transolver,B,0,B-k0,initial_rayleigh_quotient,all,1600,400,1600,1.7488274411298415,9.601429199906384,3.8133088589809176,2.014902693625446,0.0417886788197206,0.031103918328881,0.0301312884251276,ok,-0.007010788345966161,0.012797145201274906,0.00034428175586165077,0.012120312299938943,0.013473978102610869,1.1471170478023112e-131,0.8557550534500772,0.7323167115053428,0.8557550534500764,0.0,0.7853063692603005,0.0
Transolver,B,0,B-k0,target_norm_retention,all,1600,400,1600,0.3997271106723129,0.8433838536060418,0.7234929861688051,0.11654482536574688,0.0417886788197206,0.031103918328881,0.0301312884251276,ok,0.2000262160893478,-0.2187132982553988,0.006158225368948606,-0.23081992160264686,-0.20660667490815077,1.331180810619987e-125,-0.8459612742309748,0.7156504774984966,-0.8459612742309762,0.0,-0.7597179442257596,5.303830328450648e-301
Transolver,B,1,B-k1,log_nk,all,1600,400,318,9.111403624116159,9.91422964906803,9.618079468081744,0.2626740432741036,0.4117327920068051,0.40750105679035153,0.07491320278300105,ok,-0.33609106215584955,0.07775188972438171,0.005858175379144122,0.06623514284223105,0.08926863660653238,1.4879123111964795e-33,0.2726275541210735,0.07432578326602757,0.2726275541210529,1.1515224832731312e-28,0.2769115551567079,1.4824226800311358e-29
Transolver,B,1,B-k1,beta_k,all,1600,400,4,0.0,3.0,1.9975,1.1568622244584645,0.4117327920068051,0.40750105679035153,0.07491320278300105,ok,0.3774121146941065,0.017181815926257157,0.0013027941775436806,0.014620617291657336,0.01974301456085698,3.233659027005125e-33,0.26533365353852045,0.07040194770009844,0.2653336535385183,3.472539704493892e-27,0.2649449042795626,4.151592640030852e-27
Transolver,B,1,B-k1,beta_total,all,1600,400,4,0.0,3.0,1.9975,1.1568622244584645,0.4117327920068051,0.40750105679035153,0.07491320278300105,ok,0.3774121146941065,0.017181815926257157,0.0013027941775436806,0.014620617291657336,0.01974301456085698,3.233659027005125e-33,0.26533365353852045,0.07040194770009844,0.2653336535385183,3.472539704493892e-27,0.2649449042795626,4.151592640030852e-27
Transolver,B,1,B-k1,rho_H,all,1600,400,4,0.0,0.5,0.1965625022398308,0.19777088866174766,0.4117327920068051,0.40750105679035153,0.07491320278300105,ok,0.43750447987197805,-0.13111192405216754,0.009781622164146705,-0.15034188206304752,-0.11188196604128756,4.3924583827532895e-34,-0.3461355378044614,0.11980981053118478,-0.34613553780446266,2.9888779309580998e-46,-0.27767338528688235,1.0255996241747198e-29
Transolver,B,1,B-k1,log_lambda1_positive,all,1600,400,341,0.48396371872013666,0.7865796598052194,0.6601380210831935,0.05202854901877113,0.4117327920068051,0.40750105679035153,0.07491320278300105,ok,0.5351949924933286,-0.1870248289652146,0.032377220118236766,-0.25067608976169264,-0.12337356816873658,1.5375072555227768e-08,-0.12989206334870498,0.016871948120970814,-0.12989206334865397,1.8508706173376244e-07,-0.14382932320474115,7.52591696641381e-09
Transolver,B,1,B-k1,initial_rayleigh_quotient,all,1600,400,1600,4.040722026297464,17.302904387338785,9.461190744080676,2.805127875532731,0.4117327920068051,0.40750105679035153,0.07491320278300105,ok,0.27308671370385657,0.014654189102961568,0.0006357192675479834,0.013404411242346204,0.015903966963576932,2.342941238191516e-75,0.5487266972835028,0.3011009883116623,0.5487266972835039,1.7669591648096805e-126,0.5220126287158706,1.5402424498085037e-112
Transolver,B,1,B-k1,target_norm_retention,all,1600,400,1600,0.3002410380880237,0.8294970829195383,0.6106806439661167,0.13646261769953813,0.4117327920068051,0.40750105679035153,0.07491320278300105,ok,0.5417225662771044,-0.21286047880291498,0.015321838948575008,-0.24298210021562117,-0.1827388573902088,4.545142095017388e-36,-0.3877487153548072,0.15034906625929678,-0.3877487153547987,1.4900588218443616e-58,-0.40281853332755213,1.806046862292821e-63
Transolver,B,2,B-k2,log_nk,all,1600,400,329,9.543378146148761,10.357552330480354,10.05700041393879,0.26563318777746764,0.5128282843250777,0.5124275088310241,0.1299342495982914,ok,-2.7238151751688333,0.3218299021851461,0.009384115474157698,0.30338141342642666,0.3402783909438656,4.921637493985728e-121,0.6579381733749984,0.43288263998358967,0.6579381733746643,4.6368618624066945e-199,0.6507433066452998,2.4260922664426794e-193
Transolver,B,2,B-k2,beta_k,all,1600,400,1,0.0,0.0,0.0,0.0,0.5128282843250777,0.5124275088310241,0.1299342495982914,constant_predictor,,,,,,,,,,,,
Transolver,B,2,B-k2,beta_total,all,1600,400,4,0.0,3.0,1.9975,1.1568622244584645,0.5128282843250777,0.5124275088310241,0.1299342495982914,ok,0.3669408151415809,0.07303502837721974,0.002294939824586919,0.0685233435335686,0.07754671322087088,1.540926974223366e-111,0.6502632343133073,0.4228422738996026,0.650263234313307,5.766884718461293e-193,0.6435406643451819,9.030086321658616e-188
Transolver,B,2,B-k2,rho_H,all,1600,400,1,0.0,0.0,0.0,0.0,0.5128282843250777,0.5124275088310241,0.1299342495982914,constant_predictor,,,,,,,,,,,,
Transolver,B,2,B-k2,log_lambda1_positive,all,1600,400,341,2.269147735025334,2.6801398291281306,2.4316724405207566,0.11758202001057262,0.5128282843250777,0.5124275088310241,0.1299342495982914,ok,1.9141188026681206,-0.5762661512267453,0.02222022440774053,-0.6199494969114082,-0.5325828055420824,1.27406251804748e-87,-0.5214832758448458,0.27194480698617773,-0.5214832758451391,2.8274732131768183e-112,-0.41850942485111803,7.255362658816936e-69
Transolver,B,2,B-k2,initial_rayleigh_quotient,all,1600,400,1600,18.10295563287944,42.92928857678454,26.149336602373523,4.543025397123421,0.5128282843250777,0.5124275088310241,0.1299342495982914,ok,-0.12017964212504972,0.024207418187147056,0.0005067261741208257,0.023211231369885406,0.025203605004408706,3.79295864385189e-167,0.8463889695211095,0.716374287727007,0.8463889695211104,0.0,0.86988610542426,0.0
Transolver,B,2,B-k2,target_norm_retention,all,1600,400,1600,0.07724110015150125,0.21958787048386205,0.15267364116347337,0.02544651991165597,0.5128282843250777,0.5124275088310241,0.1299342495982914,ok,0.6945352697987975,-1.1901660567534225,0.14028748239734545,-1.4659610476743739,-0.9143710658324711,4.3095881788377913e-16,-0.23308392017489502,0.05432811384409819,-0.23308392017489793,3.504375098926017e-21,-0.21333603060001197,6.33891183837743e-18
Transolver,C,0,C-k0,log_nk,all,1600,400,236,7.383989457978509,7.816416983691801,7.638937468881613,0.13285965075075507,0.03258820750022957,0.0225528478622435,0.025263280401911992,ok,-0.05631257377670097,0.011637846446458303,0.004410403650146461,0.0029673135246066056,0.020308379368310002,0.008647652956524393,0.06120346169495651,0.0037458637234394354,0.061203461694902206,0.014344416420208528,0.12388917125933907,6.665834359942469e-07
Transolver,C,0,C-k0,beta_k,all,1600,400,1,1.0,1.0,1.0,0.0,0.03258820750022957,0.0225528478622435,0.025263280401911992,constant_predictor,,,,,,,,,,,,
Transolver,C,0,C-k0,beta_total,all,1600,400,4,0.0,3.0,2.0025,1.1525293716301959,0.03258820750022957,0.0225528478622435,0.025263280401911992,ok,0.03003411711598099,0.0012754508785261323,0.0005190141864617318,0.0002551067223908812,0.0022957950346613834,0.014417310494386323,0.0581870040702098,0.0033857274426667416,0.058187004070209866,0.019931578334879116,0.12207081747838595,9.714184738863557e-07
Transolver,C,0,C-k0,rho_H,all,1600,400,1,0.0,0.0,0.0,0.0,0.03258820750022957,0.0225528478622435,0.025263280401911992,constant_predictor,,,,,,,,,,,,
Transolver,C,0,C-k0,log_lambda1_positive,all,1600,400,335,0.6671266100083025,0.7461019031171019,0.7075874038421409,0.014334179386468063,0.03258820750022957,0.0225528478622435,0.025263280401911992,ok,0.038045543587420655,-0.007712596433391873,0.04522296050072975,-0.09661764888412505,0.08119245601734132,0.8646671829421753,-0.004376064353198799,1.9149939224027968e-05,-0.004376064353260061,0.8611530160346236,-0.04249597625242889,0.08926677755315933
Transolver,C,0,C-k0,initial_rayleigh_quotient,all,1600,400,1600,2.020287562688089,10.188545072201846,3.8882111853426875,1.9844282328946323,0.03258820750022957,0.0225528478622435,0.025263280401911992,ok,-0.01119727885853449,0.011261087495406972,0.00028509999047908344,0.010700601642057378,0.011821573348756565,5.983559588255403e-140,0.8845573339434981,0.7824416770332288,0.8845573339434979,0.0,0.9057448850565958,0.0
Transolver,C,0,C-k0,target_norm_retention,all,1600,400,1600,0.3776723959775004,0.819516746089003,0.7197912852277767,0.11180331424323807,0.03258820750022957,0.0225528478622435,0.025263280401911992,ok,0.17392467184561766,-0.19635756537488822,0.005240591733035499,-0.20666018770963965,-0.18605494304013678,9.620196184201734e-133,-0.8689855884267625,0.7551359528934086,-0.8689855884267637,0.0,-0.893354065763307,0.0
Transolver,C,1,C-k1,log_nk,all,1600,400,321,9.111403624116159,9.592195614445213,9.398410354881623,0.14872587885895874,0.27756192672997665,0.2694660872220985,0.05398029550657901,ok,-0.05682714934235277,0.035579322826520016,0.008651189768416383,0.018571712718599427,0.052586932934440604,4.752044277089455e-05,0.09802773413746645,0.009609436660139248,0.09802773413753424,8.583083247935814e-05,0.09839863019592551,8.065693436198711e-05
Transolver,C,1,C-k1,beta_k,all,1600,400,1,0.0,0.0,0.0,0.0,0.27756192672997665,0.2694660872220985,0.05398029550657901,constant_predictor,,,,,,,,,,,,
Transolver,C,1,C-k1,beta_total,all,1600,400,4,0.0,3.0,2.0025,1.1525293716301959,0.27756192672997665,0.2694660872220985,0.05398029550657901,ok,0.26952794072012415,0.004011978032385757,0.0011375262661518888,0.0017756840959308796,0.006248271968840634,0.0004692687847306136,0.08565945179192565,0.0073375416812933025,0.0856594517919265,0.0006035677873611066,0.08858688949878839,0.00038863590244496145
Transolver,C,1,C-k1,rho_H,all,1600,400,1,0.0,0.0,0.0,0.0,0.27756192672997665,0.2694660872220985,0.05398029550657901,constant_predictor,,,,,,,,,,,,
Transolver,C,1,C-k1,log_lambda1_positive,all,1600,400,343,0.6671266100083363,0.7461019031171127,0.7075874038421653,0.014334179386463936,0.27756192672997665,0.2694660872220985,0.05398029550657901,ok,0.4147476512086654,-0.19387813255842018,0.09396672787891434,-0.3786098878039408,-0.009146377312899606,0.03973395973929365,-0.051483303400336515,0.0026505305289798997,-0.051483303400034694,0.039485785160808494,-0.062433289829125646,0.012496074658754902
Transolver,C,1,C-k1,initial_rayleigh_quotient,all,1600,400,1600,8.074225456269636,17.246303429376074,11.334696817030435,1.6775784306075634,0.27756192672997665,0.2694660872220985,0.05398029550657901,ok,0.09510753893804448,0.016096979984307303,0.0007555629650898974,0.014611598127450214,0.017582361841164393,8.288456148875558e-68,0.5002556241342624,0.25025568947795795,0.5002556241342598,4.525975156054303e-102,0.42391465582603743,8.594758128420562e-71
Transolver,C,1,C-k1,target_norm_retention,all,1600,400,1600,0.2869736732174376,0.5991884580811021,0.4845623687211373,0.08289913661461802,0.27756192672997665,0.2694660872220985,0.05398029550657901,ok,0.30666266576216616,-0.06005571400229099,0.016808881026643612,-0.09310075202645506,-0.027010675978126925,0.0003962788067596349,-0.09222933651701797,0.008506250514370484,-0.09222933651702424,0.00022060954765856124,-0.08350481582219368,0.0008275170343026383
Transolver,C,2,C-k2,log_nk,all,1600,400,321,9.543378146148761,10.04676504723975,9.845505281566203,0.15612627542321453,0.5693486039713022,0.5455546677112575,0.17500533749838743,ok,-5.2507886692145345,0.5911466305424665,0.017430931520466448,0.5568786864730552,0.6254145746118779,1.369929015032803e-119,0.5273754673706955,0.27812488358472576,0.5273754673709479,3.079337884002902e-115,0.5921590318250317,4.971666606302297e-152
Transolver,C,2,C-k2,beta_k,all,1600,400,4,0.0,3.0,2.0025,1.1525293716301959,0.5693486039713022,0.5455546677112575,0.17500533749838743,ok,0.41284345752129487,0.07815487962547196,0.0026337057907729684,0.07297720552196668,0.08333255372897724,5.185147096862199e-103,0.5147031261569882,0.264919308075776,0.5147031261569879,6.158207951363149e-109,0.5827640580887211,3.5692810662381915e-146
Transolver,C,2,C-k2,beta_total,all,1600,400,4,0.0,3.0,2.0025,1.1525293716301959,0.5693486039713022,0.5455546677112575,0.17500533749838743,ok,0.41284345752129487,0.07815487962547196,0.0026337057907729684,0.07297720552196668,0.08333255372897724,5.185147096862199e-103,0.5147031261569882,0.264919308075776,0.5147031261569879,6.158207951363149e-109,0.5827640580887211,3.5692810662381915e-146
Transolver,C,2,C-k2,rho_H,all,1600,400,4,0.0,0.5,0.19715278002433478,0.19777344145938522,0.5693486039713022,0.5455546677112575,0.17500533749838743,ok,0.6038322175666853,-0.17490807682816617,0.026520776145167766,-0.22704599456095692,-0.1227701590953754,1.3511558388442762e-10,-0.19766352722623515,0.03907086999551668,-0.19766352722623526,1.4727053587425311e-15,-0.07308867724396333,0.003442624610150631
Transolver,C,2,C-k2,log_lambda1_positive,all,1600,400,344,2.507009414956816,2.6964556261107866,2.6250755100023775,0.038772774080661244,0.5693486039713022,0.5455546677112575,0.17500533749838743,ok,5.97838761582444,-2.060527017696426,0.11746407420246964,-2.2914528474611284,-1.8296011879317238,1.779825326712269e-51,-0.4565137823009448,0.20840483343318505,-0.4565137823036505,3.496300507815985e-83,-0.5112552524471738,2.872126056383203e-107
Transolver,C,2,C-k2,initial_rayleigh_quotient,all,1600,400,1600,9.48354991510157,35.86134226126692,19.505883276152996,5.252073034994045,0.5693486039713022,0.5455546677112575,0.17500533749838743,ok,0.24785122328093884,0.016482072415731703,0.000732818082869226,0.015041405343674734,0.01792273948778867,6.061875706980232e-73,0.49464233110193734,0.24467103571795745,0.4946423311019362,1.7208116577780492e-99,0.5001127549268575,5.272022605903063e-102
Transolver,C,2,C-k2,target_norm_retention,all,1600,400,1600,0.0773368681080183,0.7198841721577247,0.4061981572020235,0.22695665927430905,0.5693486039713022,0.5455546677112575,0.17500533749838743,ok,0.6106814609945266,-0.10175540260432014,0.02464043265544069,-0.15019670174494945,-0.05331410346369083,4.428086593939221e-05,-0.13196206794779403,0.01741398737705868,-0.1319620679477955,1.1737339540324092e-07,-0.11282071594559218,6.075306663520055e-06
Transolver,D,0,D-k0,log_nk,all,1600,400,245,7.383989457978509,8.154500175151941,7.958374634959847,0.23199193460850195,0.037921552995685004,0.0274842809885735,0.027586717003428504,ok,-0.08567902035195425,0.015530881494907278,0.003203833851639713,0.009232377074373667,0.02182938591544089,1.793240968346005e-06,0.130607757484558,0.01705838631513057,0.13060775748450218,1.58244768631063e-07,0.2189748199410814,8.009662254345028e-19
Transolver,D,0,D-k0,beta_k,all,1600,400,1,1.0,1.0,1.0,0.0,0.037921552995685004,0.0274842809885735,0.027586717003428504,constant_predictor,,,,,,,,,,,,
Transolver,D,0,D-k0,beta_total,all,1600,400,6,0.0,6.0,3.995,2.165157024464477,0.037921552995685004,0.0274842809885735,0.027586717003428504,ok,0.03243676865674934,0.0013729122250151862,0.00033993401911293196,0.0007046266580290072,0.0020411977920013653,6.445516137967535e-05,0.10775368984991404,0.011610857676271347,0.10775368984991417,1.564821052360564e-05,0.22219621021735866,2.393581475875316e-19
Transolver,D,0,D-k0,rho_H,all,1600,400,1,0.0,0.0,0.0,0.0,0.037921552995685004,0.0274842809885735,0.027586717003428504,constant_predictor,,,,,,,,,,,,
Transolver,D,0,D-k0,log_lambda1_positive,all,1600,400,379,0.5033968243114202,0.7686805951110842,0.6677806442096653,0.03520496700715221,0.037921552995685004,0.0274842809885735,0.027586717003428504,ok,0.07975149008041041,-0.06264023590296337,0.01972190463111659,-0.10141206654482249,-0.02386840526110425,0.0016083011665782286,-0.07993874146060899,0.006390202386305943,-0.07993874146060813,0.001373451490308113,-0.1793215567758134,4.97781683866377e-13
Transolver,D,0,D-k0,initial_rayleigh_quotient,all,1600,400,1600,1.8019885967744893,10.283227253396591,3.7975272601485863,1.955888692457057,0.037921552995685004,0.0274842809885735,0.027586717003428504,ok,-0.008434443210210429,0.012206889649577304,0.0003324855824193024,0.01155324716759907,0.012860532131555538,5.220930828987798e-130,0.8654642534199372,0.7490283739477304,0.8654642534199377,0.0,0.816145443806814,0.0
Transolver,D,0,D-k0,target_norm_retention,all,1600,400,1600,0.38950793534688544,0.8409387136167635,0.72541767488412,0.1120238395661907,0.037921552995685004,0.0274842809885735,0.027586717003428504,ok,0.19123945340694026,-0.21135120595972043,0.005993991820588153,-0.22313495809134073,-0.19956745382810012,1.1814262253470134e-124,-0.8582526723136402,0.7365976495335247,-0.8582526723136519,0.0,-0.7940512408403285,0.0
Transolver,D,1,D-k1,log_nk,all,1600,400,343,9.111403624116159,9.921327470664458,9.718085351035178,0.23976327767915767,0.3765958338696505,0.37136082351207655,0.07060294398914908,ok,-0.23143125362865571,0.06256655148985263,0.005631655029730143,0.05149512714569643,0.07363797583400883,3.6218878647572584e-25,0.2124721804885979,0.0451444274815207,0.2124721804884597,8.65825915386199e-18,0.19689656907483588,1.9011331447771255e-15
Transolver,D,1,D-k1,beta_k,all,1600,400,4,0.0,3.0,1.9975,1.1568622244584645,0.3765958338696505,0.37136082351207655,0.07060294398914908,ok,0.34950907014365334,0.013560332278346514,0.001176960949283559,0.011246512621917098,0.01587415193477593,1.0367398867992472e-26,0.22219238005620356,0.04936945375503954,0.2221923800562018,2.3970484927927227e-19,0.21614115995651212,2.281550428797472e-18
Transolver,D,1,D-k1,beta_total,all,1600,400,6,0.0,6.0,3.995,2.165157024464477,0.3765958338696505,0.37136082351207655,0.07060294398914908,ok,0.35284490036195126,0.0059451648329660566,0.0006767249709895138,0.004614772740666554,0.007275556925265559,4.6738846280849214e-17,0.18231839456544413,0.03323999699692104,0.18231839456544424,2.001287017756997e-13,0.18676442839471719,5.0316191057582723e-14
Transolver,D,1,D-k1,rho_H,all,1600,400,4,0.0,0.5,0.1965625022398308,0.19777088866174766,0.3765958338696505,0.37136082351207655,0.07060294398914908,ok,0.3962266007568218,-0.09987035504472447,0.009136626035324929,-0.11783229756019047,-0.08190841252925847,1.663877301321282e-24,-0.27975389908946285,0.07826224405575721,-0.2797538990894626,3.7278800495040914e-30,-0.19253227412303778,7.96985563228903e-15
Transolver,D,1,D-k1,log_lambda1_positive,all,1600,400,384,0.5033968243114326,0.7686805951189433,0.6678219969077439,0.035195855103344914,0.3765958338696505,0.37136082351207655,0.07060294398914908,ok,0.5734485471021604,-0.29476823785980183,0.05554099760964598,-0.4039578011032773,-0.18557867461632638,1.850841794033467e-07,-0.14694316699281496,0.021592294325878503,-0.14694316699281534,3.521879576612109e-09,-0.1591681429420447,1.5274546070656127e-10
Transolver,D,1,D-k1,initial_rayleigh_quotient,all,1600,400,1600,3.997080762354902,17.84090746994571,9.3765935816095,2.6992134021253795,0.3765958338696505,0.37136082351207655,0.07060294398914908,ok,0.27561018899429635,0.01076997141834311,0.0006894703240431939,0.009414522888579229,0.01212541994810699,2.918939685639902e-43,0.4117455951605477,0.1695344351341117,0.4117455951605454,1.6676960198827722e-66,0.39081804231173534,1.5576770692052354e-59
Transolver,D,1,D-k1,target_norm_retention,all,1600,400,1600,0.30027767833331487,0.8274266228513649,0.6072654148590875,0.13868439175686645,0.3765958338696505,0.37136082351207655,0.07060294398914908,ok,0.46576856271715605,-0.1468430881547843,0.015202004728562755,-0.17672912420338305,-0.11695705210618558,5.638684169693162e-20,-0.28844185828251073,0.08319870560947185,-0.28844185828251756,4.954309920923891e-32,-0.3021574959599594,3.940171188825983e-35
Transolver,D,2,D-k2,log_nk,all,1600,400,357,9.543378146148761,10.367284459872343,10.162239385949931,0.24169667372647527,0.6108847112674263,0.594301044940948,0.1782610693597005,ok,-2.215869323437456,0.2781625119570783,0.011678542201887068,0.2552033470658254,0.3011216768483312,1.2008448970486766e-78,0.3771488308519349,0.1422412406129393,0.3771488308518791,3.0249171744542566e-55,0.3398097565243295,1.5483566552068042e-44
Transolver,D,2,D-k2,beta_k,all,1600,400,4,0.0,3.0,1.9975,1.1568622244584645,0.6108847112674263,0.594301044940948,0.1782610693597005,ok,0.5108884502353036,0.050060706399060115,0.003628721250600673,0.04292690424321636,0.05719450855490387,1.1304627941902009e-35,0.32487934898404264,0.10554659139629463,0.32487934898404186,1.2042371600050448e-40,0.33472084957746445,3.470303362897046e-43
Transolver,D,2,D-k2,beta_total,all,1600,400,6,0.0,6.0,3.995,2.165157024464477,0.6108847112674263,0.594301044940948,0.1782610693597005,ok,0.49936864579032086,0.02791390875522036,0.0016894498237595276,0.024592573231602903,0.031235244278837816,4.266869966533709e-47,0.3390420344650364,0.114949501134191,0.3390420344650367,2.4844927438055217e-44,0.36616231548536415,6.0461691685058275e-52
Transolver,D,2,D-k2,rho_H,all,1600,400,4,0.0,0.5,0.1965625022398308,0.19777088866174766,0.6108847112674263,0.594301044940948,0.1782610693597005,ok,0.6812551622729479,-0.3580054700344695,0.02637866221108829,-0.4098640021051227,-0.30614693796381626,9.196691185821833e-35,-0.39718745213861123,0.1577578721363615,-0.3971874521386111,1.329787875144488e-61,-0.32266209022721726,4.367247222134069e-40
Transolver,D,2,D-k2,log_lambda1_positive,all,1600,400,385,2.266242713506224,2.685133355534697,2.3980652561087026,0.12108473168180206,0.6108847112674263,0.594301044940948,0.1782610693597005,ok,1.7338015211489377,-0.4682594883608989,0.02996641136963246,-0.5271712744332511,-0.4093477022885468,2.766809605148103e-43,-0.3180676224444064,0.10116701244742266,-0.3180676224443834,6.091278897280426e-39,-0.2946211829187806,2.087094881231578e-33
Transolver,D,2,D-k2,initial_rayleigh_quotient,all,1600,400,1600,9.234775758008858,42.241847033780694,22.03469820024163,6.042655510112891,0.6108847112674263,0.594301044940948,0.1782610693597005,ok,0.18602615016153085,0.019281342419350013,0.0007128818709369955,0.017879868490507878,0.02068281634819215,2.8740590352227746e-92,0.6535948114254851,0.4271861775223138,0.6535948114254839,1.3714813009576395e-195,0.6901446065017994,1.0188304944266275e-226
Transolver,D,2,D-k2,target_norm_retention,all,1600,400,1600,0.07543813228969622,0.7237137381537226,0.4041376744790584,0.2277965013568616,0.6108847112674263,0.594301044940948,0.1782610693597005,ok,0.7169262562610118,-0.2623896550359349,0.02481166801007322,-0.311167590434263,-0.21361171963760683,3.3051374998082497e-23,-0.33530285453864966,0.11242800426176791,-0.3353028545386513,2.4389264205101272e-43,-0.3590989918355437,6.865133663307591e-50
RIGNO,A,0,A-k0,log_nk,all,1600,400,221,7.731492029245684,7.903226808730733,7.836536796010969,0.029959236007328197,0.02614355730373541,0.018609484568239,0.017554961611340097,ok,0.1804792684180998,-0.01969437713769307,0.015474450133400194,-0.050116021044309914,0.010727266768923775,0.20386460174947926,-0.03361035505223382,0.0011296559667710593,-0.03361035505273512,0.17903146273547055,-0.03166966203270137,0.2054722618169852
RIGNO,A,0,A-k0,beta_k,all,1600,400,1,1.0,1.0,1.0,0.0,0.02614355730373541,0.018609484568239,0.017554961611340097,constant_predictor,,,,,,,,,,,,
RIGNO,A,0,A-k0,beta_total,all,1600,400,1,2.0,2.0,2.0,0.0,0.02614355730373541,0.018609484568239,0.017554961611340097,constant_predictor,,,,,,,,,,,,
RIGNO,A,0,A-k0,rho_H,all,1600,400,1,0.0,0.0,0.0,0.0,0.02614355730373541,0.018609484568239,0.017554961611340097,constant_predictor,,,,,,,,,,,,
RIGNO,A,0,A-k0,log_lambda1_positive,all,1600,400,400,0.5911348066758972,0.7538510155881601,0.684904804429579,0.034406063767318584,0.02614355730373541,0.018609484568239,0.017554961611340097,ok,0.011565553274903065,0.0212847156780775,0.014486782225184893,-0.007195244928473878,0.04976467628462888,0.14255278215336672,0.04171602884144823,0.0017402270623009253,0.04171602884145247,0.09530318786949007,0.059126352568221255,0.018016679096641917
RIGNO,A,0,A-k0,initial_rayleigh_quotient,all,1600,400,1600,1.9058051657219186,9.483124457550876,3.8709239840100538,1.9549361874885733,0.02614355730373541,0.018609484568239,0.017554961611340097,ok,-0.005488462875124566,0.008171697586810025,0.00016781985279363114,0.007841775957405614,0.008501619216214435,5.6632803358280555e-170,0.9100075340152489,0.8281137119645129,0.9100075340152481,0.0,0.9165256529397082,0.0
RIGNO,A,0,A-k0,target_norm_retention,all,1600,400,1600,0.4143438152804424,0.8281922245454145,0.719969085278326,0.11255047190149724,0.02614355730373541,0.018609484568239,0.017554961611340097,ok,0.12755851746309924,-0.14086015946109498,0.00296678880414361,-0.14669265055239317,-0.1350276683697968,3.0658715547962745e-166,-0.9030995208343352,0.8155887445311988,-0.9030995208343313,0.0,-0.9084532269348544,0.0
RIGNO,A,1,A-k1,log_nk,all,1600,400,360,9.477998292597036,9.666498594399865,9.597116032256835,0.03324862117039561,0.2649104782949946,0.2604198887056225,0.058547993389363666,ok,5.394780847856051e-05,0.027597512585243154,0.031203281692141382,-0.03374587061564363,0.08894089578612994,0.3769899572212645,0.01567225771666959,0.00024561966193958895,0.015672257716729608,0.5310271369254697,0.007127774695688548,0.7757270510702352
RIGNO,A,1,A-k1,beta_k,all,1600,400,1,1.0,1.0,1.0,0.0,0.2649104782949946,0.2604198887056225,0.058547993389363666,constant_predictor,,,,,,,,,,,,
RIGNO,A,1,A-k1,beta_total,all,1600,400,1,2.0,2.0,2.0,0.0,0.2649104782949946,0.2604198887056225,0.058547993389363666,constant_predictor,,,,,,,,,,,,
RIGNO,A,1,A-k1,rho_H,all,1600,400,4,0.0,0.5,0.23611111380159855,0.19400841660345367,0.2649104782949946,0.2604198887056225,0.058547993389363666,ok,0.31622384138528314,-0.21732718237654225,0.005064153229701139,-0.22728293944153724,-0.20737142531154726,1.3702628035320627e-151,-0.7201494038807265,0.5186151639097651,-0.720149403880726,5.673376821908926e-256,-0.7422743475782637,3.947991170579807e-280
RIGNO,A,1,A-k1,log_lambda1_positive,all,1600,400,400,0.5911348066759515,0.753851015588182,0.6849048044296137,0.03440606376731256,0.2649104782949946,0.2604198887056225,0.058547993389363666,ok,0.37425600373113577,-0.15965069120402753,0.02854792711346958,-0.21577384035835512,-0.10352754204969994,4.163008700586236e-08,-0.09381964340829475,0.008802125489257961,-0.09381964340828675,0.0001711780246631865,-0.0905289568348155,0.0002880958960918415
RIGNO,A,1,A-k1,initial_rayleigh_quotient,all,1600,400,1600,4.022796692058106,16.786387100399214,8.760483059211474,2.5656560407689484,0.2649104782949946,0.2604198887056225,0.058547993389363666,ok,0.09264254747344763,0.019664204548676144,0.00030910957752114165,0.019056517592796782,0.020271891504555505,5.580234851689853e-211,0.8617133101677341,0.742549828920233,0.8617133101677339,0.0,0.8738372270848545,0.0
RIGNO,A,1,A-k1,target_norm_retention,all,1600,400,1600,0.30599608959904107,0.826686670801375,0.6371089309523051,0.12916031726759405,0.2649104782949946,0.2604198887056225,0.058547993389363666,ok,0.49713285423191866,-0.36449398941844097,0.007422729191039163,-0.37908653534533304,-0.3499014434915489,3.1753959376633146e-171,-0.8040951805526699,0.6465690593880187,-0.8040951805526624,0.0,-0.8221123406688832,0.0
RIGNO,A,2,A-k2,log_nk,all,1600,400,374,9.916206324943902,10.11382951201313,10.04340980982206,0.035149350400342214,0.3760311151571835,0.37203239821919104,0.1131983034645892,ok,-6.076458893615143,0.6424600938279799,0.06635959876857002,0.5120019472624951,0.7729182403934646,4.735989722236183e-20,0.19949110777318796,0.039796702075585055,0.19949110776068396,7.98054401405138e-16,0.19926882271779303,8.600692657532156e-16
RIGNO,A,2,A-k2,beta_k,all,1600,400,1,1.0,1.0,1.0,0.0,0.3760311151571835,0.37203239821919104,0.1131983034645892,constant_predictor,,,,,,,,,,,,
RIGNO,A,2,A-k2,beta_total,all,1600,400,1,2.0,2.0,2.0,0.0,0.3760311151571835,0.37203239821919104,0.1131983034645892,constant_predictor,,,,,,,,,,,,
RIGNO,A,2,A-k2,rho_H,all,1600,400,4,0.0,0.5,0.23611111380159855,0.19400841660345367,0.3760311151571835,0.37203239821919104,0.1131983034645892,ok,0.46937317914198606,-0.3953310900190694,0.010241048945987888,-0.41546424768084805,-0.37519793235729076,8.528336389670883e-137,-0.6775504266520184,0.4590745806563322,-0.6775504266520183,1.7603451051300713e-215,-0.7179362734157066,1.1010830030232632e-253
RIGNO,A,2,A-k2,log_lambda1_positive,all,1600,400,400,2.2572324471287004,2.4820940566972225,2.402940436605092,0.03782836822457726,0.3760311151571835,0.37203239821919104,0.1131983034645892,ok,0.41948168041377826,-0.018082248146754694,0.06432999327023578,-0.14455033786311317,0.10838584156960379,0.7787902894062604,-0.00604268721604642,3.651406879212615e-05,-0.006042687216131657,0.8091515039813375,-0.01037844070971096,0.678270487739473
RIGNO,A,2,A-k2,initial_rayleigh_quotient,all,1600,400,1600,9.663916100440069,39.04852027739478,19.594550100497294,5.72707233863774,0.3760311151571835,0.37203239821919104,0.1131983034645892,ok,0.08554582422506782,0.014824800234874666,0.00033706595715577684,0.01416215306917645,0.015487447400572882,4.184642264651981e-155,0.7500351220152368,0.5625526842564131,0.7500351220152379,3.3455716181591033e-289,0.7985665970963269,0.0
RIGNO,A,2,A-k2,target_norm_retention,all,1600,400,1600,0.08394024928892163,0.7225126387866652,0.45501184297776304,0.21687702146741486,0.3760311151571835,0.37203239821919104,0.1131983034645892,ok,0.5347225245475372,-0.3487632505383136,0.009958360807948862,-0.36834066387328823,-0.32918583720333894,9.150487643197677e-124,-0.6681967190233076,0.4464868553135136,-0.6681967190233078,1.7142204913945604e-207,-0.7114999771484285,3.7352647963432994e-247
RIGNO,B,0,B-k0,log_nk,all,1600,400,274,7.383989457978509,8.155649270366002,7.870143704693032,0.25330373664630723,0.02651291380008177,0.019347703890841502,0.017736492364206824,ok,-0.06386326356271557,0.011483421491897832,0.001870620934666017,0.007805916736117012,0.015160926247678652,2.00845587883021e-09,0.16400049759851792,0.026896163212591584,0.1640004975986097,4.121997847620951e-11,0.2800615731914219,3.207327997367539e-30
RIGNO,B,0,B-k0,beta_k,all,1600,400,1,1.0,1.0,1.0,0.0,0.02651291380008177,0.019347703890841502,0.017736492364206824,constant_predictor,,,,,,,,,,,,
RIGNO,B,0,B-k0,beta_total,all,1600,400,4,0.0,3.0,1.9975,1.1568622244584645,0.02651291380008177,0.019347703890841502,0.017736492364206824,ok,0.0211467889423025,0.0026864204544577008,0.00040846400988029313,0.0018834099080327655,0.0034894310008826363,1.5094643176258266e-10,0.17522169992565137,0.03070264412483481,0.17522169992565115,1.6884101183206167e-12,0.3134424702439218,8.25606333775833e-38
RIGNO,B,0,B-k0,rho_H,all,1600,400,1,0.0,0.0,0.0,0.0,0.02651291380008177,0.019347703890841502,0.017736492364206824,constant_predictor,,,,,,,,,,,,
RIGNO,B,0,B-k0,log_lambda1_positive,all,1600,400,334,0.4839635920958233,0.78652672909991,0.660299946497459,0.05208200265921611,0.02651291380008177,0.019347703890841502,0.017736492364206824,ok,0.05391013849325115,-0.04149208982750539,0.009942667602528849,-0.06103865146158437,-0.021945528193426423,3.690186560908573e-05,-0.12183869777395012,0.014844668275269202,-0.12183869777402048,1.0188661913857549e-06,-0.17290722158136768,3.3217220424578977e-12
RIGNO,B,0,B-k0,initial_rayleigh_quotient,all,1600,400,1600,1.7488274411298415,9.601429199906384,3.8133088589809176,2.014902693625446,0.02651291380008177,0.019347703890841502,0.017736492364206824,ok,-0.003644092067478519,0.007908356491118202,0.00016127156783605172,0.007591308313853363,0.00822540466838304,5.089552042195428e-171,0.8984058667801276,0.80713310146495,0.8984058667801262,0.0,0.8331216975084758,0.0
RIGNO,B,0,B-k0,target_norm_retention,all,1600,400,1600,0.3997271106723129,0.8433838536060418,0.7234929861688051,0.11654482536574688,0.02651291380008177,0.019347703890841502,0.017736492364206824,ok,0.1245617136481174,-0.13552142414986565,0.00283531338627438,-0.1410954441284321,-0.12994740417129919,3.1639442789503388e-167,-0.890498548785056,0.7929876653882931,-0.8904985487850574,0.0,-0.8138067641823298,0.0
RIGNO,B,1,B-k1,log_nk,all,1600,400,318,9.111403624116159,9.91422964906803,9.618079468081744,0.2626740432741036,0.23848718845662145,0.231232151627301,0.05088869618702529,ok,0.12348272579624157,0.011957112960234504,0.004460872054391889,0.003187362824895153,0.020726863095573853,0.007657185266971538,0.06171946704248193,0.003809292612000914,0.06171946704242327,0.013541419533108202,0.09142537966658976,0.0002504217852446443
RIGNO,B,1,B-k1,beta_k,all,1600,400,4,0.0,3.0,1.9975,1.1568622244584645,0.23848718845662145,0.231232151627301,0.05088869618702529,ok,0.23168123164524784,0.0034072374525023416,0.0009868050537166467,0.0014672504616481858,0.005347224443356498,0.0006141822344395098,0.07745736467826891,0.005999643342902261,0.0774573646782675,0.0019317327246673544,0.10059614681391663,5.555664997859774e-05
RIGNO,B,1,B-k1,beta_total,all,1600,400,4,0.0,3.0,1.9975,1.1568622244584645,0.23848718845662145,0.231232151627301,0.05088869618702529,ok,0.23168123164524784,0.0034072374525023416,0.0009868050537166467,0.0014672504616481858,0.005347224443356498,0.0006141822344395098,0.07745736467826891,0.005999643342902261,0.0774573646782675,0.0019317327246673544,0.10059614681391663,5.555664997859774e-05
RIGNO,B,1,B-k1,rho_H,all,1600,400,4,0.0,0.5,0.1965625022398308,0.19777088866174766,0.23848718845662145,0.231232151627301,0.05088869618702529,ok,0.26426696026686003,-0.1311530506402695,0.005615541365845418,-0.14219279669275742,-0.12011330458778156,1.1570375868403027e-76,-0.5097056383700115,0.25979983778618077,-0.5097056383700114,1.5921571246681858e-106,-0.49679284005824814,1.7905340313978867e-100
RIGNO,B,1,B-k1,log_lambda1_positive,all,1600,400,341,0.48396371872013666,0.7865796598052194,0.6601380210831935,0.05202854901877113,0.23848718845662145,0.231232151627301,0.05088869618702529,ok,0.2527647308959967,-0.021628117126090852,0.020552017741806587,-0.06203188979095717,0.01877565553877546,0.29327140356190945,-0.022112564015060097,0.0004889654873192484,-0.022112564015034326,0.37673974167512175,-0.02783805262938885,0.26576533170916544
RIGNO,B,1,B-k1,initial_rayleigh_quotient,all,1600,400,1600,4.040722026297464,17.302904387338785,9.461190744080676,2.805127875532731,0.23848718845662145,0.231232151627301,0.05088869618702529,ok,0.10977802571075117,0.013603907396793173,0.0003372445700416905,0.012940909091147137,0.014266905702439209,7.245612378808727e-143,0.7498855878457343,0.5623283948587396,0.7498855878457322,5.039956153041631e-289,0.7393944421462665,7.585815914060996e-277
RIGNO,B,1,B-k1,target_norm_retention,all,1600,400,1600,0.3002410380880237,0.8294970829195383,0.6106806439661167,0.13646261769953813,0.23848718845662145,0.231232151627301,0.05088869618702529,ok,0.3899341469551455,-0.24799698499520006,0.00836410781991893,-0.2644402128644034,-0.23155375712599674,6.520247623156202e-103,-0.6650262295905824,0.44225988604345456,-0.6650262295905736,7.515818738917569e-205,-0.6734614740083884,5.943081436493128e-212
RIGNO,B,2,B-k2,log_nk,all,1600,400,329,9.543378146148761,10.357552330480354,10.05700041393879,0.26563318777746764,0.360964176736454,0.35787877273401303,0.07700457320788986,ok,-1.2420977266808908,0.1593976173248956,0.006037186497082337,0.1475289475997169,0.1712662870500743,1.3896385771768713e-89,0.5498543196887253,0.3023397728800482,0.54985431968845,4.273070200230786e-127,0.5495220600711801,6.4958437982946124e-127
RIGNO,B,2,B-k2,beta_k,all,1600,400,1,0.0,0.0,0.0,0.0,0.360964176736454,0.35787877273401303,0.07700457320788986,constant_predictor,,,,,,,,,,,,
RIGNO,B,2,B-k2,beta_total,all,1600,400,4,0.0,3.0,1.9975,1.1568622244584645,0.360964176736454,0.35787877273401303,0.07700457320788986,ok,0.2893472371414266,0.03585328640552042,0.001464367364145271,0.032974446633091625,0.038732126177949217,1.7344218580209097e-81,0.538634407507982,0.29012702495147435,0.5386344075079817,4.586291469934473e-121,0.5428488817832609,2.647985145208756e-123
RIGNO,B,2,B-k2,rho_H,all,1600,400,1,0.0,0.0,0.0,0.0,0.360964176736454,0.35787877273401303,0.07700457320788986,constant_predictor,,,,,,,,,,,,
RIGNO,B,2,B-k2,log_lambda1_positive,all,1600,400,341,2.269147735025334,2.6801398291281306,2.4316724405207566,0.11758202001057262,0.360964176736454,0.35787877273401303,0.07700457320788986,ok,1.0733493363913456,-0.29296098758364436,0.01416877707754489,-0.32081577319020693,-0.2651062019770818,4.42115076004702e-65,-0.44733634989938187,0.2001098099415407,-0.4473363498996483,1.477873738960031e-79,-0.3590728673790682,6.984807032740367e-50
RIGNO,B,2,B-k2,initial_rayleigh_quotient,all,1600,400,1600,18.10295563287944,42.92928857678454,26.149336602373523,4.543025397123421,0.360964176736454,0.35787877273401303,0.07700457320788986,ok,0.002870142169448883,0.013694191941163864,0.00032291442682833303,0.01305936565521542,0.014329018227112307,6.695393299848669e-150,0.8079138574514687,0.6527248010621136,0.8079138574514697,0.0,0.8274187685229566,0.0
RIGNO,B,2,B-k2,target_norm_retention,all,1600,400,1600,0.07724110015150125,0.21958787048386205,0.15267364116347337,0.02544651991165597,0.360964176736454,0.35787877273401303,0.07700457320788986,ok,0.5182889383185936,-1.0304644625176969,0.07976105070100695,-1.18726888924213,-0.8736600357932638,3.842728667331867e-32,-0.34052178164690833,0.11595508377598696,-0.34052178164691155,9.974335558177964e-45,-0.30727660245179783,2.482775037749487e-36
RIGNO,C,0,C-k0,log_nk,all,1600,400,236,7.383989457978509,7.816416983691801,7.638937468881613,0.13285965075075507,0.023048151312623145,0.0167041609268945,0.015531066657907955,ok,-0.017884017397533307,0.005358358917965657,0.0026689654496988503,0.00011136688853313065,0.010605350947398184,0.045353840353281896,0.04583778500980342,0.0021011025346021617,0.045837785009773604,0.06679633314291505,0.08923933861273735,0.00035168159796523127
RIGNO,C,0,C-k0,beta_k,all,1600,400,1,1.0,1.0,1.0,0.0,0.023048151312623145,0.0167041609268945,0.015531066657907955,constant_predictor,,,,,,,,,,,,
RIGNO,C,0,C-k0,beta_total,all,1600,400,4,0.0,3.0,2.0025,1.1525293716301959,0.023048151312623145,0.0167041609268945,0.015531066657907955,ok,0.02185193733363962,0.0005973602891303548,0.00031130843547315444,-1.4649461616721344e-05,0.0012093700398774308,0.055713957177426,0.04432891145423607,0.0019650523907174255,0.04432891145423601,0.0762880375276098,0.08988834642234556,0.0003182008082221106
RIGNO,C,0,C-k0,rho_H,all,1600,400,1,0.0,0.0,0.0,0.0,0.023048151312623145,0.0167041609268945,0.015531066657907955,constant_predictor,,,,,,,,,,,,
RIGNO,C,0,C-k0,log_lambda1_positive,all,1600,400,335,0.6671266100083025,0.7461019031171019,0.7075874038421409,0.014334179386468063,0.023048151312623145,0.0167041609268945,0.015531066657907955,ok,0.013948162743292426,0.012860585872391493,0.026476629006349763,-0.03919054179516015,0.06491171353994313,0.6274227490014612,0.011869496730031293,0.00014088495262420953,0.011869496730027677,0.6351964943387621,-0.014796441625456106,0.5542340293067309
RIGNO,C,0,C-k0,initial_rayleigh_quotient,all,1600,400,1600,2.020287562688089,10.188545072201846,3.8882111853426875,1.9844282328946323,0.023048151312623145,0.0167041609268945,0.015531066657907955,ok,-0.004631882747195944,0.007118963641729122,0.00015111682850631937,0.006821878943695565,0.007416048339762679,4.33994635210817e-165,0.9096009147835686,0.8273738241751041,0.9096009147835682,0.0,0.8945434695482304,0.0
RIGNO,C,0,C-k0,target_norm_retention,all,1600,400,1600,0.3776723959775004,0.819516746089003,0.7197912852277767,0.11180331424323807,0.023048151312623145,0.0167041609268945,0.015531066657907955,ok,0.11350118195433932,-0.12566563738416542,0.002728707937577717,-0.13103007880124523,-0.1203011959670856,9.051867226600257e-162,-0.9046278053854656,0.8183514662765247,-0.9046278053854662,0.0,-0.8858711077621515,0.0
RIGNO,C,1,C-k1,log_nk,all,1600,400,321,9.111403624116159,9.592195614445213,9.398410354881623,0.14872587885895874,0.1683203300364751,0.160760565990614,0.035667239338813654,ok,-0.2610555113954264,0.04568600701808567,0.005152208424562679,0.03555713984196475,0.055814874194206596,2.5305177651477528e-17,0.19050231168093962,0.03629113075592483,0.19050231168131476,1.534585871630867e-14,0.1892157677462129,2.315779722744713e-14
RIGNO,C,1,C-k1,beta_k,all,1600,400,1,0.0,0.0,0.0,0.0,0.1683203300364751,0.160760565990614,0.035667239338813654,constant_predictor,,,,,,,,,,,,
RIGNO,C,1,C-k1,beta_total,all,1600,400,4,0.0,3.0,2.0025,1.1525293716301959,0.1683203300364751,0.160760565990614,0.035667239338813654,ok,0.1571157475579581,0.005595297117861197,0.0007143712890082352,0.004190895101377774,0.00699969913434462,4.370028248147138e-14,0.18080301113507224,0.03268972883550936,0.18080301113507288,3.1787812884237383e-13,0.18739756627495688,4.121940991393939e-14
RIGNO,C,1,C-k1,rho_H,all,1600,400,1,0.0,0.0,0.0,0.0,0.1683203300364751,0.160760565990614,0.035667239338813654,constant_predictor,,,,,,,,,,,,
RIGNO,C,1,C-k1,log_lambda1_positive,all,1600,400,343,0.6671266100083363,0.7461019031171127,0.7075874038421653,0.014334179386463936,0.1683203300364751,0.160760565990614,0.035667239338813654,ok,0.2878168507449647,-0.16887881279356326,0.0632935378422008,-0.2933093064929425,-0.044448319094184036,0.007937084952575143,-0.06787010270575412,0.004606350841241502,-0.06787010270539962,0.006611299386390041,-0.09611685672570132,0.00011783484531794536
RIGNO,C,1,C-k1,initial_rayleigh_quotient,all,1600,400,1600,8.074225456269636,17.246303429376074,11.334696817030435,1.6775784306075634,0.1683203300364751,0.160760565990614,0.035667239338813654,ok,0.0032448742998878403,0.014563729264338118,0.0005789245295237897,0.013425605729469188,0.01570185279920705,2.4220571949947396e-84,0.6849926861727904,0.4692149801102147,0.6849926861727902,4.7217022722201287e-222,0.6397094159021156,7.213275926761287e-185
RIGNO,C,1,C-k1,target_norm_retention,all,1600,400,1600,0.2869736732174376,0.5991884580811021,0.4845623687211373,0.08289913661461802,0.1683203300364751,0.160760565990614,0.035667239338813654,ok,0.27907117484708766,-0.22855849310566018,0.01139807385977468,-0.25096627762751267,-0.20615070858380768,2.283537427162726e-62,-0.5312242297311359,0.282199182253445,-0.5312242297311418,3.3210331941122994e-117,-0.529208072932841,3.588707494568148e-116
RIGNO,C,2,C-k2,log_nk,all,1600,400,321,9.543378146148761,10.04676504723975,9.845505281566203,0.15612627542321453,0.4121605324669681,0.4024952362810155,0.10329887067500251,ok,-2.9061469791322923,0.33703780727355914,0.012112377352474252,0.313225754017837,0.3608498605292813,1.734931271684882e-95,0.5094001239566477,0.2594884862872977,0.5094001239568929,2.2293284344848156e-106,0.510699498163279,5.313681749359138e-107
RIGNO,C,2,C-k2,beta_k,all,1600,400,4,0.0,3.0,2.0025,1.1525293716301959,0.4121605324669681,0.4024952362810155,0.10329887067500251,ok,0.3247012225956912,0.043675061109252,0.001724189769744715,0.04028542937756345,0.047064692840940545,4.4409854095591857e-85,0.48729274973901243,0.23745422394820748,0.4872927497390122,3.4825416089670018e-96,0.514309731139398,9.568099459678126e-109
RIGNO,C,2,C-k2,beta_total,all,1600,400,4,0.0,3.0,2.0025,1.1525293716301959,0.4121605324669681,0.4024952362810155,0.10329887067500251,ok,0.3247012225956912,0.043675061109252,0.001724189769744715,0.04028542937756345,0.047064692840940545,4.4409854095591857e-85,0.48729274973901243,0.23745422394820748,0.4872927497390122,3.4825416089670018e-96,0.514309731139398,9.568099459678126e-109
RIGNO,C,2,C-k2,rho_H,all,1600,400,4,0.0,0.5,0.19715278002433478,0.19777344145938522,0.4121605324669681,0.4024952362810155,0.10329887067500251,ok,0.43287930050847484,-0.10508991067206602,0.01651589422142313,-0.1375589579385025,-0.07262086340562954,5.435315916968759e-10,-0.2012025219681654,0.04048245484635027,-0.20120252196816618,4.472211542976329e-16,-0.1283109676546175,2.6086554266647994e-07
RIGNO,C,2,C-k2,log_lambda1_positive,all,1600,400,344,2.507009414956816,2.6964556261107866,2.6250755100023775,0.038772774080661244,0.4121605324669681,0.4024952362810155,0.10329887067500251,ok,3.368852213310987,-1.1263263359770281,0.06981161629820627,-1.263570898030022,-0.9890817739240344,1.9428778052297793e-45,-0.42276160698148124,0.17872737633970437,-0.4227616069840123,2.2291506139369958e-70,-0.4612286304958984,4.3370223138127624e-85
RIGNO,C,2,C-k2,initial_rayleigh_quotient,all,1600,400,1600,9.48354991510157,35.86134226126692,19.505883276152996,5.252073034994045,0.4121605324669681,0.4024952362810155,0.10329887067500251,ok,0.21142091631090515,0.010291234358070746,0.0004497593931378972,0.009407040090504176,0.011175428625637317,1.2593117625114999e-74,0.5232420656260607,0.27378225924062605,0.52324206562606,3.7417989951445463e-113,0.5276064824634698,2.3501465549300293e-115
RIGNO,C,2,C-k2,target_norm_retention,all,1600,400,1600,0.0773368681080183,0.7198841721577247,0.4061981572020235,0.22695665927430905,0.4121605324669681,0.4024952362810155,0.10329887067500251,ok,0.4464544338640753,-0.08442653121159083,0.0159075481635229,-0.11569961435743543,-0.05315344806574622,1.8498353423264214e-07,-0.1854924778237453,0.03440745932919331,-0.1854924778237468,7.495069912513858e-14,-0.1811331010285551,2.874986797292527e-13
RIGNO,D,0,D-k0,log_nk,all,1600,400,245,7.383989457978509,8.154500175151941,7.958374634959847,0.23199193460850195,0.027790722145087963,0.0200797129054145,0.018629321933919384,ok,-0.032974616586610626,0.007635395607636392,0.0022092975133555085,0.00329207732132083,0.011978713893951954,0.0006070783933546263,0.09508398667434238,0.009040964521878636,0.09508398667429949,0.00013951890505272083,0.1655716710638213,2.6695689848438733e-11
RIGNO,D,0,D-k0,beta_k,all,1600,400,1,1.0,1.0,1.0,0.0,0.027790722145087963,0.0200797129054145,0.018629321933919384,constant_predictor,,,,,,,,,,,,
RIGNO,D,0,D-k0,beta_total,all,1600,400,6,0.0,6.0,3.995,2.165157024464477,0.027790722145087963,0.0200797129054145,0.018629321933919384,ok,0.02475923002191418,0.0007588215577406226,0.00023031170681159552,0.00030604548674959643,0.0012115976287316488,0.0010730890663863037,0.088192572541556,0.0077779298514978334,0.08819257254155613,0.00041269538939820924,0.17519108637555278,1.7036928782998953e-12
RIGNO,D,0,D-k0,rho_H,all,1600,400,1,0.0,0.0,0.0,0.0,0.027790722145087963,0.0200797129054145,0.018629321933919384,constant_predictor,,,,,,,,,,,,
RIGNO,D,0,D-k0,log_lambda1_positive,all,1600,400,379,0.5033968243114202,0.7686805951110842,0.6677806442096653,0.03520496700715221,0.027790722145087963,0.0200797129054145,0.018629321933919384,ok,0.043106738754028026,-0.022935700131092644,0.013824056055608451,-0.05011278927115265,0.004241389008967363,0.09787838221184722,-0.043342992797332336,0.001878615024629604,-0.043342992797331385,0.0830638158099735,-0.09339559694451317,0.0001832285422202789
RIGNO,D,0,D-k0,initial_rayleigh_quotient,all,1600,400,1600,1.8019885967744893,10.283227253396591,3.7975272601485863,1.955888692457057,0.027790722145087963,0.0200797129054145,0.018629321933919384,ok,-0.005002712956250965,0.008635470624654792,0.00018603498134742649,0.008269739376827769,0.009001201872481816,6.342375403000691e-163,0.9066362913646816,0.8219893648195059,0.9066362913646826,0.0,0.868485122455126,0.0
RIGNO,D,0,D-k0,target_norm_retention,all,1600,400,1600,0.38950793534688544,0.8409387136167635,0.72541767488412,0.1120238395661907,0.027790722145087963,0.0200797129054145,0.018629321933919384,ok,0.13655236244943783,-0.1499296806101722,0.0033608052022127575,-0.15653677929347493,-0.14332258192686947,3.755942641405972e-157,-0.9015732588905094,0.8128343411464752,-0.9015732588905214,0.0,-0.8543919372624756,0.0
RIGNO,D,1,D-k1,log_nk,all,1600,400,343,9.111403624116159,9.921327470664458,9.718085351035178,0.23976327767915767,0.2609659292058376,0.2520141001890535,0.05644507016754138,ok,0.05711061850419075,0.02097690062785313,0.0051376986601060215,0.010876558593734936,0.031077242661971323,5.374673976625448e-05,0.08910415799210478,0.007939550971473919,0.08910415799206067,0.00035905731158464727,0.12824588218591315,2.645538097534165e-07
RIGNO,D,1,D-k1,beta_k,all,1600,400,4,0.0,3.0,1.9975,1.1568622244584645,0.2609659292058376,0.2520141001890535,0.05644507016754138,ok,0.2508500872733748,0.005064251280331748,0.0010977677546252177,0.0029061196869323356,0.00722238287373116,5.349632162847282e-06,0.10379367027078679,0.010773125988280507,0.1037936702707855,3.1860806615504854e-05,0.13205446721896702,1.1499241762102861e-07
RIGNO,D,1,D-k1,beta_total,all,1600,400,6,0.0,6.0,3.995,2.165157024464477,0.2609659292058376,0.2520141001890535,0.05644507016754138,ok,0.24697253600132746,0.0035027267095143924,0.0005493053828574414,0.002422832263558718,0.004582621155470067,5.012329382091613e-10,0.13435988860273518,0.018052579665339574,0.13435988860273562,6.864847461487071e-08,0.14576770401765357,4.699910742344143e-09
RIGNO,D,1,D-k1,rho_H,all,1600,400,4,0.0,0.5,0.1965625022398308,0.19777088866174766,0.2609659292058376,0.2520141001890535,0.05644507016754138,ok,0.28827680425639945,-0.13894244700466388,0.005849143195681507,-0.1504414372708036,-0.12744345673852414,2.2547296922327026e-78,-0.4868232271726675,0.23699685451481145,-0.48682322717266835,5.6283261691585135e-96,-0.4582933647292953,6.72295329394225e-84
RIGNO,D,1,D-k1,log_lambda1_positive,all,1600,400,384,0.5033968243114326,0.7686805951189433,0.6678219969077439,0.035195855103344914,0.2609659292058376,0.2520141001890535,0.05644507016754138,ok,0.33181772417660205,-0.1060938323368113,0.03403360126883998,-0.1730014180497089,-0.039186246623913706,0.0019571770984567645,-0.0661539287523509,0.004376342289371227,-0.06615392875235195,0.008121199815572413,-0.08211849269614037,0.0010099991975502866
RIGNO,D,1,D-k1,initial_rayleigh_quotient,all,1600,400,1600,3.997080762354902,17.84090746994571,9.3765935816095,2.6992134021253795,0.2609659292058376,0.2520141001890535,0.05644507016754138,ok,0.11719730612663716,0.015332713509219002,0.00039156708390052764,0.01456292109079484,0.016102505927643163,9.409624367146848e-139,0.7332131162595644,0.5376014738550613,0.7332131162595643,6.063966918610346e-270,0.7184181409836489,3.5118449015318826e-254
RIGNO,D,1,D-k1,target_norm_retention,all,1600,400,1600,0.30027767833331487,0.8274266228513649,0.6072654148590875,0.13868439175686645,0.2609659292058376,0.2520141001890535,0.05644507016754138,ok,0.42747572906055126,-0.2741960858965602,0.008456259420870402,-0.29082047711343684,-0.25757169467968355,7.050319986484994e-114,-0.6736942177909656,0.453863899084996,-0.6736942177909768,3.75579895932548e-212,-0.6594416657975257,2.826209480246688e-200
RIGNO,D,2,D-k2,log_nk,all,1600,400,357,9.543378146148761,10.367284459872343,10.162239385949931,0.24169667372647527,0.43359201688470916,0.4326741272935655,0.08587958953603816,ok,-1.4034079044541423,0.18076723560347546,0.00788095590904903,0.16527384926392757,0.19626062194302335,7.25870428336195e-75,0.5087453235411173,0.2588218042248759,0.5087453235410384,4.581360910911677e-106,0.48284887873043614,3.178051147454212e-94
RIGNO,D,2,D-k2,beta_k,all,1600,400,4,0.0,3.0,1.9975,1.1568622244584645,0.43359201688470916,0.4326741272935655,0.08587958953603816,ok,0.36526548802113884,0.03420602195923417,0.0021269901383530283,0.03002451398809157,0.038387529930376765,3.23079170577517e-45,0.4607806682288466,0.21231882421342096,0.46078066822884534,6.601021557488826e-85,0.4767029085566359,1.4656734896498514e-91
RIGNO,D,2,D-k2,beta_total,all,1600,400,6,0.0,6.0,3.995,2.165157024464477,0.43359201688470916,0.4326741272935655,0.08587958953603816,ok,0.3560303553307742,0.01941468374316274,0.0009734417967735268,0.017500967943895468,0.021328399542430015,6.7337102827303685e-62,0.4894741475985437,0.23958494116732132,0.48947414759854413,3.7069184289807984e-97,0.5114445598923215,2.328501167759132e-107
RIGNO,D,2,D-k2,rho_H,all,1600,400,4,0.0,0.5,0.1965625022398308,0.19777088866174766,0.43359201688470916,0.4326741272935655,0.08587958953603816,ok,0.4389357042178782,-0.02718569041540214,0.012978332783412108,-0.05270014908985589,-0.0016712317409483916,0.03682795675844351,-0.06260554086697223,0.0039194537472458935,-0.06260554086697223,0.012254776493115722,-0.00464129130278362,0.8528309521830231
RIGNO,D,2,D-k2,log_lambda1_positive,all,1600,400,385,2.266242713506224,2.685133355534697,2.3980652561087026,0.12108473168180206,0.43359201688470916,0.4326741272935655,0.08587958953603816,ok,1.1543110105467294,-0.30054186049612175,0.018209606687976696,-0.33634062333199727,-0.26474309766024623,5.089483479286608e-47,-0.42374481217159876,0.1795596658423173,-0.4237448121715679,9.892432314180402e-71,-0.40038746527269786,1.16736942311317e-62
RIGNO,D,2,D-k2,initial_rayleigh_quotient,all,1600,400,1600,9.234775758008858,42.241847033780694,22.03469820024163,6.042655510112891,0.43359201688470916,0.4326741272935655,0.08587958953603816,ok,0.29785515086790604,0.006160141826463248,0.00032551839094384675,0.005520196336382518,0.0068000873165439775,1.83279307527361e-57,0.43343960016407235,0.1878698869903911,0.4334396001640726,2.8369728965546246e-74,0.3948467597057656,7.749874294619009e-61
RIGNO,D,2,D-k2,target_norm_retention,all,1600,400,1600,0.07543813228969622,0.7237137381537226,0.4041376744790584,0.2277965013568616,0.43359201688470916,0.4326741272935655,0.08587958953603816,ok,0.4456020288370832,-0.029717625232180467,0.012348231427416971,-0.05399335045168666,-0.005441900012674271,0.016554108372837092,-0.07882630894136199,0.00621358698131913,-0.07882630894136394,0.0016022378212502432,-0.09818684792454997,8.357399318227845e-05
